loan_id,snapshot_date,outstanding_balance_ksh,amount_overdue_ksh,days_past_due,classification,par30_flag,par60_flag,par90_flag
1,2026-02-28,12800.0,0.0,0,Normal,0,0,0
1,2026-03-31,6400.0,0.0,0,Normal,0,0,0
1,2026-04-30,0.0,0.0,0,Normal,0,0,0
2,2025-12-31,70100.0,0.0,0,Normal,0,0,0
2,2026-01-31,67052.17,0.0,0,Normal,0,0,0
2,2026-02-28,64004.34,0.0,0,Normal,0,0,0
2,2026-03-31,60956.51,0.0,0,Normal,0,0,0
2,2026-04-30,57908.68,0.0,0,Normal,0,0,0
2,2026-05-31,54860.85,0.0,0,Normal,0,0,0
2,2026-06-30,51813.02,0.0,0,Normal,0,0,0
2,2026-07-31,48765.19,0.0,0,Normal,0,0,0
2,2026-08-31,45717.36,0.0,0,Normal,0,0,0
3,2025-11-30,9200.0,0.0,0,Normal,0,0,0
3,2025-12-31,7360.0,0.0,0,Normal,0,0,0
3,2026-01-31,5520.0,0.0,0,Normal,0,0,0
3,2026-02-28,3680.0,0.0,0,Normal,0,0,0
3,2026-03-31,1840.0,0.0,0,Normal,0,0,0
3,2026-04-30,0.0,0.0,0,Normal,0,0,0
4,2025-12-31,4800.0,0.0,0,Normal,0,0,0
4,2026-01-31,3840.0,0.0,0,Normal,0,0,0
4,2026-02-28,2880.0,0.0,0,Normal,0,0,0
4,2026-03-31,1920.0,0.0,0,Normal,0,0,0
4,2026-04-30,960.0,0.0,0,Normal,0,0,0
4,2026-05-31,0.0,0.0,0,Normal,0,0,0
5,2024-12-31,27200.0,0.0,0,Normal,0,0,0
5,2025-01-31,21760.0,0.0,0,Normal,0,0,0
5,2025-02-28,16320.0,0.0,0,Normal,0,0,0
5,2025-03-31,10880.0,0.0,0,Normal,0,0,0
5,2025-04-30,10880.0,5440.0,5,Watch,0,0,0
5,2025-05-31,8139.35,8139.35,36,Substandard,1,0,0
6,2024-10-31,32300.0,0.0,0,Normal,0,0,0
6,2024-11-30,27685.71,0.0,0,Normal,0,0,0
6,2024-12-31,27685.71,4614.29,3,Watch,0,0,0
6,2025-01-31,27685.71,9228.58,34,Substandard,1,0,0
6,2025-02-28,24608.15,10765.31,62,Doubtful,1,1,0
6,2025-03-31,24608.15,15379.6,93,Loss,1,1,1
6,2025-04-30,24608.15,19993.89,123,Loss,1,1,1
6,2025-05-31,23516.89,23516.92,154,Loss,1,1,1
7,2023-03-31,92600.0,0.0,0,Normal,0,0,0
7,2023-04-30,0.0,0.0,0,Normal,0,0,0
8,2024-10-31,14400.0,0.0,0,Normal,0,0,0
8,2024-11-30,12000.0,0.0,0,Normal,0,0,0
8,2024-12-31,9600.0,0.0,0,Normal,0,0,0
8,2025-01-31,7200.0,0.0,0,Normal,0,0,0
8,2025-02-28,4800.0,0.0,0,Normal,0,0,0
8,2025-03-31,2400.0,0.0,0,Normal,0,0,0
8,2025-04-30,0.0,0.0,0,Normal,0,0,0
9,2024-03-31,335400.0,0.0,0,Normal,0,0,0
9,2024-04-30,326335.14,0.0,0,Normal,0,0,0
9,2024-05-31,317270.28,0.0,0,Normal,0,0,0
9,2024-06-30,308205.42,0.0,0,Normal,0,0,0
9,2024-07-31,299140.56,0.0,0,Normal,0,0,0
9,2024-08-31,290075.7,0.0,0,Normal,0,0,0
9,2024-09-30,281010.84,0.0,0,Normal,0,0,0
9,2024-10-31,271945.98,0.0,0,Normal,0,0,0
9,2024-11-30,262881.12,0.0,0,Normal,0,0,0
9,2024-12-31,253816.26,0.0,0,Normal,0,0,0
9,2025-01-31,244751.4,0.0,0,Normal,0,0,0
9,2025-02-28,235686.54,0.0,0,Normal,0,0,0
9,2025-03-31,226621.68,0.0,0,Normal,0,0,0
9,2025-04-30,217556.82,0.0,0,Normal,0,0,0
9,2025-05-31,208491.96,0.0,0,Normal,0,0,0
9,2025-06-30,199427.1,0.0,0,Normal,0,0,0
9,2025-07-31,190362.24,0.0,0,Normal,0,0,0
9,2025-08-31,181297.38,0.0,0,Normal,0,0,0
9,2025-09-30,172232.52,0.0,0,Normal,0,0,0
9,2025-10-31,163167.66,0.0,0,Normal,0,0,0
9,2025-11-30,154102.8,0.0,0,Normal,0,0,0
9,2025-12-31,145037.94,0.0,0,Normal,0,0,0
9,2026-01-31,135973.08,0.0,0,Normal,0,0,0
9,2026-02-28,126908.22,0.0,0,Normal,0,0,0
9,2026-03-31,117843.36,0.0,0,Normal,0,0,0
9,2026-04-30,108778.5,0.0,0,Normal,0,0,0
9,2026-05-31,99713.64,0.0,0,Normal,0,0,0
9,2026-06-30,90648.78,0.0,0,Normal,0,0,0
9,2026-07-31,81583.92,0.0,0,Normal,0,0,0
9,2026-08-31,72519.06,0.0,0,Normal,0,0,0
10,2026-08-31,39900.0,0.0,0,Normal,0,0,0
11,2025-10-31,10200.0,0.0,0,Normal,0,0,0
11,2025-11-30,8742.86,0.0,0,Normal,0,0,0
11,2025-12-31,8742.86,1457.14,19,Watch,0,0,0
11,2026-01-31,8048.63,2220.05,50,Substandard,1,0,0
11,2026-02-28,4371.44,0.0,0,Normal,0,0,0
11,2026-03-31,2914.3,0.0,0,Normal,0,0,0
11,2026-04-30,1457.16,0.0,0,Normal,0,0,0
11,2026-05-31,0.02,0.0,0,Normal,0,0,0
12,2025-03-31,444600.0,0.0,0,Normal,0,0,0
12,2025-04-30,437064.41,0.0,0,Normal,0,0,0
12,2025-05-31,429528.82,0.0,0,Normal,0,0,0
12,2025-06-30,421993.23,0.0,0,Normal,0,0,0
12,2025-07-31,414457.64,0.0,0,Normal,0,0,0
12,2025-08-31,406922.05,0.0,0,Normal,0,0,0
12,2025-09-30,399386.46,0.0,0,Normal,0,0,0
12,2025-10-31,391850.87,0.0,0,Normal,0,0,0
12,2025-11-30,384315.28,0.0,0,Normal,0,0,0
12,2025-12-31,376779.69,0.0,0,Normal,0,0,0
12,2026-01-31,369244.1,0.0,0,Normal,0,0,0
12,2026-02-28,361708.51,0.0,0,Normal,0,0,0
12,2026-03-31,354172.92,0.0,0,Normal,0,0,0
12,2026-04-30,346637.33,0.0,0,Normal,0,0,0
12,2026-05-31,339101.74,0.0,0,Normal,0,0,0
12,2026-06-30,331566.15,0.0,0,Normal,0,0,0
12,2026-07-31,324030.56,0.0,0,Normal,0,0,0
12,2026-08-31,316494.97,0.0,0,Normal,0,0,0
13,2026-05-31,814900.0,0.0,0,Normal,0,0,0
13,2026-06-30,798269.39,0.0,0,Normal,0,0,0
13,2026-07-31,786856.14,5217.36,26,Watch,0,0,0
13,2026-08-31,786856.14,21847.97,57,Substandard,1,0,0
14,2026-05-31,20200.0,0.0,0,Normal,0,0,0
14,2026-06-30,16160.0,0.0,0,Normal,0,0,0
14,2026-07-31,12120.0,0.0,0,Normal,0,0,0
14,2026-08-31,8080.0,0.0,0,Normal,0,0,0
15,2023-10-31,59100.0,0.0,0,Normal,0,0,0
15,2023-11-30,54175.0,0.0,0,Normal,0,0,0
15,2023-12-31,49250.0,0.0,0,Normal,0,0,0
15,2024-01-31,44325.0,0.0,0,Normal,0,0,0
15,2024-02-29,39400.0,0.0,0,Normal,0,0,0
15,2024-03-31,34475.0,0.0,0,Normal,0,0,0
15,2024-04-30,29550.0,0.0,0,Normal,0,0,0
15,2024-05-31,24625.0,0.0,0,Normal,0,0,0
15,2024-06-30,19700.0,0.0,0,Normal,0,0,0
15,2024-07-31,14775.0,0.0,0,Normal,0,0,0
15,2024-08-31,9850.0,0.0,0,Normal,0,0,0
15,2024-09-30,4925.0,0.0,0,Normal,0,0,0
15,2024-10-31,0.0,0.0,0,Normal,0,0,0
16,2022-09-30,10500.0,0.0,0,Normal,0,0,0
16,2022-10-31,9545.45,0.0,0,Normal,0,0,0
16,2022-11-30,8590.9,0.0,0,Normal,0,0,0
16,2022-12-31,7636.35,0.0,0,Normal,0,0,0
16,2023-01-31,6681.8,0.0,0,Normal,0,0,0
16,2023-02-28,5727.25,0.0,0,Normal,0,0,0
16,2023-03-31,4772.7,0.0,0,Normal,0,0,0
16,2023-04-30,3818.15,0.0,0,Normal,0,0,0
16,2023-05-31,2863.6,0.0,0,Normal,0,0,0
16,2023-06-30,1909.05,0.0,0,Normal,0,0,0
16,2023-07-31,954.5,0.0,0,Normal,0,0,0
16,2023-08-31,0.0,0.0,0,Normal,0,0,0
17,2023-05-31,10300.0,0.0,0,Normal,0,0,0
17,2023-06-30,5150.0,0.0,0,Normal,0,0,0
17,2023-07-31,0.0,0.0,0,Normal,0,0,0
18,2024-03-31,35900.0,0.0,0,Normal,0,0,0
18,2024-04-30,32908.33,0.0,0,Normal,0,0,0
18,2024-05-31,29916.66,0.0,0,Normal,0,0,0
18,2024-06-30,26924.99,0.0,0,Normal,0,0,0
18,2024-07-31,23933.32,0.0,0,Normal,0,0,0
18,2024-08-31,20941.65,0.0,0,Normal,0,0,0
18,2024-09-30,17949.98,0.0,0,Normal,0,0,0
18,2024-10-31,14958.31,0.0,0,Normal,0,0,0
18,2024-11-30,11966.64,0.0,0,Normal,0,0,0
18,2024-12-31,8974.97,0.0,0,Normal,0,0,0
18,2025-01-31,5983.3,0.0,0,Normal,0,0,0
18,2025-02-28,5983.3,2991.67,0,Normal,0,0,0
18,2025-03-31,5983.3,5983.34,31,Substandard,1,0,0
19,2025-10-31,21400.0,0.0,0,Normal,0,0,0
19,2025-11-30,10700.0,0.0,0,Normal,0,0,0
19,2025-12-31,0.0,0.0,0,Normal,0,0,0
20,2025-10-31,28300.0,0.0,0,Normal,0,0,0
20,2025-11-30,18866.67,0.0,0,Normal,0,0,0
20,2025-12-31,9433.34,0.0,0,Normal,0,0,0
20,2026-01-31,0.01,0.0,0,Normal,0,0,0
21,2026-03-31,18700.0,0.0,0,Normal,0,0,0
21,2026-04-30,14960.0,0.0,0,Normal,0,0,0
21,2026-05-31,11220.0,0.0,0,Normal,0,0,0
21,2026-06-30,7480.0,0.0,0,Normal,0,0,0
21,2026-07-31,3740.0,0.0,0,Normal,0,0,0
21,2026-08-31,0.0,0.0,0,Normal,0,0,0
22,2024-03-31,11300.0,0.0,0,Normal,0,0,0
22,2024-04-30,10358.33,0.0,0,Normal,0,0,0
22,2024-05-31,9416.66,0.0,0,Normal,0,0,0
22,2024-06-30,8474.99,0.0,0,Normal,0,0,0
22,2024-07-31,7533.32,0.0,0,Normal,0,0,0
22,2024-08-31,6591.65,0.0,0,Normal,0,0,0
22,2024-09-30,5649.98,0.0,0,Normal,0,0,0
22,2024-10-31,4708.31,0.0,0,Normal,0,0,0
22,2024-11-30,3766.64,0.0,0,Normal,0,0,0
22,2024-12-31,2824.97,0.0,0,Normal,0,0,0
22,2025-01-31,1883.3,0.0,0,Normal,0,0,0
22,2025-02-28,941.63,0.0,0,Normal,0,0,0
22,2025-03-31,0.0,0.0,0,Normal,0,0,0
23,2023-03-31,17200.0,0.0,0,Normal,0,0,0
23,2023-04-30,12900.0,0.0,0,Normal,0,0,0
23,2023-05-31,10074.94,1474.94,5,Watch,0,0,0
23,2023-06-30,10074.94,5774.94,35,Substandard,1,0,0
23,2023-07-31,0.0,0.0,0,Normal,0,0,0
24,2022-12-31,67100.0,0.0,0,Normal,0,0,0
24,2023-01-31,65236.11,0.0,0,Normal,0,0,0
24,2023-02-28,63372.22,0.0,0,Normal,0,0,0
24,2023-03-31,61508.33,0.0,0,Normal,0,0,0
24,2023-04-30,59644.44,0.0,0,Normal,0,0,0
24,2023-05-31,57780.55,0.0,0,Normal,0,0,0
24,2023-06-30,55916.66,0.0,0,Normal,0,0,0
24,2023-07-31,54052.77,0.0,0,Normal,0,0,0
24,2023-08-31,52188.88,0.0,0,Normal,0,0,0
24,2023-09-30,50324.99,0.0,0,Normal,0,0,0
24,2023-10-31,48461.1,0.0,0,Normal,0,0,0
24,2023-11-30,46597.21,0.0,0,Normal,0,0,0
24,2023-12-31,44733.32,0.0,0,Normal,0,0,0
24,2024-01-31,42869.43,0.0,0,Normal,0,0,0
24,2024-02-29,41005.54,0.0,0,Normal,0,0,0
24,2024-03-31,39141.65,0.0,0,Normal,0,0,0
24,2024-04-30,37277.76,0.0,0,Normal,0,0,0
24,2024-05-31,35413.87,0.0,0,Normal,0,0,0
24,2024-06-30,33549.98,0.0,0,Normal,0,0,0
24,2024-07-31,31686.09,0.0,0,Normal,0,0,0
24,2024-08-31,29822.2,0.0,0,Normal,0,0,0
24,2024-09-30,27958.31,0.0,0,Normal,0,0,0
24,2024-10-31,26094.42,0.0,0,Normal,0,0,0
24,2024-11-30,24230.53,0.0,0,Normal,0,0,0
24,2024-12-31,22366.64,0.0,0,Normal,0,0,0
24,2025-01-31,20502.75,0.0,0,Normal,0,0,0
24,2025-02-28,18638.86,0.0,0,Normal,0,0,0
24,2025-03-31,16774.97,0.0,0,Normal,0,0,0
24,2025-04-30,14911.08,0.0,0,Normal,0,0,0
24,2025-05-31,13047.19,0.0,0,Normal,0,0,0
24,2025-06-30,11183.3,0.0,0,Normal,0,0,0
24,2025-07-31,9319.41,0.0,0,Normal,0,0,0
24,2025-08-31,7455.52,0.0,0,Normal,0,0,0
24,2025-09-30,5591.63,0.0,0,Normal,0,0,0
24,2025-10-31,3727.74,0.0,0,Normal,0,0,0
24,2025-11-30,1863.85,0.0,0,Normal,0,0,0
24,2025-12-31,0.0,0.0,0,Normal,0,0,0
25,2026-04-30,6500.0,0.0,0,Normal,0,0,0
25,2026-05-31,5571.43,0.0,0,Normal,0,0,0
25,2026-06-30,4642.86,0.0,0,Normal,0,0,0
25,2026-07-31,3714.29,0.0,0,Normal,0,0,0
25,2026-08-31,2785.72,0.0,0,Normal,0,0,0
26,2022-06-30,58600.0,0.0,0,Normal,0,0,0
26,2022-07-31,56052.17,0.0,0,Normal,0,0,0
26,2022-08-31,53504.34,0.0,0,Normal,0,0,0
26,2022-09-30,50956.51,0.0,0,Normal,0,0,0
26,2022-10-31,48408.68,0.0,0,Normal,0,0,0
26,2022-11-30,45860.85,0.0,0,Normal,0,0,0
26,2022-12-31,43313.02,0.0,0,Normal,0,0,0
26,2023-01-31,40765.19,0.0,0,Normal,0,0,0
26,2023-02-28,38217.36,0.0,0,Normal,0,0,0
26,2023-03-31,35669.53,0.0,0,Normal,0,0,0
26,2023-04-30,33121.7,0.0,0,Normal,0,0,0
26,2023-05-31,30573.87,0.0,0,Normal,0,0,0
26,2023-06-30,28026.04,0.0,0,Normal,0,0,0
26,2023-07-31,25478.21,0.0,0,Normal,0,0,0
26,2023-08-31,22930.38,0.0,0,Normal,0,0,0
26,2023-09-30,20382.55,0.0,0,Normal,0,0,0
26,2023-10-31,17834.72,0.0,0,Normal,0,0,0
26,2023-11-30,15286.89,0.0,0,Normal,0,0,0
26,2023-12-31,12739.06,0.0,0,Normal,0,0,0
26,2024-01-31,10191.23,0.0,0,Normal,0,0,0
26,2024-02-29,7643.4,0.0,0,Normal,0,0,0
26,2024-03-31,5095.57,0.0,0,Normal,0,0,0
26,2024-04-30,2547.74,0.0,0,Normal,0,0,0
26,2024-05-31,0.0,0.0,0,Normal,0,0,0
27,2022-03-31,6900.0,0.0,0,Normal,0,0,0
27,2022-04-30,3450.0,0.0,0,Normal,0,0,0
27,2022-05-31,0.0,0.0,0,Normal,0,0,0
28,2022-06-30,47400.0,0.0,0,Normal,0,0,0
28,2022-07-31,43753.85,0.0,0,Normal,0,0,0
28,2022-08-31,40107.7,0.0,0,Normal,0,0,0
28,2022-09-30,36461.55,0.0,0,Normal,0,0,0
28,2022-10-31,32815.4,0.0,0,Normal,0,0,0
28,2022-11-30,29169.25,0.0,0,Normal,0,0,0
28,2022-12-31,25523.1,0.0,0,Normal,0,0,0
28,2023-01-31,21876.95,0.0,0,Normal,0,0,0
28,2023-02-28,18230.8,0.0,0,Normal,0,0,0
28,2023-03-31,14584.65,0.0,0,Normal,0,0,0
28,2023-04-30,10938.5,0.0,0,Normal,0,0,0
28,2023-05-31,7292.35,0.0,0,Normal,0,0,0
28,2023-06-30,3646.2,0.0,0,Normal,0,0,0
28,2023-07-31,0.05,0.0,0,Normal,0,0,0
29,2023-07-31,26600.0,0.0,0,Normal,0,0,0
29,2023-08-31,24383.33,0.0,0,Normal,0,0,0
29,2023-09-30,22166.66,0.0,0,Normal,0,0,0
29,2023-10-31,19949.99,0.0,0,Normal,0,0,0
29,2023-11-30,17733.32,0.0,0,Normal,0,0,0
29,2023-12-31,15516.65,0.0,0,Normal,0,0,0
29,2024-01-31,13299.98,0.0,0,Normal,0,0,0
29,2024-02-29,11083.31,0.0,0,Normal,0,0,0
29,2024-03-31,8866.64,0.0,0,Normal,0,0,0
29,2024-04-30,6649.97,0.0,0,Normal,0,0,0
29,2024-05-31,4433.3,0.0,0,Normal,0,0,0
29,2024-06-30,2216.63,0.0,0,Normal,0,0,0
29,2024-07-31,0.0,0.0,0,Normal,0,0,0
30,2024-03-31,78500.0,0.0,0,Normal,0,0,0
30,2024-04-30,75229.17,0.0,0,Normal,0,0,0
30,2024-05-31,71958.34,0.0,0,Normal,0,0,0
30,2024-06-30,68687.51,0.0,0,Normal,0,0,0
30,2024-07-31,65416.68,0.0,0,Normal,0,0,0
30,2024-08-31,62145.85,0.0,0,Normal,0,0,0
30,2024-09-30,58875.02,0.0,0,Normal,0,0,0
30,2024-10-31,55604.19,0.0,0,Normal,0,0,0
30,2024-11-30,52333.36,0.0,0,Normal,0,0,0
30,2024-12-31,49062.53,0.0,0,Normal,0,0,0
30,2025-01-31,45791.7,0.0,0,Normal,0,0,0
30,2025-02-28,42520.87,0.0,0,Normal,0,0,0
30,2025-03-31,39250.04,0.0,0,Normal,0,0,0
30,2025-04-30,35979.21,0.0,0,Normal,0,0,0
30,2025-05-31,32708.38,0.0,0,Normal,0,0,0
30,2025-06-30,29437.55,0.0,0,Normal,0,0,0
30,2025-07-31,26166.72,0.0,0,Normal,0,0,0
30,2025-08-31,22895.89,0.0,0,Normal,0,0,0
30,2025-09-30,19625.06,0.0,0,Normal,0,0,0
30,2025-10-31,19625.06,3270.83,6,Watch,0,0,0
30,2025-11-30,19625.06,6541.66,36,Substandard,1,0,0
30,2025-12-31,19625.06,9812.49,67,Doubtful,1,1,0
30,2026-01-31,19625.06,13083.32,98,Loss,1,1,1
30,2026-02-28,3270.91,0.0,0,Normal,0,0,0
30,2026-03-31,0.08,0.0,0,Normal,0,0,0
31,2026-08-31,11700.0,0.0,0,Normal,0,0,0
32,2026-07-31,313100.0,0.0,0,Normal,0,0,0
32,2026-08-31,306438.3,0.0,0,Normal,0,0,0
33,2026-05-31,6000.0,0.0,0,Normal,0,0,0
33,2026-06-30,5000.0,0.0,0,Normal,0,0,0
33,2026-07-31,4000.0,0.0,0,Normal,0,0,0
33,2026-08-31,3000.0,0.0,0,Normal,0,0,0
34,2024-01-31,26400.0,0.0,0,Normal,0,0,0
34,2024-02-29,22000.0,0.0,0,Normal,0,0,0
34,2024-03-31,17600.0,0.0,0,Normal,0,0,0
34,2024-04-30,13200.0,0.0,0,Normal,0,0,0
34,2024-05-31,8800.0,0.0,0,Normal,0,0,0
34,2024-06-30,4400.0,0.0,0,Normal,0,0,0
34,2024-07-31,0.0,0.0,0,Normal,0,0,0
35,2025-11-30,4000.0,0.0,0,Normal,0,0,0
35,2025-12-31,3333.33,0.0,0,Normal,0,0,0
35,2026-01-31,2666.66,0.0,0,Normal,0,0,0
35,2026-02-28,1999.99,0.0,0,Normal,0,0,0
35,2026-03-31,1333.32,0.0,0,Normal,0,0,0
35,2026-04-30,666.65,0.0,0,Normal,0,0,0
35,2026-05-31,0.0,0.0,0,Normal,0,0,0
36,2026-05-31,48800.0,0.0,0,Normal,0,0,0
36,2026-06-30,39040.0,0.0,0,Normal,0,0,0
36,2026-07-31,29280.0,0.0,0,Normal,0,0,0
36,2026-08-31,19520.0,0.0,0,Normal,0,0,0
37,2024-04-30,829800.0,0.0,0,Normal,0,0,0
37,2024-05-31,812865.31,0.0,0,Normal,0,0,0
37,2024-06-30,795930.62,0.0,0,Normal,0,0,0
37,2024-07-31,778995.93,0.0,0,Normal,0,0,0
37,2024-08-31,762061.24,0.0,0,Normal,0,0,0
37,2024-09-30,745126.55,0.0,0,Normal,0,0,0
37,2024-10-31,728191.86,0.0,0,Normal,0,0,0
37,2024-11-30,711257.17,0.0,0,Normal,0,0,0
37,2024-12-31,694322.48,0.0,0,Normal,0,0,0
37,2025-01-31,677387.79,0.0,0,Normal,0,0,0
37,2025-02-28,660453.1,0.0,0,Normal,0,0,0
37,2025-03-31,643518.41,0.0,0,Normal,0,0,0
37,2025-04-30,626583.72,0.0,0,Normal,0,0,0
37,2025-05-31,609649.03,0.0,0,Normal,0,0,0
37,2025-06-30,592714.34,0.0,0,Normal,0,0,0
37,2025-07-31,575779.65,0.0,0,Normal,0,0,0
37,2025-08-31,558844.96,0.0,0,Normal,0,0,0
37,2025-09-30,541910.27,0.0,0,Normal,0,0,0
37,2025-10-31,524975.58,0.0,0,Normal,0,0,0
37,2025-11-30,508040.89,0.0,0,Normal,0,0,0
37,2025-12-31,491106.2,0.0,0,Normal,0,0,0
37,2026-01-31,474171.51,0.0,0,Normal,0,0,0
37,2026-02-28,457236.82,0.0,0,Normal,0,0,0
37,2026-03-31,440302.13,0.0,0,Normal,0,0,0
37,2026-04-30,423367.44,0.0,0,Normal,0,0,0
37,2026-05-31,406432.75,0.0,0,Normal,0,0,0
37,2026-06-30,389498.06,0.0,0,Normal,0,0,0
37,2026-07-31,372563.37,0.0,0,Normal,0,0,0
37,2026-08-31,355628.68,0.0,0,Normal,0,0,0
38,2026-08-31,43600.0,0.0,0,Normal,0,0,0
39,2026-04-30,5400.0,0.0,0,Normal,0,0,0
39,2026-05-31,4628.57,0.0,0,Normal,0,0,0
39,2026-06-30,3857.14,0.0,0,Normal,0,0,0
39,2026-07-31,3085.71,0.0,0,Normal,0,0,0
39,2026-08-31,2314.28,0.0,0,Normal,0,0,0
40,2024-09-30,42100.0,0.0,0,Normal,0,0,0
40,2024-10-31,38591.67,0.0,0,Normal,0,0,0
40,2024-11-30,35083.34,0.0,0,Normal,0,0,0
40,2024-12-31,31575.01,0.0,0,Normal,0,0,0
40,2025-01-31,28066.68,0.0,0,Normal,0,0,0
40,2025-02-28,24558.35,0.0,0,Normal,0,0,0
40,2025-03-31,21050.02,0.0,0,Normal,0,0,0
40,2025-04-30,17541.69,0.0,0,Normal,0,0,0
40,2025-05-31,14033.36,0.0,0,Normal,0,0,0
40,2025-06-30,10525.03,0.0,0,Normal,0,0,0
40,2025-07-31,7016.7,0.0,0,Normal,0,0,0
40,2025-08-31,3508.37,0.0,0,Normal,0,0,0
40,2025-09-30,0.04,0.0,0,Normal,0,0,0
41,2026-01-31,30900.0,0.0,0,Normal,0,0,0
41,2026-02-28,28523.08,0.0,0,Normal,0,0,0
41,2026-03-31,26146.16,0.0,0,Normal,0,0,0
41,2026-04-30,23769.24,0.0,0,Normal,0,0,0
41,2026-05-31,21392.32,0.0,0,Normal,0,0,0
41,2026-06-30,19015.4,0.0,0,Normal,0,0,0
41,2026-07-31,16638.48,0.0,0,Normal,0,0,0
41,2026-08-31,14261.56,0.0,0,Normal,0,0,0
42,2023-08-31,36700.0,0.0,0,Normal,0,0,0
42,2023-09-30,33641.67,0.0,0,Normal,0,0,0
42,2023-10-31,30583.34,0.0,0,Normal,0,0,0
42,2023-11-30,27525.01,0.0,0,Normal,0,0,0
42,2023-12-31,24466.68,0.0,0,Normal,0,0,0
42,2024-01-31,21408.35,0.0,0,Normal,0,0,0
42,2024-02-29,18350.02,0.0,0,Normal,0,0,0
42,2024-03-31,15291.69,0.0,0,Normal,0,0,0
42,2024-04-30,12233.36,0.0,0,Normal,0,0,0
42,2024-05-31,9175.03,0.0,0,Normal,0,0,0
42,2024-06-30,6116.7,0.0,0,Normal,0,0,0
42,2024-07-31,3058.37,0.0,0,Normal,0,0,0
42,2024-08-31,0.04,0.0,0,Normal,0,0,0
43,2023-01-31,9400.0,0.0,0,Normal,0,0,0
43,2023-02-28,7833.33,0.0,0,Normal,0,0,0
43,2023-03-31,6266.66,0.0,0,Normal,0,0,0
43,2023-04-30,4699.99,0.0,0,Normal,0,0,0
43,2023-05-31,3133.32,0.0,0,Normal,0,0,0
43,2023-06-30,1566.65,0.0,0,Normal,0,0,0
43,2023-07-31,0.0,0.0,0,Normal,0,0,0
44,2023-09-30,40500.0,0.0,0,Normal,0,0,0
44,2023-10-31,37125.0,0.0,0,Normal,0,0,0
44,2023-11-30,33750.0,0.0,0,Normal,0,0,0
44,2023-12-31,30375.0,0.0,0,Normal,0,0,0
44,2024-01-31,27000.0,0.0,0,Normal,0,0,0
44,2024-02-29,23625.0,0.0,0,Normal,0,0,0
44,2024-03-31,22105.44,1855.44,10,Watch,0,0,0
44,2024-04-30,22105.44,5230.44,40,Substandard,1,0,0
44,2024-05-31,21188.75,7688.75,71,Doubtful,1,1,0
44,2024-06-30,21188.75,11063.75,101,Loss,1,1,1
44,2024-07-31,21188.75,14438.75,132,Loss,1,1,1
44,2024-08-31,21188.75,17813.75,163,Loss,1,1,1
44,2024-09-30,21188.75,21188.75,193,Loss,1,1,1
45,2024-07-31,24200.0,0.0,0,Normal,0,0,0
45,2024-08-31,20166.67,0.0,0,Normal,0,0,0
45,2024-09-30,16133.34,0.0,0,Normal,0,0,0
45,2024-10-31,12100.01,0.0,0,Normal,0,0,0
45,2024-11-30,8066.68,0.0,0,Normal,0,0,0
45,2024-12-31,5461.14,1427.79,18,Watch,0,0,0
45,2025-01-31,5461.14,5461.12,49,Substandard,1,0,0
46,2024-02-29,60900.0,0.0,0,Normal,0,0,0
46,2024-03-31,40600.0,0.0,0,Normal,0,0,0
46,2024-04-30,20300.0,0.0,0,Normal,0,0,0
46,2024-05-31,0.0,0.0,0,Normal,0,0,0
47,2024-06-30,498000.0,0.0,0,Normal,0,0,0
47,2024-07-31,484540.54,0.0,0,Normal,0,0,0
47,2024-08-31,471081.08,0.0,0,Normal,0,0,0
47,2024-09-30,457621.62,0.0,0,Normal,0,0,0
47,2024-10-31,444162.16,0.0,0,Normal,0,0,0
47,2024-11-30,430702.7,0.0,0,Normal,0,0,0
47,2024-12-31,417243.24,0.0,0,Normal,0,0,0
47,2025-01-31,403783.78,0.0,0,Normal,0,0,0
47,2025-02-28,390324.32,0.0,0,Normal,0,0,0
47,2025-03-31,376864.86,0.0,0,Normal,0,0,0
47,2025-04-30,363405.4,0.0,0,Normal,0,0,0
47,2025-05-31,349945.94,0.0,0,Normal,0,0,0
47,2025-06-30,336486.48,0.0,0,Normal,0,0,0
47,2025-07-31,323027.02,0.0,0,Normal,0,0,0
47,2025-08-31,309567.56,0.0,0,Normal,0,0,0
47,2025-09-30,296108.1,0.0,0,Normal,0,0,0
47,2025-10-31,282648.64,0.0,0,Normal,0,0,0
47,2025-11-30,269189.18,0.0,0,Normal,0,0,0
47,2025-12-31,255729.72,0.0,0,Normal,0,0,0
47,2026-01-31,242270.26,0.0,0,Normal,0,0,0
47,2026-02-28,228810.8,0.0,0,Normal,0,0,0
47,2026-03-31,215351.34,0.0,0,Normal,0,0,0
47,2026-04-30,201891.88,0.0,0,Normal,0,0,0
47,2026-05-31,188432.42,0.0,0,Normal,0,0,0
47,2026-06-30,174972.96,0.0,0,Normal,0,0,0
47,2026-07-31,161513.5,0.0,0,Normal,0,0,0
47,2026-08-31,148054.04,0.0,0,Normal,0,0,0
48,2024-06-30,423800.0,0.0,0,Normal,0,0,0
48,2024-07-31,412027.78,0.0,0,Normal,0,0,0
48,2024-08-31,400255.56,0.0,0,Normal,0,0,0
48,2024-09-30,388483.34,0.0,0,Normal,0,0,0
48,2024-10-31,376711.12,0.0,0,Normal,0,0,0
48,2024-11-30,364938.9,0.0,0,Normal,0,0,0
48,2024-12-31,353166.68,0.0,0,Normal,0,0,0
48,2025-01-31,341394.46,0.0,0,Normal,0,0,0
48,2025-02-28,329622.24,0.0,0,Normal,0,0,0
48,2025-03-31,317850.02,0.0,0,Normal,0,0,0
48,2025-04-30,306077.8,0.0,0,Normal,0,0,0
48,2025-05-31,294305.58,0.0,0,Normal,0,0,0
48,2025-06-30,282533.36,0.0,0,Normal,0,0,0
48,2025-07-31,270761.14,0.0,0,Normal,0,0,0
48,2025-08-31,258988.92,0.0,0,Normal,0,0,0
48,2025-09-30,247216.7,0.0,0,Normal,0,0,0
48,2025-10-31,235444.48,0.0,0,Normal,0,0,0
48,2025-11-30,223672.26,0.0,0,Normal,0,0,0
48,2025-12-31,211900.04,0.0,0,Normal,0,0,0
48,2026-01-31,200127.82,0.0,0,Normal,0,0,0
48,2026-02-28,188355.6,0.0,0,Normal,0,0,0
48,2026-03-31,176583.38,0.0,0,Normal,0,0,0
48,2026-04-30,164811.16,0.0,0,Normal,0,0,0
48,2026-05-31,153038.94,0.0,0,Normal,0,0,0
48,2026-06-30,141266.72,0.0,0,Normal,0,0,0
48,2026-07-31,129494.5,0.0,0,Normal,0,0,0
48,2026-08-31,117722.28,0.0,0,Normal,0,0,0
49,2026-08-31,21200.0,0.0,0,Normal,0,0,0
50,2022-07-31,2200.0,0.0,0,Normal,0,0,0
50,2022-08-31,1100.0,0.0,0,Normal,0,0,0
50,2022-09-30,0.0,0.0,0,Normal,0,0,0
51,2023-07-31,276600.0,0.0,0,Normal,0,0,0
51,2023-08-31,270955.1,0.0,0,Normal,0,0,0
51,2023-09-30,265310.2,0.0,0,Normal,0,0,0
51,2023-10-31,259665.3,0.0,0,Normal,0,0,0
51,2023-11-30,254020.4,0.0,0,Normal,0,0,0
51,2023-12-31,248375.5,0.0,0,Normal,0,0,0
51,2024-01-31,242730.6,0.0,0,Normal,0,0,0
51,2024-02-29,237085.7,0.0,0,Normal,0,0,0
51,2024-03-31,231440.8,0.0,0,Normal,0,0,0
51,2024-04-30,225795.9,0.0,0,Normal,0,0,0
51,2024-05-31,220151.0,0.0,0,Normal,0,0,0
51,2024-06-30,214506.1,0.0,0,Normal,0,0,0
51,2024-07-31,208861.2,0.0,0,Normal,0,0,0
51,2024-08-31,203216.3,0.0,0,Normal,0,0,0
51,2024-09-30,197571.4,0.0,0,Normal,0,0,0
51,2024-10-31,191926.5,0.0,0,Normal,0,0,0
51,2024-11-30,186281.6,0.0,0,Normal,0,0,0
51,2024-12-31,180636.7,0.0,0,Normal,0,0,0
51,2025-01-31,174991.8,0.0,0,Normal,0,0,0
51,2025-02-28,169346.9,0.0,0,Normal,0,0,0
51,2025-03-31,163702.0,0.0,0,Normal,0,0,0
51,2025-04-30,158057.1,0.0,0,Normal,0,0,0
51,2025-05-31,152412.2,0.0,0,Normal,0,0,0
51,2025-06-30,146767.3,0.0,0,Normal,0,0,0
51,2025-07-31,141122.4,0.0,0,Normal,0,0,0
51,2025-08-31,135477.5,0.0,0,Normal,0,0,0
51,2025-09-30,129832.6,0.0,0,Normal,0,0,0
51,2025-10-31,124187.7,0.0,0,Normal,0,0,0
51,2025-11-30,118542.8,0.0,0,Normal,0,0,0
51,2025-12-31,112897.9,0.0,0,Normal,0,0,0
51,2026-01-31,107253.0,0.0,0,Normal,0,0,0
51,2026-02-28,101608.1,0.0,0,Normal,0,0,0
51,2026-03-31,95963.2,0.0,0,Normal,0,0,0
51,2026-04-30,90318.3,0.0,0,Normal,0,0,0
51,2026-05-31,84673.4,0.0,0,Normal,0,0,0
51,2026-06-30,79028.5,0.0,0,Normal,0,0,0
51,2026-07-31,73383.6,0.0,0,Normal,0,0,0
51,2026-08-31,67738.7,0.0,0,Normal,0,0,0
52,2025-06-30,5500.0,0.0,0,Normal,0,0,0
52,2025-07-31,4400.0,0.0,0,Normal,0,0,0
52,2025-08-31,3300.0,0.0,0,Normal,0,0,0
52,2025-09-30,2200.0,0.0,0,Normal,0,0,0
52,2025-10-31,1100.0,0.0,0,Normal,0,0,0
52,2025-11-30,0.0,0.0,0,Normal,0,0,0
53,2022-04-30,150200.0,0.0,0,Normal,0,0,0
53,2022-05-31,147737.7,0.0,0,Normal,0,0,0
53,2022-06-30,145275.4,0.0,0,Normal,0,0,0
53,2022-07-31,142813.1,0.0,0,Normal,0,0,0
53,2022-08-31,140350.8,0.0,0,Normal,0,0,0
53,2022-09-30,137888.5,0.0,0,Normal,0,0,0
53,2022-10-31,135426.2,0.0,0,Normal,0,0,0
53,2022-11-30,132963.9,0.0,0,Normal,0,0,0
53,2022-12-31,130501.6,0.0,0,Normal,0,0,0
53,2023-01-31,128039.3,0.0,0,Normal,0,0,0
53,2023-02-28,125577.0,0.0,0,Normal,0,0,0
53,2023-03-31,123114.7,0.0,0,Normal,0,0,0
53,2023-04-30,120652.4,0.0,0,Normal,0,0,0
53,2023-05-31,118190.1,0.0,0,Normal,0,0,0
53,2023-06-30,115727.8,0.0,0,Normal,0,0,0
53,2023-07-31,113265.5,0.0,0,Normal,0,0,0
53,2023-08-31,110803.2,0.0,0,Normal,0,0,0
53,2023-09-30,108340.9,0.0,0,Normal,0,0,0
53,2023-10-31,105878.6,0.0,0,Normal,0,0,0
53,2023-11-30,103416.3,0.0,0,Normal,0,0,0
53,2023-12-31,100954.0,0.0,0,Normal,0,0,0
53,2024-01-31,98491.7,0.0,0,Normal,0,0,0
53,2024-02-29,96029.4,0.0,0,Normal,0,0,0
53,2024-03-31,93567.1,0.0,0,Normal,0,0,0
53,2024-04-30,91104.8,0.0,0,Normal,0,0,0
53,2024-05-31,88642.5,0.0,0,Normal,0,0,0
53,2024-06-30,86180.2,0.0,0,Normal,0,0,0
53,2024-07-31,83717.9,0.0,0,Normal,0,0,0
53,2024-08-31,81255.6,0.0,0,Normal,0,0,0
53,2024-09-30,78793.3,0.0,0,Normal,0,0,0
53,2024-10-31,76331.0,0.0,0,Normal,0,0,0
53,2024-11-30,73868.7,0.0,0,Normal,0,0,0
53,2024-12-31,71406.4,0.0,0,Normal,0,0,0
53,2025-01-31,68944.1,0.0,0,Normal,0,0,0
53,2025-02-28,66481.8,0.0,0,Normal,0,0,0
53,2025-03-31,64019.5,0.0,0,Normal,0,0,0
53,2025-04-30,61557.2,0.0,0,Normal,0,0,0
53,2025-05-31,59094.9,0.0,0,Normal,0,0,0
53,2025-06-30,56632.6,0.0,0,Normal,0,0,0
53,2025-07-31,54170.3,0.0,0,Normal,0,0,0
53,2025-08-31,51708.0,0.0,0,Normal,0,0,0
53,2025-09-30,49245.7,0.0,0,Normal,0,0,0
53,2025-10-31,46783.4,0.0,0,Normal,0,0,0
53,2025-11-30,44321.1,0.0,0,Normal,0,0,0
53,2025-12-31,41858.8,0.0,0,Normal,0,0,0
53,2026-01-31,39396.5,0.0,0,Normal,0,0,0
53,2026-02-28,36934.2,0.0,0,Normal,0,0,0
53,2026-03-31,34471.9,0.0,0,Normal,0,0,0
53,2026-04-30,32009.6,0.0,0,Normal,0,0,0
53,2026-05-31,29547.3,0.0,0,Normal,0,0,0
53,2026-06-30,27085.0,0.0,0,Normal,0,0,0
53,2026-07-31,24622.7,0.0,0,Normal,0,0,0
53,2026-08-31,22160.4,0.0,0,Normal,0,0,0
54,2025-07-31,9700.0,0.0,0,Normal,0,0,0
54,2025-08-31,8953.85,0.0,0,Normal,0,0,0
54,2025-09-30,8207.7,0.0,0,Normal,0,0,0
54,2025-10-31,7461.55,0.0,0,Normal,0,0,0
54,2025-11-30,6715.4,0.0,0,Normal,0,0,0
54,2025-12-31,5969.25,0.0,0,Normal,0,0,0
54,2026-01-31,5223.1,0.0,0,Normal,0,0,0
54,2026-02-28,4476.95,0.0,0,Normal,0,0,0
54,2026-03-31,3730.8,0.0,0,Normal,0,0,0
54,2026-04-30,2984.65,0.0,0,Normal,0,0,0
54,2026-05-31,2238.5,0.0,0,Normal,0,0,0
54,2026-06-30,1492.35,0.0,0,Normal,0,0,0
54,2026-07-31,746.2,0.0,0,Normal,0,0,0
54,2026-08-31,0.05,0.0,0,Normal,0,0,0
55,2025-06-30,46900.0,0.0,0,Normal,0,0,0
55,2025-07-31,37520.0,0.0,0,Normal,0,0,0
55,2025-08-31,28140.0,0.0,0,Normal,0,0,0
55,2025-09-30,18760.0,0.0,0,Normal,0,0,0
55,2025-10-31,9380.0,0.0,0,Normal,0,0,0
55,2025-11-30,0.0,0.0,0,Normal,0,0,0
56,2025-10-31,5900.0,0.0,0,Normal,0,0,0
56,2025-11-30,4425.0,0.0,0,Normal,0,0,0
56,2025-12-31,2950.0,0.0,0,Normal,0,0,0
56,2026-01-31,1475.0,0.0,0,Normal,0,0,0
56,2026-02-28,0.0,0.0,0,Normal,0,0,0
57,2025-11-30,16300.0,0.0,0,Normal,0,0,0
57,2025-12-31,15046.15,0.0,0,Normal,0,0,0
57,2026-01-31,13792.3,0.0,0,Normal,0,0,0
57,2026-02-28,12538.45,0.0,0,Normal,0,0,0
57,2026-03-31,11284.6,0.0,0,Normal,0,0,0
57,2026-04-30,10030.75,0.0,0,Normal,0,0,0
57,2026-05-31,8776.9,0.0,0,Normal,0,0,0
57,2026-06-30,7523.05,0.0,0,Normal,0,0,0
57,2026-07-31,6269.2,0.0,0,Normal,0,0,0
57,2026-08-31,5015.35,0.0,0,Normal,0,0,0
58,2026-05-31,10000.0,0.0,0,Normal,0,0,0
58,2026-06-30,0.0,0.0,0,Normal,0,0,0
59,2025-10-31,115900.0,0.0,0,Normal,0,0,0
59,2025-11-30,113968.33,0.0,0,Normal,0,0,0
59,2025-12-31,112036.66,0.0,0,Normal,0,0,0
59,2026-01-31,110104.99,0.0,0,Normal,0,0,0
59,2026-02-28,108173.32,0.0,0,Normal,0,0,0
59,2026-03-31,106241.65,0.0,0,Normal,0,0,0
59,2026-04-30,104309.98,0.0,0,Normal,0,0,0
59,2026-05-31,102378.31,0.0,0,Normal,0,0,0
59,2026-06-30,100446.64,0.0,0,Normal,0,0,0
59,2026-07-31,98514.97,0.0,0,Normal,0,0,0
59,2026-08-31,96583.3,0.0,0,Normal,0,0,0
60,2026-06-30,22200.0,0.0,0,Normal,0,0,0
60,2026-07-31,17760.0,0.0,0,Normal,0,0,0
60,2026-08-31,13320.0,0.0,0,Normal,0,0,0
61,2026-08-31,14700.0,0.0,0,Normal,0,0,0
62,2026-04-30,399300.0,0.0,0,Normal,0,0,0
62,2026-05-31,387891.43,0.0,0,Normal,0,0,0
62,2026-06-30,387891.43,11408.57,29,Watch,0,0,0
62,2026-07-31,387891.43,22817.14,60,Doubtful,1,1,0
62,2026-08-31,353665.72,0.0,0,Normal,0,0,0
63,2022-09-30,193000.0,0.0,0,Normal,0,0,0
63,2022-10-31,187783.78,0.0,0,Normal,0,0,0
63,2022-11-30,182567.56,0.0,0,Normal,0,0,0
63,2022-12-31,177351.34,0.0,0,Normal,0,0,0
63,2023-01-31,172135.12,0.0,0,Normal,0,0,0
63,2023-02-28,166918.9,0.0,0,Normal,0,0,0
63,2023-03-31,166918.9,5216.22,3,Watch,0,0,0
63,2023-04-30,163316.75,6830.29,33,Substandard,1,0,0
63,2023-05-31,160653.53,9383.29,64,Doubtful,1,1,0
63,2023-06-30,160653.53,14599.51,94,Loss,1,1,1
63,2023-07-31,158603.88,17766.08,125,Loss,1,1,1
63,2023-08-31,135621.58,0.0,0,Normal,0,0,0
63,2023-09-30,130405.36,0.0,0,Normal,0,0,0
63,2023-10-31,125189.14,0.0,0,Normal,0,0,0
63,2023-11-30,119972.92,0.0,0,Normal,0,0,0
63,2023-12-31,114756.7,0.0,0,Normal,0,0,0
63,2024-01-31,109540.48,0.0,0,Normal,0,0,0
63,2024-02-29,104324.26,0.0,0,Normal,0,0,0
63,2024-03-31,99108.04,0.0,0,Normal,0,0,0
63,2024-04-30,93891.82,0.0,0,Normal,0,0,0
63,2024-05-31,88675.6,0.0,0,Normal,0,0,0
63,2024-06-30,83459.38,0.0,0,Normal,0,0,0
63,2024-07-31,78243.16,0.0,0,Normal,0,0,0
63,2024-08-31,73026.94,0.0,0,Normal,0,0,0
63,2024-09-30,67810.72,0.0,0,Normal,0,0,0
63,2024-10-31,62594.5,0.0,0,Normal,0,0,0
63,2024-11-30,57378.28,0.0,0,Normal,0,0,0
63,2024-12-31,52162.06,0.0,0,Normal,0,0,0
63,2025-01-31,46945.84,0.0,0,Normal,0,0,0
63,2025-02-28,41729.62,0.0,0,Normal,0,0,0
63,2025-03-31,36513.4,0.0,0,Normal,0,0,0
63,2025-04-30,31297.18,0.0,0,Normal,0,0,0
63,2025-05-31,26080.96,0.0,0,Normal,0,0,0
63,2025-06-30,20864.74,0.0,0,Normal,0,0,0
63,2025-07-31,15648.52,0.0,0,Normal,0,0,0
63,2025-08-31,10432.3,0.0,0,Normal,0,0,0
63,2025-09-30,5216.08,0.0,0,Normal,0,0,0
63,2025-10-31,0.0,0.0,0,Normal,0,0,0
64,2024-08-31,3500.0,0.0,0,Normal,0,0,0
64,2024-09-30,2916.67,0.0,0,Normal,0,0,0
64,2024-10-31,2333.34,0.0,0,Normal,0,0,0
64,2024-11-30,1750.01,0.0,0,Normal,0,0,0
64,2024-12-31,1166.68,0.0,0,Normal,0,0,0
64,2025-01-31,583.35,0.0,0,Normal,0,0,0
64,2025-02-28,0.02,0.0,0,Normal,0,0,0
65,2026-05-31,33600.0,0.0,0,Normal,0,0,0
65,2026-06-30,22400.0,0.0,0,Normal,0,0,0
65,2026-07-31,11200.0,0.0,0,Normal,0,0,0
65,2026-08-31,0.0,0.0,0,Normal,0,0,0
66,2023-03-31,38600.0,0.0,0,Normal,0,0,0
66,2023-04-30,35090.91,0.0,0,Normal,0,0,0
66,2023-05-31,31581.82,0.0,0,Normal,0,0,0
66,2023-06-30,28072.73,0.0,0,Normal,0,0,0
66,2023-07-31,24563.64,0.0,0,Normal,0,0,0
66,2023-08-31,21054.55,0.0,0,Normal,0,0,0
66,2023-09-30,17545.46,0.0,0,Normal,0,0,0
66,2023-10-31,14036.37,0.0,0,Normal,0,0,0
66,2023-11-30,10527.28,0.0,0,Normal,0,0,0
66,2023-12-31,7018.19,0.0,0,Normal,0,0,0
66,2024-01-31,3509.1,0.0,0,Normal,0,0,0
66,2024-02-29,0.01,0.0,0,Normal,0,0,0
67,2022-09-30,144500.0,0.0,0,Normal,0,0,0
67,2022-10-31,140486.11,0.0,0,Normal,0,0,0
67,2022-11-30,136472.22,0.0,0,Normal,0,0,0
67,2022-12-31,132458.33,0.0,0,Normal,0,0,0
67,2023-01-31,128444.44,0.0,0,Normal,0,0,0
67,2023-02-28,124430.55,0.0,0,Normal,0,0,0
67,2023-03-31,120416.66,0.0,0,Normal,0,0,0
67,2023-04-30,116402.77,0.0,0,Normal,0,0,0
67,2023-05-31,112388.88,0.0,0,Normal,0,0,0
67,2023-06-30,108374.99,0.0,0,Normal,0,0,0
67,2023-07-31,104361.1,0.0,0,Normal,0,0,0
67,2023-08-31,100347.21,0.0,0,Normal,0,0,0
67,2023-09-30,96333.32,0.0,0,Normal,0,0,0
67,2023-10-31,92319.43,0.0,0,Normal,0,0,0
67,2023-11-30,88305.54,0.0,0,Normal,0,0,0
67,2023-12-31,84291.65,0.0,0,Normal,0,0,0
67,2024-01-31,80277.76,0.0,0,Normal,0,0,0
67,2024-02-29,76263.87,0.0,0,Normal,0,0,0
67,2024-03-31,72249.98,0.0,0,Normal,0,0,0
67,2024-04-30,68236.09,0.0,0,Normal,0,0,0
67,2024-05-31,64222.2,0.0,0,Normal,0,0,0
67,2024-06-30,60208.31,0.0,0,Normal,0,0,0
67,2024-07-31,56194.42,0.0,0,Normal,0,0,0
67,2024-08-31,52180.53,0.0,0,Normal,0,0,0
67,2024-09-30,48166.64,0.0,0,Normal,0,0,0
67,2024-10-31,44152.75,0.0,0,Normal,0,0,0
67,2024-11-30,40138.86,0.0,0,Normal,0,0,0
67,2024-12-31,36124.97,0.0,0,Normal,0,0,0
67,2025-01-31,32111.08,0.0,0,Normal,0,0,0
67,2025-02-28,28097.19,0.0,0,Normal,0,0,0
67,2025-03-31,24083.3,0.0,0,Normal,0,0,0
67,2025-04-30,20069.41,0.0,0,Normal,0,0,0
67,2025-05-31,16055.52,0.0,0,Normal,0,0,0
67,2025-06-30,12041.63,0.0,0,Normal,0,0,0
67,2025-07-31,8027.74,0.0,0,Normal,0,0,0
67,2025-08-31,4013.85,0.0,0,Normal,0,0,0
67,2025-09-30,0.0,0.0,0,Normal,0,0,0
68,2024-01-31,42400.0,0.0,0,Normal,0,0,0
68,2024-02-29,28266.67,0.0,0,Normal,0,0,0
68,2024-03-31,14133.34,0.0,0,Normal,0,0,0
68,2024-04-30,0.01,0.0,0,Normal,0,0,0
69,2022-10-31,13800.0,0.0,0,Normal,0,0,0
69,2022-11-30,11828.57,0.0,0,Normal,0,0,0
69,2022-12-31,9857.14,0.0,0,Normal,0,0,0
69,2023-01-31,7885.71,0.0,0,Normal,0,0,0
69,2023-02-28,5914.28,0.0,0,Normal,0,0,0
69,2023-03-31,3942.85,0.0,0,Normal,0,0,0
69,2023-04-30,1971.42,0.0,0,Normal,0,0,0
69,2023-05-31,0.0,0.0,0,Normal,0,0,0
70,2025-02-28,906500.0,0.0,0,Normal,0,0,0
70,2025-03-31,887614.58,0.0,0,Normal,0,0,0
70,2025-04-30,868729.16,0.0,0,Normal,0,0,0
70,2025-05-31,849843.74,0.0,0,Normal,0,0,0
70,2025-06-30,830958.32,0.0,0,Normal,0,0,0
70,2025-07-31,812072.9,0.0,0,Normal,0,0,0
70,2025-08-31,800679.89,7492.41,28,Watch,0,0,0
70,2025-09-30,795577.33,21275.27,58,Substandard,1,0,0
70,2025-10-31,795577.33,40160.69,89,Doubtful,1,1,0
70,2025-11-30,736531.22,0.0,0,Normal,0,0,0
70,2025-12-31,717645.8,0.0,0,Normal,0,0,0
70,2026-01-31,698760.38,0.0,0,Normal,0,0,0
70,2026-02-28,679874.96,0.0,0,Normal,0,0,0
70,2026-03-31,660989.54,0.0,0,Normal,0,0,0
70,2026-04-30,642104.12,0.0,0,Normal,0,0,0
70,2026-05-31,623218.7,0.0,0,Normal,0,0,0
70,2026-06-30,604333.28,0.0,0,Normal,0,0,0
70,2026-07-31,585447.86,0.0,0,Normal,0,0,0
70,2026-08-31,566562.44,0.0,0,Normal,0,0,0
71,2026-05-31,33400.0,0.0,0,Normal,0,0,0
71,2026-06-30,22266.67,0.0,0,Normal,0,0,0
71,2026-07-31,11133.34,0.0,0,Normal,0,0,0
71,2026-08-31,0.01,0.0,0,Normal,0,0,0
72,2025-05-31,11000.0,0.0,0,Normal,0,0,0
72,2025-06-30,5500.0,0.0,0,Normal,0,0,0
72,2025-07-31,0.0,0.0,0,Normal,0,0,0
73,2023-06-30,21000.0,0.0,0,Normal,0,0,0
73,2023-07-31,19090.91,0.0,0,Normal,0,0,0
73,2023-08-31,17181.82,0.0,0,Normal,0,0,0
73,2023-09-30,15272.73,0.0,0,Normal,0,0,0
73,2023-10-31,13363.64,0.0,0,Normal,0,0,0
73,2023-11-30,11454.55,0.0,0,Normal,0,0,0
73,2023-12-31,9545.46,0.0,0,Normal,0,0,0
73,2024-01-31,7636.37,0.0,0,Normal,0,0,0
73,2024-02-29,5727.28,0.0,0,Normal,0,0,0
73,2024-03-31,3818.19,0.0,0,Normal,0,0,0
73,2024-04-30,1909.1,0.0,0,Normal,0,0,0
73,2024-05-31,0.01,0.0,0,Normal,0,0,0
74,2026-06-30,45100.0,0.0,0,Normal,0,0,0
74,2026-07-31,41000.0,0.0,0,Normal,0,0,0
74,2026-08-31,36900.0,0.0,0,Normal,0,0,0
75,2025-10-31,1311500.0,0.0,0,Normal,0,0,0
75,2025-11-30,1284734.69,0.0,0,Normal,0,0,0
75,2025-12-31,1257969.38,0.0,0,Normal,0,0,0
75,2026-01-31,1231204.07,0.0,0,Normal,0,0,0
75,2026-02-28,1204438.76,0.0,0,Normal,0,0,0
75,2026-03-31,1177673.45,0.0,0,Normal,0,0,0
75,2026-04-30,1150908.14,0.0,0,Normal,0,0,0
75,2026-05-31,1124142.83,0.0,0,Normal,0,0,0
75,2026-06-30,1097377.52,0.0,0,Normal,0,0,0
75,2026-07-31,1070612.21,0.0,0,Normal,0,0,0
75,2026-08-31,1043846.9,0.0,0,Normal,0,0,0
76,2026-07-31,37500.0,0.0,0,Normal,0,0,0
76,2026-08-31,30000.0,0.0,0,Normal,0,0,0
77,2024-12-31,70000.0,0.0,0,Normal,0,0,0
77,2025-01-31,46666.67,0.0,0,Normal,0,0,0
77,2025-02-28,23333.34,0.0,0,Normal,0,0,0
77,2025-03-31,0.01,0.0,0,Normal,0,0,0
78,2022-08-31,21900.0,0.0,0,Normal,0,0,0
78,2022-09-30,19909.09,0.0,0,Normal,0,0,0
78,2022-10-31,17918.18,0.0,0,Normal,0,0,0
78,2022-11-30,15927.27,0.0,0,Normal,0,0,0
78,2022-12-31,13936.36,0.0,0,Normal,0,0,0
78,2023-01-31,11945.45,0.0,0,Normal,0,0,0
78,2023-02-28,9954.54,0.0,0,Normal,0,0,0
78,2023-03-31,7963.63,0.0,0,Normal,0,0,0
78,2023-04-30,5972.72,0.0,0,Normal,0,0,0
78,2023-05-31,3981.81,0.0,0,Normal,0,0,0
78,2023-06-30,1990.9,0.0,0,Normal,0,0,0
78,2023-07-31,0.0,0.0,0,Normal,0,0,0
79,2026-06-30,12400.0,0.0,0,Normal,0,0,0
79,2026-07-31,9300.0,0.0,0,Normal,0,0,0
79,2026-08-31,6200.0,0.0,0,Normal,0,0,0
80,2026-07-31,28000.0,0.0,0,Normal,0,0,0
80,2026-08-31,25666.67,0.0,0,Normal,0,0,0
81,2022-08-31,3200.0,0.0,0,Normal,0,0,0
81,2022-09-30,2742.86,0.0,0,Normal,0,0,0
81,2022-10-31,2285.72,0.0,0,Normal,0,0,0
81,2022-11-30,1828.58,0.0,0,Normal,0,0,0
81,2022-12-31,1371.44,0.0,0,Normal,0,0,0
81,2023-01-31,914.3,0.0,0,Normal,0,0,0
81,2023-02-28,457.16,0.0,0,Normal,0,0,0
81,2023-03-31,0.02,0.0,0,Normal,0,0,0
82,2025-10-31,23400.0,0.0,0,Normal,0,0,0
82,2025-11-30,19500.0,0.0,0,Normal,0,0,0
82,2025-12-31,15600.0,0.0,0,Normal,0,0,0
82,2026-01-31,11700.0,0.0,0,Normal,0,0,0
82,2026-02-28,7800.0,0.0,0,Normal,0,0,0
82,2026-03-31,3900.0,0.0,0,Normal,0,0,0
82,2026-04-30,0.0,0.0,0,Normal,0,0,0
83,2025-09-30,15500.0,0.0,0,Normal,0,0,0
83,2025-10-31,7750.0,0.0,0,Normal,0,0,0
83,2025-11-30,0.0,0.0,0,Normal,0,0,0
84,2026-05-31,33000.0,0.0,0,Normal,0,0,0
84,2026-06-30,30250.0,0.0,0,Normal,0,0,0
84,2026-07-31,27500.0,0.0,0,Normal,0,0,0
84,2026-08-31,24750.0,0.0,0,Normal,0,0,0
85,2024-08-31,9800.0,0.0,0,Normal,0,0,0
85,2024-09-30,7350.0,0.0,0,Normal,0,0,0
85,2024-10-31,4900.0,0.0,0,Normal,0,0,0
85,2024-11-30,2450.0,0.0,0,Normal,0,0,0
85,2024-12-31,0.0,0.0,0,Normal,0,0,0
86,2025-12-31,75900.0,0.0,0,Normal,0,0,0
86,2026-01-31,73848.65,0.0,0,Normal,0,0,0
86,2026-02-28,71797.3,0.0,0,Normal,0,0,0
86,2026-03-31,69745.95,0.0,0,Normal,0,0,0
86,2026-04-30,67694.6,0.0,0,Normal,0,0,0
86,2026-05-31,65643.25,0.0,0,Normal,0,0,0
86,2026-06-30,63591.9,0.0,0,Normal,0,0,0
86,2026-07-31,61540.55,0.0,0,Normal,0,0,0
86,2026-08-31,59489.2,0.0,0,Normal,0,0,0
87,2026-05-31,208900.0,0.0,0,Normal,0,0,0
87,2026-06-30,205418.33,0.0,0,Normal,0,0,0
87,2026-07-31,201936.66,0.0,0,Normal,0,0,0
87,2026-08-31,198454.99,0.0,0,Normal,0,0,0
88,2026-07-31,17400.0,0.0,0,Normal,0,0,0
88,2026-08-31,13050.0,0.0,0,Normal,0,0,0
89,2025-01-31,14000.0,0.0,0,Normal,0,0,0
89,2025-02-28,11200.0,0.0,0,Normal,0,0,0
89,2025-03-31,8400.0,0.0,0,Normal,0,0,0
89,2025-04-30,6701.59,1101.59,6,Watch,0,0,0
89,2025-05-31,5081.13,2281.13,37,Substandard,1,0,0
89,2025-06-30,3314.3,3314.3,67,Doubtful,1,1,0
90,2023-04-30,14100.0,0.0,0,Normal,0,0,0
90,2023-05-31,11750.0,0.0,0,Normal,0,0,0
90,2023-06-30,9400.0,0.0,0,Normal,0,0,0
90,2023-07-31,7050.0,0.0,0,Normal,0,0,0
90,2023-08-31,4700.0,0.0,0,Normal,0,0,0
90,2023-09-30,2350.0,0.0,0,Normal,0,0,0
90,2023-10-31,0.0,0.0,0,Normal,0,0,0
91,2025-11-30,771700.0,0.0,0,Normal,0,0,0
91,2025-12-31,755622.92,0.0,0,Normal,0,0,0
91,2026-01-31,739545.84,0.0,0,Normal,0,0,0
91,2026-02-28,723468.76,0.0,0,Normal,0,0,0
91,2026-03-31,707391.68,0.0,0,Normal,0,0,0
91,2026-04-30,691314.6,0.0,0,Normal,0,0,0
91,2026-05-31,675237.52,0.0,0,Normal,0,0,0
91,2026-06-30,665299.19,6138.75,15,Watch,0,0,0
91,2026-07-31,658123.47,15040.11,46,Substandard,1,0,0
91,2026-08-31,658123.47,31117.19,77,Doubtful,1,1,0
92,2023-03-31,19000.0,0.0,0,Normal,0,0,0
92,2023-04-30,17538.46,0.0,0,Normal,0,0,0
92,2023-05-31,16076.92,0.0,0,Normal,0,0,0
92,2023-06-30,14615.38,0.0,0,Normal,0,0,0
92,2023-07-31,13153.84,0.0,0,Normal,0,0,0
92,2023-08-31,11692.3,0.0,0,Normal,0,0,0
92,2023-09-30,10230.76,0.0,0,Normal,0,0,0
92,2023-10-31,8769.22,0.0,0,Normal,0,0,0
92,2023-11-30,7307.68,0.0,0,Normal,0,0,0
92,2023-12-31,5846.14,0.0,0,Normal,0,0,0
92,2024-01-31,4384.6,0.0,0,Normal,0,0,0
92,2024-02-29,2923.06,0.0,0,Normal,0,0,0
92,2024-03-31,1461.52,0.0,0,Normal,0,0,0
92,2024-04-30,0.0,0.0,0,Normal,0,0,0
93,2024-01-31,17100.0,0.0,0,Normal,0,0,0
93,2024-02-29,15545.45,0.0,0,Normal,0,0,0
93,2024-03-31,13990.9,0.0,0,Normal,0,0,0
93,2024-04-30,12436.35,0.0,0,Normal,0,0,0
93,2024-05-31,10881.8,0.0,0,Normal,0,0,0
93,2024-06-30,9327.25,0.0,0,Normal,0,0,0
93,2024-07-31,7772.7,0.0,0,Normal,0,0,0
93,2024-08-31,6218.15,0.0,0,Normal,0,0,0
93,2024-09-30,4663.6,0.0,0,Normal,0,0,0
93,2024-10-31,3109.05,0.0,0,Normal,0,0,0
93,2024-11-30,1554.5,0.0,0,Normal,0,0,0
93,2024-12-31,0.0,0.0,0,Normal,0,0,0
94,2025-02-28,17400.0,0.0,0,Normal,0,0,0
94,2025-03-31,11600.0,0.0,0,Normal,0,0,0
94,2025-04-30,5800.0,0.0,0,Normal,0,0,0
94,2025-05-31,0.0,0.0,0,Normal,0,0,0
95,2025-07-31,55700.0,0.0,0,Normal,0,0,0
95,2025-08-31,37133.33,0.0,0,Normal,0,0,0
95,2025-09-30,18566.66,0.0,0,Normal,0,0,0
95,2025-10-31,0.0,0.0,0,Normal,0,0,0
96,2026-08-31,84700.0,0.0,0,Normal,0,0,0
97,2024-01-31,49000.0,0.0,0,Normal,0,0,0
97,2024-02-29,45230.77,0.0,0,Normal,0,0,0
97,2024-03-31,41461.54,0.0,0,Normal,0,0,0
97,2024-04-30,37692.31,0.0,0,Normal,0,0,0
97,2024-05-31,33923.08,0.0,0,Normal,0,0,0
97,2024-06-30,30153.85,0.0,0,Normal,0,0,0
97,2024-07-31,26384.62,0.0,0,Normal,0,0,0
97,2024-08-31,22615.39,0.0,0,Normal,0,0,0
97,2024-09-30,18846.16,0.0,0,Normal,0,0,0
97,2024-10-31,15076.93,0.0,0,Normal,0,0,0
97,2024-11-30,11307.7,0.0,0,Normal,0,0,0
97,2024-12-31,7538.47,0.0,0,Normal,0,0,0
97,2025-01-31,3769.24,0.0,0,Normal,0,0,0
97,2025-02-28,0.01,0.0,0,Normal,0,0,0
98,2023-08-31,39700.0,0.0,0,Normal,0,0,0
98,2023-09-30,29775.0,0.0,0,Normal,0,0,0
98,2023-10-31,19850.0,0.0,0,Normal,0,0,0
98,2023-11-30,19850.0,9925.0,20,Watch,0,0,0
98,2023-12-31,14860.78,14860.78,51,Substandard,1,0,0
99,2026-02-28,125300.0,0.0,0,Normal,0,0,0
99,2026-03-31,121819.44,0.0,0,Normal,0,0,0
99,2026-04-30,118338.88,0.0,0,Normal,0,0,0
99,2026-05-31,118338.88,3480.56,16,Watch,0,0,0
99,2026-06-30,118338.88,6961.12,46,Substandard,1,0,0
99,2026-07-31,118338.88,10441.68,77,Doubtful,1,1,0
99,2026-08-31,118338.88,13922.24,108,Loss,1,1,1
100,2024-11-30,53900.0,0.0,0,Normal,0,0,0
100,2024-12-31,49408.33,0.0,0,Normal,0,0,0
100,2025-01-31,44916.66,0.0,0,Normal,0,0,0
100,2025-02-28,40424.99,0.0,0,Normal,0,0,0
100,2025-03-31,35933.32,0.0,0,Normal,0,0,0
100,2025-04-30,31441.65,0.0,0,Normal,0,0,0
100,2025-05-31,26949.98,0.0,0,Normal,0,0,0
100,2025-06-30,22458.31,0.0,0,Normal,0,0,0
100,2025-07-31,17966.64,0.0,0,Normal,0,0,0
100,2025-08-31,13474.97,0.0,0,Normal,0,0,0
100,2025-09-30,8983.3,0.0,0,Normal,0,0,0
100,2025-10-31,4491.63,0.0,0,Normal,0,0,0
100,2025-11-30,0.0,0.0,0,Normal,0,0,0
101,2025-03-31,11400.0,0.0,0,Normal,0,0,0
101,2025-04-30,7600.0,0.0,0,Normal,0,0,0
101,2025-05-31,7600.0,3800.0,30,Substandard,1,0,0
101,2025-06-30,7600.0,7600.0,60,Doubtful,1,1,0
102,2026-02-28,5500.0,0.0,0,Normal,0,0,0
102,2026-03-31,4400.0,0.0,0,Normal,0,0,0
102,2026-04-30,3300.0,0.0,0,Normal,0,0,0
102,2026-05-31,2200.0,0.0,0,Normal,0,0,0
102,2026-06-30,1100.0,0.0,0,Normal,0,0,0
102,2026-07-31,0.0,0.0,0,Normal,0,0,0
103,2026-06-30,29000.0,0.0,0,Normal,0,0,0
103,2026-07-31,23200.0,0.0,0,Normal,0,0,0
103,2026-08-31,17400.0,0.0,0,Normal,0,0,0
104,2023-02-28,33100.0,0.0,0,Normal,0,0,0
104,2023-03-31,30341.67,0.0,0,Normal,0,0,0
104,2023-04-30,27583.34,0.0,0,Normal,0,0,0
104,2023-05-31,24825.01,0.0,0,Normal,0,0,0
104,2023-06-30,22066.68,0.0,0,Normal,0,0,0
104,2023-07-31,19308.35,0.0,0,Normal,0,0,0
104,2023-08-31,16550.02,0.0,0,Normal,0,0,0
104,2023-09-30,13791.69,0.0,0,Normal,0,0,0
104,2023-10-31,11033.36,0.0,0,Normal,0,0,0
104,2023-11-30,8275.03,0.0,0,Normal,0,0,0
104,2023-12-31,5516.7,0.0,0,Normal,0,0,0
104,2024-01-31,2758.37,0.0,0,Normal,0,0,0
104,2024-02-29,0.04,0.0,0,Normal,0,0,0
105,2024-10-31,10300.0,0.0,0,Normal,0,0,0
105,2024-11-30,9363.64,0.0,0,Normal,0,0,0
105,2024-12-31,8427.28,0.0,0,Normal,0,0,0
105,2025-01-31,8427.28,936.36,25,Watch,0,0,0
105,2025-02-28,8427.28,1872.72,53,Substandard,1,0,0
105,2025-03-31,8213.77,2595.57,84,Doubtful,1,1,0
105,2025-04-30,8213.77,3531.93,114,Loss,1,1,1
105,2025-05-31,3745.48,0.0,0,Normal,0,0,0
105,2025-06-30,2809.12,0.0,0,Normal,0,0,0
105,2025-07-31,1872.76,0.0,0,Normal,0,0,0
105,2025-08-31,936.4,0.0,0,Normal,0,0,0
105,2025-09-30,0.04,0.0,0,Normal,0,0,0
106,2024-08-31,356600.0,0.0,0,Normal,0,0,0
106,2024-09-30,350656.67,0.0,0,Normal,0,0,0
106,2024-10-31,344713.34,0.0,0,Normal,0,0,0
106,2024-11-30,338770.01,0.0,0,Normal,0,0,0
106,2024-12-31,332826.68,0.0,0,Normal,0,0,0
106,2025-01-31,326883.35,0.0,0,Normal,0,0,0
106,2025-02-28,320940.02,0.0,0,Normal,0,0,0
106,2025-03-31,314996.69,0.0,0,Normal,0,0,0
106,2025-04-30,309053.36,0.0,0,Normal,0,0,0
106,2025-05-31,303110.03,0.0,0,Normal,0,0,0
106,2025-06-30,297166.7,0.0,0,Normal,0,0,0
106,2025-07-31,291223.37,0.0,0,Normal,0,0,0
106,2025-08-31,285280.04,0.0,0,Normal,0,0,0
106,2025-09-30,279336.71,0.0,0,Normal,0,0,0
106,2025-10-31,273393.38,0.0,0,Normal,0,0,0
106,2025-11-30,267450.05,0.0,0,Normal,0,0,0
106,2025-12-31,261506.72,0.0,0,Normal,0,0,0
106,2026-01-31,255563.39,0.0,0,Normal,0,0,0
106,2026-02-28,249620.06,0.0,0,Normal,0,0,0
106,2026-03-31,243676.73,0.0,0,Normal,0,0,0
106,2026-04-30,237733.4,0.0,0,Normal,0,0,0
106,2026-05-31,231790.07,0.0,0,Normal,0,0,0
106,2026-06-30,225846.74,0.0,0,Normal,0,0,0
106,2026-07-31,219903.41,0.0,0,Normal,0,0,0
106,2026-08-31,213960.08,0.0,0,Normal,0,0,0
107,2026-06-30,4300.0,0.0,0,Normal,0,0,0
107,2026-07-31,2150.0,0.0,0,Normal,0,0,0
107,2026-08-31,0.0,0.0,0,Normal,0,0,0
108,2024-06-30,5500.0,0.0,0,Normal,0,0,0
108,2024-07-31,4125.0,0.0,0,Normal,0,0,0
108,2024-08-31,2750.0,0.0,0,Normal,0,0,0
108,2024-09-30,1375.0,0.0,0,Normal,0,0,0
108,2024-10-31,0.0,0.0,0,Normal,0,0,0
109,2026-06-30,305000.0,0.0,0,Normal,0,0,0
109,2026-07-31,296285.71,0.0,0,Normal,0,0,0
109,2026-08-31,287571.42,0.0,0,Normal,0,0,0
110,2023-09-30,61400.0,0.0,0,Normal,0,0,0
110,2023-10-31,58944.0,0.0,0,Normal,0,0,0
110,2023-11-30,56488.0,0.0,0,Normal,0,0,0
110,2023-12-31,54032.0,0.0,0,Normal,0,0,0
110,2024-01-31,51576.0,0.0,0,Normal,0,0,0
110,2024-02-29,49120.0,0.0,0,Normal,0,0,0
110,2024-03-31,46664.0,0.0,0,Normal,0,0,0
110,2024-04-30,44208.0,0.0,0,Normal,0,0,0
110,2024-05-31,41752.0,0.0,0,Normal,0,0,0
110,2024-06-30,39296.0,0.0,0,Normal,0,0,0
110,2024-07-31,36840.0,0.0,0,Normal,0,0,0
110,2024-08-31,34384.0,0.0,0,Normal,0,0,0
110,2024-09-30,31928.0,0.0,0,Normal,0,0,0
110,2024-10-31,29472.0,0.0,0,Normal,0,0,0
110,2024-11-30,27016.0,0.0,0,Normal,0,0,0
110,2024-12-31,24560.0,0.0,0,Normal,0,0,0
110,2025-01-31,22104.0,0.0,0,Normal,0,0,0
110,2025-02-28,19648.0,0.0,0,Normal,0,0,0
110,2025-03-31,17192.0,0.0,0,Normal,0,0,0
110,2025-04-30,14736.0,0.0,0,Normal,0,0,0
110,2025-05-31,12280.0,0.0,0,Normal,0,0,0
110,2025-06-30,9824.0,0.0,0,Normal,0,0,0
110,2025-07-31,7368.0,0.0,0,Normal,0,0,0
110,2025-08-31,4912.0,0.0,0,Normal,0,0,0
110,2025-09-30,2456.0,0.0,0,Normal,0,0,0
110,2025-10-31,0.0,0.0,0,Normal,0,0,0
111,2024-12-31,21900.0,0.0,0,Normal,0,0,0
111,2025-01-31,18771.43,0.0,0,Normal,0,0,0
111,2025-02-28,15642.86,0.0,0,Normal,0,0,0
111,2025-03-31,12514.29,0.0,0,Normal,0,0,0
111,2025-04-30,9385.72,0.0,0,Normal,0,0,0
111,2025-05-31,6257.15,0.0,0,Normal,0,0,0
111,2025-06-30,3128.58,0.0,0,Normal,0,0,0
111,2025-07-31,0.01,0.0,0,Normal,0,0,0
112,2026-08-31,94100.0,0.0,0,Normal,0,0,0
113,2022-04-30,6800.0,0.0,0,Normal,0,0,0
113,2022-05-31,5100.0,0.0,0,Normal,0,0,0
113,2022-06-30,3400.0,0.0,0,Normal,0,0,0
113,2022-07-31,2608.09,908.09,3,Watch,0,0,0
113,2022-08-31,2608.09,2608.09,34,Substandard,1,0,0
114,2026-04-30,12400.0,0.0,0,Normal,0,0,0
114,2026-05-31,9300.0,0.0,0,Normal,0,0,0
114,2026-06-30,6200.0,0.0,0,Normal,0,0,0
114,2026-07-31,3100.0,0.0,0,Normal,0,0,0
114,2026-08-31,0.0,0.0,0,Normal,0,0,0
115,2022-11-30,149800.0,0.0,0,Normal,0,0,0
115,2022-12-31,143808.0,0.0,0,Normal,0,0,0
115,2023-01-31,137816.0,0.0,0,Normal,0,0,0
115,2023-02-28,131824.0,0.0,0,Normal,0,0,0
115,2023-03-31,125832.0,0.0,0,Normal,0,0,0
115,2023-04-30,119840.0,0.0,0,Normal,0,0,0
115,2023-05-31,113848.0,0.0,0,Normal,0,0,0
115,2023-06-30,107856.0,0.0,0,Normal,0,0,0
115,2023-07-31,101864.0,0.0,0,Normal,0,0,0
115,2023-08-31,95872.0,0.0,0,Normal,0,0,0
115,2023-09-30,89880.0,0.0,0,Normal,0,0,0
115,2023-10-31,83888.0,0.0,0,Normal,0,0,0
115,2023-11-30,81348.89,3452.89,10,Watch,0,0,0
115,2023-12-31,81348.89,9444.89,41,Substandard,1,0,0
115,2024-01-31,81348.89,15436.89,72,Doubtful,1,1,0
115,2024-02-29,77324.22,17404.22,101,Loss,1,1,1
115,2024-03-31,77324.22,23396.22,132,Loss,1,1,1
115,2024-04-30,77324.22,29388.22,162,Loss,1,1,1
115,2024-05-31,77324.22,35380.22,193,Loss,1,1,1
115,2024-06-30,77324.22,41372.22,223,Loss,1,1,1
115,2024-07-31,77324.22,47364.22,254,Loss,1,1,1
115,2024-08-31,75850.47,51882.47,285,Loss,1,1,1
115,2024-09-30,75850.47,57874.47,315,Loss,1,1,1
115,2024-10-31,75850.47,63866.47,346,Loss,1,1,1
115,2024-11-30,75850.47,69858.47,376,Loss,1,1,1
115,2024-12-31,75850.47,75850.47,407,Loss,1,1,1
116,2026-08-31,36600.0,0.0,0,Normal,0,0,0
117,2023-09-30,22700.0,0.0,0,Normal,0,0,0
117,2023-10-31,18160.0,0.0,0,Normal,0,0,0
117,2023-11-30,15277.58,1657.58,22,Watch,0,0,0
117,2023-12-31,12261.54,3181.54,53,Substandard,1,0,0
117,2024-01-31,12261.54,7721.54,84,Doubtful,1,1,0
117,2024-02-29,12261.54,12261.54,113,Loss,1,1,1
118,2026-02-28,97200.0,0.0,0,Normal,0,0,0
118,2026-03-31,48600.0,0.0,0,Normal,0,0,0
118,2026-04-30,0.0,0.0,0,Normal,0,0,0
119,2024-09-30,19300.0,0.0,0,Normal,0,0,0
119,2024-10-31,17545.45,0.0,0,Normal,0,0,0
119,2024-11-30,15790.9,0.0,0,Normal,0,0,0
119,2024-12-31,14036.35,0.0,0,Normal,0,0,0
119,2025-01-31,12281.8,0.0,0,Normal,0,0,0
119,2025-02-28,10527.25,0.0,0,Normal,0,0,0
119,2025-03-31,8772.7,0.0,0,Normal,0,0,0
119,2025-04-30,7018.15,0.0,0,Normal,0,0,0
119,2025-05-31,5263.6,0.0,0,Normal,0,0,0
119,2025-06-30,3509.05,0.0,0,Normal,0,0,0
119,2025-07-31,1754.5,0.0,0,Normal,0,0,0
119,2025-08-31,0.0,0.0,0,Normal,0,0,0
120,2024-05-31,64400.0,0.0,0,Normal,0,0,0
120,2024-06-30,59033.33,0.0,0,Normal,0,0,0
120,2024-07-31,53666.66,0.0,0,Normal,0,0,0
120,2024-08-31,48299.99,0.0,0,Normal,0,0,0
120,2024-09-30,42933.32,0.0,0,Normal,0,0,0
120,2024-10-31,37566.65,0.0,0,Normal,0,0,0
120,2024-11-30,32199.98,0.0,0,Normal,0,0,0
120,2024-12-31,26833.31,0.0,0,Normal,0,0,0
120,2025-01-31,21466.64,0.0,0,Normal,0,0,0
120,2025-02-28,16099.97,0.0,0,Normal,0,0,0
120,2025-03-31,10733.3,0.0,0,Normal,0,0,0
120,2025-04-30,5366.63,0.0,0,Normal,0,0,0
120,2025-05-31,0.0,0.0,0,Normal,0,0,0
121,2026-08-31,24000.0,0.0,0,Normal,0,0,0
122,2025-01-31,95100.0,0.0,0,Normal,0,0,0
122,2025-02-28,0.0,0.0,0,Normal,0,0,0
123,2025-11-30,34000.0,0.0,0,Normal,0,0,0
123,2025-12-31,0.0,0.0,0,Normal,0,0,0
124,2025-04-30,38800.0,0.0,0,Normal,0,0,0
124,2025-05-31,35815.38,0.0,0,Normal,0,0,0
124,2025-06-30,32830.76,0.0,0,Normal,0,0,0
124,2025-07-31,29846.14,0.0,0,Normal,0,0,0
124,2025-08-31,26861.52,0.0,0,Normal,0,0,0
124,2025-09-30,23876.9,0.0,0,Normal,0,0,0
124,2025-10-31,20892.28,0.0,0,Normal,0,0,0
124,2025-11-30,17907.66,0.0,0,Normal,0,0,0
124,2025-12-31,14923.04,0.0,0,Normal,0,0,0
124,2026-01-31,11938.42,0.0,0,Normal,0,0,0
124,2026-02-28,8953.8,0.0,0,Normal,0,0,0
124,2026-03-31,5969.18,0.0,0,Normal,0,0,0
124,2026-04-30,2984.56,0.0,0,Normal,0,0,0
124,2026-05-31,0.0,0.0,0,Normal,0,0,0
125,2023-07-31,51900.0,0.0,0,Normal,0,0,0
125,2023-08-31,41520.0,0.0,0,Normal,0,0,0
125,2023-09-30,31140.0,0.0,0,Normal,0,0,0
125,2023-10-31,20760.0,0.0,0,Normal,0,0,0
125,2023-11-30,10380.0,0.0,0,Normal,0,0,0
125,2023-12-31,0.0,0.0,0,Normal,0,0,0
126,2024-07-31,46700.0,0.0,0,Normal,0,0,0
126,2024-08-31,43107.69,0.0,0,Normal,0,0,0
126,2024-09-30,39515.38,0.0,0,Normal,0,0,0
126,2024-10-31,35923.07,0.0,0,Normal,0,0,0
126,2024-11-30,32330.76,0.0,0,Normal,0,0,0
126,2024-12-31,28738.45,0.0,0,Normal,0,0,0
126,2025-01-31,25146.14,0.0,0,Normal,0,0,0
126,2025-02-28,21553.83,0.0,0,Normal,0,0,0
126,2025-03-31,17961.52,0.0,0,Normal,0,0,0
126,2025-04-30,14369.21,0.0,0,Normal,0,0,0
126,2025-05-31,10776.9,0.0,0,Normal,0,0,0
126,2025-06-30,7184.59,0.0,0,Normal,0,0,0
126,2025-07-31,3592.28,0.0,0,Normal,0,0,0
126,2025-08-31,0.0,0.0,0,Normal,0,0,0
127,2026-06-30,388200.0,0.0,0,Normal,0,0,0
127,2026-07-31,379940.43,0.0,0,Normal,0,0,0
127,2026-08-31,371680.86,0.0,0,Normal,0,0,0
128,2024-05-31,18500.0,0.0,0,Normal,0,0,0
128,2024-06-30,14800.0,0.0,0,Normal,0,0,0
128,2024-07-31,11100.0,0.0,0,Normal,0,0,0
128,2024-08-31,7400.0,0.0,0,Normal,0,0,0
128,2024-09-30,3700.0,0.0,0,Normal,0,0,0
128,2024-10-31,0.0,0.0,0,Normal,0,0,0
129,2022-10-31,14400.0,0.0,0,Normal,0,0,0
129,2022-11-30,9600.0,0.0,0,Normal,0,0,0
129,2022-12-31,4800.0,0.0,0,Normal,0,0,0
129,2023-01-31,0.0,0.0,0,Normal,0,0,0
130,2022-11-30,228800.0,0.0,0,Normal,0,0,0
130,2022-12-31,224033.33,0.0,0,Normal,0,0,0
130,2023-01-31,219266.66,0.0,0,Normal,0,0,0
130,2023-02-28,214499.99,0.0,0,Normal,0,0,0
130,2023-03-31,209733.32,0.0,0,Normal,0,0,0
130,2023-04-30,204966.65,0.0,0,Normal,0,0,0
130,2023-05-31,200199.98,0.0,0,Normal,0,0,0
130,2023-06-30,195433.31,0.0,0,Normal,0,0,0
130,2023-07-31,190666.64,0.0,0,Normal,0,0,0
130,2023-08-31,185899.97,0.0,0,Normal,0,0,0
130,2023-09-30,181133.3,0.0,0,Normal,0,0,0
130,2023-10-31,176366.63,0.0,0,Normal,0,0,0
130,2023-11-30,171599.96,0.0,0,Normal,0,0,0
130,2023-12-31,166833.29,0.0,0,Normal,0,0,0
130,2024-01-31,162066.62,0.0,0,Normal,0,0,0
130,2024-02-29,157299.95,0.0,0,Normal,0,0,0
130,2024-03-31,152533.28,0.0,0,Normal,0,0,0
130,2024-04-30,147766.61,0.0,0,Normal,0,0,0
130,2024-05-31,142999.94,0.0,0,Normal,0,0,0
130,2024-06-30,138233.27,0.0,0,Normal,0,0,0
130,2024-07-31,133466.6,0.0,0,Normal,0,0,0
130,2024-08-31,128699.93,0.0,0,Normal,0,0,0
130,2024-09-30,123933.26,0.0,0,Normal,0,0,0
130,2024-10-31,119166.59,0.0,0,Normal,0,0,0
130,2024-11-30,114399.92,0.0,0,Normal,0,0,0
130,2024-12-31,109633.25,0.0,0,Normal,0,0,0
130,2025-01-31,104866.58,0.0,0,Normal,0,0,0
130,2025-02-28,100099.91,0.0,0,Normal,0,0,0
130,2025-03-31,95333.24,0.0,0,Normal,0,0,0
130,2025-04-30,90566.57,0.0,0,Normal,0,0,0
130,2025-05-31,85799.9,0.0,0,Normal,0,0,0
130,2025-06-30,81033.23,0.0,0,Normal,0,0,0
130,2025-07-31,76266.56,0.0,0,Normal,0,0,0
130,2025-08-31,71499.89,0.0,0,Normal,0,0,0
130,2025-09-30,66733.22,0.0,0,Normal,0,0,0
130,2025-10-31,61966.55,0.0,0,Normal,0,0,0
130,2025-11-30,57199.88,0.0,0,Normal,0,0,0
130,2025-12-31,52433.21,0.0,0,Normal,0,0,0
130,2026-01-31,47666.54,0.0,0,Normal,0,0,0
130,2026-02-28,42899.87,0.0,0,Normal,0,0,0
130,2026-03-31,38133.2,0.0,0,Normal,0,0,0
130,2026-04-30,33366.53,0.0,0,Normal,0,0,0
130,2026-05-31,28599.86,0.0,0,Normal,0,0,0
130,2026-06-30,23833.19,0.0,0,Normal,0,0,0
130,2026-07-31,19066.52,0.0,0,Normal,0,0,0
130,2026-08-31,14299.85,0.0,0,Normal,0,0,0
131,2024-02-29,7600.0,0.0,0,Normal,0,0,0
131,2024-03-31,5700.0,0.0,0,Normal,0,0,0
131,2024-04-30,3800.0,0.0,0,Normal,0,0,0
131,2024-05-31,1900.0,0.0,0,Normal,0,0,0
131,2024-06-30,0.0,0.0,0,Normal,0,0,0
132,2025-10-31,88400.0,0.0,0,Normal,0,0,0
132,2025-11-30,0.0,0.0,0,Normal,0,0,0
133,2024-11-30,483200.0,0.0,0,Normal,0,0,0
133,2024-12-31,470140.54,0.0,0,Normal,0,0,0
133,2025-01-31,457081.08,0.0,0,Normal,0,0,0
133,2025-02-28,444021.62,0.0,0,Normal,0,0,0
133,2025-03-31,430962.16,0.0,0,Normal,0,0,0
133,2025-04-30,417902.7,0.0,0,Normal,0,0,0
133,2025-05-31,404843.24,0.0,0,Normal,0,0,0
133,2025-06-30,391783.78,0.0,0,Normal,0,0,0
133,2025-07-31,378724.32,0.0,0,Normal,0,0,0
133,2025-08-31,365664.86,0.0,0,Normal,0,0,0
133,2025-09-30,352605.4,0.0,0,Normal,0,0,0
133,2025-10-31,339545.94,0.0,0,Normal,0,0,0
133,2025-11-30,326486.48,0.0,0,Normal,0,0,0
133,2025-12-31,313427.02,0.0,0,Normal,0,0,0
133,2026-01-31,300367.56,0.0,0,Normal,0,0,0
133,2026-02-28,287308.1,0.0,0,Normal,0,0,0
133,2026-03-31,274248.64,0.0,0,Normal,0,0,0
133,2026-04-30,261189.18,0.0,0,Normal,0,0,0
133,2026-05-31,248129.72,0.0,0,Normal,0,0,0
133,2026-06-30,235070.26,0.0,0,Normal,0,0,0
133,2026-07-31,222010.8,0.0,0,Normal,0,0,0
133,2026-08-31,208951.34,0.0,0,Normal,0,0,0
134,2026-06-30,1133900.0,0.0,0,Normal,0,0,0
134,2026-07-31,1109774.47,0.0,0,Normal,0,0,0
134,2026-08-31,1085648.94,0.0,0,Normal,0,0,0
135,2022-11-30,17900.0,0.0,0,Normal,0,0,0
135,2022-12-31,14916.67,0.0,0,Normal,0,0,0
135,2023-01-31,11933.34,0.0,0,Normal,0,0,0
135,2023-02-28,8950.01,0.0,0,Normal,0,0,0
135,2023-03-31,8276.81,2310.13,7,Watch,0,0,0
135,2023-04-30,6247.5,3264.15,37,Substandard,1,0,0
135,2023-05-31,6247.5,6247.48,68,Doubtful,1,1,0
136,2025-04-30,43300.0,0.0,0,Normal,0,0,0
136,2025-05-31,39969.23,0.0,0,Normal,0,0,0
136,2025-06-30,36638.46,0.0,0,Normal,0,0,0
136,2025-07-31,33307.69,0.0,0,Normal,0,0,0
136,2025-08-31,29976.92,0.0,0,Normal,0,0,0
136,2025-09-30,26646.15,0.0,0,Normal,0,0,0
136,2025-10-31,23315.38,0.0,0,Normal,0,0,0
136,2025-11-30,19984.61,0.0,0,Normal,0,0,0
136,2025-12-31,16653.84,0.0,0,Normal,0,0,0
136,2026-01-31,13323.07,0.0,0,Normal,0,0,0
136,2026-02-28,9992.3,0.0,0,Normal,0,0,0
136,2026-03-31,9992.3,3330.77,11,Watch,0,0,0
136,2026-04-30,9992.3,6661.54,41,Substandard,1,0,0
136,2026-05-31,0.0,0.0,0,Normal,0,0,0
137,2024-02-29,46700.0,0.0,0,Normal,0,0,0
137,2024-03-31,31133.33,0.0,0,Normal,0,0,0
137,2024-04-30,31133.33,15566.67,14,Watch,0,0,0
137,2024-05-31,23124.44,23124.45,45,Substandard,1,0,0
138,2025-06-30,28000.0,0.0,0,Normal,0,0,0
138,2025-07-31,23333.33,0.0,0,Normal,0,0,0
138,2025-08-31,18666.66,0.0,0,Normal,0,0,0
138,2025-09-30,13999.99,0.0,0,Normal,0,0,0
138,2025-10-31,9333.32,0.0,0,Normal,0,0,0
138,2025-11-30,4666.65,0.0,0,Normal,0,0,0
138,2025-12-31,0.0,0.0,0,Normal,0,0,0
139,2022-02-28,64400.0,0.0,0,Normal,0,0,0
139,2022-03-31,32200.0,0.0,0,Normal,0,0,0
139,2022-04-30,0.0,0.0,0,Normal,0,0,0
140,2023-11-30,35800.0,0.0,0,Normal,0,0,0
140,2023-12-31,26850.0,0.0,0,Normal,0,0,0
140,2024-01-31,26850.0,8950.0,16,Watch,0,0,0
140,2024-02-29,26850.0,17900.0,45,Substandard,1,0,0
140,2024-03-31,21336.61,21336.61,76,Doubtful,1,1,0
141,2025-08-31,10700.0,0.0,0,Normal,0,0,0
141,2025-09-30,5350.0,0.0,0,Normal,0,0,0
141,2025-10-31,0.0,0.0,0,Normal,0,0,0
142,2026-07-31,37500.0,0.0,0,Normal,0,0,0
142,2026-08-31,34375.0,0.0,0,Normal,0,0,0
143,2023-10-31,11600.0,0.0,0,Normal,0,0,0
143,2023-11-30,8700.0,0.0,0,Normal,0,0,0
143,2023-12-31,5800.0,0.0,0,Normal,0,0,0
143,2024-01-31,2900.0,0.0,0,Normal,0,0,0
143,2024-02-29,0.0,0.0,0,Normal,0,0,0
144,2023-11-30,33200.0,0.0,0,Normal,0,0,0
144,2023-12-31,27666.67,0.0,0,Normal,0,0,0
144,2024-01-31,22133.34,0.0,0,Normal,0,0,0
144,2024-02-29,16600.01,0.0,0,Normal,0,0,0
144,2024-03-31,11066.68,0.0,0,Normal,0,0,0
144,2024-04-30,5533.35,0.0,0,Normal,0,0,0
144,2024-05-31,0.02,0.0,0,Normal,0,0,0
145,2022-06-30,71400.0,0.0,0,Normal,0,0,0
145,2022-07-31,65450.0,0.0,0,Normal,0,0,0
145,2022-08-31,59500.0,0.0,0,Normal,0,0,0
145,2022-09-30,53550.0,0.0,0,Normal,0,0,0
145,2022-10-31,47600.0,0.0,0,Normal,0,0,0
145,2022-11-30,41650.0,0.0,0,Normal,0,0,0
145,2022-12-31,35700.0,0.0,0,Normal,0,0,0
145,2023-01-31,29750.0,0.0,0,Normal,0,0,0
145,2023-02-28,23800.0,0.0,0,Normal,0,0,0
145,2023-03-31,17850.0,0.0,0,Normal,0,0,0
145,2023-04-30,11900.0,0.0,0,Normal,0,0,0
145,2023-05-31,5950.0,0.0,0,Normal,0,0,0
145,2023-06-30,0.0,0.0,0,Normal,0,0,0
146,2025-01-31,117700.0,0.0,0,Normal,0,0,0
146,2025-02-28,112582.61,0.0,0,Normal,0,0,0
146,2025-03-31,107465.22,0.0,0,Normal,0,0,0
146,2025-04-30,102347.83,0.0,0,Normal,0,0,0
146,2025-05-31,97230.44,0.0,0,Normal,0,0,0
146,2025-06-30,92113.05,0.0,0,Normal,0,0,0
146,2025-07-31,86995.66,0.0,0,Normal,0,0,0
146,2025-08-31,81878.27,0.0,0,Normal,0,0,0
146,2025-09-30,76760.88,0.0,0,Normal,0,0,0
146,2025-10-31,71643.49,0.0,0,Normal,0,0,0
146,2025-11-30,66526.1,0.0,0,Normal,0,0,0
146,2025-12-31,61408.71,0.0,0,Normal,0,0,0
146,2026-01-31,56291.32,0.0,0,Normal,0,0,0
146,2026-02-28,51173.93,0.0,0,Normal,0,0,0
146,2026-03-31,46056.54,0.0,0,Normal,0,0,0
146,2026-04-30,40939.15,0.0,0,Normal,0,0,0
146,2026-05-31,35821.76,0.0,0,Normal,0,0,0
146,2026-06-30,30704.37,0.0,0,Normal,0,0,0
146,2026-07-31,25586.98,0.0,0,Normal,0,0,0
146,2026-08-31,20469.59,0.0,0,Normal,0,0,0
147,2025-09-30,31000.0,0.0,0,Normal,0,0,0
147,2025-10-31,0.0,0.0,0,Normal,0,0,0
148,2025-01-31,57200.0,0.0,0,Normal,0,0,0
148,2025-02-28,28600.0,0.0,0,Normal,0,0,0
148,2025-03-31,0.0,0.0,0,Normal,0,0,0
149,2022-09-30,52900.0,0.0,0,Normal,0,0,0
149,2022-10-31,48491.67,0.0,0,Normal,0,0,0
149,2022-11-30,44083.34,0.0,0,Normal,0,0,0
149,2022-12-31,39675.01,0.0,0,Normal,0,0,0
149,2023-01-31,35266.68,0.0,0,Normal,0,0,0
149,2023-02-28,30858.35,0.0,0,Normal,0,0,0
149,2023-03-31,26450.02,0.0,0,Normal,0,0,0
149,2023-04-30,22041.69,0.0,0,Normal,0,0,0
149,2023-05-31,17633.36,0.0,0,Normal,0,0,0
149,2023-06-30,13225.03,0.0,0,Normal,0,0,0
149,2023-07-31,8816.7,0.0,0,Normal,0,0,0
149,2023-08-31,4408.37,0.0,0,Normal,0,0,0
149,2023-09-30,0.04,0.0,0,Normal,0,0,0
150,2023-02-28,116200.0,0.0,0,Normal,0,0,0
150,2023-03-31,111552.0,0.0,0,Normal,0,0,0
150,2023-04-30,106904.0,0.0,0,Normal,0,0,0
150,2023-05-31,102256.0,0.0,0,Normal,0,0,0
150,2023-06-30,97608.0,0.0,0,Normal,0,0,0
150,2023-07-31,92960.0,0.0,0,Normal,0,0,0
150,2023-08-31,88312.0,0.0,0,Normal,0,0,0
150,2023-09-30,83664.0,0.0,0,Normal,0,0,0
150,2023-10-31,79016.0,0.0,0,Normal,0,0,0
150,2023-11-30,74368.0,0.0,0,Normal,0,0,0
150,2023-12-31,69720.0,0.0,0,Normal,0,0,0
150,2024-01-31,65072.0,0.0,0,Normal,0,0,0
150,2024-02-29,60424.0,0.0,0,Normal,0,0,0
150,2024-03-31,55776.0,0.0,0,Normal,0,0,0
150,2024-04-30,51128.0,0.0,0,Normal,0,0,0
150,2024-05-31,46480.0,0.0,0,Normal,0,0,0
150,2024-06-30,46480.0,4648.0,20,Watch,0,0,0
150,2024-07-31,44894.43,7710.43,51,Substandard,1,0,0
150,2024-08-31,44894.43,12358.43,82,Doubtful,1,1,0
150,2024-09-30,42123.22,14235.22,112,Loss,1,1,1
150,2024-10-31,42123.22,18883.22,143,Loss,1,1,1
150,2024-11-30,42123.22,23531.22,173,Loss,1,1,1
150,2024-12-31,13944.0,0.0,0,Normal,0,0,0
150,2025-01-31,9296.0,0.0,0,Normal,0,0,0
150,2025-02-28,4648.0,0.0,0,Normal,0,0,0
150,2025-03-31,0.0,0.0,0,Normal,0,0,0
151,2022-12-31,31800.0,0.0,0,Normal,0,0,0
151,2023-01-31,27257.14,0.0,0,Normal,0,0,0
151,2023-02-28,22714.28,0.0,0,Normal,0,0,0
151,2023-03-31,18171.42,0.0,0,Normal,0,0,0
151,2023-04-30,13628.56,0.0,0,Normal,0,0,0
151,2023-05-31,13628.56,4542.86,8,Watch,0,0,0
151,2023-06-30,13628.56,9085.72,38,Substandard,1,0,0
151,2023-07-31,0.0,0.0,0,Normal,0,0,0
152,2024-11-30,21400.0,0.0,0,Normal,0,0,0
152,2024-12-31,17120.0,0.0,0,Normal,0,0,0
152,2025-01-31,12840.0,0.0,0,Normal,0,0,0
152,2025-02-28,8560.0,0.0,0,Normal,0,0,0
152,2025-03-31,4280.0,0.0,0,Normal,0,0,0
152,2025-04-30,0.0,0.0,0,Normal,0,0,0
153,2025-04-30,325200.0,0.0,0,Normal,0,0,0
153,2025-05-31,319688.14,0.0,0,Normal,0,0,0
153,2025-06-30,314176.28,0.0,0,Normal,0,0,0
153,2025-07-31,308664.42,0.0,0,Normal,0,0,0
153,2025-08-31,303152.56,0.0,0,Normal,0,0,0
153,2025-09-30,297640.7,0.0,0,Normal,0,0,0
153,2025-10-31,292128.84,0.0,0,Normal,0,0,0
153,2025-11-30,286616.98,0.0,0,Normal,0,0,0
153,2025-12-31,281105.12,0.0,0,Normal,0,0,0
153,2026-01-31,275593.26,0.0,0,Normal,0,0,0
153,2026-02-28,270081.4,0.0,0,Normal,0,0,0
153,2026-03-31,264569.54,0.0,0,Normal,0,0,0
153,2026-04-30,259057.68,0.0,0,Normal,0,0,0
153,2026-05-31,253545.82,0.0,0,Normal,0,0,0
153,2026-06-30,248033.96,0.0,0,Normal,0,0,0
153,2026-07-31,242522.1,0.0,0,Normal,0,0,0
153,2026-08-31,237010.24,0.0,0,Normal,0,0,0
154,2025-10-31,11000.0,0.0,0,Normal,0,0,0
154,2025-11-30,10000.0,0.0,0,Normal,0,0,0
154,2025-12-31,9000.0,0.0,0,Normal,0,0,0
154,2026-01-31,8000.0,0.0,0,Normal,0,0,0
154,2026-02-28,7000.0,0.0,0,Normal,0,0,0
154,2026-03-31,6000.0,0.0,0,Normal,0,0,0
154,2026-04-30,5000.0,0.0,0,Normal,0,0,0
154,2026-05-31,4000.0,0.0,0,Normal,0,0,0
154,2026-06-30,3000.0,0.0,0,Normal,0,0,0
154,2026-07-31,3000.0,1000.0,27,Watch,0,0,0
154,2026-08-31,3000.0,2000.0,58,Substandard,1,0,0
155,2023-04-30,27600.0,0.0,0,Normal,0,0,0
155,2023-05-31,23657.14,0.0,0,Normal,0,0,0
155,2023-06-30,19714.28,0.0,0,Normal,0,0,0
155,2023-07-31,15771.42,0.0,0,Normal,0,0,0
155,2023-08-31,11828.56,0.0,0,Normal,0,0,0
155,2023-09-30,7885.7,0.0,0,Normal,0,0,0
155,2023-10-31,3942.84,0.0,0,Normal,0,0,0
155,2023-11-30,0.0,0.0,0,Normal,0,0,0
156,2024-12-31,10400.0,0.0,0,Normal,0,0,0
156,2025-01-31,6933.33,0.0,0,Normal,0,0,0
156,2025-02-28,3466.66,0.0,0,Normal,0,0,0
156,2025-03-31,0.0,0.0,0,Normal,0,0,0
157,2026-07-31,10000.0,0.0,0,Normal,0,0,0
157,2026-08-31,6666.67,0.0,0,Normal,0,0,0
158,2024-08-31,30700.0,0.0,0,Normal,0,0,0
158,2024-09-30,28338.46,0.0,0,Normal,0,0,0
158,2024-10-31,25976.92,0.0,0,Normal,0,0,0
158,2024-11-30,23615.38,0.0,0,Normal,0,0,0
158,2024-12-31,21253.84,0.0,0,Normal,0,0,0
158,2025-01-31,18892.3,0.0,0,Normal,0,0,0
158,2025-02-28,16530.76,0.0,0,Normal,0,0,0
158,2025-03-31,14169.22,0.0,0,Normal,0,0,0
158,2025-04-30,11807.68,0.0,0,Normal,0,0,0
158,2025-05-31,9446.14,0.0,0,Normal,0,0,0
158,2025-06-30,7084.6,0.0,0,Normal,0,0,0
158,2025-07-31,4723.06,0.0,0,Normal,0,0,0
158,2025-08-31,2361.52,0.0,0,Normal,0,0,0
158,2025-09-30,0.0,0.0,0,Normal,0,0,0
159,2026-03-31,28900.0,0.0,0,Normal,0,0,0
159,2026-04-30,14450.0,0.0,0,Normal,0,0,0
159,2026-05-31,0.0,0.0,0,Normal,0,0,0
160,2025-04-30,7100.0,0.0,0,Normal,0,0,0
160,2025-05-31,6085.71,0.0,0,Normal,0,0,0
160,2025-06-30,5071.42,0.0,0,Normal,0,0,0
160,2025-07-31,4057.13,0.0,0,Normal,0,0,0
160,2025-08-31,3042.84,0.0,0,Normal,0,0,0
160,2025-09-30,2028.55,0.0,0,Normal,0,0,0
160,2025-10-31,1014.26,0.0,0,Normal,0,0,0
160,2025-11-30,0.0,0.0,0,Normal,0,0,0
161,2023-03-31,23300.0,0.0,0,Normal,0,0,0
161,2023-04-30,19416.67,0.0,0,Normal,0,0,0
161,2023-05-31,15533.34,0.0,0,Normal,0,0,0
161,2023-06-30,11650.01,0.0,0,Normal,0,0,0
161,2023-07-31,7766.68,0.0,0,Normal,0,0,0
161,2023-08-31,3883.35,0.0,0,Normal,0,0,0
161,2023-09-30,0.02,0.0,0,Normal,0,0,0
162,2022-08-31,5000.0,0.0,0,Normal,0,0,0
162,2022-09-30,2500.0,0.0,0,Normal,0,0,0
162,2022-10-31,0.0,0.0,0,Normal,0,0,0
163,2025-10-31,37300.0,0.0,0,Normal,0,0,0
163,2025-11-30,34430.77,0.0,0,Normal,0,0,0
163,2025-12-31,31561.54,0.0,0,Normal,0,0,0
163,2026-01-31,28692.31,0.0,0,Normal,0,0,0
163,2026-02-28,25823.08,0.0,0,Normal,0,0,0
163,2026-03-31,22953.85,0.0,0,Normal,0,0,0
163,2026-04-30,20084.62,0.0,0,Normal,0,0,0
163,2026-05-31,17215.39,0.0,0,Normal,0,0,0
163,2026-06-30,14346.16,0.0,0,Normal,0,0,0
163,2026-07-31,11476.93,0.0,0,Normal,0,0,0
163,2026-08-31,8607.7,0.0,0,Normal,0,0,0
164,2026-02-28,12000.0,0.0,0,Normal,0,0,0
164,2026-03-31,10000.0,0.0,0,Normal,0,0,0
164,2026-04-30,8000.0,0.0,0,Normal,0,0,0
164,2026-05-31,6000.0,0.0,0,Normal,0,0,0
164,2026-06-30,4000.0,0.0,0,Normal,0,0,0
164,2026-07-31,2000.0,0.0,0,Normal,0,0,0
164,2026-08-31,0.0,0.0,0,Normal,0,0,0
165,2025-10-31,39800.0,0.0,0,Normal,0,0,0
165,2025-11-30,36738.46,0.0,0,Normal,0,0,0
165,2025-12-31,35588.06,1911.14,12,Watch,0,0,0
165,2026-01-31,30615.38,0.0,0,Normal,0,0,0
165,2026-02-28,27553.84,0.0,0,Normal,0,0,0
165,2026-03-31,24492.3,0.0,0,Normal,0,0,0
165,2026-04-30,21430.76,0.0,0,Normal,0,0,0
165,2026-05-31,18369.22,0.0,0,Normal,0,0,0
165,2026-06-30,15307.68,0.0,0,Normal,0,0,0
165,2026-07-31,12246.14,0.0,0,Normal,0,0,0
165,2026-08-31,9184.6,0.0,0,Normal,0,0,0
166,2026-08-31,16400.0,0.0,0,Normal,0,0,0
167,2023-07-31,21700.0,0.0,0,Normal,0,0,0
167,2023-08-31,18083.33,0.0,0,Normal,0,0,0
167,2023-09-30,14466.66,0.0,0,Normal,0,0,0
167,2023-10-31,10849.99,0.0,0,Normal,0,0,0
167,2023-11-30,7233.32,0.0,0,Normal,0,0,0
167,2023-12-31,3616.65,0.0,0,Normal,0,0,0
167,2024-01-31,0.0,0.0,0,Normal,0,0,0
168,2024-01-31,937100.0,0.0,0,Normal,0,0,0
168,2024-02-29,917161.7,0.0,0,Normal,0,0,0
168,2024-03-31,897223.4,0.0,0,Normal,0,0,0
168,2024-04-30,877285.1,0.0,0,Normal,0,0,0
168,2024-05-31,857346.8,0.0,0,Normal,0,0,0
168,2024-06-30,837408.5,0.0,0,Normal,0,0,0
168,2024-07-31,817470.2,0.0,0,Normal,0,0,0
168,2024-08-31,797531.9,0.0,0,Normal,0,0,0
168,2024-09-30,777593.6,0.0,0,Normal,0,0,0
168,2024-10-31,757655.3,0.0,0,Normal,0,0,0
168,2024-11-30,737717.0,0.0,0,Normal,0,0,0
168,2024-12-31,717778.7,0.0,0,Normal,0,0,0
168,2025-01-31,697840.4,0.0,0,Normal,0,0,0
168,2025-02-28,677902.1,0.0,0,Normal,0,0,0
168,2025-03-31,657963.8,0.0,0,Normal,0,0,0
168,2025-04-30,638025.5,0.0,0,Normal,0,0,0
168,2025-05-31,618087.2,0.0,0,Normal,0,0,0
168,2025-06-30,598148.9,0.0,0,Normal,0,0,0
168,2025-07-31,578210.6,0.0,0,Normal,0,0,0
168,2025-08-31,558272.3,0.0,0,Normal,0,0,0
168,2025-09-30,538334.0,0.0,0,Normal,0,0,0
168,2025-10-31,518395.7,0.0,0,Normal,0,0,0
168,2025-11-30,498457.4,0.0,0,Normal,0,0,0
168,2025-12-31,478519.1,0.0,0,Normal,0,0,0
168,2026-01-31,458580.8,0.0,0,Normal,0,0,0
168,2026-02-28,438642.5,0.0,0,Normal,0,0,0
168,2026-03-31,418704.2,0.0,0,Normal,0,0,0
168,2026-04-30,398765.9,0.0,0,Normal,0,0,0
168,2026-05-31,378827.6,0.0,0,Normal,0,0,0
168,2026-06-30,358889.3,0.0,0,Normal,0,0,0
168,2026-07-31,338951.0,0.0,0,Normal,0,0,0
168,2026-08-31,319012.7,0.0,0,Normal,0,0,0
169,2025-04-30,36700.0,0.0,0,Normal,0,0,0
169,2025-05-31,18350.0,0.0,0,Normal,0,0,0
169,2025-06-30,0.0,0.0,0,Normal,0,0,0
170,2024-12-31,12600.0,0.0,0,Normal,0,0,0
170,2025-01-31,6300.0,0.0,0,Normal,0,0,0
170,2025-02-28,0.0,0.0,0,Normal,0,0,0
171,2024-02-29,136000.0,0.0,0,Normal,0,0,0
171,2024-03-31,132324.32,0.0,0,Normal,0,0,0
171,2024-04-30,128648.64,0.0,0,Normal,0,0,0
171,2024-05-31,124972.96,0.0,0,Normal,0,0,0
171,2024-06-30,121297.28,0.0,0,Normal,0,0,0
171,2024-07-31,117621.6,0.0,0,Normal,0,0,0
171,2024-08-31,113945.92,0.0,0,Normal,0,0,0
171,2024-09-30,110270.24,0.0,0,Normal,0,0,0
171,2024-10-31,106594.56,0.0,0,Normal,0,0,0
171,2024-11-30,102918.88,0.0,0,Normal,0,0,0
171,2024-12-31,99243.2,0.0,0,Normal,0,0,0
171,2025-01-31,95567.52,0.0,0,Normal,0,0,0
171,2025-02-28,91891.84,0.0,0,Normal,0,0,0
171,2025-03-31,88216.16,0.0,0,Normal,0,0,0
171,2025-04-30,84540.48,0.0,0,Normal,0,0,0
171,2025-05-31,80864.8,0.0,0,Normal,0,0,0
171,2025-06-30,77189.12,0.0,0,Normal,0,0,0
171,2025-07-31,73513.44,0.0,0,Normal,0,0,0
171,2025-08-31,69837.76,0.0,0,Normal,0,0,0
171,2025-09-30,66162.08,0.0,0,Normal,0,0,0
171,2025-10-31,62486.4,0.0,0,Normal,0,0,0
171,2025-11-30,58810.72,0.0,0,Normal,0,0,0
171,2025-12-31,55135.04,0.0,0,Normal,0,0,0
171,2026-01-31,51459.36,0.0,0,Normal,0,0,0
171,2026-02-28,47783.68,0.0,0,Normal,0,0,0
171,2026-03-31,44108.0,0.0,0,Normal,0,0,0
171,2026-04-30,40432.32,0.0,0,Normal,0,0,0
171,2026-05-31,36756.64,0.0,0,Normal,0,0,0
171,2026-06-30,33080.96,0.0,0,Normal,0,0,0
171,2026-07-31,29405.28,0.0,0,Normal,0,0,0
171,2026-08-31,25729.6,0.0,0,Normal,0,0,0
172,2025-12-31,17400.0,0.0,0,Normal,0,0,0
172,2026-01-31,11600.0,0.0,0,Normal,0,0,0
172,2026-02-28,11600.0,5800.0,21,Watch,0,0,0
172,2026-03-31,0.0,0.0,0,Normal,0,0,0
173,2024-05-31,16600.0,0.0,0,Normal,0,0,0
173,2024-06-30,11066.67,0.0,0,Normal,0,0,0
173,2024-07-31,5533.34,0.0,0,Normal,0,0,0
173,2024-08-31,0.01,0.0,0,Normal,0,0,0
174,2023-10-31,93000.0,0.0,0,Normal,0,0,0
174,2023-11-30,88956.52,0.0,0,Normal,0,0,0
174,2023-12-31,84913.04,0.0,0,Normal,0,0,0
174,2024-01-31,80869.56,0.0,0,Normal,0,0,0
174,2024-02-29,76826.08,0.0,0,Normal,0,0,0
174,2024-03-31,72782.6,0.0,0,Normal,0,0,0
174,2024-04-30,71213.46,2474.34,2,Watch,0,0,0
174,2024-05-31,68975.92,4280.28,33,Substandard,1,0,0
174,2024-06-30,68975.92,8323.76,63,Doubtful,1,1,0
174,2024-07-31,56608.68,0.0,0,Normal,0,0,0
174,2024-08-31,52565.2,0.0,0,Normal,0,0,0
174,2024-09-30,48521.72,0.0,0,Normal,0,0,0
174,2024-10-31,44478.24,0.0,0,Normal,0,0,0
174,2024-11-30,40434.76,0.0,0,Normal,0,0,0
174,2024-12-31,36391.28,0.0,0,Normal,0,0,0
174,2025-01-31,32347.8,0.0,0,Normal,0,0,0
174,2025-02-28,28304.32,0.0,0,Normal,0,0,0
174,2025-03-31,24260.84,0.0,0,Normal,0,0,0
174,2025-04-30,20217.36,0.0,0,Normal,0,0,0
174,2025-05-31,16173.88,0.0,0,Normal,0,0,0
174,2025-06-30,12130.4,0.0,0,Normal,0,0,0
174,2025-07-31,8086.92,0.0,0,Normal,0,0,0
174,2025-08-31,4043.44,0.0,0,Normal,0,0,0
174,2025-09-30,0.0,0.0,0,Normal,0,0,0
175,2026-04-30,34700.0,0.0,0,Normal,0,0,0
175,2026-05-31,32030.77,0.0,0,Normal,0,0,0
175,2026-06-30,32030.77,2669.23,3,Watch,0,0,0
175,2026-07-31,32030.77,5338.46,34,Substandard,1,0,0
175,2026-08-31,31262.18,7239.1,65,Doubtful,1,1,0
176,2023-10-31,8400.0,0.0,0,Normal,0,0,0
176,2023-11-30,7000.0,0.0,0,Normal,0,0,0
176,2023-12-31,5600.0,0.0,0,Normal,0,0,0
176,2024-01-31,4200.0,0.0,0,Normal,0,0,0
176,2024-02-29,2800.0,0.0,0,Normal,0,0,0
176,2024-03-31,1400.0,0.0,0,Normal,0,0,0
176,2024-04-30,0.0,0.0,0,Normal,0,0,0
177,2025-04-30,10200.0,0.0,0,Normal,0,0,0
177,2025-05-31,5100.0,0.0,0,Normal,0,0,0
177,2025-06-30,0.0,0.0,0,Normal,0,0,0
178,2022-10-31,44600.0,0.0,0,Normal,0,0,0
178,2022-11-30,33450.0,0.0,0,Normal,0,0,0
178,2022-12-31,22300.0,0.0,0,Normal,0,0,0
178,2023-01-31,11150.0,0.0,0,Normal,0,0,0
178,2023-02-28,0.0,0.0,0,Normal,0,0,0
179,2023-11-30,12900.0,0.0,0,Normal,0,0,0
179,2023-12-31,8600.0,0.0,0,Normal,0,0,0
179,2024-01-31,4300.0,0.0,0,Normal,0,0,0
179,2024-02-29,0.0,0.0,0,Normal,0,0,0
180,2026-06-30,51500.0,0.0,0,Normal,0,0,0
180,2026-07-31,34333.33,0.0,0,Normal,0,0,0
180,2026-08-31,17166.66,0.0,0,Normal,0,0,0
181,2024-05-31,87900.0,0.0,0,Normal,0,0,0
181,2024-06-30,58600.0,0.0,0,Normal,0,0,0
181,2024-07-31,29300.0,0.0,0,Normal,0,0,0
181,2024-08-31,0.0,0.0,0,Normal,0,0,0
182,2024-09-30,6800.0,0.0,0,Normal,0,0,0
182,2024-10-31,5440.0,0.0,0,Normal,0,0,0
182,2024-11-30,4080.0,0.0,0,Normal,0,0,0
182,2024-12-31,2720.0,0.0,0,Normal,0,0,0
182,2025-01-31,1360.0,0.0,0,Normal,0,0,0
182,2025-02-28,0.0,0.0,0,Normal,0,0,0
183,2026-03-31,70900.0,0.0,0,Normal,0,0,0
183,2026-04-30,0.0,0.0,0,Normal,0,0,0
184,2025-08-31,12200.0,0.0,0,Normal,0,0,0
184,2025-09-30,11669.57,0.0,0,Normal,0,0,0
184,2025-10-31,11139.14,0.0,0,Normal,0,0,0
184,2025-11-30,10608.71,0.0,0,Normal,0,0,0
184,2025-12-31,10078.28,0.0,0,Normal,0,0,0
184,2026-01-31,9547.85,0.0,0,Normal,0,0,0
184,2026-02-28,9017.42,0.0,0,Normal,0,0,0
184,2026-03-31,8486.99,0.0,0,Normal,0,0,0
184,2026-04-30,7956.56,0.0,0,Normal,0,0,0
184,2026-05-31,7426.13,0.0,0,Normal,0,0,0
184,2026-06-30,6895.7,0.0,0,Normal,0,0,0
184,2026-07-31,6365.27,0.0,0,Normal,0,0,0
184,2026-08-31,5834.84,0.0,0,Normal,0,0,0
185,2023-11-30,6500.0,0.0,0,Normal,0,0,0
185,2023-12-31,5571.43,0.0,0,Normal,0,0,0
185,2024-01-31,4642.86,0.0,0,Normal,0,0,0
185,2024-02-29,3714.29,0.0,0,Normal,0,0,0
185,2024-03-31,2785.72,0.0,0,Normal,0,0,0
185,2024-04-30,1857.15,0.0,0,Normal,0,0,0
185,2024-05-31,928.58,0.0,0,Normal,0,0,0
185,2024-06-30,0.01,0.0,0,Normal,0,0,0
186,2025-10-31,36100.0,0.0,0,Normal,0,0,0
186,2025-11-30,33091.67,0.0,0,Normal,0,0,0
186,2025-12-31,30083.34,0.0,0,Normal,0,0,0
186,2026-01-31,27075.01,0.0,0,Normal,0,0,0
186,2026-02-28,24066.68,0.0,0,Normal,0,0,0
186,2026-03-31,21058.35,0.0,0,Normal,0,0,0
186,2026-04-30,18050.02,0.0,0,Normal,0,0,0
186,2026-05-31,15041.69,0.0,0,Normal,0,0,0
186,2026-06-30,12033.36,0.0,0,Normal,0,0,0
186,2026-07-31,9025.03,0.0,0,Normal,0,0,0
186,2026-08-31,6016.7,0.0,0,Normal,0,0,0
187,2026-04-30,17700.0,0.0,0,Normal,0,0,0
187,2026-05-31,13275.0,0.0,0,Normal,0,0,0
187,2026-06-30,8850.0,0.0,0,Normal,0,0,0
187,2026-07-31,4425.0,0.0,0,Normal,0,0,0
187,2026-08-31,0.0,0.0,0,Normal,0,0,0
188,2023-07-31,34200.0,0.0,0,Normal,0,0,0
188,2023-08-31,31350.0,0.0,0,Normal,0,0,0
188,2023-09-30,28500.0,0.0,0,Normal,0,0,0
188,2023-10-31,25650.0,0.0,0,Normal,0,0,0
188,2023-11-30,22800.0,0.0,0,Normal,0,0,0
188,2023-12-31,19950.0,0.0,0,Normal,0,0,0
188,2024-01-31,17100.0,0.0,0,Normal,0,0,0
188,2024-02-29,14250.0,0.0,0,Normal,0,0,0
188,2024-03-31,11400.0,0.0,0,Normal,0,0,0
188,2024-04-30,8550.0,0.0,0,Normal,0,0,0
188,2024-05-31,5700.0,0.0,0,Normal,0,0,0
188,2024-06-30,2850.0,0.0,0,Normal,0,0,0
188,2024-07-31,0.0,0.0,0,Normal,0,0,0
189,2024-11-30,32400.0,0.0,0,Normal,0,0,0
189,2024-12-31,0.0,0.0,0,Normal,0,0,0
190,2022-11-30,19300.0,0.0,0,Normal,0,0,0
190,2022-12-31,9650.0,0.0,0,Normal,0,0,0
190,2023-01-31,0.0,0.0,0,Normal,0,0,0
191,2022-09-30,206000.0,0.0,0,Normal,0,0,0
191,2022-10-31,200277.78,0.0,0,Normal,0,0,0
191,2022-11-30,194555.56,0.0,0,Normal,0,0,0
191,2022-12-31,188833.34,0.0,0,Normal,0,0,0
191,2023-01-31,183111.12,0.0,0,Normal,0,0,0
191,2023-02-28,177388.9,0.0,0,Normal,0,0,0
191,2023-03-31,171666.68,0.0,0,Normal,0,0,0
191,2023-04-30,165944.46,0.0,0,Normal,0,0,0
191,2023-05-31,160222.24,0.0,0,Normal,0,0,0
191,2023-06-30,154500.02,0.0,0,Normal,0,0,0
191,2023-07-31,148777.8,0.0,0,Normal,0,0,0
191,2023-08-31,143055.58,0.0,0,Normal,0,0,0
191,2023-09-30,137333.36,0.0,0,Normal,0,0,0
191,2023-10-31,131611.14,0.0,0,Normal,0,0,0
191,2023-11-30,125888.92,0.0,0,Normal,0,0,0
191,2023-12-31,120166.7,0.0,0,Normal,0,0,0
191,2024-01-31,114444.48,0.0,0,Normal,0,0,0
191,2024-02-29,108722.26,0.0,0,Normal,0,0,0
191,2024-03-31,103000.04,0.0,0,Normal,0,0,0
191,2024-04-30,97277.82,0.0,0,Normal,0,0,0
191,2024-05-31,91555.6,0.0,0,Normal,0,0,0
191,2024-06-30,85833.38,0.0,0,Normal,0,0,0
191,2024-07-31,80111.16,0.0,0,Normal,0,0,0
191,2024-08-31,74388.94,0.0,0,Normal,0,0,0
191,2024-09-30,68666.72,0.0,0,Normal,0,0,0
191,2024-10-31,62944.5,0.0,0,Normal,0,0,0
191,2024-11-30,57222.28,0.0,0,Normal,0,0,0
191,2024-12-31,51500.06,0.0,0,Normal,0,0,0
191,2025-01-31,45777.84,0.0,0,Normal,0,0,0
191,2025-02-28,40055.62,0.0,0,Normal,0,0,0
191,2025-03-31,34333.4,0.0,0,Normal,0,0,0
191,2025-04-30,28611.18,0.0,0,Normal,0,0,0
191,2025-05-31,22888.96,0.0,0,Normal,0,0,0
191,2025-06-30,17166.74,0.0,0,Normal,0,0,0
191,2025-07-31,11444.52,0.0,0,Normal,0,0,0
191,2025-08-31,5722.3,0.0,0,Normal,0,0,0
191,2025-09-30,0.08,0.0,0,Normal,0,0,0
192,2022-03-31,11600.0,0.0,0,Normal,0,0,0
192,2022-04-30,9942.86,0.0,0,Normal,0,0,0
192,2022-05-31,8285.72,0.0,0,Normal,0,0,0
192,2022-06-30,6628.58,0.0,0,Normal,0,0,0
192,2022-07-31,4971.44,0.0,0,Normal,0,0,0
192,2022-08-31,3314.3,0.0,0,Normal,0,0,0
192,2022-09-30,1657.16,0.0,0,Normal,0,0,0
192,2022-10-31,0.02,0.0,0,Normal,0,0,0
193,2023-07-31,1461200.0,0.0,0,Normal,0,0,0
193,2023-08-31,1430110.64,0.0,0,Normal,0,0,0
193,2023-09-30,1399021.28,0.0,0,Normal,0,0,0
193,2023-10-31,1367931.92,0.0,0,Normal,0,0,0
193,2023-11-30,1336842.56,0.0,0,Normal,0,0,0
193,2023-12-31,1305753.2,0.0,0,Normal,0,0,0
193,2024-01-31,1274663.84,0.0,0,Normal,0,0,0
193,2024-02-29,1243574.48,0.0,0,Normal,0,0,0
193,2024-03-31,1212485.12,0.0,0,Normal,0,0,0
193,2024-04-30,1181395.76,0.0,0,Normal,0,0,0
193,2024-05-31,1150306.4,0.0,0,Normal,0,0,0
193,2024-06-30,1119217.04,0.0,0,Normal,0,0,0
193,2024-07-31,1088127.68,0.0,0,Normal,0,0,0
193,2024-08-31,1057038.32,0.0,0,Normal,0,0,0
193,2024-09-30,1025948.96,0.0,0,Normal,0,0,0
193,2024-10-31,994859.6,0.0,0,Normal,0,0,0
193,2024-11-30,963770.24,0.0,0,Normal,0,0,0
193,2024-12-31,932680.88,0.0,0,Normal,0,0,0
193,2025-01-31,901591.52,0.0,0,Normal,0,0,0
193,2025-02-28,870502.16,0.0,0,Normal,0,0,0
193,2025-03-31,839412.8,0.0,0,Normal,0,0,0
193,2025-04-30,808323.44,0.0,0,Normal,0,0,0
193,2025-05-31,777234.08,0.0,0,Normal,0,0,0
193,2025-06-30,746144.72,0.0,0,Normal,0,0,0
193,2025-07-31,715055.36,0.0,0,Normal,0,0,0
193,2025-08-31,683966.0,0.0,0,Normal,0,0,0
193,2025-09-30,652876.64,0.0,0,Normal,0,0,0
193,2025-10-31,621787.28,0.0,0,Normal,0,0,0
193,2025-11-30,590697.92,0.0,0,Normal,0,0,0
193,2025-12-31,559608.56,0.0,0,Normal,0,0,0
193,2026-01-31,528519.2,0.0,0,Normal,0,0,0
193,2026-02-28,497429.84,0.0,0,Normal,0,0,0
193,2026-03-31,466340.48,0.0,0,Normal,0,0,0
193,2026-04-30,435251.12,0.0,0,Normal,0,0,0
193,2026-05-31,404161.76,0.0,0,Normal,0,0,0
193,2026-06-30,373072.4,0.0,0,Normal,0,0,0
193,2026-07-31,341983.04,0.0,0,Normal,0,0,0
193,2026-08-31,310893.68,0.0,0,Normal,0,0,0
194,2024-07-31,9800.0,0.0,0,Normal,0,0,0
194,2024-08-31,7840.0,0.0,0,Normal,0,0,0
194,2024-09-30,5880.0,0.0,0,Normal,0,0,0
194,2024-10-31,3920.0,0.0,0,Normal,0,0,0
194,2024-11-30,1960.0,0.0,0,Normal,0,0,0
194,2024-12-31,0.0,0.0,0,Normal,0,0,0
195,2024-04-30,17000.0,0.0,0,Normal,0,0,0
195,2024-05-31,8500.0,0.0,0,Normal,0,0,0
195,2024-06-30,0.0,0.0,0,Normal,0,0,0
196,2024-05-31,390300.0,0.0,0,Normal,0,0,0
196,2024-06-30,383901.64,0.0,0,Normal,0,0,0
196,2024-07-31,377503.28,0.0,0,Normal,0,0,0
196,2024-08-31,371104.92,0.0,0,Normal,0,0,0
196,2024-09-30,364706.56,0.0,0,Normal,0,0,0
196,2024-10-31,358308.2,0.0,0,Normal,0,0,0
196,2024-11-30,351909.84,0.0,0,Normal,0,0,0
196,2024-12-31,345511.48,0.0,0,Normal,0,0,0
196,2025-01-31,339113.12,0.0,0,Normal,0,0,0
196,2025-02-28,332714.76,0.0,0,Normal,0,0,0
196,2025-03-31,326316.4,0.0,0,Normal,0,0,0
196,2025-04-30,319918.04,0.0,0,Normal,0,0,0
196,2025-05-31,313519.68,0.0,0,Normal,0,0,0
196,2025-06-30,307121.32,0.0,0,Normal,0,0,0
196,2025-07-31,300722.96,0.0,0,Normal,0,0,0
196,2025-08-31,294324.6,0.0,0,Normal,0,0,0
196,2025-09-30,287926.24,0.0,0,Normal,0,0,0
196,2025-10-31,281527.88,0.0,0,Normal,0,0,0
196,2025-11-30,275129.52,0.0,0,Normal,0,0,0
196,2025-12-31,268731.16,0.0,0,Normal,0,0,0
196,2026-01-31,262332.8,0.0,0,Normal,0,0,0
196,2026-02-28,255934.44,0.0,0,Normal,0,0,0
196,2026-03-31,249536.08,0.0,0,Normal,0,0,0
196,2026-04-30,243137.72,0.0,0,Normal,0,0,0
196,2026-05-31,236739.36,0.0,0,Normal,0,0,0
196,2026-06-30,230341.0,0.0,0,Normal,0,0,0
196,2026-07-31,223942.64,0.0,0,Normal,0,0,0
196,2026-08-31,217544.28,0.0,0,Normal,0,0,0
197,2023-06-30,42700.0,0.0,0,Normal,0,0,0
197,2023-07-31,34160.0,0.0,0,Normal,0,0,0
197,2023-08-31,25620.0,0.0,0,Normal,0,0,0
197,2023-09-30,17080.0,0.0,0,Normal,0,0,0
197,2023-10-31,8540.0,0.0,0,Normal,0,0,0
197,2023-11-30,0.0,0.0,0,Normal,0,0,0
198,2026-08-31,65400.0,0.0,0,Normal,0,0,0
199,2024-12-31,75500.0,0.0,0,Normal,0,0,0
199,2025-01-31,69692.31,0.0,0,Normal,0,0,0
199,2025-02-28,63884.62,0.0,0,Normal,0,0,0
199,2025-03-31,58076.93,0.0,0,Normal,0,0,0
199,2025-04-30,52269.24,0.0,0,Normal,0,0,0
199,2025-05-31,46461.55,0.0,0,Normal,0,0,0
199,2025-06-30,40653.86,0.0,0,Normal,0,0,0
199,2025-07-31,34846.17,0.0,0,Normal,0,0,0
199,2025-08-31,29038.48,0.0,0,Normal,0,0,0
199,2025-09-30,23230.79,0.0,0,Normal,0,0,0
199,2025-10-31,17423.1,0.0,0,Normal,0,0,0
199,2025-11-30,11615.41,0.0,0,Normal,0,0,0
199,2025-12-31,5807.72,0.0,0,Normal,0,0,0
199,2026-01-31,0.03,0.0,0,Normal,0,0,0
200,2023-07-31,79000.0,0.0,0,Normal,0,0,0
200,2023-08-31,39500.0,0.0,0,Normal,0,0,0
200,2023-09-30,0.0,0.0,0,Normal,0,0,0
201,2023-03-31,40800.0,0.0,0,Normal,0,0,0
201,2023-04-30,37090.91,0.0,0,Normal,0,0,0
201,2023-05-31,33381.82,0.0,0,Normal,0,0,0
201,2023-06-30,29672.73,0.0,0,Normal,0,0,0
201,2023-07-31,25963.64,0.0,0,Normal,0,0,0
201,2023-08-31,22254.55,0.0,0,Normal,0,0,0
201,2023-09-30,18545.46,0.0,0,Normal,0,0,0
201,2023-10-31,14836.37,0.0,0,Normal,0,0,0
201,2023-11-30,11127.28,0.0,0,Normal,0,0,0
201,2023-12-31,7418.19,0.0,0,Normal,0,0,0
201,2024-01-31,3709.1,0.0,0,Normal,0,0,0
201,2024-02-29,0.01,0.0,0,Normal,0,0,0
202,2025-11-30,54700.0,0.0,0,Normal,0,0,0
202,2025-12-31,36466.67,0.0,0,Normal,0,0,0
202,2026-01-31,36466.67,18233.33,19,Watch,0,0,0
202,2026-02-28,30017.28,30017.27,47,Substandard,1,0,0
203,2026-05-31,76900.0,0.0,0,Normal,0,0,0
203,2026-06-30,38450.0,0.0,0,Normal,0,0,0
203,2026-07-31,0.0,0.0,0,Normal,0,0,0
204,2024-08-31,27500.0,0.0,0,Normal,0,0,0
204,2024-09-30,22000.0,0.0,0,Normal,0,0,0
204,2024-10-31,16500.0,0.0,0,Normal,0,0,0
204,2024-11-30,11000.0,0.0,0,Normal,0,0,0
204,2024-12-31,5500.0,0.0,0,Normal,0,0,0
204,2025-01-31,0.0,0.0,0,Normal,0,0,0
205,2026-08-31,6900.0,0.0,0,Normal,0,0,0
206,2023-12-31,405100.0,0.0,0,Normal,0,0,0
206,2024-01-31,396660.42,0.0,0,Normal,0,0,0
206,2024-02-29,388220.84,0.0,0,Normal,0,0,0
206,2024-03-31,379781.26,0.0,0,Normal,0,0,0
206,2024-04-30,371341.68,0.0,0,Normal,0,0,0
206,2024-05-31,362902.1,0.0,0,Normal,0,0,0
206,2024-06-30,354462.52,0.0,0,Normal,0,0,0
206,2024-07-31,346022.94,0.0,0,Normal,0,0,0
206,2024-08-31,337583.36,0.0,0,Normal,0,0,0
206,2024-09-30,329143.78,0.0,0,Normal,0,0,0
206,2024-10-31,320704.2,0.0,0,Normal,0,0,0
206,2024-11-30,312264.62,0.0,0,Normal,0,0,0
206,2024-12-31,303825.04,0.0,0,Normal,0,0,0
206,2025-01-31,295385.46,0.0,0,Normal,0,0,0
206,2025-02-28,286945.88,0.0,0,Normal,0,0,0
206,2025-03-31,278506.3,0.0,0,Normal,0,0,0
206,2025-04-30,270066.72,0.0,0,Normal,0,0,0
206,2025-05-31,261627.14,0.0,0,Normal,0,0,0
206,2025-06-30,253187.56,0.0,0,Normal,0,0,0
206,2025-07-31,244747.98,0.0,0,Normal,0,0,0
206,2025-08-31,236308.4,0.0,0,Normal,0,0,0
206,2025-09-30,227868.82,0.0,0,Normal,0,0,0
206,2025-10-31,219429.24,0.0,0,Normal,0,0,0
206,2025-11-30,210989.66,0.0,0,Normal,0,0,0
206,2025-12-31,202550.08,0.0,0,Normal,0,0,0
206,2026-01-31,194110.5,0.0,0,Normal,0,0,0
206,2026-02-28,185670.92,0.0,0,Normal,0,0,0
206,2026-03-31,177231.34,0.0,0,Normal,0,0,0
206,2026-04-30,168791.76,0.0,0,Normal,0,0,0
206,2026-05-31,160352.18,0.0,0,Normal,0,0,0
206,2026-06-30,151912.6,0.0,0,Normal,0,0,0
206,2026-07-31,143473.02,0.0,0,Normal,0,0,0
206,2026-08-31,135033.44,0.0,0,Normal,0,0,0
207,2024-06-30,18000.0,0.0,0,Normal,0,0,0
207,2024-07-31,14400.0,0.0,0,Normal,0,0,0
207,2024-08-31,10800.0,0.0,0,Normal,0,0,0
207,2024-09-30,7200.0,0.0,0,Normal,0,0,0
207,2024-10-31,3600.0,0.0,0,Normal,0,0,0
207,2024-11-30,0.0,0.0,0,Normal,0,0,0
208,2025-10-31,68800.0,0.0,0,Normal,0,0,0
208,2025-11-30,34400.0,0.0,0,Normal,0,0,0
208,2025-12-31,0.0,0.0,0,Normal,0,0,0
209,2024-03-31,31600.0,0.0,0,Normal,0,0,0
209,2024-04-30,29169.23,0.0,0,Normal,0,0,0
209,2024-05-31,26738.46,0.0,0,Normal,0,0,0
209,2024-06-30,24307.69,0.0,0,Normal,0,0,0
209,2024-07-31,21876.92,0.0,0,Normal,0,0,0
209,2024-08-31,19446.15,0.0,0,Normal,0,0,0
209,2024-09-30,17015.38,0.0,0,Normal,0,0,0
209,2024-10-31,14584.61,0.0,0,Normal,0,0,0
209,2024-11-30,12153.84,0.0,0,Normal,0,0,0
209,2024-12-31,9723.07,0.0,0,Normal,0,0,0
209,2025-01-31,7292.3,0.0,0,Normal,0,0,0
209,2025-02-28,4861.53,0.0,0,Normal,0,0,0
209,2025-03-31,2430.76,0.0,0,Normal,0,0,0
209,2025-04-30,0.0,0.0,0,Normal,0,0,0
210,2024-07-31,1366700.0,0.0,0,Normal,0,0,0
210,2024-08-31,1338227.08,0.0,0,Normal,0,0,0
210,2024-09-30,1309754.16,0.0,0,Normal,0,0,0
210,2024-10-31,1281281.24,0.0,0,Normal,0,0,0
210,2024-11-30,1252808.32,0.0,0,Normal,0,0,0
210,2024-12-31,1224335.4,0.0,0,Normal,0,0,0
210,2025-01-31,1195862.48,0.0,0,Normal,0,0,0
210,2025-02-28,1167389.56,0.0,0,Normal,0,0,0
210,2025-03-31,1138916.64,0.0,0,Normal,0,0,0
210,2025-04-30,1110443.72,0.0,0,Normal,0,0,0
210,2025-05-31,1081970.8,0.0,0,Normal,0,0,0
210,2025-06-30,1053497.88,0.0,0,Normal,0,0,0
210,2025-07-31,1025024.96,0.0,0,Normal,0,0,0
210,2025-08-31,996552.04,0.0,0,Normal,0,0,0
210,2025-09-30,968079.12,0.0,0,Normal,0,0,0
210,2025-10-31,939606.2,0.0,0,Normal,0,0,0
210,2025-11-30,911133.28,0.0,0,Normal,0,0,0
210,2025-12-31,882660.36,0.0,0,Normal,0,0,0
210,2026-01-31,854187.44,0.0,0,Normal,0,0,0
210,2026-02-28,825714.52,0.0,0,Normal,0,0,0
210,2026-03-31,797241.6,0.0,0,Normal,0,0,0
210,2026-04-30,768768.68,0.0,0,Normal,0,0,0
210,2026-05-31,740295.76,0.0,0,Normal,0,0,0
210,2026-06-30,711822.84,0.0,0,Normal,0,0,0
210,2026-07-31,683349.92,0.0,0,Normal,0,0,0
210,2026-08-31,654877.0,0.0,0,Normal,0,0,0
211,2022-09-30,25300.0,0.0,0,Normal,0,0,0
211,2022-10-31,21083.33,0.0,0,Normal,0,0,0
211,2022-11-30,16866.66,0.0,0,Normal,0,0,0
211,2022-12-31,12649.99,0.0,0,Normal,0,0,0
211,2023-01-31,8433.32,0.0,0,Normal,0,0,0
211,2023-02-28,4216.65,0.0,0,Normal,0,0,0
211,2023-03-31,0.0,0.0,0,Normal,0,0,0
212,2024-04-30,117000.0,0.0,0,Normal,0,0,0
212,2024-05-31,112125.0,0.0,0,Normal,0,0,0
212,2024-06-30,107250.0,0.0,0,Normal,0,0,0
212,2024-07-31,102375.0,0.0,0,Normal,0,0,0
212,2024-08-31,97500.0,0.0,0,Normal,0,0,0
212,2024-09-30,92625.0,0.0,0,Normal,0,0,0
212,2024-10-31,87750.0,0.0,0,Normal,0,0,0
212,2024-11-30,82875.0,0.0,0,Normal,0,0,0
212,2024-12-31,78000.0,0.0,0,Normal,0,0,0
212,2025-01-31,73125.0,0.0,0,Normal,0,0,0
212,2025-02-28,68250.0,0.0,0,Normal,0,0,0
212,2025-03-31,63375.0,0.0,0,Normal,0,0,0
212,2025-04-30,58500.0,0.0,0,Normal,0,0,0
212,2025-05-31,53625.0,0.0,0,Normal,0,0,0
212,2025-06-30,48750.0,0.0,0,Normal,0,0,0
212,2025-07-31,43875.0,0.0,0,Normal,0,0,0
212,2025-08-31,39000.0,0.0,0,Normal,0,0,0
212,2025-09-30,34125.0,0.0,0,Normal,0,0,0
212,2025-10-31,29250.0,0.0,0,Normal,0,0,0
212,2025-11-30,24375.0,0.0,0,Normal,0,0,0
212,2025-12-31,19500.0,0.0,0,Normal,0,0,0
212,2026-01-31,14625.0,0.0,0,Normal,0,0,0
212,2026-02-28,9750.0,0.0,0,Normal,0,0,0
212,2026-03-31,4875.0,0.0,0,Normal,0,0,0
212,2026-04-30,0.0,0.0,0,Normal,0,0,0
213,2023-05-31,20500.0,0.0,0,Normal,0,0,0
213,2023-06-30,16400.0,0.0,0,Normal,0,0,0
213,2023-07-31,12300.0,0.0,0,Normal,0,0,0
213,2023-08-31,8200.0,0.0,0,Normal,0,0,0
213,2023-09-30,4100.0,0.0,0,Normal,0,0,0
213,2023-10-31,0.0,0.0,0,Normal,0,0,0
214,2024-05-31,5700.0,0.0,0,Normal,0,0,0
214,2024-06-30,5225.0,0.0,0,Normal,0,0,0
214,2024-07-31,4750.0,0.0,0,Normal,0,0,0
214,2024-08-31,4275.0,0.0,0,Normal,0,0,0
214,2024-09-30,3800.0,0.0,0,Normal,0,0,0
214,2024-10-31,3325.0,0.0,0,Normal,0,0,0
214,2024-11-30,2850.0,0.0,0,Normal,0,0,0
214,2024-12-31,2674.36,299.36,19,Watch,0,0,0
214,2025-01-31,2561.47,661.47,50,Substandard,1,0,0
214,2025-02-28,2561.47,1136.47,78,Doubtful,1,1,0
214,2025-03-31,950.0,0.0,0,Normal,0,0,0
214,2025-04-30,475.0,0.0,0,Normal,0,0,0
214,2025-05-31,0.0,0.0,0,Normal,0,0,0
215,2024-11-30,231000.0,0.0,0,Normal,0,0,0
215,2024-12-31,224583.33,0.0,0,Normal,0,0,0
215,2025-01-31,218166.66,0.0,0,Normal,0,0,0
215,2025-02-28,211749.99,0.0,0,Normal,0,0,0
215,2025-03-31,205333.32,0.0,0,Normal,0,0,0
215,2025-04-30,198916.65,0.0,0,Normal,0,0,0
215,2025-05-31,192499.98,0.0,0,Normal,0,0,0
215,2025-06-30,186083.31,0.0,0,Normal,0,0,0
215,2025-07-31,179666.64,0.0,0,Normal,0,0,0
215,2025-08-31,173249.97,0.0,0,Normal,0,0,0
215,2025-09-30,166833.3,0.0,0,Normal,0,0,0
215,2025-10-31,160416.63,0.0,0,Normal,0,0,0
215,2025-11-30,153999.96,0.0,0,Normal,0,0,0
215,2025-12-31,147583.29,0.0,0,Normal,0,0,0
215,2026-01-31,141166.62,0.0,0,Normal,0,0,0
215,2026-02-28,134749.95,0.0,0,Normal,0,0,0
215,2026-03-31,128333.28,0.0,0,Normal,0,0,0
215,2026-04-30,121916.61,0.0,0,Normal,0,0,0
215,2026-05-31,115499.94,0.0,0,Normal,0,0,0
215,2026-06-30,109083.27,0.0,0,Normal,0,0,0
215,2026-07-31,102666.6,0.0,0,Normal,0,0,0
215,2026-08-31,96249.93,0.0,0,Normal,0,0,0
216,2024-04-30,25200.0,0.0,0,Normal,0,0,0
216,2024-05-31,21000.0,0.0,0,Normal,0,0,0
216,2024-06-30,16800.0,0.0,0,Normal,0,0,0
216,2024-07-31,14985.26,2385.26,7,Watch,0,0,0
216,2024-08-31,14985.26,6585.26,38,Substandard,1,0,0
216,2024-09-30,4200.0,0.0,0,Normal,0,0,0
216,2024-10-31,0.0,0.0,0,Normal,0,0,0
217,2022-04-30,7700.0,0.0,0,Normal,0,0,0
217,2022-05-31,3850.0,0.0,0,Normal,0,0,0
217,2022-06-30,0.0,0.0,0,Normal,0,0,0
218,2022-07-31,28500.0,0.0,0,Normal,0,0,0
218,2022-08-31,23750.0,0.0,0,Normal,0,0,0
218,2022-09-30,23750.0,4750.0,26,Watch,0,0,0
218,2022-10-31,20587.56,6337.56,57,Substandard,1,0,0
218,2022-11-30,18855.51,9355.51,87,Doubtful,1,1,0
218,2022-12-31,16138.61,11388.61,118,Loss,1,1,1
218,2023-01-31,16138.61,16138.61,149,Loss,1,1,1
219,2024-05-31,105600.0,0.0,0,Normal,0,0,0
219,2024-06-30,101200.0,0.0,0,Normal,0,0,0
219,2024-07-31,96800.0,0.0,0,Normal,0,0,0
219,2024-08-31,92400.0,0.0,0,Normal,0,0,0
219,2024-09-30,88000.0,0.0,0,Normal,0,0,0
219,2024-10-31,83600.0,0.0,0,Normal,0,0,0
219,2024-11-30,79200.0,0.0,0,Normal,0,0,0
219,2024-12-31,74800.0,0.0,0,Normal,0,0,0
219,2025-01-31,70400.0,0.0,0,Normal,0,0,0
219,2025-02-28,66000.0,0.0,0,Normal,0,0,0
219,2025-03-31,61600.0,0.0,0,Normal,0,0,0
219,2025-04-30,57200.0,0.0,0,Normal,0,0,0
219,2025-05-31,52800.0,0.0,0,Normal,0,0,0
219,2025-06-30,48400.0,0.0,0,Normal,0,0,0
219,2025-07-31,44000.0,0.0,0,Normal,0,0,0
219,2025-08-31,39600.0,0.0,0,Normal,0,0,0
219,2025-09-30,35200.0,0.0,0,Normal,0,0,0
219,2025-10-31,30800.0,0.0,0,Normal,0,0,0
219,2025-11-30,26400.0,0.0,0,Normal,0,0,0
219,2025-12-31,22000.0,0.0,0,Normal,0,0,0
219,2026-01-31,17600.0,0.0,0,Normal,0,0,0
219,2026-02-28,13200.0,0.0,0,Normal,0,0,0
219,2026-03-31,8800.0,0.0,0,Normal,0,0,0
219,2026-04-30,4400.0,0.0,0,Normal,0,0,0
219,2026-05-31,0.0,0.0,0,Normal,0,0,0
220,2026-03-31,665100.0,0.0,0,Normal,0,0,0
220,2026-04-30,650948.94,0.0,0,Normal,0,0,0
220,2026-05-31,636797.88,0.0,0,Normal,0,0,0
220,2026-06-30,636797.88,14151.06,2,Watch,0,0,0
220,2026-07-31,627313.16,18817.4,33,Substandard,1,0,0
220,2026-08-31,622128.76,27784.06,64,Doubtful,1,1,0
221,2026-02-28,45600.0,0.0,0,Normal,0,0,0
221,2026-03-31,36480.0,0.0,0,Normal,0,0,0
221,2026-04-30,34035.42,6675.42,28,Watch,0,0,0
221,2026-05-31,34035.42,15795.42,59,Substandard,1,0,0
221,2026-06-30,30754.96,21634.96,89,Doubtful,1,1,0
221,2026-07-31,30754.96,30754.96,120,Loss,1,1,1
222,2023-01-31,34100.0,0.0,0,Normal,0,0,0
222,2023-02-28,31476.92,0.0,0,Normal,0,0,0
222,2023-03-31,28853.84,0.0,0,Normal,0,0,0
222,2023-04-30,26230.76,0.0,0,Normal,0,0,0
222,2023-05-31,23607.68,0.0,0,Normal,0,0,0
222,2023-06-30,20984.6,0.0,0,Normal,0,0,0
222,2023-07-31,18361.52,0.0,0,Normal,0,0,0
222,2023-08-31,15738.44,0.0,0,Normal,0,0,0
222,2023-09-30,13115.36,0.0,0,Normal,0,0,0
222,2023-10-31,10492.28,0.0,0,Normal,0,0,0
222,2023-11-30,7869.2,0.0,0,Normal,0,0,0
222,2023-12-31,5246.12,0.0,0,Normal,0,0,0
222,2024-01-31,2623.04,0.0,0,Normal,0,0,0
222,2024-02-29,0.0,0.0,0,Normal,0,0,0
223,2024-10-31,6000.0,0.0,0,Normal,0,0,0
223,2024-11-30,3000.0,0.0,0,Normal,0,0,0
223,2024-12-31,0.0,0.0,0,Normal,0,0,0
224,2024-10-31,19100.0,0.0,0,Normal,0,0,0
224,2024-11-30,17508.33,0.0,0,Normal,0,0,0
224,2024-12-31,15916.66,0.0,0,Normal,0,0,0
224,2025-01-31,14324.99,0.0,0,Normal,0,0,0
224,2025-02-28,12733.32,0.0,0,Normal,0,0,0
224,2025-03-31,11141.65,0.0,0,Normal,0,0,0
224,2025-04-30,9549.98,0.0,0,Normal,0,0,0
224,2025-05-31,7958.31,0.0,0,Normal,0,0,0
224,2025-06-30,6366.64,0.0,0,Normal,0,0,0
224,2025-07-31,4774.97,0.0,0,Normal,0,0,0
224,2025-08-31,3183.3,0.0,0,Normal,0,0,0
224,2025-09-30,1591.63,0.0,0,Normal,0,0,0
224,2025-10-31,0.0,0.0,0,Normal,0,0,0
225,2025-04-30,87800.0,0.0,0,Normal,0,0,0
225,2025-05-31,0.0,0.0,0,Normal,0,0,0
226,2025-12-31,15200.0,0.0,0,Normal,0,0,0
226,2026-01-31,10133.33,0.0,0,Normal,0,0,0
226,2026-02-28,10133.33,5066.67,7,Watch,0,0,0
226,2026-03-31,0.0,0.0,0,Normal,0,0,0
227,2025-09-30,21100.0,0.0,0,Normal,0,0,0
227,2025-10-31,10550.0,0.0,0,Normal,0,0,0
227,2025-11-30,0.0,0.0,0,Normal,0,0,0
228,2024-12-31,29900.0,0.0,0,Normal,0,0,0
228,2025-01-31,28654.17,0.0,0,Normal,0,0,0
228,2025-02-28,27408.34,0.0,0,Normal,0,0,0
228,2025-03-31,26162.51,0.0,0,Normal,0,0,0
228,2025-04-30,24916.68,0.0,0,Normal,0,0,0
228,2025-05-31,23670.85,0.0,0,Normal,0,0,0
228,2025-06-30,22425.02,0.0,0,Normal,0,0,0
228,2025-07-31,21179.19,0.0,0,Normal,0,0,0
228,2025-08-31,19933.36,0.0,0,Normal,0,0,0
228,2025-09-30,18687.53,0.0,0,Normal,0,0,0
228,2025-10-31,17441.7,0.0,0,Normal,0,0,0
228,2025-11-30,16195.87,0.0,0,Normal,0,0,0
228,2025-12-31,14950.04,0.0,0,Normal,0,0,0
228,2026-01-31,13704.21,0.0,0,Normal,0,0,0
228,2026-02-28,12458.38,0.0,0,Normal,0,0,0
228,2026-03-31,11212.55,0.0,0,Normal,0,0,0
228,2026-04-30,9966.72,0.0,0,Normal,0,0,0
228,2026-05-31,8720.89,0.0,0,Normal,0,0,0
228,2026-06-30,7475.06,0.0,0,Normal,0,0,0
228,2026-07-31,6229.23,0.0,0,Normal,0,0,0
228,2026-08-31,4983.4,0.0,0,Normal,0,0,0
229,2024-07-31,49700.0,0.0,0,Normal,0,0,0
229,2024-08-31,0.0,0.0,0,Normal,0,0,0
230,2024-10-31,248700.0,0.0,0,Normal,0,0,0
230,2024-11-30,244484.75,0.0,0,Normal,0,0,0
230,2024-12-31,240269.5,0.0,0,Normal,0,0,0
230,2025-01-31,236054.25,0.0,0,Normal,0,0,0
230,2025-02-28,231839.0,0.0,0,Normal,0,0,0
230,2025-03-31,227623.75,0.0,0,Normal,0,0,0
230,2025-04-30,223408.5,0.0,0,Normal,0,0,0
230,2025-05-31,219193.25,0.0,0,Normal,0,0,0
230,2025-06-30,214978.0,0.0,0,Normal,0,0,0
230,2025-07-31,210762.75,0.0,0,Normal,0,0,0
230,2025-08-31,206547.5,0.0,0,Normal,0,0,0
230,2025-09-30,202332.25,0.0,0,Normal,0,0,0
230,2025-10-31,198117.0,0.0,0,Normal,0,0,0
230,2025-11-30,193901.75,0.0,0,Normal,0,0,0
230,2025-12-31,189686.5,0.0,0,Normal,0,0,0
230,2026-01-31,185471.25,0.0,0,Normal,0,0,0
230,2026-02-28,181256.0,0.0,0,Normal,0,0,0
230,2026-03-31,177040.75,0.0,0,Normal,0,0,0
230,2026-04-30,172825.5,0.0,0,Normal,0,0,0
230,2026-05-31,168610.25,0.0,0,Normal,0,0,0
230,2026-06-30,164395.0,0.0,0,Normal,0,0,0
230,2026-07-31,160179.75,0.0,0,Normal,0,0,0
230,2026-08-31,155964.5,0.0,0,Normal,0,0,0
231,2025-12-31,21800.0,0.0,0,Normal,0,0,0
231,2026-01-31,20123.08,0.0,0,Normal,0,0,0
231,2026-02-28,18446.16,0.0,0,Normal,0,0,0
231,2026-03-31,16769.24,0.0,0,Normal,0,0,0
231,2026-04-30,15092.32,0.0,0,Normal,0,0,0
231,2026-05-31,13415.4,0.0,0,Normal,0,0,0
231,2026-06-30,11738.48,0.0,0,Normal,0,0,0
231,2026-07-31,11738.48,1676.92,11,Watch,0,0,0
231,2026-08-31,8384.64,0.0,0,Normal,0,0,0
232,2026-05-31,16200.0,0.0,0,Normal,0,0,0
232,2026-06-30,14850.0,0.0,0,Normal,0,0,0
232,2026-07-31,14850.0,1350.0,9,Watch,0,0,0
232,2026-08-31,14172.63,2022.63,40,Substandard,1,0,0
233,2024-09-30,36000.0,0.0,0,Normal,0,0,0
233,2024-10-31,33000.0,0.0,0,Normal,0,0,0
233,2024-11-30,30000.0,0.0,0,Normal,0,0,0
233,2024-12-31,27000.0,0.0,0,Normal,0,0,0
233,2025-01-31,24000.0,0.0,0,Normal,0,0,0
233,2025-02-28,21000.0,0.0,0,Normal,0,0,0
233,2025-03-31,18000.0,0.0,0,Normal,0,0,0
233,2025-04-30,15000.0,0.0,0,Normal,0,0,0
233,2025-05-31,12000.0,0.0,0,Normal,0,0,0
233,2025-06-30,9000.0,0.0,0,Normal,0,0,0
233,2025-07-31,6000.0,0.0,0,Normal,0,0,0
233,2025-08-31,3000.0,0.0,0,Normal,0,0,0
233,2025-09-30,0.0,0.0,0,Normal,0,0,0
234,2024-12-31,10800.0,0.0,0,Normal,0,0,0
234,2025-01-31,8640.0,0.0,0,Normal,0,0,0
234,2025-02-28,6480.0,0.0,0,Normal,0,0,0
234,2025-03-31,4320.0,0.0,0,Normal,0,0,0
234,2025-04-30,2160.0,0.0,0,Normal,0,0,0
234,2025-05-31,0.0,0.0,0,Normal,0,0,0
235,2026-08-31,35300.0,0.0,0,Normal,0,0,0
236,2024-05-31,14000.0,0.0,0,Normal,0,0,0
236,2024-06-30,7000.0,0.0,0,Normal,0,0,0
236,2024-07-31,0.0,0.0,0,Normal,0,0,0
237,2026-04-30,3400.0,0.0,0,Normal,0,0,0
237,2026-05-31,2914.29,0.0,0,Normal,0,0,0
237,2026-06-30,2428.58,0.0,0,Normal,0,0,0
237,2026-07-31,1942.87,0.0,0,Normal,0,0,0
237,2026-08-31,1457.16,0.0,0,Normal,0,0,0
238,2026-01-31,116000.0,0.0,0,Normal,0,0,0
238,2026-02-28,111166.67,0.0,0,Normal,0,0,0
238,2026-03-31,106333.34,0.0,0,Normal,0,0,0
238,2026-04-30,101500.01,0.0,0,Normal,0,0,0
238,2026-05-31,96666.68,0.0,0,Normal,0,0,0
238,2026-06-30,91833.35,0.0,0,Normal,0,0,0
238,2026-07-31,87000.02,0.0,0,Normal,0,0,0
238,2026-08-31,82166.69,0.0,0,Normal,0,0,0
239,2026-02-28,5600.0,0.0,0,Normal,0,0,0
239,2026-03-31,0.0,0.0,0,Normal,0,0,0
240,2024-05-31,38800.0,0.0,0,Normal,0,0,0
240,2024-06-30,35815.38,0.0,0,Normal,0,0,0
240,2024-07-31,32830.76,0.0,0,Normal,0,0,0
240,2024-08-31,29846.14,0.0,0,Normal,0,0,0
240,2024-09-30,26861.52,0.0,0,Normal,0,0,0
240,2024-10-31,23876.9,0.0,0,Normal,0,0,0
240,2024-11-30,20892.28,0.0,0,Normal,0,0,0
240,2024-12-31,17907.66,0.0,0,Normal,0,0,0
240,2025-01-31,14923.04,0.0,0,Normal,0,0,0
240,2025-02-28,11938.42,0.0,0,Normal,0,0,0
240,2025-03-31,8953.8,0.0,0,Normal,0,0,0
240,2025-04-30,5969.18,0.0,0,Normal,0,0,0
240,2025-05-31,2984.56,0.0,0,Normal,0,0,0
240,2025-06-30,0.0,0.0,0,Normal,0,0,0
241,2023-05-31,42900.0,0.0,0,Normal,0,0,0
241,2023-06-30,39325.0,0.0,0,Normal,0,0,0
241,2023-07-31,35750.0,0.0,0,Normal,0,0,0
241,2023-08-31,32175.0,0.0,0,Normal,0,0,0
241,2023-09-30,28600.0,0.0,0,Normal,0,0,0
241,2023-10-31,25025.0,0.0,0,Normal,0,0,0
241,2023-11-30,21450.0,0.0,0,Normal,0,0,0
241,2023-12-31,17875.0,0.0,0,Normal,0,0,0
241,2024-01-31,14300.0,0.0,0,Normal,0,0,0
241,2024-02-29,10725.0,0.0,0,Normal,0,0,0
241,2024-03-31,7150.0,0.0,0,Normal,0,0,0
241,2024-04-30,3575.0,0.0,0,Normal,0,0,0
241,2024-05-31,0.0,0.0,0,Normal,0,0,0
242,2025-10-31,8000.0,0.0,0,Normal,0,0,0
242,2025-11-30,4000.0,0.0,0,Normal,0,0,0
242,2025-12-31,0.0,0.0,0,Normal,0,0,0
243,2026-02-28,31800.0,0.0,0,Normal,0,0,0
243,2026-03-31,27257.14,0.0,0,Normal,0,0,0
243,2026-04-30,22714.28,0.0,0,Normal,0,0,0
243,2026-05-31,18171.42,0.0,0,Normal,0,0,0
243,2026-06-30,13628.56,0.0,0,Normal,0,0,0
243,2026-07-31,13628.56,4542.86,13,Watch,0,0,0
243,2026-08-31,13628.56,9085.72,44,Substandard,1,0,0
244,2022-08-31,33000.0,0.0,0,Normal,0,0,0
244,2022-09-30,27500.0,0.0,0,Normal,0,0,0
244,2022-10-31,22000.0,0.0,0,Normal,0,0,0
244,2022-11-30,16500.0,0.0,0,Normal,0,0,0
244,2022-12-31,11000.0,0.0,0,Normal,0,0,0
244,2023-01-31,5500.0,0.0,0,Normal,0,0,0
244,2023-02-28,0.0,0.0,0,Normal,0,0,0
245,2025-10-31,1309500.0,0.0,0,Normal,0,0,0
245,2025-11-30,1282775.51,0.0,0,Normal,0,0,0
245,2025-12-31,1256051.02,0.0,0,Normal,0,0,0
245,2026-01-31,1229326.53,0.0,0,Normal,0,0,0
245,2026-02-28,1202602.04,0.0,0,Normal,0,0,0
245,2026-03-31,1175877.55,0.0,0,Normal,0,0,0
245,2026-04-30,1159247.82,10094.76,6,Watch,0,0,0
245,2026-05-31,1159247.82,36819.25,37,Substandard,1,0,0
245,2026-06-30,1159247.82,63543.74,67,Doubtful,1,1,0
245,2026-07-31,1159247.82,90268.23,98,Loss,1,1,1
245,2026-08-31,1141950.96,99695.86,129,Loss,1,1,1
246,2023-06-30,40300.0,0.0,0,Normal,0,0,0
246,2023-07-31,36941.67,0.0,0,Normal,0,0,0
246,2023-08-31,33583.34,0.0,0,Normal,0,0,0
246,2023-09-30,30225.01,0.0,0,Normal,0,0,0
246,2023-10-31,26866.68,0.0,0,Normal,0,0,0
246,2023-11-30,23508.35,0.0,0,Normal,0,0,0
246,2023-12-31,20150.02,0.0,0,Normal,0,0,0
246,2024-01-31,16791.69,0.0,0,Normal,0,0,0
246,2024-02-29,13433.36,0.0,0,Normal,0,0,0
246,2024-03-31,10075.03,0.0,0,Normal,0,0,0
246,2024-04-30,6716.7,0.0,0,Normal,0,0,0
246,2024-05-31,3358.37,0.0,0,Normal,0,0,0
246,2024-06-30,0.04,0.0,0,Normal,0,0,0
247,2024-05-31,4100.0,0.0,0,Normal,0,0,0
247,2024-06-30,3514.29,0.0,0,Normal,0,0,0
247,2024-07-31,2928.58,0.0,0,Normal,0,0,0
247,2024-08-31,2342.87,0.0,0,Normal,0,0,0
247,2024-09-30,1757.16,0.0,0,Normal,0,0,0
247,2024-10-31,1171.45,0.0,0,Normal,0,0,0
247,2024-11-30,585.74,0.0,0,Normal,0,0,0
247,2024-12-31,0.03,0.0,0,Normal,0,0,0
248,2024-01-31,41900.0,0.0,0,Normal,0,0,0
248,2024-02-29,38408.33,0.0,0,Normal,0,0,0
248,2024-03-31,34916.66,0.0,0,Normal,0,0,0
248,2024-04-30,31424.99,0.0,0,Normal,0,0,0
248,2024-05-31,27933.32,0.0,0,Normal,0,0,0
248,2024-06-30,24441.65,0.0,0,Normal,0,0,0
248,2024-07-31,20949.98,0.0,0,Normal,0,0,0
248,2024-08-31,17458.31,0.0,0,Normal,0,0,0
248,2024-09-30,17458.31,3491.67,15,Watch,0,0,0
248,2024-10-31,17458.31,6983.34,46,Substandard,1,0,0
248,2024-11-30,6983.3,0.0,0,Normal,0,0,0
248,2024-12-31,3491.63,0.0,0,Normal,0,0,0
248,2025-01-31,0.0,0.0,0,Normal,0,0,0
249,2025-05-31,3500.0,0.0,0,Normal,0,0,0
249,2025-06-30,1750.0,0.0,0,Normal,0,0,0
249,2025-07-31,0.0,0.0,0,Normal,0,0,0
250,2022-10-31,55700.0,0.0,0,Normal,0,0,0
250,2022-11-30,44560.0,0.0,0,Normal,0,0,0
250,2022-12-31,33420.0,0.0,0,Normal,0,0,0
250,2023-01-31,22280.0,0.0,0,Normal,0,0,0
250,2023-02-28,11140.0,0.0,0,Normal,0,0,0
250,2023-03-31,0.0,0.0,0,Normal,0,0,0
251,2023-10-31,2100.0,0.0,0,Normal,0,0,0
251,2023-11-30,1400.0,0.0,0,Normal,0,0,0
251,2023-12-31,700.0,0.0,0,Normal,0,0,0
251,2024-01-31,0.0,0.0,0,Normal,0,0,0
252,2025-07-31,34300.0,0.0,0,Normal,0,0,0
252,2025-08-31,29400.0,0.0,0,Normal,0,0,0
252,2025-09-30,24500.0,0.0,0,Normal,0,0,0
252,2025-10-31,19600.0,0.0,0,Normal,0,0,0
252,2025-11-30,14700.0,0.0,0,Normal,0,0,0
252,2025-12-31,9800.0,0.0,0,Normal,0,0,0
252,2026-01-31,4900.0,0.0,0,Normal,0,0,0
252,2026-02-28,0.0,0.0,0,Normal,0,0,0
253,2025-01-31,146200.0,0.0,0,Normal,0,0,0
253,2025-02-28,142138.89,0.0,0,Normal,0,0,0
253,2025-03-31,138077.78,0.0,0,Normal,0,0,0
253,2025-04-30,134016.67,0.0,0,Normal,0,0,0
253,2025-05-31,129955.56,0.0,0,Normal,0,0,0
253,2025-06-30,125894.45,0.0,0,Normal,0,0,0
253,2025-07-31,121833.34,0.0,0,Normal,0,0,0
253,2025-08-31,117772.23,0.0,0,Normal,0,0,0
253,2025-09-30,113711.12,0.0,0,Normal,0,0,0
253,2025-10-31,109650.01,0.0,0,Normal,0,0,0
253,2025-11-30,105588.9,0.0,0,Normal,0,0,0
253,2025-12-31,101527.79,0.0,0,Normal,0,0,0
253,2026-01-31,97466.68,0.0,0,Normal,0,0,0
253,2026-02-28,93405.57,0.0,0,Normal,0,0,0
253,2026-03-31,89344.46,0.0,0,Normal,0,0,0
253,2026-04-30,85283.35,0.0,0,Normal,0,0,0
253,2026-05-31,81222.24,0.0,0,Normal,0,0,0
253,2026-06-30,77161.13,0.0,0,Normal,0,0,0
253,2026-07-31,73100.02,0.0,0,Normal,0,0,0
253,2026-08-31,69038.91,0.0,0,Normal,0,0,0
254,2023-08-31,48200.0,0.0,0,Normal,0,0,0
254,2023-09-30,38560.0,0.0,0,Normal,0,0,0
254,2023-10-31,28920.0,0.0,0,Normal,0,0,0
254,2023-11-30,19280.0,0.0,0,Normal,0,0,0
254,2023-12-31,9640.0,0.0,0,Normal,0,0,0
254,2024-01-31,0.0,0.0,0,Normal,0,0,0
255,2022-05-31,89400.0,0.0,0,Normal,0,0,0
255,2022-06-30,44700.0,0.0,0,Normal,0,0,0
255,2022-07-31,0.0,0.0,0,Normal,0,0,0
256,2025-02-28,47800.0,0.0,0,Normal,0,0,0
256,2025-03-31,38240.0,0.0,0,Normal,0,0,0
256,2025-04-30,28680.0,0.0,0,Normal,0,0,0
256,2025-05-31,19120.0,0.0,0,Normal,0,0,0
256,2025-06-30,9560.0,0.0,0,Normal,0,0,0
256,2025-07-31,0.0,0.0,0,Normal,0,0,0
257,2026-08-31,87000.0,0.0,0,Normal,0,0,0
258,2022-03-31,10500.0,0.0,0,Normal,0,0,0
258,2022-04-30,9692.31,0.0,0,Normal,0,0,0
258,2022-05-31,8884.62,0.0,0,Normal,0,0,0
258,2022-06-30,8076.93,0.0,0,Normal,0,0,0
258,2022-07-31,7269.24,0.0,0,Normal,0,0,0
258,2022-08-31,6461.55,0.0,0,Normal,0,0,0
258,2022-09-30,5653.86,0.0,0,Normal,0,0,0
258,2022-10-31,4846.17,0.0,0,Normal,0,0,0
258,2022-11-30,4038.48,0.0,0,Normal,0,0,0
258,2022-12-31,3230.79,0.0,0,Normal,0,0,0
258,2023-01-31,2423.1,0.0,0,Normal,0,0,0
258,2023-02-28,1615.41,0.0,0,Normal,0,0,0
258,2023-03-31,807.72,0.0,0,Normal,0,0,0
258,2023-04-30,0.03,0.0,0,Normal,0,0,0
259,2023-09-30,509600.0,0.0,0,Normal,0,0,0
259,2023-10-31,498983.33,0.0,0,Normal,0,0,0
259,2023-11-30,488366.66,0.0,0,Normal,0,0,0
259,2023-12-31,477749.99,0.0,0,Normal,0,0,0
259,2024-01-31,467133.32,0.0,0,Normal,0,0,0
259,2024-02-29,456516.65,0.0,0,Normal,0,0,0
259,2024-03-31,445899.98,0.0,0,Normal,0,0,0
259,2024-04-30,435283.31,0.0,0,Normal,0,0,0
259,2024-05-31,424666.64,0.0,0,Normal,0,0,0
259,2024-06-30,414049.97,0.0,0,Normal,0,0,0
259,2024-07-31,403433.3,0.0,0,Normal,0,0,0
259,2024-08-31,392816.63,0.0,0,Normal,0,0,0
259,2024-09-30,382199.96,0.0,0,Normal,0,0,0
259,2024-10-31,371583.29,0.0,0,Normal,0,0,0
259,2024-11-30,360966.62,0.0,0,Normal,0,0,0
259,2024-12-31,350349.95,0.0,0,Normal,0,0,0
259,2025-01-31,339733.28,0.0,0,Normal,0,0,0
259,2025-02-28,329116.61,0.0,0,Normal,0,0,0
259,2025-03-31,318499.94,0.0,0,Normal,0,0,0
259,2025-04-30,307883.27,0.0,0,Normal,0,0,0
259,2025-05-31,297266.6,0.0,0,Normal,0,0,0
259,2025-06-30,286649.93,0.0,0,Normal,0,0,0
259,2025-07-31,276033.26,0.0,0,Normal,0,0,0
259,2025-08-31,265416.59,0.0,0,Normal,0,0,0
259,2025-09-30,254799.92,0.0,0,Normal,0,0,0
259,2025-10-31,244183.25,0.0,0,Normal,0,0,0
259,2025-11-30,233566.58,0.0,0,Normal,0,0,0
259,2025-12-31,222949.91,0.0,0,Normal,0,0,0
259,2026-01-31,212333.24,0.0,0,Normal,0,0,0
259,2026-02-28,201716.57,0.0,0,Normal,0,0,0
259,2026-03-31,191099.9,0.0,0,Normal,0,0,0
259,2026-04-30,180483.23,0.0,0,Normal,0,0,0
259,2026-05-31,169866.56,0.0,0,Normal,0,0,0
259,2026-06-30,159249.89,0.0,0,Normal,0,0,0
259,2026-07-31,148633.22,0.0,0,Normal,0,0,0
259,2026-08-31,138016.55,0.0,0,Normal,0,0,0
260,2026-04-30,5400.0,0.0,0,Normal,0,0,0
260,2026-05-31,4050.0,0.0,0,Normal,0,0,0
260,2026-06-30,2700.0,0.0,0,Normal,0,0,0
260,2026-07-31,1350.0,0.0,0,Normal,0,0,0
260,2026-08-31,0.0,0.0,0,Normal,0,0,0
261,2025-12-31,3500.0,0.0,0,Normal,0,0,0
261,2026-01-31,2333.33,0.0,0,Normal,0,0,0
261,2026-02-28,1166.66,0.0,0,Normal,0,0,0
261,2026-03-31,0.0,0.0,0,Normal,0,0,0
262,2025-02-28,52300.0,0.0,0,Normal,0,0,0
262,2025-03-31,34866.67,0.0,0,Normal,0,0,0
262,2025-04-30,34866.67,17433.33,2,Watch,0,0,0
262,2025-05-31,34866.67,34866.66,33,Substandard,1,0,0
263,2022-04-30,42000.0,0.0,0,Normal,0,0,0
263,2022-05-31,21000.0,0.0,0,Normal,0,0,0
263,2022-06-30,0.0,0.0,0,Normal,0,0,0
264,2022-09-30,484900.0,0.0,0,Normal,0,0,0
264,2022-10-31,474582.98,0.0,0,Normal,0,0,0
264,2022-11-30,464265.96,0.0,0,Normal,0,0,0
264,2022-12-31,453948.94,0.0,0,Normal,0,0,0
264,2023-01-31,443631.92,0.0,0,Normal,0,0,0
264,2023-02-28,433314.9,0.0,0,Normal,0,0,0
264,2023-03-31,422997.88,0.0,0,Normal,0,0,0
264,2023-04-30,412680.86,0.0,0,Normal,0,0,0
264,2023-05-31,402363.84,0.0,0,Normal,0,0,0
264,2023-06-30,392046.82,0.0,0,Normal,0,0,0
264,2023-07-31,381729.8,0.0,0,Normal,0,0,0
264,2023-08-31,371412.78,0.0,0,Normal,0,0,0
264,2023-09-30,361095.76,0.0,0,Normal,0,0,0
264,2023-10-31,350778.74,0.0,0,Normal,0,0,0
264,2023-11-30,340461.72,0.0,0,Normal,0,0,0
264,2023-12-31,330144.7,0.0,0,Normal,0,0,0
264,2024-01-31,319827.68,0.0,0,Normal,0,0,0
264,2024-02-29,309510.66,0.0,0,Normal,0,0,0
264,2024-03-31,299193.64,0.0,0,Normal,0,0,0
264,2024-04-30,288876.62,0.0,0,Normal,0,0,0
264,2024-05-31,278559.6,0.0,0,Normal,0,0,0
264,2024-06-30,268242.58,0.0,0,Normal,0,0,0
264,2024-07-31,257925.56,0.0,0,Normal,0,0,0
264,2024-08-31,247608.54,0.0,0,Normal,0,0,0
264,2024-09-30,237291.52,0.0,0,Normal,0,0,0
264,2024-10-31,226974.5,0.0,0,Normal,0,0,0
264,2024-11-30,216657.48,0.0,0,Normal,0,0,0
264,2024-12-31,206340.46,0.0,0,Normal,0,0,0
264,2025-01-31,196023.44,0.0,0,Normal,0,0,0
264,2025-02-28,185706.42,0.0,0,Normal,0,0,0
264,2025-03-31,175389.4,0.0,0,Normal,0,0,0
264,2025-04-30,165072.38,0.0,0,Normal,0,0,0
264,2025-05-31,154755.36,0.0,0,Normal,0,0,0
264,2025-06-30,144438.34,0.0,0,Normal,0,0,0
264,2025-07-31,134121.32,0.0,0,Normal,0,0,0
264,2025-08-31,123804.3,0.0,0,Normal,0,0,0
264,2025-09-30,113487.28,0.0,0,Normal,0,0,0
264,2025-10-31,103170.26,0.0,0,Normal,0,0,0
264,2025-11-30,92853.24,0.0,0,Normal,0,0,0
264,2025-12-31,82536.22,0.0,0,Normal,0,0,0
264,2026-01-31,72219.2,0.0,0,Normal,0,0,0
264,2026-02-28,61902.18,0.0,0,Normal,0,0,0
264,2026-03-31,51585.16,0.0,0,Normal,0,0,0
264,2026-04-30,41268.14,0.0,0,Normal,0,0,0
264,2026-05-31,30951.12,0.0,0,Normal,0,0,0
264,2026-06-30,20634.1,0.0,0,Normal,0,0,0
264,2026-07-31,10317.08,0.0,0,Normal,0,0,0
264,2026-08-31,0.06,0.0,0,Normal,0,0,0
265,2023-07-31,5800.0,0.0,0,Normal,0,0,0
265,2023-08-31,3866.67,0.0,0,Normal,0,0,0
265,2023-09-30,1933.34,0.0,0,Normal,0,0,0
265,2023-10-31,0.01,0.0,0,Normal,0,0,0
266,2025-09-30,33900.0,0.0,0,Normal,0,0,0
266,2025-10-31,31075.0,0.0,0,Normal,0,0,0
266,2025-11-30,28250.0,0.0,0,Normal,0,0,0
266,2025-12-31,25425.0,0.0,0,Normal,0,0,0
266,2026-01-31,22600.0,0.0,0,Normal,0,0,0
266,2026-02-28,19775.0,0.0,0,Normal,0,0,0
266,2026-03-31,16950.0,0.0,0,Normal,0,0,0
266,2026-04-30,14125.0,0.0,0,Normal,0,0,0
266,2026-05-31,11300.0,0.0,0,Normal,0,0,0
266,2026-06-30,8475.0,0.0,0,Normal,0,0,0
266,2026-07-31,5650.0,0.0,0,Normal,0,0,0
266,2026-08-31,2825.0,0.0,0,Normal,0,0,0
267,2025-01-31,27100.0,0.0,0,Normal,0,0,0
267,2025-02-28,21680.0,0.0,0,Normal,0,0,0
267,2025-03-31,16260.0,0.0,0,Normal,0,0,0
267,2025-04-30,10840.0,0.0,0,Normal,0,0,0
267,2025-05-31,5420.0,0.0,0,Normal,0,0,0
267,2025-06-30,0.0,0.0,0,Normal,0,0,0
268,2026-06-30,47200.0,0.0,0,Normal,0,0,0
268,2026-07-31,0.0,0.0,0,Normal,0,0,0
269,2024-01-31,317000.0,0.0,0,Normal,0,0,0
269,2024-02-29,310255.32,0.0,0,Normal,0,0,0
269,2024-03-31,303510.64,0.0,0,Normal,0,0,0
269,2024-04-30,296765.96,0.0,0,Normal,0,0,0
269,2024-05-31,290021.28,0.0,0,Normal,0,0,0
269,2024-06-30,283276.6,0.0,0,Normal,0,0,0
269,2024-07-31,276531.92,0.0,0,Normal,0,0,0
269,2024-08-31,269787.24,0.0,0,Normal,0,0,0
269,2024-09-30,263042.56,0.0,0,Normal,0,0,0
269,2024-10-31,256297.88,0.0,0,Normal,0,0,0
269,2024-11-30,249553.2,0.0,0,Normal,0,0,0
269,2024-12-31,242808.52,0.0,0,Normal,0,0,0
269,2025-01-31,236063.84,0.0,0,Normal,0,0,0
269,2025-02-28,229319.16,0.0,0,Normal,0,0,0
269,2025-03-31,222574.48,0.0,0,Normal,0,0,0
269,2025-04-30,215829.8,0.0,0,Normal,0,0,0
269,2025-05-31,209085.12,0.0,0,Normal,0,0,0
269,2025-06-30,202340.44,0.0,0,Normal,0,0,0
269,2025-07-31,195595.76,0.0,0,Normal,0,0,0
269,2025-08-31,188851.08,0.0,0,Normal,0,0,0
269,2025-09-30,182106.4,0.0,0,Normal,0,0,0
269,2025-10-31,175361.72,0.0,0,Normal,0,0,0
269,2025-11-30,168617.04,0.0,0,Normal,0,0,0
269,2025-12-31,161872.36,0.0,0,Normal,0,0,0
269,2026-01-31,155127.68,0.0,0,Normal,0,0,0
269,2026-02-28,148383.0,0.0,0,Normal,0,0,0
269,2026-03-31,141638.32,0.0,0,Normal,0,0,0
269,2026-04-30,134893.64,0.0,0,Normal,0,0,0
269,2026-05-31,128148.96,0.0,0,Normal,0,0,0
269,2026-06-30,121404.28,0.0,0,Normal,0,0,0
269,2026-07-31,114659.6,0.0,0,Normal,0,0,0
269,2026-08-31,107914.92,0.0,0,Normal,0,0,0
270,2024-05-31,68900.0,0.0,0,Normal,0,0,0
270,2024-06-30,45933.33,0.0,0,Normal,0,0,0
270,2024-07-31,22966.66,0.0,0,Normal,0,0,0
270,2024-08-31,0.0,0.0,0,Normal,0,0,0
271,2026-04-30,12800.0,0.0,0,Normal,0,0,0
271,2026-05-31,10666.67,0.0,0,Normal,0,0,0
271,2026-06-30,8533.34,0.0,0,Normal,0,0,0
271,2026-07-31,6400.01,0.0,0,Normal,0,0,0
271,2026-08-31,4266.68,0.0,0,Normal,0,0,0
272,2026-03-31,53400.0,0.0,0,Normal,0,0,0
272,2026-04-30,35600.0,0.0,0,Normal,0,0,0
272,2026-05-31,17800.0,0.0,0,Normal,0,0,0
272,2026-06-30,0.0,0.0,0,Normal,0,0,0
273,2022-02-28,14700.0,0.0,0,Normal,0,0,0
273,2022-03-31,12250.0,0.0,0,Normal,0,0,0
273,2022-04-30,9800.0,0.0,0,Normal,0,0,0
273,2022-05-31,7350.0,0.0,0,Normal,0,0,0
273,2022-06-30,4900.0,0.0,0,Normal,0,0,0
273,2022-07-31,2450.0,0.0,0,Normal,0,0,0
273,2022-08-31,0.0,0.0,0,Normal,0,0,0
274,2023-04-30,32200.0,0.0,0,Normal,0,0,0
274,2023-05-31,29272.73,0.0,0,Normal,0,0,0
274,2023-06-30,26345.46,0.0,0,Normal,0,0,0
274,2023-07-31,23418.19,0.0,0,Normal,0,0,0
274,2023-08-31,20490.92,0.0,0,Normal,0,0,0
274,2023-09-30,17563.65,0.0,0,Normal,0,0,0
274,2023-10-31,14636.38,0.0,0,Normal,0,0,0
274,2023-11-30,11709.11,0.0,0,Normal,0,0,0
274,2023-12-31,8781.84,0.0,0,Normal,0,0,0
274,2024-01-31,5854.57,0.0,0,Normal,0,0,0
274,2024-02-29,2927.3,0.0,0,Normal,0,0,0
274,2024-03-31,0.03,0.0,0,Normal,0,0,0
275,2024-02-29,21300.0,0.0,0,Normal,0,0,0
275,2024-03-31,17040.0,0.0,0,Normal,0,0,0
275,2024-04-30,12780.0,0.0,0,Normal,0,0,0
275,2024-05-31,11905.41,3385.41,3,Watch,0,0,0
275,2024-06-30,11905.41,7645.41,33,Substandard,1,0,0
275,2024-07-31,10086.23,10086.23,64,Doubtful,1,1,0
276,2025-05-31,11400.0,0.0,0,Normal,0,0,0
276,2025-06-30,7600.0,0.0,0,Normal,0,0,0
276,2025-07-31,3800.0,0.0,0,Normal,0,0,0
276,2025-08-31,0.0,0.0,0,Normal,0,0,0
277,2025-06-30,11500.0,0.0,0,Normal,0,0,0
277,2025-07-31,10541.67,0.0,0,Normal,0,0,0
277,2025-08-31,9583.34,0.0,0,Normal,0,0,0
277,2025-09-30,8625.01,0.0,0,Normal,0,0,0
277,2025-10-31,8625.01,958.33,6,Watch,0,0,0
277,2025-11-30,8625.01,1916.66,36,Substandard,1,0,0
277,2025-12-31,8625.01,2874.99,67,Doubtful,1,1,0
277,2026-01-31,4791.69,0.0,0,Normal,0,0,0
277,2026-02-28,3833.36,0.0,0,Normal,0,0,0
277,2026-03-31,2875.03,0.0,0,Normal,0,0,0
277,2026-04-30,1916.7,0.0,0,Normal,0,0,0
277,2026-05-31,958.37,0.0,0,Normal,0,0,0
277,2026-06-30,0.04,0.0,0,Normal,0,0,0
278,2023-11-30,11100.0,0.0,0,Normal,0,0,0
278,2023-12-31,9514.29,0.0,0,Normal,0,0,0
278,2024-01-31,8827.25,898.67,12,Watch,0,0,0
278,2024-02-29,6342.87,0.0,0,Normal,0,0,0
278,2024-03-31,4757.16,0.0,0,Normal,0,0,0
278,2024-04-30,3171.45,0.0,0,Normal,0,0,0
278,2024-05-31,1585.74,0.0,0,Normal,0,0,0
278,2024-06-30,0.03,0.0,0,Normal,0,0,0
279,2026-04-30,4200.0,0.0,0,Normal,0,0,0
279,2026-05-31,3500.0,0.0,0,Normal,0,0,0
279,2026-06-30,2800.0,0.0,0,Normal,0,0,0
279,2026-07-31,2100.0,0.0,0,Normal,0,0,0
279,2026-08-31,1400.0,0.0,0,Normal,0,0,0
280,2025-02-28,22300.0,0.0,0,Normal,0,0,0
280,2025-03-31,20272.73,0.0,0,Normal,0,0,0
280,2025-04-30,18245.46,0.0,0,Normal,0,0,0
280,2025-05-31,16218.19,0.0,0,Normal,0,0,0
280,2025-06-30,16218.19,2027.27,29,Watch,0,0,0
280,2025-07-31,14801.44,2637.79,60,Doubtful,1,1,0
280,2025-08-31,14801.44,4665.06,91,Loss,1,1,1
280,2025-09-30,14801.44,6692.33,121,Loss,1,1,1
280,2025-10-31,14801.44,8719.6,152,Loss,1,1,1
280,2025-11-30,14801.44,10746.87,182,Loss,1,1,1
280,2025-12-31,14801.44,12774.14,213,Loss,1,1,1
280,2026-01-31,14063.84,14063.81,244,Loss,1,1,1
281,2026-08-31,17300.0,0.0,0,Normal,0,0,0
282,2026-07-31,40600.0,0.0,0,Normal,0,0,0
282,2026-08-31,37216.67,0.0,0,Normal,0,0,0
283,2025-08-31,8700.0,0.0,0,Normal,0,0,0
283,2025-09-30,6525.0,0.0,0,Normal,0,0,0
283,2025-10-31,4350.0,0.0,0,Normal,0,0,0
283,2025-11-30,2175.0,0.0,0,Normal,0,0,0
283,2025-12-31,0.0,0.0,0,Normal,0,0,0
284,2024-04-30,74500.0,0.0,0,Normal,0,0,0
284,2024-05-31,68769.23,0.0,0,Normal,0,0,0
284,2024-06-30,63038.46,0.0,0,Normal,0,0,0
284,2024-07-31,57307.69,0.0,0,Normal,0,0,0
284,2024-08-31,51576.92,0.0,0,Normal,0,0,0
284,2024-09-30,49358.8,3512.65,29,Watch,0,0,0
284,2024-10-31,40115.38,0.0,0,Normal,0,0,0
284,2024-11-30,34384.61,0.0,0,Normal,0,0,0
284,2024-12-31,28653.84,0.0,0,Normal,0,0,0
284,2025-01-31,22923.07,0.0,0,Normal,0,0,0
284,2025-02-28,17192.3,0.0,0,Normal,0,0,0
284,2025-03-31,11461.53,0.0,0,Normal,0,0,0
284,2025-04-30,5730.76,0.0,0,Normal,0,0,0
284,2025-05-31,0.0,0.0,0,Normal,0,0,0
285,2023-08-31,866600.0,0.0,0,Normal,0,0,0
285,2023-09-30,848914.29,0.0,0,Normal,0,0,0
285,2023-10-31,831228.58,0.0,0,Normal,0,0,0
285,2023-11-30,813542.87,0.0,0,Normal,0,0,0
285,2023-12-31,795857.16,0.0,0,Normal,0,0,0
285,2024-01-31,778171.45,0.0,0,Normal,0,0,0
285,2024-02-29,760485.74,0.0,0,Normal,0,0,0
285,2024-03-31,742800.03,0.0,0,Normal,0,0,0
285,2024-04-30,725114.32,0.0,0,Normal,0,0,0
285,2024-05-31,707428.61,0.0,0,Normal,0,0,0
285,2024-06-30,689742.9,0.0,0,Normal,0,0,0
285,2024-07-31,672057.19,0.0,0,Normal,0,0,0
285,2024-08-31,654371.48,0.0,0,Normal,0,0,0
285,2024-09-30,636685.77,0.0,0,Normal,0,0,0
285,2024-10-31,619000.06,0.0,0,Normal,0,0,0
285,2024-11-30,601314.35,0.0,0,Normal,0,0,0
285,2024-12-31,583628.64,0.0,0,Normal,0,0,0
285,2025-01-31,565942.93,0.0,0,Normal,0,0,0
285,2025-02-28,548257.22,0.0,0,Normal,0,0,0
285,2025-03-31,530571.51,0.0,0,Normal,0,0,0
285,2025-04-30,512885.8,0.0,0,Normal,0,0,0
285,2025-05-31,495200.09,0.0,0,Normal,0,0,0
285,2025-06-30,477514.38,0.0,0,Normal,0,0,0
285,2025-07-31,459828.67,0.0,0,Normal,0,0,0
285,2025-08-31,442142.96,0.0,0,Normal,0,0,0
285,2025-09-30,424457.25,0.0,0,Normal,0,0,0
285,2025-10-31,406771.54,0.0,0,Normal,0,0,0
285,2025-11-30,389085.83,0.0,0,Normal,0,0,0
285,2025-12-31,371400.12,0.0,0,Normal,0,0,0
285,2026-01-31,353714.41,0.0,0,Normal,0,0,0
285,2026-02-28,336028.7,0.0,0,Normal,0,0,0
285,2026-03-31,318342.99,0.0,0,Normal,0,0,0
285,2026-04-30,300657.28,0.0,0,Normal,0,0,0
285,2026-05-31,282971.57,0.0,0,Normal,0,0,0
285,2026-06-30,265285.86,0.0,0,Normal,0,0,0
285,2026-07-31,247600.15,0.0,0,Normal,0,0,0
285,2026-08-31,229914.44,0.0,0,Normal,0,0,0
286,2025-04-30,25600.0,0.0,0,Normal,0,0,0
286,2025-05-31,17066.67,0.0,0,Normal,0,0,0
286,2025-06-30,17066.67,8533.33,2,Watch,0,0,0
286,2025-07-31,17066.67,17066.66,33,Substandard,1,0,0
287,2022-10-31,19600.0,0.0,0,Normal,0,0,0
287,2022-11-30,9800.0,0.0,0,Normal,0,0,0
287,2022-12-31,0.0,0.0,0,Normal,0,0,0
288,2024-03-31,8500.0,0.0,0,Normal,0,0,0
288,2024-04-30,7083.33,0.0,0,Normal,0,0,0
288,2024-05-31,5666.66,0.0,0,Normal,0,0,0
288,2024-06-30,4249.99,0.0,0,Normal,0,0,0
288,2024-07-31,2833.32,0.0,0,Normal,0,0,0
288,2024-08-31,1416.65,0.0,0,Normal,0,0,0
288,2024-09-30,0.0,0.0,0,Normal,0,0,0
289,2022-12-31,25300.0,0.0,0,Normal,0,0,0
289,2023-01-31,20240.0,0.0,0,Normal,0,0,0
289,2023-02-28,20240.0,5060.0,0,Normal,0,0,0
289,2023-03-31,20240.0,10120.0,31,Substandard,1,0,0
289,2023-04-30,20240.0,15180.0,61,Doubtful,1,1,0
289,2023-05-31,20240.0,20240.0,92,Loss,1,1,1
290,2023-02-28,52900.0,0.0,0,Normal,0,0,0
290,2023-03-31,35266.67,0.0,0,Normal,0,0,0
290,2023-04-30,17633.34,0.0,0,Normal,0,0,0
290,2023-05-31,0.01,0.0,0,Normal,0,0,0
291,2022-09-30,41200.0,0.0,0,Normal,0,0,0
291,2022-10-31,37454.55,0.0,0,Normal,0,0,0
291,2022-11-30,33709.1,0.0,0,Normal,0,0,0
291,2022-12-31,29963.65,0.0,0,Normal,0,0,0
291,2023-01-31,26218.2,0.0,0,Normal,0,0,0
291,2023-02-28,22472.75,0.0,0,Normal,0,0,0
291,2023-03-31,18727.3,0.0,0,Normal,0,0,0
291,2023-04-30,14981.85,0.0,0,Normal,0,0,0
291,2023-05-31,11236.4,0.0,0,Normal,0,0,0
291,2023-06-30,7490.95,0.0,0,Normal,0,0,0
291,2023-07-31,3745.5,0.0,0,Normal,0,0,0
291,2023-08-31,0.05,0.0,0,Normal,0,0,0
292,2026-08-31,27800.0,0.0,0,Normal,0,0,0
293,2024-07-31,18400.0,0.0,0,Normal,0,0,0
293,2024-08-31,12266.67,0.0,0,Normal,0,0,0
293,2024-09-30,6133.34,0.0,0,Normal,0,0,0
293,2024-10-31,0.01,0.0,0,Normal,0,0,0
294,2025-07-31,30400.0,0.0,0,Normal,0,0,0
294,2025-08-31,28061.54,0.0,0,Normal,0,0,0
294,2025-09-30,25723.08,0.0,0,Normal,0,0,0
294,2025-10-31,23384.62,0.0,0,Normal,0,0,0
294,2025-11-30,21046.16,0.0,0,Normal,0,0,0
294,2025-12-31,18707.7,0.0,0,Normal,0,0,0
294,2026-01-31,16369.24,0.0,0,Normal,0,0,0
294,2026-02-28,14030.78,0.0,0,Normal,0,0,0
294,2026-03-31,11692.32,0.0,0,Normal,0,0,0
294,2026-04-30,9353.86,0.0,0,Normal,0,0,0
294,2026-05-31,7015.4,0.0,0,Normal,0,0,0
294,2026-06-30,4676.94,0.0,0,Normal,0,0,0
294,2026-07-31,2338.48,0.0,0,Normal,0,0,0
294,2026-08-31,0.02,0.0,0,Normal,0,0,0
295,2025-08-31,69200.0,0.0,0,Normal,0,0,0
295,2025-09-30,46133.33,0.0,0,Normal,0,0,0
295,2025-10-31,23066.66,0.0,0,Normal,0,0,0
295,2025-11-30,0.0,0.0,0,Normal,0,0,0
296,2022-10-31,14100.0,0.0,0,Normal,0,0,0
296,2022-11-30,9400.0,0.0,0,Normal,0,0,0
296,2022-12-31,4700.0,0.0,0,Normal,0,0,0
296,2023-01-31,0.0,0.0,0,Normal,0,0,0
297,2026-08-31,42900.0,0.0,0,Normal,0,0,0
298,2022-12-31,6400.0,0.0,0,Normal,0,0,0
298,2023-01-31,5333.33,0.0,0,Normal,0,0,0
298,2023-02-28,4266.66,0.0,0,Normal,0,0,0
298,2023-03-31,3199.99,0.0,0,Normal,0,0,0
298,2023-04-30,2133.32,0.0,0,Normal,0,0,0
298,2023-05-31,1066.65,0.0,0,Normal,0,0,0
298,2023-06-30,0.0,0.0,0,Normal,0,0,0
299,2026-06-30,24900.0,0.0,0,Normal,0,0,0
299,2026-07-31,21342.86,0.0,0,Normal,0,0,0
299,2026-08-31,17785.72,0.0,0,Normal,0,0,0
300,2024-06-30,19200.0,0.0,0,Normal,0,0,0
300,2024-07-31,15360.0,0.0,0,Normal,0,0,0
300,2024-08-31,11520.0,0.0,0,Normal,0,0,0
300,2024-09-30,7680.0,0.0,0,Normal,0,0,0
300,2024-10-31,3840.0,0.0,0,Normal,0,0,0
300,2024-11-30,0.0,0.0,0,Normal,0,0,0
301,2026-07-31,103700.0,0.0,0,Normal,0,0,0
301,2026-08-31,99552.0,0.0,0,Normal,0,0,0
302,2022-12-31,23700.0,0.0,0,Normal,0,0,0
302,2023-01-31,21545.45,0.0,0,Normal,0,0,0
302,2023-02-28,19390.9,0.0,0,Normal,0,0,0
302,2023-03-31,17236.35,0.0,0,Normal,0,0,0
302,2023-04-30,15081.8,0.0,0,Normal,0,0,0
302,2023-05-31,12927.25,0.0,0,Normal,0,0,0
302,2023-06-30,10772.7,0.0,0,Normal,0,0,0
302,2023-07-31,8618.15,0.0,0,Normal,0,0,0
302,2023-08-31,6463.6,0.0,0,Normal,0,0,0
302,2023-09-30,4309.05,0.0,0,Normal,0,0,0
302,2023-10-31,2154.5,0.0,0,Normal,0,0,0
302,2023-11-30,0.0,0.0,0,Normal,0,0,0
303,2023-03-31,34600.0,0.0,0,Normal,0,0,0
303,2023-04-30,31454.55,0.0,0,Normal,0,0,0
303,2023-05-31,28309.1,0.0,0,Normal,0,0,0
303,2023-06-30,25163.65,0.0,0,Normal,0,0,0
303,2023-07-31,22018.2,0.0,0,Normal,0,0,0
303,2023-08-31,18872.75,0.0,0,Normal,0,0,0
303,2023-09-30,15727.3,0.0,0,Normal,0,0,0
303,2023-10-31,12581.85,0.0,0,Normal,0,0,0
303,2023-11-30,9436.4,0.0,0,Normal,0,0,0
303,2023-12-31,6290.95,0.0,0,Normal,0,0,0
303,2024-01-31,3145.5,0.0,0,Normal,0,0,0
303,2024-02-29,0.05,0.0,0,Normal,0,0,0
304,2025-11-30,355100.0,0.0,0,Normal,0,0,0
304,2025-12-31,349181.67,0.0,0,Normal,0,0,0
304,2026-01-31,343263.34,0.0,0,Normal,0,0,0
304,2026-02-28,337345.01,0.0,0,Normal,0,0,0
304,2026-03-31,331426.68,0.0,0,Normal,0,0,0
304,2026-04-30,325508.35,0.0,0,Normal,0,0,0
304,2026-05-31,319590.02,0.0,0,Normal,0,0,0
304,2026-06-30,313671.69,0.0,0,Normal,0,0,0
304,2026-07-31,307753.36,0.0,0,Normal,0,0,0
304,2026-08-31,301835.03,0.0,0,Normal,0,0,0
305,2024-11-30,2400.0,0.0,0,Normal,0,0,0
305,2024-12-31,1200.0,0.0,0,Normal,0,0,0
305,2025-01-31,0.0,0.0,0,Normal,0,0,0
306,2025-06-30,3100.0,0.0,0,Normal,0,0,0
306,2025-07-31,1550.0,0.0,0,Normal,0,0,0
306,2025-08-31,0.0,0.0,0,Normal,0,0,0
307,2023-05-31,19100.0,0.0,0,Normal,0,0,0
307,2023-06-30,16371.43,0.0,0,Normal,0,0,0
307,2023-07-31,13642.86,0.0,0,Normal,0,0,0
307,2023-08-31,10914.29,0.0,0,Normal,0,0,0
307,2023-09-30,8185.72,0.0,0,Normal,0,0,0
307,2023-10-31,5457.15,0.0,0,Normal,0,0,0
307,2023-11-30,2728.58,0.0,0,Normal,0,0,0
307,2023-12-31,0.01,0.0,0,Normal,0,0,0
308,2023-04-30,8000.0,0.0,0,Normal,0,0,0
308,2023-05-31,6000.0,0.0,0,Normal,0,0,0
308,2023-06-30,4000.0,0.0,0,Normal,0,0,0
308,2023-07-31,2000.0,0.0,0,Normal,0,0,0
308,2023-08-31,0.0,0.0,0,Normal,0,0,0
309,2025-07-31,11700.0,0.0,0,Normal,0,0,0
309,2025-08-31,10028.57,0.0,0,Normal,0,0,0
309,2025-09-30,8357.14,0.0,0,Normal,0,0,0
309,2025-10-31,6685.71,0.0,0,Normal,0,0,0
309,2025-11-30,5014.28,0.0,0,Normal,0,0,0
309,2025-12-31,5014.28,1671.43,3,Watch,0,0,0
309,2026-01-31,4419.7,2748.28,34,Substandard,1,0,0
309,2026-02-28,4419.7,4419.71,62,Doubtful,1,1,0
310,2026-05-31,8600.0,0.0,0,Normal,0,0,0
310,2026-06-30,7883.33,0.0,0,Normal,0,0,0
310,2026-07-31,7166.66,0.0,0,Normal,0,0,0
310,2026-08-31,6449.99,0.0,0,Normal,0,0,0
311,2025-03-31,15700.0,0.0,0,Normal,0,0,0
311,2025-04-30,7850.0,0.0,0,Normal,0,0,0
311,2025-05-31,0.0,0.0,0,Normal,0,0,0
312,2022-11-30,22600.0,0.0,0,Normal,0,0,0
312,2022-12-31,19371.43,0.0,0,Normal,0,0,0
312,2023-01-31,16142.86,0.0,0,Normal,0,0,0
312,2023-02-28,12914.29,0.0,0,Normal,0,0,0
312,2023-03-31,9685.72,0.0,0,Normal,0,0,0
312,2023-04-30,6457.15,0.0,0,Normal,0,0,0
312,2023-05-31,3228.58,0.0,0,Normal,0,0,0
312,2023-06-30,0.01,0.0,0,Normal,0,0,0
313,2024-10-31,73900.0,0.0,0,Normal,0,0,0
313,2024-11-30,49266.67,0.0,0,Normal,0,0,0
313,2024-12-31,24633.34,0.0,0,Normal,0,0,0
313,2025-01-31,0.01,0.0,0,Normal,0,0,0
314,2026-08-31,67200.0,0.0,0,Normal,0,0,0
315,2025-03-31,15700.0,0.0,0,Normal,0,0,0
315,2025-04-30,10466.67,0.0,0,Normal,0,0,0
315,2025-05-31,10466.67,5233.33,27,Watch,0,0,0
315,2025-06-30,10466.67,10466.66,57,Substandard,1,0,0
316,2023-06-30,15300.0,0.0,0,Normal,0,0,0
316,2023-07-31,13114.29,0.0,0,Normal,0,0,0
316,2023-08-31,10928.58,0.0,0,Normal,0,0,0
316,2023-09-30,8742.87,0.0,0,Normal,0,0,0
316,2023-10-31,6557.16,0.0,0,Normal,0,0,0
316,2023-11-30,4371.45,0.0,0,Normal,0,0,0
316,2023-12-31,4371.45,2185.71,11,Watch,0,0,0
316,2024-01-31,4371.45,4371.42,42,Substandard,1,0,0
317,2026-08-31,36000.0,0.0,0,Normal,0,0,0
318,2026-01-31,4000.0,0.0,0,Normal,0,0,0
318,2026-02-28,2000.0,0.0,0,Normal,0,0,0
318,2026-03-31,0.0,0.0,0,Normal,0,0,0
319,2026-03-31,14600.0,0.0,0,Normal,0,0,0
319,2026-04-30,9733.33,0.0,0,Normal,0,0,0
319,2026-05-31,4866.66,0.0,0,Normal,0,0,0
319,2026-06-30,0.0,0.0,0,Normal,0,0,0
320,2025-09-30,379900.0,0.0,0,Normal,0,0,0
320,2025-10-31,369347.22,0.0,0,Normal,0,0,0
320,2025-11-30,358794.44,0.0,0,Normal,0,0,0
320,2025-12-31,348241.66,0.0,0,Normal,0,0,0
320,2026-01-31,337688.88,0.0,0,Normal,0,0,0
320,2026-02-28,327136.1,0.0,0,Normal,0,0,0
320,2026-03-31,316583.32,0.0,0,Normal,0,0,0
320,2026-04-30,306030.54,0.0,0,Normal,0,0,0
320,2026-05-31,295477.76,0.0,0,Normal,0,0,0
320,2026-06-30,284924.98,0.0,0,Normal,0,0,0
320,2026-07-31,274372.2,0.0,0,Normal,0,0,0
320,2026-08-31,263819.42,0.0,0,Normal,0,0,0
321,2023-08-31,22000.0,0.0,0,Normal,0,0,0
321,2023-09-30,20000.0,0.0,0,Normal,0,0,0
321,2023-10-31,18000.0,0.0,0,Normal,0,0,0
321,2023-11-30,16000.0,0.0,0,Normal,0,0,0
321,2023-12-31,14000.0,0.0,0,Normal,0,0,0
321,2024-01-31,12000.0,0.0,0,Normal,0,0,0
321,2024-02-29,10000.0,0.0,0,Normal,0,0,0
321,2024-03-31,8000.0,0.0,0,Normal,0,0,0
321,2024-04-30,6000.0,0.0,0,Normal,0,0,0
321,2024-05-31,4000.0,0.0,0,Normal,0,0,0
321,2024-06-30,2000.0,0.0,0,Normal,0,0,0
321,2024-07-31,0.0,0.0,0,Normal,0,0,0
322,2025-05-31,8100.0,0.0,0,Normal,0,0,0
322,2025-06-30,5400.0,0.0,0,Normal,0,0,0
322,2025-07-31,2700.0,0.0,0,Normal,0,0,0
322,2025-08-31,0.0,0.0,0,Normal,0,0,0
323,2026-04-30,53000.0,0.0,0,Normal,0,0,0
323,2026-05-31,39750.0,0.0,0,Normal,0,0,0
323,2026-06-30,26500.0,0.0,0,Normal,0,0,0
323,2026-07-31,21998.53,8748.53,26,Watch,0,0,0
323,2026-08-31,21998.53,21998.53,57,Substandard,1,0,0
324,2023-04-30,16100.0,0.0,0,Normal,0,0,0
324,2023-05-31,13800.0,0.0,0,Normal,0,0,0
324,2023-06-30,11500.0,0.0,0,Normal,0,0,0
324,2023-07-31,9200.0,0.0,0,Normal,0,0,0
324,2023-08-31,6900.0,0.0,0,Normal,0,0,0
324,2023-09-30,4600.0,0.0,0,Normal,0,0,0
324,2023-10-31,2300.0,0.0,0,Normal,0,0,0
324,2023-11-30,0.0,0.0,0,Normal,0,0,0
325,2023-02-28,30000.0,0.0,0,Normal,0,0,0
325,2023-03-31,28800.0,0.0,0,Normal,0,0,0
325,2023-04-30,27600.0,0.0,0,Normal,0,0,0
325,2023-05-31,26400.0,0.0,0,Normal,0,0,0
325,2023-06-30,25200.0,0.0,0,Normal,0,0,0
325,2023-07-31,24000.0,0.0,0,Normal,0,0,0
325,2023-08-31,22800.0,0.0,0,Normal,0,0,0
325,2023-09-30,21600.0,0.0,0,Normal,0,0,0
325,2023-10-31,20400.0,0.0,0,Normal,0,0,0
325,2023-11-30,19200.0,0.0,0,Normal,0,0,0
325,2023-12-31,18000.0,0.0,0,Normal,0,0,0
325,2024-01-31,16800.0,0.0,0,Normal,0,0,0
325,2024-02-29,15600.0,0.0,0,Normal,0,0,0
325,2024-03-31,14400.0,0.0,0,Normal,0,0,0
325,2024-04-30,13200.0,0.0,0,Normal,0,0,0
325,2024-05-31,12000.0,0.0,0,Normal,0,0,0
325,2024-06-30,10800.0,0.0,0,Normal,0,0,0
325,2024-07-31,9600.0,0.0,0,Normal,0,0,0
325,2024-08-31,8400.0,0.0,0,Normal,0,0,0
325,2024-09-30,7200.0,0.0,0,Normal,0,0,0
325,2024-10-31,6000.0,0.0,0,Normal,0,0,0
325,2024-11-30,4800.0,0.0,0,Normal,0,0,0
325,2024-12-31,3600.0,0.0,0,Normal,0,0,0
325,2025-01-31,2400.0,0.0,0,Normal,0,0,0
325,2025-02-28,1200.0,0.0,0,Normal,0,0,0
325,2025-03-31,0.0,0.0,0,Normal,0,0,0
326,2024-06-30,357900.0,0.0,0,Normal,0,0,0
326,2024-07-31,350595.92,0.0,0,Normal,0,0,0
326,2024-08-31,343291.84,0.0,0,Normal,0,0,0
326,2024-09-30,335987.76,0.0,0,Normal,0,0,0
326,2024-10-31,328683.68,0.0,0,Normal,0,0,0
326,2024-11-30,321379.6,0.0,0,Normal,0,0,0
326,2024-12-31,314075.52,0.0,0,Normal,0,0,0
326,2025-01-31,306771.44,0.0,0,Normal,0,0,0
326,2025-02-28,299467.36,0.0,0,Normal,0,0,0
326,2025-03-31,292163.28,0.0,0,Normal,0,0,0
326,2025-04-30,284859.2,0.0,0,Normal,0,0,0
326,2025-05-31,277555.12,0.0,0,Normal,0,0,0
326,2025-06-30,270251.04,0.0,0,Normal,0,0,0
326,2025-07-31,262946.96,0.0,0,Normal,0,0,0
326,2025-08-31,255642.88,0.0,0,Normal,0,0,0
326,2025-09-30,248338.8,0.0,0,Normal,0,0,0
326,2025-10-31,241034.72,0.0,0,Normal,0,0,0
326,2025-11-30,233730.64,0.0,0,Normal,0,0,0
326,2025-12-31,226426.56,0.0,0,Normal,0,0,0
326,2026-01-31,219122.48,0.0,0,Normal,0,0,0
326,2026-02-28,211818.4,0.0,0,Normal,0,0,0
326,2026-03-31,204514.32,0.0,0,Normal,0,0,0
326,2026-04-30,197210.24,0.0,0,Normal,0,0,0
326,2026-05-31,189906.16,0.0,0,Normal,0,0,0
326,2026-06-30,182602.08,0.0,0,Normal,0,0,0
326,2026-07-31,175298.0,0.0,0,Normal,0,0,0
326,2026-08-31,167993.92,0.0,0,Normal,0,0,0
327,2024-05-31,39700.0,0.0,0,Normal,0,0,0
327,2024-06-30,33083.33,0.0,0,Normal,0,0,0
327,2024-07-31,26466.66,0.0,0,Normal,0,0,0
327,2024-08-31,19849.99,0.0,0,Normal,0,0,0
327,2024-09-30,13233.32,0.0,0,Normal,0,0,0
327,2024-10-31,6616.65,0.0,0,Normal,0,0,0
327,2024-11-30,0.0,0.0,0,Normal,0,0,0
328,2024-10-31,25500.0,0.0,0,Normal,0,0,0
328,2024-11-30,21857.14,0.0,0,Normal,0,0,0
328,2024-12-31,21857.14,3642.86,11,Watch,0,0,0
328,2025-01-31,20257.41,5685.99,42,Substandard,1,0,0
328,2025-02-28,20257.41,9328.85,70,Doubtful,1,1,0
328,2025-03-31,17826.83,10541.13,101,Loss,1,1,1
328,2025-04-30,17826.83,14183.99,131,Loss,1,1,1
328,2025-05-31,0.0,0.0,0,Normal,0,0,0
329,2023-11-30,355100.0,0.0,0,Normal,0,0,0
329,2023-12-31,345236.11,0.0,0,Normal,0,0,0
329,2024-01-31,335372.22,0.0,0,Normal,0,0,0
329,2024-02-29,325508.33,0.0,0,Normal,0,0,0
329,2024-03-31,315644.44,0.0,0,Normal,0,0,0
329,2024-04-30,305780.55,0.0,0,Normal,0,0,0
329,2024-05-31,295916.66,0.0,0,Normal,0,0,0
329,2024-06-30,286052.77,0.0,0,Normal,0,0,0
329,2024-07-31,276188.88,0.0,0,Normal,0,0,0
329,2024-08-31,266324.99,0.0,0,Normal,0,0,0
329,2024-09-30,256461.1,0.0,0,Normal,0,0,0
329,2024-10-31,246597.21,0.0,0,Normal,0,0,0
329,2024-11-30,236733.32,0.0,0,Normal,0,0,0
329,2024-12-31,226869.43,0.0,0,Normal,0,0,0
329,2025-01-31,217005.54,0.0,0,Normal,0,0,0
329,2025-02-28,207141.65,0.0,0,Normal,0,0,0
329,2025-03-31,197277.76,0.0,0,Normal,0,0,0
329,2025-04-30,187413.87,0.0,0,Normal,0,0,0
329,2025-05-31,177549.98,0.0,0,Normal,0,0,0
329,2025-06-30,167686.09,0.0,0,Normal,0,0,0
329,2025-07-31,157822.2,0.0,0,Normal,0,0,0
329,2025-08-31,147958.31,0.0,0,Normal,0,0,0
329,2025-09-30,138094.42,0.0,0,Normal,0,0,0
329,2025-10-31,128230.53,0.0,0,Normal,0,0,0
329,2025-11-30,118366.64,0.0,0,Normal,0,0,0
329,2025-12-31,108502.75,0.0,0,Normal,0,0,0
329,2026-01-31,98638.86,0.0,0,Normal,0,0,0
329,2026-02-28,88774.97,0.0,0,Normal,0,0,0
329,2026-03-31,78911.08,0.0,0,Normal,0,0,0
329,2026-04-30,69047.19,0.0,0,Normal,0,0,0
329,2026-05-31,59183.3,0.0,0,Normal,0,0,0
329,2026-06-30,49319.41,0.0,0,Normal,0,0,0
329,2026-07-31,39455.52,0.0,0,Normal,0,0,0
329,2026-08-31,29591.63,0.0,0,Normal,0,0,0
330,2024-06-30,44700.0,0.0,0,Normal,0,0,0
330,2024-07-31,35760.0,0.0,0,Normal,0,0,0
330,2024-08-31,26820.0,0.0,0,Normal,0,0,0
330,2024-09-30,26820.0,8940.0,15,Watch,0,0,0
330,2024-10-31,22088.42,13148.42,46,Substandard,1,0,0
330,2024-11-30,19070.2,19070.2,76,Doubtful,1,1,0
331,2025-03-31,10400.0,0.0,0,Normal,0,0,0
331,2025-04-30,8666.67,0.0,0,Normal,0,0,0
331,2025-05-31,6933.34,0.0,0,Normal,0,0,0
331,2025-06-30,5200.01,0.0,0,Normal,0,0,0
331,2025-07-31,3466.68,0.0,0,Normal,0,0,0
331,2025-08-31,1733.35,0.0,0,Normal,0,0,0
331,2025-09-30,0.02,0.0,0,Normal,0,0,0
332,2026-06-30,5300.0,0.0,0,Normal,0,0,0
332,2026-07-31,3975.0,0.0,0,Normal,0,0,0
332,2026-08-31,2650.0,0.0,0,Normal,0,0,0
333,2026-08-31,105800.0,0.0,0,Normal,0,0,0
334,2024-07-31,16700.0,0.0,0,Normal,0,0,0
334,2024-08-31,8350.0,0.0,0,Normal,0,0,0
334,2024-09-30,0.0,0.0,0,Normal,0,0,0
335,2026-03-31,15900.0,0.0,0,Normal,0,0,0
335,2026-04-30,14454.55,0.0,0,Normal,0,0,0
335,2026-05-31,13009.1,0.0,0,Normal,0,0,0
335,2026-06-30,11563.65,0.0,0,Normal,0,0,0
335,2026-07-31,10118.2,0.0,0,Normal,0,0,0
335,2026-08-31,8672.75,0.0,0,Normal,0,0,0
336,2025-05-31,1352400.0,0.0,0,Normal,0,0,0
336,2025-06-30,1324225.0,0.0,0,Normal,0,0,0
336,2025-07-31,1296050.0,0.0,0,Normal,0,0,0
336,2025-08-31,1267875.0,0.0,0,Normal,0,0,0
336,2025-09-30,1239700.0,0.0,0,Normal,0,0,0
336,2025-10-31,1211525.0,0.0,0,Normal,0,0,0
336,2025-11-30,1183350.0,0.0,0,Normal,0,0,0
336,2025-12-31,1155175.0,0.0,0,Normal,0,0,0
336,2026-01-31,1127000.0,0.0,0,Normal,0,0,0
336,2026-02-28,1098825.0,0.0,0,Normal,0,0,0
336,2026-03-31,1070650.0,0.0,0,Normal,0,0,0
336,2026-04-30,1042475.0,0.0,0,Normal,0,0,0
336,2026-05-31,1014300.0,0.0,0,Normal,0,0,0
336,2026-06-30,986125.0,0.0,0,Normal,0,0,0
336,2026-07-31,957950.0,0.0,0,Normal,0,0,0
336,2026-08-31,929775.0,0.0,0,Normal,0,0,0
337,2023-06-30,342400.0,0.0,0,Normal,0,0,0
337,2023-07-31,332888.89,0.0,0,Normal,0,0,0
337,2023-08-31,323377.78,0.0,0,Normal,0,0,0
337,2023-09-30,313866.67,0.0,0,Normal,0,0,0
337,2023-10-31,304355.56,0.0,0,Normal,0,0,0
337,2023-11-30,294844.45,0.0,0,Normal,0,0,0
337,2023-12-31,285333.34,0.0,0,Normal,0,0,0
337,2024-01-31,275822.23,0.0,0,Normal,0,0,0
337,2024-02-29,266311.12,0.0,0,Normal,0,0,0
337,2024-03-31,256800.01,0.0,0,Normal,0,0,0
337,2024-04-30,247288.9,0.0,0,Normal,0,0,0
337,2024-05-31,237777.79,0.0,0,Normal,0,0,0
337,2024-06-30,228266.68,0.0,0,Normal,0,0,0
337,2024-07-31,218755.57,0.0,0,Normal,0,0,0
337,2024-08-31,209244.46,0.0,0,Normal,0,0,0
337,2024-09-30,199733.35,0.0,0,Normal,0,0,0
337,2024-10-31,190222.24,0.0,0,Normal,0,0,0
337,2024-11-30,180711.13,0.0,0,Normal,0,0,0
337,2024-12-31,171200.02,0.0,0,Normal,0,0,0
337,2025-01-31,161688.91,0.0,0,Normal,0,0,0
337,2025-02-28,152177.8,0.0,0,Normal,0,0,0
337,2025-03-31,142666.69,0.0,0,Normal,0,0,0
337,2025-04-30,133155.58,0.0,0,Normal,0,0,0
337,2025-05-31,123644.47,0.0,0,Normal,0,0,0
337,2025-06-30,114133.36,0.0,0,Normal,0,0,0
337,2025-07-31,104622.25,0.0,0,Normal,0,0,0
337,2025-08-31,95111.14,0.0,0,Normal,0,0,0
337,2025-09-30,85600.03,0.0,0,Normal,0,0,0
337,2025-10-31,76088.92,0.0,0,Normal,0,0,0
337,2025-11-30,66577.81,0.0,0,Normal,0,0,0
337,2025-12-31,57066.7,0.0,0,Normal,0,0,0
337,2026-01-31,47555.59,0.0,0,Normal,0,0,0
337,2026-02-28,38044.48,0.0,0,Normal,0,0,0
337,2026-03-31,28533.37,0.0,0,Normal,0,0,0
337,2026-04-30,19022.26,0.0,0,Normal,0,0,0
337,2026-05-31,9511.15,0.0,0,Normal,0,0,0
337,2026-06-30,0.04,0.0,0,Normal,0,0,0
338,2026-02-28,11500.0,0.0,0,Normal,0,0,0
338,2026-03-31,5750.0,0.0,0,Normal,0,0,0
338,2026-04-30,0.0,0.0,0,Normal,0,0,0
339,2022-04-30,35200.0,0.0,0,Normal,0,0,0
339,2022-05-31,0.0,0.0,0,Normal,0,0,0
340,2024-12-31,317600.0,0.0,0,Normal,0,0,0
340,2025-01-31,312393.44,0.0,0,Normal,0,0,0
340,2025-02-28,307186.88,0.0,0,Normal,0,0,0
340,2025-03-31,301980.32,0.0,0,Normal,0,0,0
340,2025-04-30,296773.76,0.0,0,Normal,0,0,0
340,2025-05-31,291567.2,0.0,0,Normal,0,0,0
340,2025-06-30,286360.64,0.0,0,Normal,0,0,0
340,2025-07-31,281154.08,0.0,0,Normal,0,0,0
340,2025-08-31,275947.52,0.0,0,Normal,0,0,0
340,2025-09-30,270740.96,0.0,0,Normal,0,0,0
340,2025-10-31,265534.4,0.0,0,Normal,0,0,0
340,2025-11-30,260327.84,0.0,0,Normal,0,0,0
340,2025-12-31,255121.28,0.0,0,Normal,0,0,0
340,2026-01-31,249914.72,0.0,0,Normal,0,0,0
340,2026-02-28,244708.16,0.0,0,Normal,0,0,0
340,2026-03-31,239501.6,0.0,0,Normal,0,0,0
340,2026-04-30,234295.04,0.0,0,Normal,0,0,0
340,2026-05-31,229088.48,0.0,0,Normal,0,0,0
340,2026-06-30,223881.92,0.0,0,Normal,0,0,0
340,2026-07-31,218675.36,0.0,0,Normal,0,0,0
340,2026-08-31,213468.8,0.0,0,Normal,0,0,0
341,2023-10-31,39900.0,0.0,0,Normal,0,0,0
341,2023-11-30,26600.0,0.0,0,Normal,0,0,0
341,2023-12-31,13300.0,0.0,0,Normal,0,0,0
341,2024-01-31,0.0,0.0,0,Normal,0,0,0
342,2024-10-31,483000.0,0.0,0,Normal,0,0,0
342,2024-11-30,469200.0,0.0,0,Normal,0,0,0
342,2024-12-31,455400.0,0.0,0,Normal,0,0,0
342,2025-01-31,441600.0,0.0,0,Normal,0,0,0
342,2025-02-28,427800.0,0.0,0,Normal,0,0,0
342,2025-03-31,414000.0,0.0,0,Normal,0,0,0
342,2025-04-30,400200.0,0.0,0,Normal,0,0,0
342,2025-05-31,386400.0,0.0,0,Normal,0,0,0
342,2025-06-30,372600.0,0.0,0,Normal,0,0,0
342,2025-07-31,358800.0,0.0,0,Normal,0,0,0
342,2025-08-31,345000.0,0.0,0,Normal,0,0,0
342,2025-09-30,331200.0,0.0,0,Normal,0,0,0
342,2025-10-31,317400.0,0.0,0,Normal,0,0,0
342,2025-11-30,303600.0,0.0,0,Normal,0,0,0
342,2025-12-31,289800.0,0.0,0,Normal,0,0,0
342,2026-01-31,276000.0,0.0,0,Normal,0,0,0
342,2026-02-28,262200.0,0.0,0,Normal,0,0,0
342,2026-03-31,248400.0,0.0,0,Normal,0,0,0
342,2026-04-30,234600.0,0.0,0,Normal,0,0,0
342,2026-05-31,220800.0,0.0,0,Normal,0,0,0
342,2026-06-30,207000.0,0.0,0,Normal,0,0,0
342,2026-07-31,193200.0,0.0,0,Normal,0,0,0
342,2026-08-31,179400.0,0.0,0,Normal,0,0,0
343,2024-11-30,47900.0,0.0,0,Normal,0,0,0
343,2024-12-31,39916.67,0.0,0,Normal,0,0,0
343,2025-01-31,31933.34,0.0,0,Normal,0,0,0
343,2025-02-28,23950.01,0.0,0,Normal,0,0,0
343,2025-03-31,15966.68,0.0,0,Normal,0,0,0
343,2025-04-30,7983.35,0.0,0,Normal,0,0,0
343,2025-05-31,0.02,0.0,0,Normal,0,0,0
344,2025-07-31,42400.0,0.0,0,Normal,0,0,0
344,2025-08-31,28266.67,0.0,0,Normal,0,0,0
344,2025-09-30,14133.34,0.0,0,Normal,0,0,0
344,2025-10-31,0.01,0.0,0,Normal,0,0,0
345,2024-09-30,21000.0,0.0,0,Normal,0,0,0
345,2024-10-31,16800.0,0.0,0,Normal,0,0,0
345,2024-11-30,12600.0,0.0,0,Normal,0,0,0
345,2024-12-31,8400.0,0.0,0,Normal,0,0,0
345,2025-01-31,4200.0,0.0,0,Normal,0,0,0
345,2025-02-28,0.0,0.0,0,Normal,0,0,0
346,2025-05-31,105700.0,0.0,0,Normal,0,0,0
346,2025-06-30,102763.89,0.0,0,Normal,0,0,0
346,2025-07-31,99827.78,0.0,0,Normal,0,0,0
346,2025-08-31,96891.67,0.0,0,Normal,0,0,0
346,2025-09-30,93955.56,0.0,0,Normal,0,0,0
346,2025-10-31,91019.45,0.0,0,Normal,0,0,0
346,2025-11-30,88083.34,0.0,0,Normal,0,0,0
346,2025-12-31,85147.23,0.0,0,Normal,0,0,0
346,2026-01-31,82211.12,0.0,0,Normal,0,0,0
346,2026-02-28,79275.01,0.0,0,Normal,0,0,0
346,2026-03-31,76338.9,0.0,0,Normal,0,0,0
346,2026-04-30,73402.79,0.0,0,Normal,0,0,0
346,2026-05-31,73402.79,2936.11,21,Watch,0,0,0
346,2026-06-30,72580.22,5049.65,51,Substandard,1,0,0
346,2026-07-31,70550.0,5955.54,82,Doubtful,1,1,0
346,2026-08-31,70550.0,8891.65,113,Loss,1,1,1
347,2022-08-31,17000.0,0.0,0,Normal,0,0,0
347,2022-09-30,0.0,0.0,0,Normal,0,0,0
348,2023-12-31,29400.0,0.0,0,Normal,0,0,0
348,2024-01-31,24500.0,0.0,0,Normal,0,0,0
348,2024-02-29,19600.0,0.0,0,Normal,0,0,0
348,2024-03-31,14700.0,0.0,0,Normal,0,0,0
348,2024-04-30,9800.0,0.0,0,Normal,0,0,0
348,2024-05-31,4900.0,0.0,0,Normal,0,0,0
348,2024-06-30,0.0,0.0,0,Normal,0,0,0
349,2023-09-30,79600.0,0.0,0,Normal,0,0,0
349,2023-10-31,72966.67,0.0,0,Normal,0,0,0
349,2023-11-30,66333.34,0.0,0,Normal,0,0,0
349,2023-12-31,59700.01,0.0,0,Normal,0,0,0
349,2024-01-31,53066.68,0.0,0,Normal,0,0,0
349,2024-02-29,46433.35,0.0,0,Normal,0,0,0
349,2024-03-31,39800.02,0.0,0,Normal,0,0,0
349,2024-04-30,33166.69,0.0,0,Normal,0,0,0
349,2024-05-31,26533.36,0.0,0,Normal,0,0,0
349,2024-06-30,19900.03,0.0,0,Normal,0,0,0
349,2024-07-31,13266.7,0.0,0,Normal,0,0,0
349,2024-08-31,6633.37,0.0,0,Normal,0,0,0
349,2024-09-30,0.04,0.0,0,Normal,0,0,0
350,2025-10-31,10000.0,0.0,0,Normal,0,0,0
350,2025-11-30,6666.67,0.0,0,Normal,0,0,0
350,2025-12-31,3333.34,0.0,0,Normal,0,0,0
350,2026-01-31,0.01,0.0,0,Normal,0,0,0
351,2022-10-31,28500.0,0.0,0,Normal,0,0,0
351,2022-11-30,22800.0,0.0,0,Normal,0,0,0
351,2022-12-31,17100.0,0.0,0,Normal,0,0,0
351,2023-01-31,15442.01,4042.01,29,Watch,0,0,0
351,2023-02-28,14014.84,8314.84,57,Substandard,1,0,0
351,2023-03-31,14014.84,14014.84,88,Doubtful,1,1,0
352,2026-04-30,12900.0,0.0,0,Normal,0,0,0
352,2026-05-31,9675.0,0.0,0,Normal,0,0,0
352,2026-06-30,6450.0,0.0,0,Normal,0,0,0
352,2026-07-31,3225.0,0.0,0,Normal,0,0,0
352,2026-08-31,0.0,0.0,0,Normal,0,0,0
353,2025-04-30,82700.0,0.0,0,Normal,0,0,0
353,2025-05-31,55133.33,0.0,0,Normal,0,0,0
353,2025-06-30,27566.66,0.0,0,Normal,0,0,0
353,2025-07-31,0.0,0.0,0,Normal,0,0,0
354,2026-06-30,15000.0,0.0,0,Normal,0,0,0
354,2026-07-31,11250.0,0.0,0,Normal,0,0,0
354,2026-08-31,7500.0,0.0,0,Normal,0,0,0
355,2026-08-31,45300.0,0.0,0,Normal,0,0,0
356,2022-12-31,6900.0,0.0,0,Normal,0,0,0
356,2023-01-31,5175.0,0.0,0,Normal,0,0,0
356,2023-02-28,4079.4,629.4,20,Watch,0,0,0
356,2023-03-31,3555.93,1830.93,51,Substandard,1,0,0
356,2023-04-30,2768.64,2768.64,81,Doubtful,1,1,0
357,2026-07-31,30700.0,0.0,0,Normal,0,0,0
357,2026-08-31,27909.09,0.0,0,Normal,0,0,0
358,2023-05-31,8700.0,0.0,0,Normal,0,0,0
358,2023-06-30,4350.0,0.0,0,Normal,0,0,0
358,2023-07-31,0.0,0.0,0,Normal,0,0,0
359,2022-04-30,49100.0,0.0,0,Normal,0,0,0
359,2022-05-31,42085.71,0.0,0,Normal,0,0,0
359,2022-06-30,39544.57,4473.15,14,Watch,0,0,0
359,2022-07-31,39544.57,11487.44,45,Substandard,1,0,0
359,2022-08-31,37521.88,16479.04,76,Doubtful,1,1,0
359,2022-09-30,37521.88,23493.33,106,Loss,1,1,1
359,2022-10-31,33389.81,26375.55,137,Loss,1,1,1
359,2022-11-30,33389.81,33389.84,167,Loss,1,1,1
360,2026-07-31,149300.0,0.0,0,Normal,0,0,0
360,2026-08-31,145152.78,0.0,0,Normal,0,0,0
361,2024-09-30,32300.0,0.0,0,Normal,0,0,0
361,2024-10-31,21533.33,0.0,0,Normal,0,0,0
361,2024-11-30,10766.66,0.0,0,Normal,0,0,0
361,2024-12-31,0.0,0.0,0,Normal,0,0,0
362,2022-02-28,7400.0,0.0,0,Normal,0,0,0
362,2022-03-31,6166.67,0.0,0,Normal,0,0,0
362,2022-04-30,4933.34,0.0,0,Normal,0,0,0
362,2022-05-31,3700.01,0.0,0,Normal,0,0,0
362,2022-06-30,2466.68,0.0,0,Normal,0,0,0
362,2022-07-31,1233.35,0.0,0,Normal,0,0,0
362,2022-08-31,0.02,0.0,0,Normal,0,0,0
363,2022-10-31,15500.0,0.0,0,Normal,0,0,0
363,2022-11-30,11625.0,0.0,0,Normal,0,0,0
363,2022-12-31,7750.0,0.0,0,Normal,0,0,0
363,2023-01-31,7750.0,3875.0,22,Watch,0,0,0
363,2023-02-28,0.0,0.0,0,Normal,0,0,0
364,2025-05-31,88200.0,0.0,0,Normal,0,0,0
364,2025-06-30,85816.22,0.0,0,Normal,0,0,0
364,2025-07-31,83432.44,0.0,0,Normal,0,0,0
364,2025-08-31,81048.66,0.0,0,Normal,0,0,0
364,2025-09-30,78664.88,0.0,0,Normal,0,0,0
364,2025-10-31,76281.1,0.0,0,Normal,0,0,0
364,2025-11-30,73897.32,0.0,0,Normal,0,0,0
364,2025-12-31,71513.54,0.0,0,Normal,0,0,0
364,2026-01-31,69129.76,0.0,0,Normal,0,0,0
364,2026-02-28,66745.98,0.0,0,Normal,0,0,0
364,2026-03-31,64362.2,0.0,0,Normal,0,0,0
364,2026-04-30,61978.42,0.0,0,Normal,0,0,0
364,2026-05-31,59594.64,0.0,0,Normal,0,0,0
364,2026-06-30,57210.86,0.0,0,Normal,0,0,0
364,2026-07-31,54827.08,0.0,0,Normal,0,0,0
364,2026-08-31,52443.3,0.0,0,Normal,0,0,0
365,2025-11-30,58100.0,0.0,0,Normal,0,0,0
365,2025-12-31,53258.33,0.0,0,Normal,0,0,0
365,2026-01-31,48416.66,0.0,0,Normal,0,0,0
365,2026-02-28,43574.99,0.0,0,Normal,0,0,0
365,2026-03-31,38733.32,0.0,0,Normal,0,0,0
365,2026-04-30,33891.65,0.0,0,Normal,0,0,0
365,2026-05-31,29049.98,0.0,0,Normal,0,0,0
365,2026-06-30,24208.31,0.0,0,Normal,0,0,0
365,2026-07-31,19366.64,0.0,0,Normal,0,0,0
365,2026-08-31,14524.97,0.0,0,Normal,0,0,0
366,2026-08-31,13000.0,0.0,0,Normal,0,0,0
367,2025-12-31,45200.0,0.0,0,Normal,0,0,0
367,2026-01-31,41090.91,0.0,0,Normal,0,0,0
367,2026-02-28,36981.82,0.0,0,Normal,0,0,0
367,2026-03-31,32872.73,0.0,0,Normal,0,0,0
367,2026-04-30,28763.64,0.0,0,Normal,0,0,0
367,2026-05-31,24654.55,0.0,0,Normal,0,0,0
367,2026-06-30,20545.46,0.0,0,Normal,0,0,0
367,2026-07-31,16436.37,0.0,0,Normal,0,0,0
367,2026-08-31,12327.28,0.0,0,Normal,0,0,0
368,2022-11-30,11600.0,0.0,0,Normal,0,0,0
368,2022-12-31,9942.86,0.0,0,Normal,0,0,0
368,2023-01-31,8285.72,0.0,0,Normal,0,0,0
368,2023-02-28,6628.58,0.0,0,Normal,0,0,0
368,2023-03-31,4971.44,0.0,0,Normal,0,0,0
368,2023-04-30,3314.3,0.0,0,Normal,0,0,0
368,2023-05-31,1657.16,0.0,0,Normal,0,0,0
368,2023-06-30,0.02,0.0,0,Normal,0,0,0
369,2023-01-31,208700.0,0.0,0,Normal,0,0,0
369,2023-02-28,205221.67,0.0,0,Normal,0,0,0
369,2023-03-31,201743.34,0.0,0,Normal,0,0,0
369,2023-04-30,198265.01,0.0,0,Normal,0,0,0
369,2023-05-31,194786.68,0.0,0,Normal,0,0,0
369,2023-06-30,191308.35,0.0,0,Normal,0,0,0
369,2023-07-31,187830.02,0.0,0,Normal,0,0,0
369,2023-08-31,184351.69,0.0,0,Normal,0,0,0
369,2023-09-30,180873.36,0.0,0,Normal,0,0,0
369,2023-10-31,177395.03,0.0,0,Normal,0,0,0
369,2023-11-30,173916.7,0.0,0,Normal,0,0,0
369,2023-12-31,170438.37,0.0,0,Normal,0,0,0
369,2024-01-31,166960.04,0.0,0,Normal,0,0,0
369,2024-02-29,163481.71,0.0,0,Normal,0,0,0
369,2024-03-31,160003.38,0.0,0,Normal,0,0,0
369,2024-04-30,156525.05,0.0,0,Normal,0,0,0
369,2024-05-31,153046.72,0.0,0,Normal,0,0,0
369,2024-06-30,149568.39,0.0,0,Normal,0,0,0
369,2024-07-31,146090.06,0.0,0,Normal,0,0,0
369,2024-08-31,142611.73,0.0,0,Normal,0,0,0
369,2024-09-30,139133.4,0.0,0,Normal,0,0,0
369,2024-10-31,135655.07,0.0,0,Normal,0,0,0
369,2024-11-30,132176.74,0.0,0,Normal,0,0,0
369,2024-12-31,128698.41,0.0,0,Normal,0,0,0
369,2025-01-31,125220.08,0.0,0,Normal,0,0,0
369,2025-02-28,121741.75,0.0,0,Normal,0,0,0
369,2025-03-31,118263.42,0.0,0,Normal,0,0,0
369,2025-04-30,114785.09,0.0,0,Normal,0,0,0
369,2025-05-31,111306.76,0.0,0,Normal,0,0,0
369,2025-06-30,107828.43,0.0,0,Normal,0,0,0
369,2025-07-31,104350.1,0.0,0,Normal,0,0,0
369,2025-08-31,100871.77,0.0,0,Normal,0,0,0
369,2025-09-30,97393.44,0.0,0,Normal,0,0,0
369,2025-10-31,93915.11,0.0,0,Normal,0,0,0
369,2025-11-30,90436.78,0.0,0,Normal,0,0,0
369,2025-12-31,86958.45,0.0,0,Normal,0,0,0
369,2026-01-31,83480.12,0.0,0,Normal,0,0,0
369,2026-02-28,80001.79,0.0,0,Normal,0,0,0
369,2026-03-31,76523.46,0.0,0,Normal,0,0,0
369,2026-04-30,73045.13,0.0,0,Normal,0,0,0
369,2026-05-31,69566.8,0.0,0,Normal,0,0,0
369,2026-06-30,66088.47,0.0,0,Normal,0,0,0
369,2026-07-31,62610.14,0.0,0,Normal,0,0,0
369,2026-08-31,59131.81,0.0,0,Normal,0,0,0
370,2024-07-31,19000.0,0.0,0,Normal,0,0,0
370,2024-08-31,0.0,0.0,0,Normal,0,0,0
371,2026-07-31,7000.0,0.0,0,Normal,0,0,0
371,2026-08-31,5833.33,0.0,0,Normal,0,0,0
372,2024-12-31,14100.0,0.0,0,Normal,0,0,0
372,2025-01-31,11750.0,0.0,0,Normal,0,0,0
372,2025-02-28,9400.0,0.0,0,Normal,0,0,0
372,2025-03-31,7050.0,0.0,0,Normal,0,0,0
372,2025-04-30,4700.0,0.0,0,Normal,0,0,0
372,2025-05-31,2350.0,0.0,0,Normal,0,0,0
372,2025-06-30,0.0,0.0,0,Normal,0,0,0
373,2025-01-31,57200.0,0.0,0,Normal,0,0,0
373,2025-02-28,45760.0,0.0,0,Normal,0,0,0
373,2025-03-31,34320.0,0.0,0,Normal,0,0,0
373,2025-04-30,22880.0,0.0,0,Normal,0,0,0
373,2025-05-31,11440.0,0.0,0,Normal,0,0,0
373,2025-06-30,0.0,0.0,0,Normal,0,0,0
374,2024-03-31,3000.0,0.0,0,Normal,0,0,0
374,2024-04-30,2250.0,0.0,0,Normal,0,0,0
374,2024-05-31,1500.0,0.0,0,Normal,0,0,0
374,2024-06-30,750.0,0.0,0,Normal,0,0,0
374,2024-07-31,0.0,0.0,0,Normal,0,0,0
375,2025-09-30,125800.0,0.0,0,Normal,0,0,0
375,2025-10-31,120558.33,0.0,0,Normal,0,0,0
375,2025-11-30,115316.66,0.0,0,Normal,0,0,0
375,2025-12-31,110074.99,0.0,0,Normal,0,0,0
375,2026-01-31,104833.32,0.0,0,Normal,0,0,0
375,2026-02-28,99591.65,0.0,0,Normal,0,0,0
375,2026-03-31,94349.98,0.0,0,Normal,0,0,0
375,2026-04-30,89108.31,0.0,0,Normal,0,0,0
375,2026-05-31,83866.64,0.0,0,Normal,0,0,0
375,2026-06-30,78624.97,0.0,0,Normal,0,0,0
375,2026-07-31,73383.3,0.0,0,Normal,0,0,0
375,2026-08-31,68141.63,0.0,0,Normal,0,0,0
376,2025-07-31,158200.0,0.0,0,Normal,0,0,0
376,2025-08-31,153680.0,0.0,0,Normal,0,0,0
376,2025-09-30,149160.0,0.0,0,Normal,0,0,0
376,2025-10-31,144640.0,0.0,0,Normal,0,0,0
376,2025-11-30,140120.0,0.0,0,Normal,0,0,0
376,2025-12-31,135600.0,0.0,0,Normal,0,0,0
376,2026-01-31,131080.0,0.0,0,Normal,0,0,0
376,2026-02-28,126560.0,0.0,0,Normal,0,0,0
376,2026-03-31,122040.0,0.0,0,Normal,0,0,0
376,2026-04-30,117520.0,0.0,0,Normal,0,0,0
376,2026-05-31,113000.0,0.0,0,Normal,0,0,0
376,2026-06-30,108480.0,0.0,0,Normal,0,0,0
376,2026-07-31,103960.0,0.0,0,Normal,0,0,0
376,2026-08-31,99440.0,0.0,0,Normal,0,0,0
377,2022-11-30,12600.0,0.0,0,Normal,0,0,0
377,2022-12-31,6300.0,0.0,0,Normal,0,0,0
377,2023-01-31,0.0,0.0,0,Normal,0,0,0
378,2025-10-31,8500.0,0.0,0,Normal,0,0,0
378,2025-11-30,7791.67,0.0,0,Normal,0,0,0
378,2025-12-31,7083.34,0.0,0,Normal,0,0,0
378,2026-01-31,6375.01,0.0,0,Normal,0,0,0
378,2026-02-28,5666.68,0.0,0,Normal,0,0,0
378,2026-03-31,4958.35,0.0,0,Normal,0,0,0
378,2026-04-30,4250.02,0.0,0,Normal,0,0,0
378,2026-05-31,3541.69,0.0,0,Normal,0,0,0
378,2026-06-30,2833.36,0.0,0,Normal,0,0,0
378,2026-07-31,2125.03,0.0,0,Normal,0,0,0
378,2026-08-31,1416.7,0.0,0,Normal,0,0,0
379,2023-07-31,21000.0,0.0,0,Normal,0,0,0
379,2023-08-31,15750.0,0.0,0,Normal,0,0,0
379,2023-09-30,10500.0,0.0,0,Normal,0,0,0
379,2023-10-31,5250.0,0.0,0,Normal,0,0,0
379,2023-11-30,0.0,0.0,0,Normal,0,0,0
380,2024-10-31,24700.0,0.0,0,Normal,0,0,0
380,2024-11-30,19760.0,0.0,0,Normal,0,0,0
380,2024-12-31,14820.0,0.0,0,Normal,0,0,0
380,2025-01-31,9880.0,0.0,0,Normal,0,0,0
380,2025-02-28,4940.0,0.0,0,Normal,0,0,0
380,2025-03-31,0.0,0.0,0,Normal,0,0,0
381,2024-05-31,8100.0,0.0,0,Normal,0,0,0
381,2024-06-30,7363.64,0.0,0,Normal,0,0,0
381,2024-07-31,6627.28,0.0,0,Normal,0,0,0
381,2024-08-31,5890.92,0.0,0,Normal,0,0,0
381,2024-09-30,5154.56,0.0,0,Normal,0,0,0
381,2024-10-31,4418.2,0.0,0,Normal,0,0,0
381,2024-11-30,3681.84,0.0,0,Normal,0,0,0
381,2024-12-31,2945.48,0.0,0,Normal,0,0,0
381,2025-01-31,2209.12,0.0,0,Normal,0,0,0
381,2025-02-28,1472.76,0.0,0,Normal,0,0,0
381,2025-03-31,736.4,0.0,0,Normal,0,0,0
381,2025-04-30,0.04,0.0,0,Normal,0,0,0
382,2024-04-30,43600.0,0.0,0,Normal,0,0,0
382,2024-05-31,36333.33,0.0,0,Normal,0,0,0
382,2024-06-30,29066.66,0.0,0,Normal,0,0,0
382,2024-07-31,21799.99,0.0,0,Normal,0,0,0
382,2024-08-31,21799.99,7266.67,30,Substandard,1,0,0
382,2024-09-30,19457.15,12190.5,60,Doubtful,1,1,0
382,2024-10-31,19457.15,19457.17,91,Loss,1,1,1
383,2023-01-31,15300.0,0.0,0,Normal,0,0,0
383,2023-02-28,10200.0,0.0,0,Normal,0,0,0
383,2023-03-31,5100.0,0.0,0,Normal,0,0,0
383,2023-04-30,0.0,0.0,0,Normal,0,0,0
384,2024-09-30,366000.0,0.0,0,Normal,0,0,0
384,2024-10-31,359796.61,0.0,0,Normal,0,0,0
384,2024-11-30,353593.22,0.0,0,Normal,0,0,0
384,2024-12-31,347389.83,0.0,0,Normal,0,0,0
384,2025-01-31,341186.44,0.0,0,Normal,0,0,0
384,2025-02-28,334983.05,0.0,0,Normal,0,0,0
384,2025-03-31,328779.66,0.0,0,Normal,0,0,0
384,2025-04-30,322576.27,0.0,0,Normal,0,0,0
384,2025-05-31,316372.88,0.0,0,Normal,0,0,0
384,2025-06-30,310169.49,0.0,0,Normal,0,0,0
384,2025-07-31,303966.1,0.0,0,Normal,0,0,0
384,2025-08-31,297762.71,0.0,0,Normal,0,0,0
384,2025-09-30,291559.32,0.0,0,Normal,0,0,0
384,2025-10-31,285355.93,0.0,0,Normal,0,0,0
384,2025-11-30,279152.54,0.0,0,Normal,0,0,0
384,2025-12-31,272949.15,0.0,0,Normal,0,0,0
384,2026-01-31,266745.76,0.0,0,Normal,0,0,0
384,2026-02-28,260542.37,0.0,0,Normal,0,0,0
384,2026-03-31,254338.98,0.0,0,Normal,0,0,0
384,2026-04-30,248135.59,0.0,0,Normal,0,0,0
384,2026-05-31,241932.2,0.0,0,Normal,0,0,0
384,2026-06-30,235728.81,0.0,0,Normal,0,0,0
384,2026-07-31,229525.42,0.0,0,Normal,0,0,0
384,2026-08-31,223322.03,0.0,0,Normal,0,0,0
385,2026-03-31,14000.0,0.0,0,Normal,0,0,0
385,2026-04-30,10500.0,0.0,0,Normal,0,0,0
385,2026-05-31,7000.0,0.0,0,Normal,0,0,0
385,2026-06-30,3500.0,0.0,0,Normal,0,0,0
385,2026-07-31,0.0,0.0,0,Normal,0,0,0
386,2025-03-31,1269900.0,0.0,0,Normal,0,0,0
386,2025-04-30,1243443.75,0.0,0,Normal,0,0,0
386,2025-05-31,1216987.5,0.0,0,Normal,0,0,0
386,2025-06-30,1190531.25,0.0,0,Normal,0,0,0
386,2025-07-31,1164075.0,0.0,0,Normal,0,0,0
386,2025-08-31,1137618.75,0.0,0,Normal,0,0,0
386,2025-09-30,1111162.5,0.0,0,Normal,0,0,0
386,2025-10-31,1084706.25,0.0,0,Normal,0,0,0
386,2025-11-30,1058250.0,0.0,0,Normal,0,0,0
386,2025-12-31,1031793.75,0.0,0,Normal,0,0,0
386,2026-01-31,1005337.5,0.0,0,Normal,0,0,0
386,2026-02-28,978881.25,0.0,0,Normal,0,0,0
386,2026-03-31,952425.0,0.0,0,Normal,0,0,0
386,2026-04-30,925968.75,0.0,0,Normal,0,0,0
386,2026-05-31,899512.5,0.0,0,Normal,0,0,0
386,2026-06-30,873056.25,0.0,0,Normal,0,0,0
386,2026-07-31,846600.0,0.0,0,Normal,0,0,0
386,2026-08-31,820143.75,0.0,0,Normal,0,0,0
387,2023-03-31,98000.0,0.0,0,Normal,0,0,0
387,2023-04-30,65333.33,0.0,0,Normal,0,0,0
387,2023-05-31,32666.66,0.0,0,Normal,0,0,0
387,2023-06-30,0.0,0.0,0,Normal,0,0,0
388,2025-03-31,216600.0,0.0,0,Normal,0,0,0
388,2025-04-30,212928.81,0.0,0,Normal,0,0,0
388,2025-05-31,209257.62,0.0,0,Normal,0,0,0
388,2025-06-30,205586.43,0.0,0,Normal,0,0,0
388,2025-07-31,201915.24,0.0,0,Normal,0,0,0
388,2025-08-31,198244.05,0.0,0,Normal,0,0,0
388,2025-09-30,194572.86,0.0,0,Normal,0,0,0
388,2025-10-31,190901.67,0.0,0,Normal,0,0,0
388,2025-11-30,187230.48,0.0,0,Normal,0,0,0
388,2025-12-31,183559.29,0.0,0,Normal,0,0,0
388,2026-01-31,179888.1,0.0,0,Normal,0,0,0
388,2026-02-28,176216.91,0.0,0,Normal,0,0,0
388,2026-03-31,172545.72,0.0,0,Normal,0,0,0
388,2026-04-30,168874.53,0.0,0,Normal,0,0,0
388,2026-05-31,165203.34,0.0,0,Normal,0,0,0
388,2026-06-30,161532.15,0.0,0,Normal,0,0,0
388,2026-07-31,157860.96,0.0,0,Normal,0,0,0
388,2026-08-31,154189.77,0.0,0,Normal,0,0,0
389,2026-02-28,16500.0,0.0,0,Normal,0,0,0
389,2026-03-31,8250.0,0.0,0,Normal,0,0,0
389,2026-04-30,0.0,0.0,0,Normal,0,0,0
390,2026-03-31,93100.0,0.0,0,Normal,0,0,0
390,2026-04-30,62066.67,0.0,0,Normal,0,0,0
390,2026-05-31,31033.34,0.0,0,Normal,0,0,0
390,2026-06-30,0.01,0.0,0,Normal,0,0,0
391,2024-07-31,22100.0,0.0,0,Normal,0,0,0
391,2024-08-31,20400.0,0.0,0,Normal,0,0,0
391,2024-09-30,18700.0,0.0,0,Normal,0,0,0
391,2024-10-31,17000.0,0.0,0,Normal,0,0,0
391,2024-11-30,15300.0,0.0,0,Normal,0,0,0
391,2024-12-31,13600.0,0.0,0,Normal,0,0,0
391,2025-01-31,11900.0,0.0,0,Normal,0,0,0
391,2025-02-28,10200.0,0.0,0,Normal,0,0,0
391,2025-03-31,8500.0,0.0,0,Normal,0,0,0
391,2025-04-30,6800.0,0.0,0,Normal,0,0,0
391,2025-05-31,5100.0,0.0,0,Normal,0,0,0
391,2025-06-30,3400.0,0.0,0,Normal,0,0,0
391,2025-07-31,1700.0,0.0,0,Normal,0,0,0
391,2025-08-31,0.0,0.0,0,Normal,0,0,0
392,2022-01-31,3900.0,0.0,0,Normal,0,0,0
392,2022-02-28,3250.0,0.0,0,Normal,0,0,0
392,2022-03-31,2600.0,0.0,0,Normal,0,0,0
392,2022-04-30,1950.0,0.0,0,Normal,0,0,0
392,2022-05-31,1300.0,0.0,0,Normal,0,0,0
392,2022-06-30,650.0,0.0,0,Normal,0,0,0
392,2022-07-31,0.0,0.0,0,Normal,0,0,0
393,2024-03-31,53100.0,0.0,0,Normal,0,0,0
393,2024-04-30,48272.73,0.0,0,Normal,0,0,0
393,2024-05-31,43445.46,0.0,0,Normal,0,0,0
393,2024-06-30,38618.19,0.0,0,Normal,0,0,0
393,2024-07-31,33790.92,0.0,0,Normal,0,0,0
393,2024-08-31,28963.65,0.0,0,Normal,0,0,0
393,2024-09-30,24136.38,0.0,0,Normal,0,0,0
393,2024-10-31,19309.11,0.0,0,Normal,0,0,0
393,2024-11-30,19309.11,4827.27,18,Watch,0,0,0
393,2024-12-31,19309.11,9654.54,49,Substandard,1,0,0
393,2025-01-31,17851.85,13024.55,80,Doubtful,1,1,0
393,2025-02-28,17851.85,17851.82,108,Loss,1,1,1
394,2023-09-30,697100.0,0.0,0,Normal,0,0,0
394,2023-10-31,682873.47,0.0,0,Normal,0,0,0
394,2023-11-30,668646.94,0.0,0,Normal,0,0,0
394,2023-12-31,654420.41,0.0,0,Normal,0,0,0
394,2024-01-31,640193.88,0.0,0,Normal,0,0,0
394,2024-02-29,625967.35,0.0,0,Normal,0,0,0
394,2024-03-31,611740.82,0.0,0,Normal,0,0,0
394,2024-04-30,597514.29,0.0,0,Normal,0,0,0
394,2024-05-31,583287.76,0.0,0,Normal,0,0,0
394,2024-06-30,569061.23,0.0,0,Normal,0,0,0
394,2024-07-31,554834.7,0.0,0,Normal,0,0,0
394,2024-08-31,540608.17,0.0,0,Normal,0,0,0
394,2024-09-30,526381.64,0.0,0,Normal,0,0,0
394,2024-10-31,512155.11,0.0,0,Normal,0,0,0
394,2024-11-30,497928.58,0.0,0,Normal,0,0,0
394,2024-12-31,483702.05,0.0,0,Normal,0,0,0
394,2025-01-31,469475.52,0.0,0,Normal,0,0,0
394,2025-02-28,455248.99,0.0,0,Normal,0,0,0
394,2025-03-31,441022.46,0.0,0,Normal,0,0,0
394,2025-04-30,426795.93,0.0,0,Normal,0,0,0
394,2025-05-31,412569.4,0.0,0,Normal,0,0,0
394,2025-06-30,398342.87,0.0,0,Normal,0,0,0
394,2025-07-31,384116.34,0.0,0,Normal,0,0,0
394,2025-08-31,369889.81,0.0,0,Normal,0,0,0
394,2025-09-30,355663.28,0.0,0,Normal,0,0,0
394,2025-10-31,341436.75,0.0,0,Normal,0,0,0
394,2025-11-30,327210.22,0.0,0,Normal,0,0,0
394,2025-12-31,312983.69,0.0,0,Normal,0,0,0
394,2026-01-31,298757.16,0.0,0,Normal,0,0,0
394,2026-02-28,284530.63,0.0,0,Normal,0,0,0
394,2026-03-31,270304.1,0.0,0,Normal,0,0,0
394,2026-04-30,270304.1,14226.53,20,Watch,0,0,0
394,2026-05-31,270304.1,28453.06,51,Substandard,1,0,0
394,2026-06-30,266625.07,39000.56,81,Doubtful,1,1,0
394,2026-07-31,266625.07,53227.09,112,Loss,1,1,1
394,2026-08-31,266625.07,67453.62,143,Loss,1,1,1
395,2024-01-31,45400.0,0.0,0,Normal,0,0,0
395,2024-02-29,41272.73,0.0,0,Normal,0,0,0
395,2024-03-31,37145.46,0.0,0,Normal,0,0,0
395,2024-04-30,37145.46,4127.27,12,Watch,0,0,0
395,2024-05-31,37145.46,8254.54,43,Substandard,1,0,0
395,2024-06-30,35803.91,11040.26,73,Doubtful,1,1,0
395,2024-07-31,34398.4,13762.02,104,Loss,1,1,1
395,2024-08-31,32678.42,16169.31,135,Loss,1,1,1
395,2024-09-30,30967.02,18585.18,165,Loss,1,1,1
395,2024-10-31,29619.33,21364.76,196,Loss,1,1,1
395,2024-11-30,27907.78,23780.48,226,Loss,1,1,1
395,2024-12-31,27907.78,27907.75,257,Loss,1,1,1
396,2024-12-31,11500.0,0.0,0,Normal,0,0,0
396,2025-01-31,10541.67,0.0,0,Normal,0,0,0
396,2025-02-28,10541.67,958.33,18,Watch,0,0,0
396,2025-03-31,10541.67,1916.66,49,Substandard,1,0,0
396,2025-04-30,10028.32,2361.64,79,Doubtful,1,1,0
396,2025-05-31,10028.32,3319.97,110,Loss,1,1,1
396,2025-06-30,5750.02,0.0,0,Normal,0,0,0
396,2025-07-31,4791.69,0.0,0,Normal,0,0,0
396,2025-08-31,3833.36,0.0,0,Normal,0,0,0
396,2025-09-30,2875.03,0.0,0,Normal,0,0,0
396,2025-10-31,1916.7,0.0,0,Normal,0,0,0
396,2025-11-30,958.37,0.0,0,Normal,0,0,0
396,2025-12-31,0.04,0.0,0,Normal,0,0,0
397,2025-10-31,18400.0,0.0,0,Normal,0,0,0
397,2025-11-30,9200.0,0.0,0,Normal,0,0,0
397,2025-12-31,0.0,0.0,0,Normal,0,0,0
398,2026-04-30,1038200.0,0.0,0,Normal,0,0,0
398,2026-05-31,1016570.83,0.0,0,Normal,0,0,0
398,2026-06-30,994941.66,0.0,0,Normal,0,0,0
398,2026-07-31,994941.66,21629.17,10,Watch,0,0,0
398,2026-08-31,985280.6,33597.28,41,Substandard,1,0,0
399,2022-01-31,15000.0,0.0,0,Normal,0,0,0
399,2022-02-28,0.0,0.0,0,Normal,0,0,0
400,2022-06-30,37600.0,0.0,0,Normal,0,0,0
400,2022-07-31,34181.82,0.0,0,Normal,0,0,0
400,2022-08-31,30763.64,0.0,0,Normal,0,0,0
400,2022-09-30,27345.46,0.0,0,Normal,0,0,0
400,2022-10-31,23927.28,0.0,0,Normal,0,0,0
400,2022-11-30,20509.1,0.0,0,Normal,0,0,0
400,2022-12-31,17090.92,0.0,0,Normal,0,0,0
400,2023-01-31,13672.74,0.0,0,Normal,0,0,0
400,2023-02-28,10254.56,0.0,0,Normal,0,0,0
400,2023-03-31,6836.38,0.0,0,Normal,0,0,0
400,2023-04-30,3418.2,0.0,0,Normal,0,0,0
400,2023-05-31,0.02,0.0,0,Normal,0,0,0
401,2025-11-30,355900.0,0.0,0,Normal,0,0,0
401,2025-12-31,348485.42,0.0,0,Normal,0,0,0
401,2026-01-31,341070.84,0.0,0,Normal,0,0,0
401,2026-02-28,333656.26,0.0,0,Normal,0,0,0
401,2026-03-31,326241.68,0.0,0,Normal,0,0,0
401,2026-04-30,318827.1,0.0,0,Normal,0,0,0
401,2026-05-31,311412.52,0.0,0,Normal,0,0,0
401,2026-06-30,303997.94,0.0,0,Normal,0,0,0
401,2026-07-31,296583.36,0.0,0,Normal,0,0,0
401,2026-08-31,289168.78,0.0,0,Normal,0,0,0
402,2025-09-30,15800.0,0.0,0,Normal,0,0,0
402,2025-10-31,14584.62,0.0,0,Normal,0,0,0
402,2025-11-30,13369.24,0.0,0,Normal,0,0,0
402,2025-12-31,12153.86,0.0,0,Normal,0,0,0
402,2026-01-31,10938.48,0.0,0,Normal,0,0,0
402,2026-02-28,9723.1,0.0,0,Normal,0,0,0
402,2026-03-31,8507.72,0.0,0,Normal,0,0,0
402,2026-04-30,7292.34,0.0,0,Normal,0,0,0
402,2026-05-31,6076.96,0.0,0,Normal,0,0,0
402,2026-06-30,4861.58,0.0,0,Normal,0,0,0
402,2026-07-31,3646.2,0.0,0,Normal,0,0,0
402,2026-08-31,2430.82,0.0,0,Normal,0,0,0
403,2025-12-31,15700.0,0.0,0,Normal,0,0,0
403,2026-01-31,10466.67,0.0,0,Normal,0,0,0
403,2026-02-28,5233.34,0.0,0,Normal,0,0,0
403,2026-03-31,0.01,0.0,0,Normal,0,0,0
404,2024-02-29,1328200.0,0.0,0,Normal,0,0,0
404,2024-03-31,1300529.17,0.0,0,Normal,0,0,0
404,2024-04-30,1272858.34,0.0,0,Normal,0,0,0
404,2024-05-31,1245187.51,0.0,0,Normal,0,0,0
404,2024-06-30,1217516.68,0.0,0,Normal,0,0,0
404,2024-07-31,1189845.85,0.0,0,Normal,0,0,0
404,2024-08-31,1162175.02,0.0,0,Normal,0,0,0
404,2024-09-30,1134504.19,0.0,0,Normal,0,0,0
404,2024-10-31,1106833.36,0.0,0,Normal,0,0,0
404,2024-11-30,1079162.53,0.0,0,Normal,0,0,0
404,2024-12-31,1051491.7,0.0,0,Normal,0,0,0
404,2025-01-31,1023820.87,0.0,0,Normal,0,0,0
404,2025-02-28,996150.04,0.0,0,Normal,0,0,0
404,2025-03-31,968479.21,0.0,0,Normal,0,0,0
404,2025-04-30,940808.38,0.0,0,Normal,0,0,0
404,2025-05-31,913137.55,0.0,0,Normal,0,0,0
404,2025-06-30,885466.72,0.0,0,Normal,0,0,0
404,2025-07-31,857795.89,0.0,0,Normal,0,0,0
404,2025-08-31,830125.06,0.0,0,Normal,0,0,0
404,2025-09-30,802454.23,0.0,0,Normal,0,0,0
404,2025-10-31,774783.4,0.0,0,Normal,0,0,0
404,2025-11-30,747112.57,0.0,0,Normal,0,0,0
404,2025-12-31,719441.74,0.0,0,Normal,0,0,0
404,2026-01-31,691770.91,0.0,0,Normal,0,0,0
404,2026-02-28,664100.08,0.0,0,Normal,0,0,0
404,2026-03-31,636429.25,0.0,0,Normal,0,0,0
404,2026-04-30,608758.42,0.0,0,Normal,0,0,0
404,2026-05-31,581087.59,0.0,0,Normal,0,0,0
404,2026-06-30,553416.76,0.0,0,Normal,0,0,0
404,2026-07-31,525745.93,0.0,0,Normal,0,0,0
404,2026-08-31,498075.1,0.0,0,Normal,0,0,0
405,2022-08-31,18100.0,0.0,0,Normal,0,0,0
405,2022-09-30,16454.55,0.0,0,Normal,0,0,0
405,2022-10-31,14809.1,0.0,0,Normal,0,0,0
405,2022-11-30,13163.65,0.0,0,Normal,0,0,0
405,2022-12-31,11518.2,0.0,0,Normal,0,0,0
405,2023-01-31,9872.75,0.0,0,Normal,0,0,0
405,2023-02-28,8227.3,0.0,0,Normal,0,0,0
405,2023-03-31,6581.85,0.0,0,Normal,0,0,0
405,2023-04-30,4936.4,0.0,0,Normal,0,0,0
405,2023-05-31,3290.95,0.0,0,Normal,0,0,0
405,2023-06-30,1645.5,0.0,0,Normal,0,0,0
405,2023-07-31,0.05,0.0,0,Normal,0,0,0
406,2024-07-31,7200.0,0.0,0,Normal,0,0,0
406,2024-08-31,5400.0,0.0,0,Normal,0,0,0
406,2024-09-30,3600.0,0.0,0,Normal,0,0,0
406,2024-10-31,1800.0,0.0,0,Normal,0,0,0
406,2024-11-30,0.0,0.0,0,Normal,0,0,0
407,2025-11-30,12700.0,0.0,0,Normal,0,0,0
407,2025-12-31,10160.0,0.0,0,Normal,0,0,0
407,2026-01-31,7620.0,0.0,0,Normal,0,0,0
407,2026-02-28,7620.0,2540.0,19,Watch,0,0,0
407,2026-03-31,2540.0,0.0,0,Normal,0,0,0
407,2026-04-30,0.0,0.0,0,Normal,0,0,0
408,2026-08-31,7000.0,0.0,0,Normal,0,0,0
409,2023-04-30,276400.0,0.0,0,Normal,0,0,0
409,2023-05-31,271868.85,0.0,0,Normal,0,0,0
409,2023-06-30,267337.7,0.0,0,Normal,0,0,0
409,2023-07-31,262806.55,0.0,0,Normal,0,0,0
409,2023-08-31,258275.4,0.0,0,Normal,0,0,0
409,2023-09-30,253744.25,0.0,0,Normal,0,0,0
409,2023-10-31,249213.1,0.0,0,Normal,0,0,0
409,2023-11-30,244681.95,0.0,0,Normal,0,0,0
409,2023-12-31,240150.8,0.0,0,Normal,0,0,0
409,2024-01-31,235619.65,0.0,0,Normal,0,0,0
409,2024-02-29,231088.5,0.0,0,Normal,0,0,0
409,2024-03-31,226557.35,0.0,0,Normal,0,0,0
409,2024-04-30,222026.2,0.0,0,Normal,0,0,0
409,2024-05-31,217495.05,0.0,0,Normal,0,0,0
409,2024-06-30,212963.9,0.0,0,Normal,0,0,0
409,2024-07-31,208432.75,0.0,0,Normal,0,0,0
409,2024-08-31,203901.6,0.0,0,Normal,0,0,0
409,2024-09-30,199370.45,0.0,0,Normal,0,0,0
409,2024-10-31,194839.3,0.0,0,Normal,0,0,0
409,2024-11-30,190308.15,0.0,0,Normal,0,0,0
409,2024-12-31,185777.0,0.0,0,Normal,0,0,0
409,2025-01-31,181245.85,0.0,0,Normal,0,0,0
409,2025-02-28,176714.7,0.0,0,Normal,0,0,0
409,2025-03-31,172183.55,0.0,0,Normal,0,0,0
409,2025-04-30,167652.4,0.0,0,Normal,0,0,0
409,2025-05-31,163121.25,0.0,0,Normal,0,0,0
409,2025-06-30,158590.1,0.0,0,Normal,0,0,0
409,2025-07-31,154058.95,0.0,0,Normal,0,0,0
409,2025-08-31,149527.8,0.0,0,Normal,0,0,0
409,2025-09-30,144996.65,0.0,0,Normal,0,0,0
409,2025-10-31,140465.5,0.0,0,Normal,0,0,0
409,2025-11-30,135934.35,0.0,0,Normal,0,0,0
409,2025-12-31,131403.2,0.0,0,Normal,0,0,0
409,2026-01-31,126872.05,0.0,0,Normal,0,0,0
409,2026-02-28,122340.9,0.0,0,Normal,0,0,0
409,2026-03-31,117809.75,0.0,0,Normal,0,0,0
409,2026-04-30,113278.6,0.0,0,Normal,0,0,0
409,2026-05-31,108747.45,0.0,0,Normal,0,0,0
409,2026-06-30,104216.3,0.0,0,Normal,0,0,0
409,2026-07-31,99685.15,0.0,0,Normal,0,0,0
409,2026-08-31,95154.0,0.0,0,Normal,0,0,0
410,2022-04-30,82800.0,0.0,0,Normal,0,0,0
410,2022-05-31,79488.0,0.0,0,Normal,0,0,0
410,2022-06-30,76176.0,0.0,0,Normal,0,0,0
410,2022-07-31,72864.0,0.0,0,Normal,0,0,0
410,2022-08-31,69552.0,0.0,0,Normal,0,0,0
410,2022-09-30,66240.0,0.0,0,Normal,0,0,0
410,2022-10-31,62928.0,0.0,0,Normal,0,0,0
410,2022-11-30,59616.0,0.0,0,Normal,0,0,0
410,2022-12-31,56304.0,0.0,0,Normal,0,0,0
410,2023-01-31,52992.0,0.0,0,Normal,0,0,0
410,2023-02-28,49680.0,0.0,0,Normal,0,0,0
410,2023-03-31,46368.0,0.0,0,Normal,0,0,0
410,2023-04-30,43056.0,0.0,0,Normal,0,0,0
410,2023-05-31,39744.0,0.0,0,Normal,0,0,0
410,2023-06-30,36432.0,0.0,0,Normal,0,0,0
410,2023-07-31,33120.0,0.0,0,Normal,0,0,0
410,2023-08-31,29808.0,0.0,0,Normal,0,0,0
410,2023-09-30,26496.0,0.0,0,Normal,0,0,0
410,2023-10-31,23184.0,0.0,0,Normal,0,0,0
410,2023-11-30,19872.0,0.0,0,Normal,0,0,0
410,2023-12-31,16560.0,0.0,0,Normal,0,0,0
410,2024-01-31,13248.0,0.0,0,Normal,0,0,0
410,2024-02-29,9936.0,0.0,0,Normal,0,0,0
410,2024-03-31,6624.0,0.0,0,Normal,0,0,0
410,2024-04-30,3312.0,0.0,0,Normal,0,0,0
410,2024-05-31,0.0,0.0,0,Normal,0,0,0
411,2026-06-30,19300.0,0.0,0,Normal,0,0,0
411,2026-07-31,14475.0,0.0,0,Normal,0,0,0
411,2026-08-31,9650.0,0.0,0,Normal,0,0,0
412,2024-05-31,313400.0,0.0,0,Normal,0,0,0
412,2024-06-30,308176.67,0.0,0,Normal,0,0,0
412,2024-07-31,302953.34,0.0,0,Normal,0,0,0
412,2024-08-31,297730.01,0.0,0,Normal,0,0,0
412,2024-09-30,292506.68,0.0,0,Normal,0,0,0
412,2024-10-31,287283.35,0.0,0,Normal,0,0,0
412,2024-11-30,282060.02,0.0,0,Normal,0,0,0
412,2024-12-31,276836.69,0.0,0,Normal,0,0,0
412,2025-01-31,271613.36,0.0,0,Normal,0,0,0
412,2025-02-28,266390.03,0.0,0,Normal,0,0,0
412,2025-03-31,261166.7,0.0,0,Normal,0,0,0
412,2025-04-30,255943.37,0.0,0,Normal,0,0,0
412,2025-05-31,250720.04,0.0,0,Normal,0,0,0
412,2025-06-30,245496.71,0.0,0,Normal,0,0,0
412,2025-07-31,240273.38,0.0,0,Normal,0,0,0
412,2025-08-31,235050.05,0.0,0,Normal,0,0,0
412,2025-09-30,229826.72,0.0,0,Normal,0,0,0
412,2025-10-31,224603.39,0.0,0,Normal,0,0,0
412,2025-11-30,219380.06,0.0,0,Normal,0,0,0
412,2025-12-31,214156.73,0.0,0,Normal,0,0,0
412,2026-01-31,208933.4,0.0,0,Normal,0,0,0
412,2026-02-28,203710.07,0.0,0,Normal,0,0,0
412,2026-03-31,198486.74,0.0,0,Normal,0,0,0
412,2026-04-30,193263.41,0.0,0,Normal,0,0,0
412,2026-05-31,188040.08,0.0,0,Normal,0,0,0
412,2026-06-30,182816.75,0.0,0,Normal,0,0,0
412,2026-07-31,177593.42,0.0,0,Normal,0,0,0
412,2026-08-31,172370.09,0.0,0,Normal,0,0,0
413,2024-05-31,19700.0,0.0,0,Normal,0,0,0
413,2024-06-30,18058.33,0.0,0,Normal,0,0,0
413,2024-07-31,16416.66,0.0,0,Normal,0,0,0
413,2024-08-31,14774.99,0.0,0,Normal,0,0,0
413,2024-09-30,13133.32,0.0,0,Normal,0,0,0
413,2024-10-31,11491.65,0.0,0,Normal,0,0,0
413,2024-11-30,9849.98,0.0,0,Normal,0,0,0
413,2024-12-31,8208.31,0.0,0,Normal,0,0,0
413,2025-01-31,6566.64,0.0,0,Normal,0,0,0
413,2025-02-28,4924.97,0.0,0,Normal,0,0,0
413,2025-03-31,4924.97,1641.67,6,Watch,0,0,0
413,2025-04-30,4924.97,3283.34,36,Substandard,1,0,0
413,2025-05-31,4924.97,4925.01,67,Doubtful,1,1,0
414,2024-10-31,15200.0,0.0,0,Normal,0,0,0
414,2024-11-30,10133.33,0.0,0,Normal,0,0,0
414,2024-12-31,5066.66,0.0,0,Normal,0,0,0
414,2025-01-31,0.0,0.0,0,Normal,0,0,0
415,2026-06-30,15300.0,0.0,0,Normal,0,0,0
415,2026-07-31,11475.0,0.0,0,Normal,0,0,0
415,2026-08-31,7650.0,0.0,0,Normal,0,0,0
416,2025-10-31,86000.0,0.0,0,Normal,0,0,0
416,2025-11-30,57333.33,0.0,0,Normal,0,0,0
416,2025-12-31,28666.66,0.0,0,Normal,0,0,0
416,2026-01-31,0.0,0.0,0,Normal,0,0,0
417,2022-07-31,62400.0,0.0,0,Normal,0,0,0
417,2022-08-31,0.0,0.0,0,Normal,0,0,0
418,2022-02-28,47200.0,0.0,0,Normal,0,0,0
418,2022-03-31,31466.67,0.0,0,Normal,0,0,0
418,2022-04-30,15733.34,0.0,0,Normal,0,0,0
418,2022-05-31,0.01,0.0,0,Normal,0,0,0
419,2026-03-31,40700.0,0.0,0,Normal,0,0,0
419,2026-04-30,37569.23,0.0,0,Normal,0,0,0
419,2026-05-31,34438.46,0.0,0,Normal,0,0,0
419,2026-06-30,31307.69,0.0,0,Normal,0,0,0
419,2026-07-31,28176.92,0.0,0,Normal,0,0,0
419,2026-08-31,25046.15,0.0,0,Normal,0,0,0
420,2025-06-30,18000.0,0.0,0,Normal,0,0,0
420,2025-07-31,16500.0,0.0,0,Normal,0,0,0
420,2025-08-31,15000.0,0.0,0,Normal,0,0,0
420,2025-09-30,13500.0,0.0,0,Normal,0,0,0
420,2025-10-31,12000.0,0.0,0,Normal,0,0,0
420,2025-11-30,10500.0,0.0,0,Normal,0,0,0
420,2025-12-31,9000.0,0.0,0,Normal,0,0,0
420,2026-01-31,7500.0,0.0,0,Normal,0,0,0
420,2026-02-28,6000.0,0.0,0,Normal,0,0,0
420,2026-03-31,4500.0,0.0,0,Normal,0,0,0
420,2026-04-30,3000.0,0.0,0,Normal,0,0,0
420,2026-05-31,1500.0,0.0,0,Normal,0,0,0
420,2026-06-30,0.0,0.0,0,Normal,0,0,0
421,2024-08-31,808300.0,0.0,0,Normal,0,0,0
421,2024-09-30,791102.13,0.0,0,Normal,0,0,0
421,2024-10-31,773904.26,0.0,0,Normal,0,0,0
421,2024-11-30,756706.39,0.0,0,Normal,0,0,0
421,2024-12-31,739508.52,0.0,0,Normal,0,0,0
421,2025-01-31,722310.65,0.0,0,Normal,0,0,0
421,2025-02-28,705112.78,0.0,0,Normal,0,0,0
421,2025-03-31,698755.66,10840.75,30,Substandard,1,0,0
421,2025-04-30,689768.62,19051.58,60,Doubtful,1,1,0
421,2025-05-31,653519.17,0.0,0,Normal,0,0,0
421,2025-06-30,636321.3,0.0,0,Normal,0,0,0
421,2025-07-31,619123.43,0.0,0,Normal,0,0,0
421,2025-08-31,601925.56,0.0,0,Normal,0,0,0
421,2025-09-30,584727.69,0.0,0,Normal,0,0,0
421,2025-10-31,567529.82,0.0,0,Normal,0,0,0
421,2025-11-30,550331.95,0.0,0,Normal,0,0,0
421,2025-12-31,533134.08,0.0,0,Normal,0,0,0
421,2026-01-31,515936.21,0.0,0,Normal,0,0,0
421,2026-02-28,498738.34,0.0,0,Normal,0,0,0
421,2026-03-31,481540.47,0.0,0,Normal,0,0,0
421,2026-04-30,464342.6,0.0,0,Normal,0,0,0
421,2026-05-31,447144.73,0.0,0,Normal,0,0,0
421,2026-06-30,429946.86,0.0,0,Normal,0,0,0
421,2026-07-31,412748.99,0.0,0,Normal,0,0,0
421,2026-08-31,395551.12,0.0,0,Normal,0,0,0
422,2022-05-31,525600.0,0.0,0,Normal,0,0,0
422,2022-06-30,514873.47,0.0,0,Normal,0,0,0
422,2022-07-31,504146.94,0.0,0,Normal,0,0,0
422,2022-08-31,493420.41,0.0,0,Normal,0,0,0
422,2022-09-30,482693.88,0.0,0,Normal,0,0,0
422,2022-10-31,471967.35,0.0,0,Normal,0,0,0
422,2022-11-30,461240.82,0.0,0,Normal,0,0,0
422,2022-12-31,450514.29,0.0,0,Normal,0,0,0
422,2023-01-31,439787.76,0.0,0,Normal,0,0,0
422,2023-02-28,429061.23,0.0,0,Normal,0,0,0
422,2023-03-31,418334.7,0.0,0,Normal,0,0,0
422,2023-04-30,407608.17,0.0,0,Normal,0,0,0
422,2023-05-31,396881.64,0.0,0,Normal,0,0,0
422,2023-06-30,386155.11,0.0,0,Normal,0,0,0
422,2023-07-31,375428.58,0.0,0,Normal,0,0,0
422,2023-08-31,364702.05,0.0,0,Normal,0,0,0
422,2023-09-30,353975.52,0.0,0,Normal,0,0,0
422,2023-10-31,343248.99,0.0,0,Normal,0,0,0
422,2023-11-30,332522.46,0.0,0,Normal,0,0,0
422,2023-12-31,321795.93,0.0,0,Normal,0,0,0
422,2024-01-31,311069.4,0.0,0,Normal,0,0,0
422,2024-02-29,300342.87,0.0,0,Normal,0,0,0
422,2024-03-31,289616.34,0.0,0,Normal,0,0,0
422,2024-04-30,278889.81,0.0,0,Normal,0,0,0
422,2024-05-31,268163.28,0.0,0,Normal,0,0,0
422,2024-06-30,257436.75,0.0,0,Normal,0,0,0
422,2024-07-31,246710.22,0.0,0,Normal,0,0,0
422,2024-08-31,235983.69,0.0,0,Normal,0,0,0
422,2024-09-30,225257.16,0.0,0,Normal,0,0,0
422,2024-10-31,214530.63,0.0,0,Normal,0,0,0
422,2024-11-30,203804.1,0.0,0,Normal,0,0,0
422,2024-12-31,193077.57,0.0,0,Normal,0,0,0
422,2025-01-31,182351.04,0.0,0,Normal,0,0,0
422,2025-02-28,171624.51,0.0,0,Normal,0,0,0
422,2025-03-31,160897.98,0.0,0,Normal,0,0,0
422,2025-04-30,150171.45,0.0,0,Normal,0,0,0
422,2025-05-31,139444.92,0.0,0,Normal,0,0,0
422,2025-06-30,128718.39,0.0,0,Normal,0,0,0
422,2025-07-31,117991.86,0.0,0,Normal,0,0,0
422,2025-08-31,107265.33,0.0,0,Normal,0,0,0
422,2025-09-30,96538.8,0.0,0,Normal,0,0,0
422,2025-10-31,85812.27,0.0,0,Normal,0,0,0
422,2025-11-30,75085.74,0.0,0,Normal,0,0,0
422,2025-12-31,64359.21,0.0,0,Normal,0,0,0
422,2026-01-31,53632.68,0.0,0,Normal,0,0,0
422,2026-02-28,42906.15,0.0,0,Normal,0,0,0
422,2026-03-31,32179.62,0.0,0,Normal,0,0,0
422,2026-04-30,21453.09,0.0,0,Normal,0,0,0
422,2026-05-31,10726.56,0.0,0,Normal,0,0,0
422,2026-06-30,0.03,0.0,0,Normal,0,0,0
423,2023-05-31,1114300.0,0.0,0,Normal,0,0,0
423,2023-06-30,1091085.42,0.0,0,Normal,0,0,0
423,2023-07-31,1067870.84,0.0,0,Normal,0,0,0
423,2023-08-31,1044656.26,0.0,0,Normal,0,0,0
423,2023-09-30,1021441.68,0.0,0,Normal,0,0,0
423,2023-10-31,998227.1,0.0,0,Normal,0,0,0
423,2023-11-30,975012.52,0.0,0,Normal,0,0,0
423,2023-12-31,951797.94,0.0,0,Normal,0,0,0
423,2024-01-31,928583.36,0.0,0,Normal,0,0,0
423,2024-02-29,905368.78,0.0,0,Normal,0,0,0
423,2024-03-31,882154.2,0.0,0,Normal,0,0,0
423,2024-04-30,858939.62,0.0,0,Normal,0,0,0
423,2024-05-31,835725.04,0.0,0,Normal,0,0,0
423,2024-06-30,812510.46,0.0,0,Normal,0,0,0
423,2024-07-31,789295.88,0.0,0,Normal,0,0,0
423,2024-08-31,766081.3,0.0,0,Normal,0,0,0
423,2024-09-30,742866.72,0.0,0,Normal,0,0,0
423,2024-10-31,719652.14,0.0,0,Normal,0,0,0
423,2024-11-30,696437.56,0.0,0,Normal,0,0,0
423,2024-12-31,673222.98,0.0,0,Normal,0,0,0
423,2025-01-31,650008.4,0.0,0,Normal,0,0,0
423,2025-02-28,626793.82,0.0,0,Normal,0,0,0
423,2025-03-31,603579.24,0.0,0,Normal,0,0,0
423,2025-04-30,580364.66,0.0,0,Normal,0,0,0
423,2025-05-31,557150.08,0.0,0,Normal,0,0,0
423,2025-06-30,533935.5,0.0,0,Normal,0,0,0
423,2025-07-31,510720.92,0.0,0,Normal,0,0,0
423,2025-08-31,487506.34,0.0,0,Normal,0,0,0
423,2025-09-30,464291.76,0.0,0,Normal,0,0,0
423,2025-10-31,441077.18,0.0,0,Normal,0,0,0
423,2025-11-30,417862.6,0.0,0,Normal,0,0,0
423,2025-12-31,394648.02,0.0,0,Normal,0,0,0
423,2026-01-31,371433.44,0.0,0,Normal,0,0,0
423,2026-02-28,348218.86,0.0,0,Normal,0,0,0
423,2026-03-31,325004.28,0.0,0,Normal,0,0,0
423,2026-04-30,301789.7,0.0,0,Normal,0,0,0
423,2026-05-31,278575.12,0.0,0,Normal,0,0,0
423,2026-06-30,255360.54,0.0,0,Normal,0,0,0
423,2026-07-31,232145.96,0.0,0,Normal,0,0,0
423,2026-08-31,208931.38,0.0,0,Normal,0,0,0
424,2023-09-30,6200.0,0.0,0,Normal,0,0,0
424,2023-10-31,4133.33,0.0,0,Normal,0,0,0
424,2023-11-30,2066.66,0.0,0,Normal,0,0,0
424,2023-12-31,0.0,0.0,0,Normal,0,0,0
425,2022-02-28,16000.0,0.0,0,Normal,0,0,0
425,2022-03-31,13714.29,0.0,0,Normal,0,0,0
425,2022-04-30,11428.58,0.0,0,Normal,0,0,0
425,2022-05-31,9142.87,0.0,0,Normal,0,0,0
425,2022-06-30,6857.16,0.0,0,Normal,0,0,0
425,2022-07-31,4571.45,0.0,0,Normal,0,0,0
425,2022-08-31,2285.74,0.0,0,Normal,0,0,0
425,2022-09-30,0.03,0.0,0,Normal,0,0,0
426,2024-06-30,15700.0,0.0,0,Normal,0,0,0
426,2024-07-31,14272.73,0.0,0,Normal,0,0,0
426,2024-08-31,12845.46,0.0,0,Normal,0,0,0
426,2024-09-30,11418.19,0.0,0,Normal,0,0,0
426,2024-10-31,9990.92,0.0,0,Normal,0,0,0
426,2024-11-30,8563.65,0.0,0,Normal,0,0,0
426,2024-12-31,7136.38,0.0,0,Normal,0,0,0
426,2025-01-31,5709.11,0.0,0,Normal,0,0,0
426,2025-02-28,5709.11,1427.27,15,Watch,0,0,0
426,2025-03-31,5709.11,2854.54,46,Substandard,1,0,0
426,2025-04-30,5709.11,4281.81,76,Doubtful,1,1,0
426,2025-05-31,5709.11,5709.08,107,Loss,1,1,1
427,2023-09-30,47900.0,0.0,0,Normal,0,0,0
427,2023-10-31,35925.0,0.0,0,Normal,0,0,0
427,2023-11-30,23950.0,0.0,0,Normal,0,0,0
427,2023-12-31,11975.0,0.0,0,Normal,0,0,0
427,2024-01-31,0.0,0.0,0,Normal,0,0,0
428,2024-02-29,36900.0,0.0,0,Normal,0,0,0
428,2024-03-31,33545.45,0.0,0,Normal,0,0,0
428,2024-04-30,30190.9,0.0,0,Normal,0,0,0
428,2024-05-31,26836.35,0.0,0,Normal,0,0,0
428,2024-06-30,23481.8,0.0,0,Normal,0,0,0
428,2024-07-31,20127.25,0.0,0,Normal,0,0,0
428,2024-08-31,16772.7,0.0,0,Normal,0,0,0
428,2024-09-30,13418.15,0.0,0,Normal,0,0,0
428,2024-10-31,10063.6,0.0,0,Normal,0,0,0
428,2024-11-30,6709.05,0.0,0,Normal,0,0,0
428,2024-12-31,3354.5,0.0,0,Normal,0,0,0
428,2025-01-31,0.0,0.0,0,Normal,0,0,0
429,2026-08-31,31000.0,0.0,0,Normal,0,0,0
430,2025-06-30,44700.0,0.0,0,Normal,0,0,0
430,2025-07-31,40975.0,0.0,0,Normal,0,0,0
430,2025-08-31,37250.0,0.0,0,Normal,0,0,0
430,2025-09-30,33525.0,0.0,0,Normal,0,0,0
430,2025-10-31,29800.0,0.0,0,Normal,0,0,0
430,2025-11-30,26075.0,0.0,0,Normal,0,0,0
430,2025-12-31,22350.0,0.0,0,Normal,0,0,0
430,2026-01-31,18625.0,0.0,0,Normal,0,0,0
430,2026-02-28,14900.0,0.0,0,Normal,0,0,0
430,2026-03-31,11175.0,0.0,0,Normal,0,0,0
430,2026-04-30,7450.0,0.0,0,Normal,0,0,0
430,2026-05-31,3725.0,0.0,0,Normal,0,0,0
430,2026-06-30,0.0,0.0,0,Normal,0,0,0
431,2023-04-30,37700.0,0.0,0,Normal,0,0,0
431,2023-05-31,34558.33,0.0,0,Normal,0,0,0
431,2023-06-30,31416.66,0.0,0,Normal,0,0,0
431,2023-07-31,28274.99,0.0,0,Normal,0,0,0
431,2023-08-31,25133.32,0.0,0,Normal,0,0,0
431,2023-09-30,21991.65,0.0,0,Normal,0,0,0
431,2023-10-31,18849.98,0.0,0,Normal,0,0,0
431,2023-11-30,15708.31,0.0,0,Normal,0,0,0
431,2023-12-31,12566.64,0.0,0,Normal,0,0,0
431,2024-01-31,9424.97,0.0,0,Normal,0,0,0
431,2024-02-29,6283.3,0.0,0,Normal,0,0,0
431,2024-03-31,3141.63,0.0,0,Normal,0,0,0
431,2024-04-30,0.0,0.0,0,Normal,0,0,0
432,2024-02-29,62200.0,0.0,0,Normal,0,0,0
432,2024-03-31,57016.67,0.0,0,Normal,0,0,0
432,2024-04-30,57016.67,5183.33,10,Watch,0,0,0
432,2024-05-31,57016.67,10366.66,41,Substandard,1,0,0
432,2024-06-30,54404.27,12937.59,71,Doubtful,1,1,0
432,2024-07-31,54404.27,18120.92,102,Loss,1,1,1
432,2024-08-31,54404.27,23304.25,133,Loss,1,1,1
432,2024-09-30,51925.06,26008.37,163,Loss,1,1,1
432,2024-10-31,51925.06,31191.7,194,Loss,1,1,1
432,2024-11-30,50171.94,34621.91,224,Loss,1,1,1
432,2024-12-31,50171.94,39805.24,255,Loss,1,1,1
432,2025-01-31,47993.8,42810.43,286,Loss,1,1,1
432,2025-02-28,46241.46,46241.42,314,Loss,1,1,1
433,2022-12-31,44200.0,0.0,0,Normal,0,0,0
433,2023-01-31,40181.82,0.0,0,Normal,0,0,0
433,2023-02-28,40181.82,4018.18,4,Watch,0,0,0
433,2023-03-31,37418.75,5273.29,35,Substandard,1,0,0
433,2023-04-30,35905.23,7777.95,65,Doubtful,1,1,0
433,2023-05-31,35905.23,11796.13,96,Loss,1,1,1
433,2023-06-30,35905.23,15814.31,126,Loss,1,1,1
433,2023-07-31,35905.23,19832.49,157,Loss,1,1,1
433,2023-08-31,35905.23,23850.67,188,Loss,1,1,1
433,2023-09-30,35905.23,27868.85,218,Loss,1,1,1
433,2023-10-31,35905.23,31887.03,249,Loss,1,1,1
433,2023-11-30,35905.23,35905.21,279,Loss,1,1,1
434,2025-08-31,53200.0,0.0,0,Normal,0,0,0
434,2025-09-30,39900.0,0.0,0,Normal,0,0,0
434,2025-10-31,26600.0,0.0,0,Normal,0,0,0
434,2025-11-30,13300.0,0.0,0,Normal,0,0,0
434,2025-12-31,0.0,0.0,0,Normal,0,0,0
435,2022-11-30,13600.0,0.0,0,Normal,0,0,0
435,2022-12-31,13056.0,0.0,0,Normal,0,0,0
435,2023-01-31,12512.0,0.0,0,Normal,0,0,0
435,2023-02-28,11968.0,0.0,0,Normal,0,0,0
435,2023-03-31,11424.0,0.0,0,Normal,0,0,0
435,2023-04-30,10880.0,0.0,0,Normal,0,0,0
435,2023-05-31,10336.0,0.0,0,Normal,0,0,0
435,2023-06-30,9792.0,0.0,0,Normal,0,0,0
435,2023-07-31,9248.0,0.0,0,Normal,0,0,0
435,2023-08-31,8704.0,0.0,0,Normal,0,0,0
435,2023-09-30,8160.0,0.0,0,Normal,0,0,0
435,2023-10-31,7616.0,0.0,0,Normal,0,0,0
435,2023-11-30,7072.0,0.0,0,Normal,0,0,0
435,2023-12-31,6528.0,0.0,0,Normal,0,0,0
435,2024-01-31,5984.0,0.0,0,Normal,0,0,0
435,2024-02-29,5440.0,0.0,0,Normal,0,0,0
435,2024-03-31,4896.0,0.0,0,Normal,0,0,0
435,2024-04-30,4352.0,0.0,0,Normal,0,0,0
435,2024-05-31,3808.0,0.0,0,Normal,0,0,0
435,2024-06-30,3264.0,0.0,0,Normal,0,0,0
435,2024-07-31,2720.0,0.0,0,Normal,0,0,0
435,2024-08-31,2176.0,0.0,0,Normal,0,0,0
435,2024-09-30,1632.0,0.0,0,Normal,0,0,0
435,2024-10-31,1088.0,0.0,0,Normal,0,0,0
435,2024-11-30,544.0,0.0,0,Normal,0,0,0
435,2024-12-31,0.0,0.0,0,Normal,0,0,0
436,2025-03-31,46000.0,0.0,0,Normal,0,0,0
436,2025-04-30,42166.67,0.0,0,Normal,0,0,0
436,2025-05-31,38333.34,0.0,0,Normal,0,0,0
436,2025-06-30,34500.01,0.0,0,Normal,0,0,0
436,2025-07-31,30666.68,0.0,0,Normal,0,0,0
436,2025-08-31,26833.35,0.0,0,Normal,0,0,0
436,2025-09-30,23000.02,0.0,0,Normal,0,0,0
436,2025-10-31,19166.69,0.0,0,Normal,0,0,0
436,2025-11-30,15333.36,0.0,0,Normal,0,0,0
436,2025-12-31,11500.03,0.0,0,Normal,0,0,0
436,2026-01-31,7666.7,0.0,0,Normal,0,0,0
436,2026-02-28,3833.37,0.0,0,Normal,0,0,0
436,2026-03-31,0.04,0.0,0,Normal,0,0,0
437,2024-07-31,9200.0,0.0,0,Normal,0,0,0
437,2024-08-31,7666.67,0.0,0,Normal,0,0,0
437,2024-09-30,6133.34,0.0,0,Normal,0,0,0
437,2024-10-31,4600.01,0.0,0,Normal,0,0,0
437,2024-11-30,3066.68,0.0,0,Normal,0,0,0
437,2024-12-31,1533.35,0.0,0,Normal,0,0,0
437,2025-01-31,0.02,0.0,0,Normal,0,0,0
438,2022-08-31,27500.0,0.0,0,Normal,0,0,0
438,2022-09-30,18333.33,0.0,0,Normal,0,0,0
438,2022-10-31,9166.66,0.0,0,Normal,0,0,0
438,2022-11-30,0.0,0.0,0,Normal,0,0,0
439,2022-02-28,10400.0,0.0,0,Normal,0,0,0
439,2022-03-31,8320.0,0.0,0,Normal,0,0,0
439,2022-04-30,6240.0,0.0,0,Normal,0,0,0
439,2022-05-31,4160.0,0.0,0,Normal,0,0,0
439,2022-06-30,2080.0,0.0,0,Normal,0,0,0
439,2022-07-31,0.0,0.0,0,Normal,0,0,0
440,2025-10-31,90900.0,0.0,0,Normal,0,0,0
440,2025-11-30,45450.0,0.0,0,Normal,0,0,0
440,2025-12-31,0.0,0.0,0,Normal,0,0,0
441,2026-01-31,62800.0,0.0,0,Normal,0,0,0
441,2026-02-28,41866.67,0.0,0,Normal,0,0,0
441,2026-03-31,20933.34,0.0,0,Normal,0,0,0
441,2026-04-30,0.01,0.0,0,Normal,0,0,0
442,2025-11-30,23500.0,0.0,0,Normal,0,0,0
442,2025-12-31,19583.33,0.0,0,Normal,0,0,0
442,2026-01-31,15666.66,0.0,0,Normal,0,0,0
442,2026-02-28,11749.99,0.0,0,Normal,0,0,0
442,2026-03-31,7833.32,0.0,0,Normal,0,0,0
442,2026-04-30,3916.65,0.0,0,Normal,0,0,0
442,2026-05-31,0.0,0.0,0,Normal,0,0,0
443,2024-02-29,14800.0,0.0,0,Normal,0,0,0
443,2024-03-31,12333.33,0.0,0,Normal,0,0,0
443,2024-04-30,9866.66,0.0,0,Normal,0,0,0
443,2024-05-31,7399.99,0.0,0,Normal,0,0,0
443,2024-06-30,4933.32,0.0,0,Normal,0,0,0
443,2024-07-31,2466.65,0.0,0,Normal,0,0,0
443,2024-08-31,0.0,0.0,0,Normal,0,0,0
444,2024-05-31,16300.0,0.0,0,Normal,0,0,0
444,2024-06-30,14941.67,0.0,0,Normal,0,0,0
444,2024-07-31,13583.34,0.0,0,Normal,0,0,0
444,2024-08-31,12225.01,0.0,0,Normal,0,0,0
444,2024-09-30,12225.01,1358.33,7,Watch,0,0,0
444,2024-10-31,11885.79,2377.44,38,Substandard,1,0,0
444,2024-11-30,11418.2,3268.18,68,Doubtful,1,1,0
444,2024-12-31,10634.8,3843.11,99,Loss,1,1,1
444,2025-01-31,10267.37,4834.01,130,Loss,1,1,1
444,2025-02-28,10267.37,6192.34,158,Loss,1,1,1
444,2025-03-31,10267.37,7550.67,189,Loss,1,1,1
444,2025-04-30,10267.37,8909.0,219,Loss,1,1,1
444,2025-05-31,10267.37,10267.33,250,Loss,1,1,1
445,2025-01-31,1618100.0,0.0,0,Normal,0,0,0
445,2025-02-28,1585077.55,0.0,0,Normal,0,0,0
445,2025-03-31,1552055.1,0.0,0,Normal,0,0,0
445,2025-04-30,1519032.65,0.0,0,Normal,0,0,0
445,2025-05-31,1486010.2,0.0,0,Normal,0,0,0
445,2025-06-30,1452987.75,0.0,0,Normal,0,0,0
445,2025-07-31,1419965.3,0.0,0,Normal,0,0,0
445,2025-08-31,1386942.85,0.0,0,Normal,0,0,0
445,2025-09-30,1353920.4,0.0,0,Normal,0,0,0
445,2025-10-31,1320897.95,0.0,0,Normal,0,0,0
445,2025-11-30,1287875.5,0.0,0,Normal,0,0,0
445,2025-12-31,1254853.05,0.0,0,Normal,0,0,0
445,2026-01-31,1221830.6,0.0,0,Normal,0,0,0
445,2026-02-28,1188808.15,0.0,0,Normal,0,0,0
445,2026-03-31,1155785.7,0.0,0,Normal,0,0,0
445,2026-04-30,1122763.25,0.0,0,Normal,0,0,0
445,2026-05-31,1089740.8,0.0,0,Normal,0,0,0
445,2026-06-30,1056718.35,0.0,0,Normal,0,0,0
445,2026-07-31,1023695.9,0.0,0,Normal,0,0,0
445,2026-08-31,990673.45,0.0,0,Normal,0,0,0
446,2026-03-31,28500.0,0.0,0,Normal,0,0,0
446,2026-04-30,26307.69,0.0,0,Normal,0,0,0
446,2026-05-31,24115.38,0.0,0,Normal,0,0,0
446,2026-06-30,21923.07,0.0,0,Normal,0,0,0
446,2026-07-31,19730.76,0.0,0,Normal,0,0,0
446,2026-08-31,17538.45,0.0,0,Normal,0,0,0
447,2025-07-31,28600.0,0.0,0,Normal,0,0,0
447,2025-08-31,22880.0,0.0,0,Normal,0,0,0
447,2025-09-30,17160.0,0.0,0,Normal,0,0,0
447,2025-10-31,11440.0,0.0,0,Normal,0,0,0
447,2025-11-30,11440.0,5720.0,24,Watch,0,0,0
447,2025-12-31,7576.62,7576.62,55,Substandard,1,0,0
448,2025-11-30,63300.0,0.0,0,Normal,0,0,0
448,2025-12-31,31650.0,0.0,0,Normal,0,0,0
448,2026-01-31,0.0,0.0,0,Normal,0,0,0
449,2023-09-30,25700.0,0.0,0,Normal,0,0,0
449,2023-10-31,21416.67,0.0,0,Normal,0,0,0
449,2023-11-30,17133.34,0.0,0,Normal,0,0,0
449,2023-12-31,12850.01,0.0,0,Normal,0,0,0
449,2024-01-31,8566.68,0.0,0,Normal,0,0,0
449,2024-02-29,4283.35,0.0,0,Normal,0,0,0
449,2024-03-31,0.02,0.0,0,Normal,0,0,0
450,2024-07-31,18600.0,0.0,0,Normal,0,0,0
450,2024-08-31,13950.0,0.0,0,Normal,0,0,0
450,2024-09-30,9300.0,0.0,0,Normal,0,0,0
450,2024-10-31,4650.0,0.0,0,Normal,0,0,0
450,2024-11-30,0.0,0.0,0,Normal,0,0,0
451,2024-09-30,12800.0,0.0,0,Normal,0,0,0
451,2024-10-31,8533.33,0.0,0,Normal,0,0,0
451,2024-11-30,7121.9,2855.24,13,Watch,0,0,0
451,2024-12-31,7121.9,7121.91,44,Substandard,1,0,0
452,2023-03-31,53200.0,0.0,0,Normal,0,0,0
452,2023-04-30,42560.0,0.0,0,Normal,0,0,0
452,2023-05-31,31920.0,0.0,0,Normal,0,0,0
452,2023-06-30,21280.0,0.0,0,Normal,0,0,0
452,2023-07-31,10640.0,0.0,0,Normal,0,0,0
452,2023-08-31,0.0,0.0,0,Normal,0,0,0
453,2025-02-28,13800.0,0.0,0,Normal,0,0,0
453,2025-03-31,6900.0,0.0,0,Normal,0,0,0
453,2025-04-30,0.0,0.0,0,Normal,0,0,0
454,2024-03-31,15300.0,0.0,0,Normal,0,0,0
454,2024-04-30,13114.29,0.0,0,Normal,0,0,0
454,2024-05-31,10928.58,0.0,0,Normal,0,0,0
454,2024-06-30,8742.87,0.0,0,Normal,0,0,0
454,2024-07-31,6557.16,0.0,0,Normal,0,0,0
454,2024-08-31,4371.45,0.0,0,Normal,0,0,0
454,2024-09-30,2185.74,0.0,0,Normal,0,0,0
454,2024-10-31,0.03,0.0,0,Normal,0,0,0
455,2024-09-30,13600.0,0.0,0,Normal,0,0,0
455,2024-10-31,9066.67,0.0,0,Normal,0,0,0
455,2024-11-30,4533.34,0.0,0,Normal,0,0,0
455,2024-12-31,0.01,0.0,0,Normal,0,0,0
456,2024-02-29,9200.0,0.0,0,Normal,0,0,0
456,2024-03-31,6900.0,0.0,0,Normal,0,0,0
456,2024-04-30,4600.0,0.0,0,Normal,0,0,0
456,2024-05-31,2300.0,0.0,0,Normal,0,0,0
456,2024-06-30,0.0,0.0,0,Normal,0,0,0
457,2026-03-31,62500.0,0.0,0,Normal,0,0,0
457,2026-04-30,41666.67,0.0,0,Normal,0,0,0
457,2026-05-31,20833.34,0.0,0,Normal,0,0,0
457,2026-06-30,0.01,0.0,0,Normal,0,0,0
458,2024-05-31,15400.0,0.0,0,Normal,0,0,0
458,2024-06-30,11550.0,0.0,0,Normal,0,0,0
458,2024-07-31,7700.0,0.0,0,Normal,0,0,0
458,2024-08-31,3850.0,0.0,0,Normal,0,0,0
458,2024-09-30,0.0,0.0,0,Normal,0,0,0
459,2024-04-30,31500.0,0.0,0,Normal,0,0,0
459,2024-05-31,21000.0,0.0,0,Normal,0,0,0
459,2024-06-30,10500.0,0.0,0,Normal,0,0,0
459,2024-07-31,0.0,0.0,0,Normal,0,0,0
460,2026-04-30,1457700.0,0.0,0,Normal,0,0,0
460,2026-05-31,1427951.02,0.0,0,Normal,0,0,0
460,2026-06-30,1398202.04,0.0,0,Normal,0,0,0
460,2026-07-31,1368453.06,0.0,0,Normal,0,0,0
460,2026-08-31,1338704.08,0.0,0,Normal,0,0,0
461,2026-04-30,87200.0,0.0,0,Normal,0,0,0
461,2026-05-31,0.0,0.0,0,Normal,0,0,0
462,2024-08-31,44800.0,0.0,0,Normal,0,0,0
462,2024-09-30,35840.0,0.0,0,Normal,0,0,0
462,2024-10-31,26880.0,0.0,0,Normal,0,0,0
462,2024-11-30,17920.0,0.0,0,Normal,0,0,0
462,2024-12-31,8960.0,0.0,0,Normal,0,0,0
462,2025-01-31,0.0,0.0,0,Normal,0,0,0
463,2026-03-31,24500.0,0.0,0,Normal,0,0,0
463,2026-04-30,21000.0,0.0,0,Normal,0,0,0
463,2026-05-31,17500.0,0.0,0,Normal,0,0,0
463,2026-06-30,14000.0,0.0,0,Normal,0,0,0
463,2026-07-31,10500.0,0.0,0,Normal,0,0,0
463,2026-08-31,7000.0,0.0,0,Normal,0,0,0
464,2024-05-31,300800.0,0.0,0,Normal,0,0,0
464,2024-06-30,294661.22,0.0,0,Normal,0,0,0
464,2024-07-31,288522.44,0.0,0,Normal,0,0,0
464,2024-08-31,282383.66,0.0,0,Normal,0,0,0
464,2024-09-30,276244.88,0.0,0,Normal,0,0,0
464,2024-10-31,270106.1,0.0,0,Normal,0,0,0
464,2024-11-30,263967.32,0.0,0,Normal,0,0,0
464,2024-12-31,257828.54,0.0,0,Normal,0,0,0
464,2025-01-31,251689.76,0.0,0,Normal,0,0,0
464,2025-02-28,245550.98,0.0,0,Normal,0,0,0
464,2025-03-31,239412.2,0.0,0,Normal,0,0,0
464,2025-04-30,233273.42,0.0,0,Normal,0,0,0
464,2025-05-31,227134.64,0.0,0,Normal,0,0,0
464,2025-06-30,220995.86,0.0,0,Normal,0,0,0
464,2025-07-31,214857.08,0.0,0,Normal,0,0,0
464,2025-08-31,208718.3,0.0,0,Normal,0,0,0
464,2025-09-30,202579.52,0.0,0,Normal,0,0,0
464,2025-10-31,196440.74,0.0,0,Normal,0,0,0
464,2025-11-30,194778.61,4476.65,9,Watch,0,0,0
464,2025-12-31,190628.81,6465.63,40,Substandard,1,0,0
464,2026-01-31,178024.4,0.0,0,Normal,0,0,0
464,2026-02-28,171885.62,0.0,0,Normal,0,0,0
464,2026-03-31,165746.84,0.0,0,Normal,0,0,0
464,2026-04-30,159608.06,0.0,0,Normal,0,0,0
464,2026-05-31,153469.28,0.0,0,Normal,0,0,0
464,2026-06-30,147330.5,0.0,0,Normal,0,0,0
464,2026-07-31,141191.72,0.0,0,Normal,0,0,0
464,2026-08-31,135052.94,0.0,0,Normal,0,0,0
465,2023-11-30,77500.0,0.0,0,Normal,0,0,0
465,2023-12-31,75285.71,0.0,0,Normal,0,0,0
465,2024-01-31,73071.42,0.0,0,Normal,0,0,0
465,2024-02-29,70857.13,0.0,0,Normal,0,0,0
465,2024-03-31,68642.84,0.0,0,Normal,0,0,0
465,2024-04-30,66428.55,0.0,0,Normal,0,0,0
465,2024-05-31,64214.26,0.0,0,Normal,0,0,0
465,2024-06-30,61999.97,0.0,0,Normal,0,0,0
465,2024-07-31,59785.68,0.0,0,Normal,0,0,0
465,2024-08-31,57571.39,0.0,0,Normal,0,0,0
465,2024-09-30,55357.1,0.0,0,Normal,0,0,0
465,2024-10-31,53142.81,0.0,0,Normal,0,0,0
465,2024-11-30,50928.52,0.0,0,Normal,0,0,0
465,2024-12-31,50928.52,2214.29,22,Watch,0,0,0
465,2025-01-31,50928.52,4428.58,53,Substandard,1,0,0
465,2025-02-28,44285.65,0.0,0,Normal,0,0,0
465,2025-03-31,42071.36,0.0,0,Normal,0,0,0
465,2025-04-30,39857.07,0.0,0,Normal,0,0,0
465,2025-05-31,37642.78,0.0,0,Normal,0,0,0
465,2025-06-30,35428.49,0.0,0,Normal,0,0,0
465,2025-07-31,33214.2,0.0,0,Normal,0,0,0
465,2025-08-31,30999.91,0.0,0,Normal,0,0,0
465,2025-09-30,28785.62,0.0,0,Normal,0,0,0
465,2025-10-31,26571.33,0.0,0,Normal,0,0,0
465,2025-11-30,24357.04,0.0,0,Normal,0,0,0
465,2025-12-31,22142.75,0.0,0,Normal,0,0,0
465,2026-01-31,19928.46,0.0,0,Normal,0,0,0
465,2026-02-28,17714.17,0.0,0,Normal,0,0,0
465,2026-03-31,15499.88,0.0,0,Normal,0,0,0
465,2026-04-30,13285.59,0.0,0,Normal,0,0,0
465,2026-05-31,11071.3,0.0,0,Normal,0,0,0
465,2026-06-30,8857.01,0.0,0,Normal,0,0,0
465,2026-07-31,6642.72,0.0,0,Normal,0,0,0
465,2026-08-31,4428.43,0.0,0,Normal,0,0,0
466,2026-04-30,31100.0,0.0,0,Normal,0,0,0
466,2026-05-31,24880.0,0.0,0,Normal,0,0,0
466,2026-06-30,18660.0,0.0,0,Normal,0,0,0
466,2026-07-31,12440.0,0.0,0,Normal,0,0,0
466,2026-08-31,6220.0,0.0,0,Normal,0,0,0
467,2026-07-31,42800.0,0.0,0,Normal,0,0,0
467,2026-08-31,34240.0,0.0,0,Normal,0,0,0
468,2022-02-28,52000.0,0.0,0,Normal,0,0,0
468,2022-03-31,39000.0,0.0,0,Normal,0,0,0
468,2022-04-30,26000.0,0.0,0,Normal,0,0,0
468,2022-05-31,26000.0,13000.0,10,Watch,0,0,0
468,2022-06-30,26000.0,26000.0,40,Substandard,1,0,0
469,2023-07-31,50500.0,0.0,0,Normal,0,0,0
469,2023-08-31,33666.67,0.0,0,Normal,0,0,0
469,2023-09-30,16833.34,0.0,0,Normal,0,0,0
469,2023-10-31,0.01,0.0,0,Normal,0,0,0
470,2026-07-31,33500.0,0.0,0,Normal,0,0,0
470,2026-08-31,28714.29,0.0,0,Normal,0,0,0
471,2026-07-31,2700.0,0.0,0,Normal,0,0,0
471,2026-08-31,1350.0,0.0,0,Normal,0,0,0
472,2022-12-31,3500.0,0.0,0,Normal,0,0,0
472,2023-01-31,1750.0,0.0,0,Normal,0,0,0
472,2023-02-28,0.0,0.0,0,Normal,0,0,0
473,2025-08-31,147700.0,0.0,0,Normal,0,0,0
473,2025-09-30,141545.83,0.0,0,Normal,0,0,0
473,2025-10-31,135391.66,0.0,0,Normal,0,0,0
473,2025-11-30,129237.49,0.0,0,Normal,0,0,0
473,2025-12-31,123083.32,0.0,0,Normal,0,0,0
473,2026-01-31,116929.15,0.0,0,Normal,0,0,0
473,2026-02-28,110774.98,0.0,0,Normal,0,0,0
473,2026-03-31,104620.81,0.0,0,Normal,0,0,0
473,2026-04-30,98466.64,0.0,0,Normal,0,0,0
473,2026-05-31,92312.47,0.0,0,Normal,0,0,0
473,2026-06-30,86158.3,0.0,0,Normal,0,0,0
473,2026-07-31,80004.13,0.0,0,Normal,0,0,0
473,2026-08-31,73849.96,0.0,0,Normal,0,0,0
474,2025-06-30,10000.0,0.0,0,Normal,0,0,0
474,2025-07-31,5000.0,0.0,0,Normal,0,0,0
474,2025-08-31,0.0,0.0,0,Normal,0,0,0
475,2022-01-31,10400.0,0.0,0,Normal,0,0,0
475,2022-02-28,8666.67,0.0,0,Normal,0,0,0
475,2022-03-31,6933.34,0.0,0,Normal,0,0,0
475,2022-04-30,5200.01,0.0,0,Normal,0,0,0
475,2022-05-31,3466.68,0.0,0,Normal,0,0,0
475,2022-06-30,1733.35,0.0,0,Normal,0,0,0
475,2022-07-31,0.02,0.0,0,Normal,0,0,0
476,2025-04-30,48500.0,0.0,0,Normal,0,0,0
476,2025-05-31,44769.23,0.0,0,Normal,0,0,0
476,2025-06-30,41038.46,0.0,0,Normal,0,0,0
476,2025-07-31,37307.69,0.0,0,Normal,0,0,0
476,2025-08-31,33576.92,0.0,0,Normal,0,0,0
476,2025-09-30,29846.15,0.0,0,Normal,0,0,0
476,2025-10-31,26115.38,0.0,0,Normal,0,0,0
476,2025-11-30,22384.61,0.0,0,Normal,0,0,0
476,2025-12-31,18653.84,0.0,0,Normal,0,0,0
476,2026-01-31,14923.07,0.0,0,Normal,0,0,0
476,2026-02-28,11192.3,0.0,0,Normal,0,0,0
476,2026-03-31,7461.53,0.0,0,Normal,0,0,0
476,2026-04-30,3730.76,0.0,0,Normal,0,0,0
476,2026-05-31,0.0,0.0,0,Normal,0,0,0
477,2025-03-31,39000.0,0.0,0,Normal,0,0,0
477,2025-04-30,35750.0,0.0,0,Normal,0,0,0
477,2025-05-31,32500.0,0.0,0,Normal,0,0,0
477,2025-06-30,29250.0,0.0,0,Normal,0,0,0
477,2025-07-31,26000.0,0.0,0,Normal,0,0,0
477,2025-08-31,26000.0,3250.0,28,Watch,0,0,0
477,2025-09-30,26000.0,6500.0,58,Substandard,1,0,0
477,2025-10-31,25072.98,8822.98,89,Doubtful,1,1,0
477,2025-11-30,25072.98,12072.98,119,Loss,1,1,1
477,2025-12-31,23314.7,13564.7,150,Loss,1,1,1
477,2026-01-31,23314.7,16814.7,181,Loss,1,1,1
477,2026-02-28,21846.08,18596.08,209,Loss,1,1,1
477,2026-03-31,21846.08,21846.08,240,Loss,1,1,1
478,2024-10-31,12200.0,0.0,0,Normal,0,0,0
478,2024-11-30,11183.33,0.0,0,Normal,0,0,0
478,2024-12-31,10166.66,0.0,0,Normal,0,0,0
478,2025-01-31,9149.99,0.0,0,Normal,0,0,0
478,2025-02-28,8133.32,0.0,0,Normal,0,0,0
478,2025-03-31,7116.65,0.0,0,Normal,0,0,0
478,2025-04-30,6099.98,0.0,0,Normal,0,0,0
478,2025-05-31,5083.31,0.0,0,Normal,0,0,0
478,2025-06-30,4066.64,0.0,0,Normal,0,0,0
478,2025-07-31,3049.97,0.0,0,Normal,0,0,0
478,2025-08-31,2033.3,0.0,0,Normal,0,0,0
478,2025-09-30,1016.63,0.0,0,Normal,0,0,0
478,2025-10-31,0.0,0.0,0,Normal,0,0,0
479,2024-01-31,12300.0,0.0,0,Normal,0,0,0
479,2024-02-29,11275.0,0.0,0,Normal,0,0,0
479,2024-03-31,10250.0,0.0,0,Normal,0,0,0
479,2024-04-30,9225.0,0.0,0,Normal,0,0,0
479,2024-05-31,8200.0,0.0,0,Normal,0,0,0
479,2024-06-30,7175.0,0.0,0,Normal,0,0,0
479,2024-07-31,6150.0,0.0,0,Normal,0,0,0
479,2024-08-31,5125.0,0.0,0,Normal,0,0,0
479,2024-09-30,4100.0,0.0,0,Normal,0,0,0
479,2024-10-31,3075.0,0.0,0,Normal,0,0,0
479,2024-11-30,2050.0,0.0,0,Normal,0,0,0
479,2024-12-31,1025.0,0.0,0,Normal,0,0,0
479,2025-01-31,0.0,0.0,0,Normal,0,0,0
480,2024-05-31,95600.0,0.0,0,Normal,0,0,0
480,2024-06-30,47800.0,0.0,0,Normal,0,0,0
480,2024-07-31,0.0,0.0,0,Normal,0,0,0
481,2024-12-31,478200.0,0.0,0,Normal,0,0,0
481,2025-01-31,470094.92,0.0,0,Normal,0,0,0
481,2025-02-28,461989.84,0.0,0,Normal,0,0,0
481,2025-03-31,453884.76,0.0,0,Normal,0,0,0
481,2025-04-30,445779.68,0.0,0,Normal,0,0,0
481,2025-05-31,437674.6,0.0,0,Normal,0,0,0
481,2025-06-30,429569.52,0.0,0,Normal,0,0,0
481,2025-07-31,421464.44,0.0,0,Normal,0,0,0
481,2025-08-31,413359.36,0.0,0,Normal,0,0,0
481,2025-09-30,405254.28,0.0,0,Normal,0,0,0
481,2025-10-31,397149.2,0.0,0,Normal,0,0,0
481,2025-11-30,389044.12,0.0,0,Normal,0,0,0
481,2025-12-31,389044.12,8105.08,22,Watch,0,0,0
481,2026-01-31,389044.12,16210.16,53,Substandard,1,0,0
481,2026-02-28,387403.07,22674.19,81,Doubtful,1,1,0
481,2026-03-31,387403.07,30779.27,112,Loss,1,1,1
481,2026-04-30,387403.07,38884.35,142,Loss,1,1,1
481,2026-05-31,382950.22,42536.58,173,Loss,1,1,1
481,2026-06-30,377960.14,45651.58,203,Loss,1,1,1
481,2026-07-31,375950.79,51747.31,234,Loss,1,1,1
481,2026-08-31,375950.79,59852.39,265,Loss,1,1,1
482,2024-05-31,9100.0,0.0,0,Normal,0,0,0
482,2024-06-30,6825.0,0.0,0,Normal,0,0,0
482,2024-07-31,4550.0,0.0,0,Normal,0,0,0
482,2024-08-31,2275.0,0.0,0,Normal,0,0,0
482,2024-09-30,0.0,0.0,0,Normal,0,0,0
483,2025-11-30,50300.0,0.0,0,Normal,0,0,0
483,2025-12-31,40240.0,0.0,0,Normal,0,0,0
483,2026-01-31,30180.0,0.0,0,Normal,0,0,0
483,2026-02-28,20120.0,0.0,0,Normal,0,0,0
483,2026-03-31,10060.0,0.0,0,Normal,0,0,0
483,2026-04-30,0.0,0.0,0,Normal,0,0,0
484,2023-09-30,35400.0,0.0,0,Normal,0,0,0
484,2023-10-31,32450.0,0.0,0,Normal,0,0,0
484,2023-11-30,29500.0,0.0,0,Normal,0,0,0
484,2023-12-31,26550.0,0.0,0,Normal,0,0,0
484,2024-01-31,23600.0,0.0,0,Normal,0,0,0
484,2024-02-29,20650.0,0.0,0,Normal,0,0,0
484,2024-03-31,17700.0,0.0,0,Normal,0,0,0
484,2024-04-30,14750.0,0.0,0,Normal,0,0,0
484,2024-05-31,11800.0,0.0,0,Normal,0,0,0
484,2024-06-30,8850.0,0.0,0,Normal,0,0,0
484,2024-07-31,5900.0,0.0,0,Normal,0,0,0
484,2024-08-31,2950.0,0.0,0,Normal,0,0,0
484,2024-09-30,0.0,0.0,0,Normal,0,0,0
485,2024-02-29,15300.0,0.0,0,Normal,0,0,0
485,2024-03-31,13114.29,0.0,0,Normal,0,0,0
485,2024-04-30,10928.58,0.0,0,Normal,0,0,0
485,2024-05-31,8742.87,0.0,0,Normal,0,0,0
485,2024-06-30,6557.16,0.0,0,Normal,0,0,0
485,2024-07-31,4371.45,0.0,0,Normal,0,0,0
485,2024-08-31,2185.74,0.0,0,Normal,0,0,0
485,2024-09-30,0.03,0.0,0,Normal,0,0,0
486,2026-08-31,29900.0,0.0,0,Normal,0,0,0
487,2023-01-31,55500.0,0.0,0,Normal,0,0,0
487,2023-02-28,27750.0,0.0,0,Normal,0,0,0
487,2023-03-31,0.0,0.0,0,Normal,0,0,0
488,2026-05-31,589900.0,0.0,0,Normal,0,0,0
488,2026-06-30,577861.22,0.0,0,Normal,0,0,0
488,2026-07-31,565822.44,0.0,0,Normal,0,0,0
488,2026-08-31,553783.66,0.0,0,Normal,0,0,0
489,2026-02-28,16400.0,0.0,0,Normal,0,0,0
489,2026-03-31,13666.67,0.0,0,Normal,0,0,0
489,2026-04-30,13666.67,2733.33,29,Watch,0,0,0
489,2026-05-31,12393.94,4193.93,60,Doubtful,1,1,0
489,2026-06-30,12393.94,6927.26,90,Loss,1,1,1
489,2026-07-31,2733.35,0.0,0,Normal,0,0,0
489,2026-08-31,0.02,0.0,0,Normal,0,0,0
490,2026-01-31,16800.0,0.0,0,Normal,0,0,0
490,2026-02-28,15272.73,0.0,0,Normal,0,0,0
490,2026-03-31,13745.46,0.0,0,Normal,0,0,0
490,2026-04-30,12218.19,0.0,0,Normal,0,0,0
490,2026-05-31,10690.92,0.0,0,Normal,0,0,0
490,2026-06-30,9163.65,0.0,0,Normal,0,0,0
490,2026-07-31,7636.38,0.0,0,Normal,0,0,0
490,2026-08-31,6109.11,0.0,0,Normal,0,0,0
491,2025-03-31,19900.0,0.0,0,Normal,0,0,0
491,2025-04-30,13266.67,0.0,0,Normal,0,0,0
491,2025-05-31,6633.34,0.0,0,Normal,0,0,0
491,2025-06-30,0.01,0.0,0,Normal,0,0,0
492,2026-06-30,15400.0,0.0,0,Normal,0,0,0
492,2026-07-31,10266.67,0.0,0,Normal,0,0,0
492,2026-08-31,5133.34,0.0,0,Normal,0,0,0
493,2023-01-31,20700.0,0.0,0,Normal,0,0,0
493,2023-02-28,16560.0,0.0,0,Normal,0,0,0
493,2023-03-31,12420.0,0.0,0,Normal,0,0,0
493,2023-04-30,8280.0,0.0,0,Normal,0,0,0
493,2023-05-31,4140.0,0.0,0,Normal,0,0,0
493,2023-06-30,0.0,0.0,0,Normal,0,0,0
494,2023-03-31,12500.0,0.0,0,Normal,0,0,0
494,2023-04-30,11956.52,0.0,0,Normal,0,0,0
494,2023-05-31,11413.04,0.0,0,Normal,0,0,0
494,2023-06-30,10869.56,0.0,0,Normal,0,0,0
494,2023-07-31,10326.08,0.0,0,Normal,0,0,0
494,2023-08-31,9782.6,0.0,0,Normal,0,0,0
494,2023-09-30,9239.12,0.0,0,Normal,0,0,0
494,2023-10-31,8695.64,0.0,0,Normal,0,0,0
494,2023-11-30,8152.16,0.0,0,Normal,0,0,0
494,2023-12-31,7608.68,0.0,0,Normal,0,0,0
494,2024-01-31,7065.2,0.0,0,Normal,0,0,0
494,2024-02-29,6521.72,0.0,0,Normal,0,0,0
494,2024-03-31,5978.24,0.0,0,Normal,0,0,0
494,2024-04-30,5434.76,0.0,0,Normal,0,0,0
494,2024-05-31,4891.28,0.0,0,Normal,0,0,0
494,2024-06-30,4347.8,0.0,0,Normal,0,0,0
494,2024-07-31,3804.32,0.0,0,Normal,0,0,0
494,2024-08-31,3260.84,0.0,0,Normal,0,0,0
494,2024-09-30,2717.36,0.0,0,Normal,0,0,0
494,2024-10-31,2173.88,0.0,0,Normal,0,0,0
494,2024-11-30,1630.4,0.0,0,Normal,0,0,0
494,2024-12-31,1086.92,0.0,0,Normal,0,0,0
494,2025-01-31,543.44,0.0,0,Normal,0,0,0
494,2025-02-28,0.0,0.0,0,Normal,0,0,0
495,2026-07-31,18700.0,0.0,0,Normal,0,0,0
495,2026-08-31,17141.67,0.0,0,Normal,0,0,0
496,2025-07-31,20800.0,0.0,0,Normal,0,0,0
496,2025-08-31,13866.67,0.0,0,Normal,0,0,0
496,2025-09-30,6933.34,0.0,0,Normal,0,0,0
496,2025-10-31,0.01,0.0,0,Normal,0,0,0
497,2025-11-30,109300.0,0.0,0,Normal,0,0,0
497,2025-12-31,107508.2,0.0,0,Normal,0,0,0
497,2026-01-31,105716.4,0.0,0,Normal,0,0,0
497,2026-02-28,103924.6,0.0,0,Normal,0,0,0
497,2026-03-31,102132.8,0.0,0,Normal,0,0,0
497,2026-04-30,100341.0,0.0,0,Normal,0,0,0
497,2026-05-31,98549.2,0.0,0,Normal,0,0,0
497,2026-06-30,96757.4,0.0,0,Normal,0,0,0
497,2026-07-31,94965.6,0.0,0,Normal,0,0,0
497,2026-08-31,93173.8,0.0,0,Normal,0,0,0
498,2026-04-30,54100.0,0.0,0,Normal,0,0,0
498,2026-05-31,49591.67,0.0,0,Normal,0,0,0
498,2026-06-30,45083.34,0.0,0,Normal,0,0,0
498,2026-07-31,40575.01,0.0,0,Normal,0,0,0
498,2026-08-31,36066.68,0.0,0,Normal,0,0,0
499,2024-10-31,17900.0,0.0,0,Normal,0,0,0
499,2024-11-30,14916.67,0.0,0,Normal,0,0,0
499,2024-12-31,11933.34,0.0,0,Normal,0,0,0
499,2025-01-31,10317.34,1367.33,21,Watch,0,0,0
499,2025-02-28,8797.52,2830.84,49,Substandard,1,0,0
499,2025-03-31,8797.52,5814.17,80,Doubtful,1,1,0
499,2025-04-30,8797.52,8797.5,110,Loss,1,1,1
500,2024-01-31,23100.0,0.0,0,Normal,0,0,0
500,2024-02-29,18480.0,0.0,0,Normal,0,0,0
500,2024-03-31,13860.0,0.0,0,Normal,0,0,0
500,2024-04-30,9240.0,0.0,0,Normal,0,0,0
500,2024-05-31,4620.0,0.0,0,Normal,0,0,0
500,2024-06-30,0.0,0.0,0,Normal,0,0,0
501,2026-08-31,19500.0,0.0,0,Normal,0,0,0
502,2026-07-31,16000.0,0.0,0,Normal,0,0,0
502,2026-08-31,14666.67,0.0,0,Normal,0,0,0
503,2024-10-31,100000.0,0.0,0,Normal,0,0,0
503,2024-11-30,98360.66,0.0,0,Normal,0,0,0
503,2024-12-31,96721.32,0.0,0,Normal,0,0,0
503,2025-01-31,95081.98,0.0,0,Normal,0,0,0
503,2025-02-28,93442.64,0.0,0,Normal,0,0,0
503,2025-03-31,91803.3,0.0,0,Normal,0,0,0
503,2025-04-30,90163.96,0.0,0,Normal,0,0,0
503,2025-05-31,88524.62,0.0,0,Normal,0,0,0
503,2025-06-30,86885.28,0.0,0,Normal,0,0,0
503,2025-07-31,85245.94,0.0,0,Normal,0,0,0
503,2025-08-31,83606.6,0.0,0,Normal,0,0,0
503,2025-09-30,81967.26,0.0,0,Normal,0,0,0
503,2025-10-31,80327.92,0.0,0,Normal,0,0,0
503,2025-11-30,78688.58,0.0,0,Normal,0,0,0
503,2025-12-31,77049.24,0.0,0,Normal,0,0,0
503,2026-01-31,75409.9,0.0,0,Normal,0,0,0
503,2026-02-28,73770.56,0.0,0,Normal,0,0,0
503,2026-03-31,72131.22,0.0,0,Normal,0,0,0
503,2026-04-30,70491.88,0.0,0,Normal,0,0,0
503,2026-05-31,68852.54,0.0,0,Normal,0,0,0
503,2026-06-30,67213.2,0.0,0,Normal,0,0,0
503,2026-07-31,65573.86,0.0,0,Normal,0,0,0
503,2026-08-31,63934.52,0.0,0,Normal,0,0,0
504,2026-06-30,5800.0,0.0,0,Normal,0,0,0
504,2026-07-31,4640.0,0.0,0,Normal,0,0,0
504,2026-08-31,3480.0,0.0,0,Normal,0,0,0
505,2024-01-31,13800.0,0.0,0,Normal,0,0,0
505,2024-02-29,9200.0,0.0,0,Normal,0,0,0
505,2024-03-31,9200.0,4600.0,10,Watch,0,0,0
505,2024-04-30,9200.0,9200.0,40,Substandard,1,0,0
506,2025-12-31,12200.0,0.0,0,Normal,0,0,0
506,2026-01-31,8133.33,0.0,0,Normal,0,0,0
506,2026-02-28,4066.66,0.0,0,Normal,0,0,0
506,2026-03-31,0.0,0.0,0,Normal,0,0,0
507,2026-01-31,11300.0,0.0,0,Normal,0,0,0
507,2026-02-28,9416.67,0.0,0,Normal,0,0,0
507,2026-03-31,7533.34,0.0,0,Normal,0,0,0
507,2026-04-30,5650.01,0.0,0,Normal,0,0,0
507,2026-05-31,3766.68,0.0,0,Normal,0,0,0
507,2026-06-30,1883.35,0.0,0,Normal,0,0,0
507,2026-07-31,0.02,0.0,0,Normal,0,0,0
508,2024-02-29,99100.0,0.0,0,Normal,0,0,0
508,2024-03-31,94970.83,0.0,0,Normal,0,0,0
508,2024-04-30,90841.66,0.0,0,Normal,0,0,0
508,2024-05-31,86712.49,0.0,0,Normal,0,0,0
508,2024-06-30,82583.32,0.0,0,Normal,0,0,0
508,2024-07-31,78454.15,0.0,0,Normal,0,0,0
508,2024-08-31,74324.98,0.0,0,Normal,0,0,0
508,2024-09-30,70195.81,0.0,0,Normal,0,0,0
508,2024-10-31,66066.64,0.0,0,Normal,0,0,0
508,2024-11-30,61937.47,0.0,0,Normal,0,0,0
508,2024-12-31,57808.3,0.0,0,Normal,0,0,0
508,2025-01-31,53679.13,0.0,0,Normal,0,0,0
508,2025-02-28,49549.96,0.0,0,Normal,0,0,0
508,2025-03-31,45420.79,0.0,0,Normal,0,0,0
508,2025-04-30,41291.62,0.0,0,Normal,0,0,0
508,2025-05-31,37162.45,0.0,0,Normal,0,0,0
508,2025-06-30,33033.28,0.0,0,Normal,0,0,0
508,2025-07-31,28904.11,0.0,0,Normal,0,0,0
508,2025-08-31,24774.94,0.0,0,Normal,0,0,0
508,2025-09-30,20645.77,0.0,0,Normal,0,0,0
508,2025-10-31,16516.6,0.0,0,Normal,0,0,0
508,2025-11-30,12387.43,0.0,0,Normal,0,0,0
508,2025-12-31,8258.26,0.0,0,Normal,0,0,0
508,2026-01-31,4129.09,0.0,0,Normal,0,0,0
508,2026-02-28,0.0,0.0,0,Normal,0,0,0
509,2026-02-28,20500.0,0.0,0,Normal,0,0,0
509,2026-03-31,16400.0,0.0,0,Normal,0,0,0
509,2026-04-30,12300.0,0.0,0,Normal,0,0,0
509,2026-05-31,8200.0,0.0,0,Normal,0,0,0
509,2026-06-30,4100.0,0.0,0,Normal,0,0,0
509,2026-07-31,0.0,0.0,0,Normal,0,0,0
510,2026-03-31,21400.0,0.0,0,Normal,0,0,0
510,2026-04-30,17120.0,0.0,0,Normal,0,0,0
510,2026-05-31,12840.0,0.0,0,Normal,0,0,0
510,2026-06-30,8560.0,0.0,0,Normal,0,0,0
510,2026-07-31,4280.0,0.0,0,Normal,0,0,0
510,2026-08-31,0.0,0.0,0,Normal,0,0,0
511,2022-07-31,30500.0,0.0,0,Normal,0,0,0
511,2022-08-31,25416.67,0.0,0,Normal,0,0,0
511,2022-09-30,20333.34,0.0,0,Normal,0,0,0
511,2022-10-31,18865.7,3615.69,13,Watch,0,0,0
511,2022-11-30,17687.21,7520.53,43,Substandard,1,0,0
511,2022-12-31,15457.45,10374.1,74,Doubtful,1,1,0
511,2023-01-31,15457.45,15457.43,105,Loss,1,1,1
512,2026-02-28,30600.0,0.0,0,Normal,0,0,0
512,2026-03-31,28050.0,0.0,0,Normal,0,0,0
512,2026-04-30,25500.0,0.0,0,Normal,0,0,0
512,2026-05-31,22950.0,0.0,0,Normal,0,0,0
512,2026-06-30,20400.0,0.0,0,Normal,0,0,0
512,2026-07-31,17850.0,0.0,0,Normal,0,0,0
512,2026-08-31,15300.0,0.0,0,Normal,0,0,0
513,2023-05-31,320600.0,0.0,0,Normal,0,0,0
513,2023-06-30,315256.67,0.0,0,Normal,0,0,0
513,2023-07-31,309913.34,0.0,0,Normal,0,0,0
513,2023-08-31,304570.01,0.0,0,Normal,0,0,0
513,2023-09-30,299226.68,0.0,0,Normal,0,0,0
513,2023-10-31,293883.35,0.0,0,Normal,0,0,0
513,2023-11-30,288540.02,0.0,0,Normal,0,0,0
513,2023-12-31,283196.69,0.0,0,Normal,0,0,0
513,2024-01-31,277853.36,0.0,0,Normal,0,0,0
513,2024-02-29,272510.03,0.0,0,Normal,0,0,0
513,2024-03-31,267166.7,0.0,0,Normal,0,0,0
513,2024-04-30,261823.37,0.0,0,Normal,0,0,0
513,2024-05-31,256480.04,0.0,0,Normal,0,0,0
513,2024-06-30,251136.71,0.0,0,Normal,0,0,0
513,2024-07-31,245793.38,0.0,0,Normal,0,0,0
513,2024-08-31,240450.05,0.0,0,Normal,0,0,0
513,2024-09-30,235106.72,0.0,0,Normal,0,0,0
513,2024-10-31,229763.39,0.0,0,Normal,0,0,0
513,2024-11-30,224420.06,0.0,0,Normal,0,0,0
513,2024-12-31,219076.73,0.0,0,Normal,0,0,0
513,2025-01-31,213733.4,0.0,0,Normal,0,0,0
513,2025-02-28,208390.07,0.0,0,Normal,0,0,0
513,2025-03-31,203046.74,0.0,0,Normal,0,0,0
513,2025-04-30,197703.41,0.0,0,Normal,0,0,0
513,2025-05-31,192360.08,0.0,0,Normal,0,0,0
513,2025-06-30,187016.75,0.0,0,Normal,0,0,0
513,2025-07-31,181673.42,0.0,0,Normal,0,0,0
513,2025-08-31,176330.09,0.0,0,Normal,0,0,0
513,2025-09-30,170986.76,0.0,0,Normal,0,0,0
513,2025-10-31,165643.43,0.0,0,Normal,0,0,0
513,2025-11-30,160300.1,0.0,0,Normal,0,0,0
513,2025-12-31,154956.77,0.0,0,Normal,0,0,0
513,2026-01-31,149613.44,0.0,0,Normal,0,0,0
513,2026-02-28,144270.11,0.0,0,Normal,0,0,0
513,2026-03-31,144270.11,5343.33,3,Watch,0,0,0
513,2026-04-30,144270.11,10686.66,33,Substandard,1,0,0
513,2026-05-31,144270.11,16029.99,64,Doubtful,1,1,0
513,2026-06-30,122896.79,0.0,0,Normal,0,0,0
513,2026-07-31,117553.46,0.0,0,Normal,0,0,0
513,2026-08-31,112210.13,0.0,0,Normal,0,0,0
514,2025-11-30,66400.0,0.0,0,Normal,0,0,0
514,2025-12-31,33200.0,0.0,0,Normal,0,0,0
514,2026-01-31,0.0,0.0,0,Normal,0,0,0
515,2026-01-31,18300.0,0.0,0,Normal,0,0,0
515,2026-02-28,16775.0,0.0,0,Normal,0,0,0
515,2026-03-31,15250.0,0.0,0,Normal,0,0,0
515,2026-04-30,13725.0,0.0,0,Normal,0,0,0
515,2026-05-31,12200.0,0.0,0,Normal,0,0,0
515,2026-06-30,10675.0,0.0,0,Normal,0,0,0
515,2026-07-31,9150.0,0.0,0,Normal,0,0,0
515,2026-08-31,7625.0,0.0,0,Normal,0,0,0
516,2024-05-31,73700.0,0.0,0,Normal,0,0,0
516,2024-06-30,36850.0,0.0,0,Normal,0,0,0
516,2024-07-31,0.0,0.0,0,Normal,0,0,0
517,2024-08-31,19300.0,0.0,0,Normal,0,0,0
517,2024-09-30,14475.0,0.0,0,Normal,0,0,0
517,2024-10-31,9650.0,0.0,0,Normal,0,0,0
517,2024-11-30,8417.14,3592.14,6,Watch,0,0,0
517,2024-12-31,8417.14,8417.14,37,Substandard,1,0,0
518,2024-05-31,7400.0,0.0,0,Normal,0,0,0
518,2024-06-30,5550.0,0.0,0,Normal,0,0,0
518,2024-07-31,5550.0,1850.0,30,Substandard,1,0,0
518,2024-08-31,4374.58,2524.58,61,Doubtful,1,1,0
518,2024-09-30,4374.58,4374.58,91,Loss,1,1,1
519,2024-08-31,25700.0,0.0,0,Normal,0,0,0
519,2024-09-30,23363.64,0.0,0,Normal,0,0,0
519,2024-10-31,21027.28,0.0,0,Normal,0,0,0
519,2024-11-30,18690.92,0.0,0,Normal,0,0,0
519,2024-12-31,16354.56,0.0,0,Normal,0,0,0
519,2025-01-31,14018.2,0.0,0,Normal,0,0,0
519,2025-02-28,11681.84,0.0,0,Normal,0,0,0
519,2025-03-31,9345.48,0.0,0,Normal,0,0,0
519,2025-04-30,7009.12,0.0,0,Normal,0,0,0
519,2025-05-31,4672.76,0.0,0,Normal,0,0,0
519,2025-06-30,2336.4,0.0,0,Normal,0,0,0
519,2025-07-31,0.04,0.0,0,Normal,0,0,0
520,2024-06-30,96200.0,0.0,0,Normal,0,0,0
520,2024-07-31,0.0,0.0,0,Normal,0,0,0
521,2025-06-30,27200.0,0.0,0,Normal,0,0,0
521,2025-07-31,24933.33,0.0,0,Normal,0,0,0
521,2025-08-31,22666.66,0.0,0,Normal,0,0,0
521,2025-09-30,20399.99,0.0,0,Normal,0,0,0
521,2025-10-31,18133.32,0.0,0,Normal,0,0,0
521,2025-11-30,15866.65,0.0,0,Normal,0,0,0
521,2025-12-31,13599.98,0.0,0,Normal,0,0,0
521,2026-01-31,11333.31,0.0,0,Normal,0,0,0
521,2026-02-28,9066.64,0.0,0,Normal,0,0,0
521,2026-03-31,6799.97,0.0,0,Normal,0,0,0
521,2026-04-30,4533.3,0.0,0,Normal,0,0,0
521,2026-05-31,2266.63,0.0,0,Normal,0,0,0
521,2026-06-30,0.0,0.0,0,Normal,0,0,0
522,2026-03-31,27800.0,0.0,0,Normal,0,0,0
522,2026-04-30,25272.73,0.0,0,Normal,0,0,0
522,2026-05-31,22745.46,0.0,0,Normal,0,0,0
522,2026-06-30,20218.19,0.0,0,Normal,0,0,0
522,2026-07-31,17690.92,0.0,0,Normal,0,0,0
522,2026-08-31,15163.65,0.0,0,Normal,0,0,0
523,2023-08-31,39300.0,0.0,0,Normal,0,0,0
523,2023-09-30,26200.0,0.0,0,Normal,0,0,0
523,2023-10-31,20093.01,6993.01,6,Watch,0,0,0
523,2023-11-30,13710.44,13710.44,36,Substandard,1,0,0
524,2026-07-31,14300.0,0.0,0,Normal,0,0,0
524,2026-08-31,13000.0,0.0,0,Normal,0,0,0
525,2022-05-31,441800.0,0.0,0,Normal,0,0,0
525,2022-06-30,429527.78,0.0,0,Normal,0,0,0
525,2022-07-31,417255.56,0.0,0,Normal,0,0,0
525,2022-08-31,404983.34,0.0,0,Normal,0,0,0
525,2022-09-30,392711.12,0.0,0,Normal,0,0,0
525,2022-10-31,380438.9,0.0,0,Normal,0,0,0
525,2022-11-30,368166.68,0.0,0,Normal,0,0,0
525,2022-12-31,355894.46,0.0,0,Normal,0,0,0
525,2023-01-31,343622.24,0.0,0,Normal,0,0,0
525,2023-02-28,331350.02,0.0,0,Normal,0,0,0
525,2023-03-31,319077.8,0.0,0,Normal,0,0,0
525,2023-04-30,306805.58,0.0,0,Normal,0,0,0
525,2023-05-31,294533.36,0.0,0,Normal,0,0,0
525,2023-06-30,282261.14,0.0,0,Normal,0,0,0
525,2023-07-31,269988.92,0.0,0,Normal,0,0,0
525,2023-08-31,257716.7,0.0,0,Normal,0,0,0
525,2023-09-30,245444.48,0.0,0,Normal,0,0,0
525,2023-10-31,233172.26,0.0,0,Normal,0,0,0
525,2023-11-30,220900.04,0.0,0,Normal,0,0,0
525,2023-12-31,208627.82,0.0,0,Normal,0,0,0
525,2024-01-31,196355.6,0.0,0,Normal,0,0,0
525,2024-02-29,184083.38,0.0,0,Normal,0,0,0
525,2024-03-31,171811.16,0.0,0,Normal,0,0,0
525,2024-04-30,159538.94,0.0,0,Normal,0,0,0
525,2024-05-31,147266.72,0.0,0,Normal,0,0,0
525,2024-06-30,134994.5,0.0,0,Normal,0,0,0
525,2024-07-31,122722.28,0.0,0,Normal,0,0,0
525,2024-08-31,110450.06,0.0,0,Normal,0,0,0
525,2024-09-30,98177.84,0.0,0,Normal,0,0,0
525,2024-10-31,85905.62,0.0,0,Normal,0,0,0
525,2024-11-30,73633.4,0.0,0,Normal,0,0,0
525,2024-12-31,61361.18,0.0,0,Normal,0,0,0
525,2025-01-31,49088.96,0.0,0,Normal,0,0,0
525,2025-02-28,36816.74,0.0,0,Normal,0,0,0
525,2025-03-31,24544.52,0.0,0,Normal,0,0,0
525,2025-04-30,12272.3,0.0,0,Normal,0,0,0
525,2025-05-31,0.08,0.0,0,Normal,0,0,0
526,2026-04-30,17600.0,0.0,0,Normal,0,0,0
526,2026-05-31,13200.0,0.0,0,Normal,0,0,0
526,2026-06-30,8800.0,0.0,0,Normal,0,0,0
526,2026-07-31,4400.0,0.0,0,Normal,0,0,0
526,2026-08-31,0.0,0.0,0,Normal,0,0,0
527,2023-05-31,58600.0,0.0,0,Normal,0,0,0
527,2023-06-30,0.0,0.0,0,Normal,0,0,0
528,2022-05-31,16400.0,0.0,0,Normal,0,0,0
528,2022-06-30,12300.0,0.0,0,Normal,0,0,0
528,2022-07-31,8200.0,0.0,0,Normal,0,0,0
528,2022-08-31,4100.0,0.0,0,Normal,0,0,0
528,2022-09-30,0.0,0.0,0,Normal,0,0,0
529,2026-02-28,131700.0,0.0,0,Normal,0,0,0
529,2026-03-31,129540.98,0.0,0,Normal,0,0,0
529,2026-04-30,127381.96,0.0,0,Normal,0,0,0
529,2026-05-31,125222.94,0.0,0,Normal,0,0,0
529,2026-06-30,123063.92,0.0,0,Normal,0,0,0
529,2026-07-31,120904.9,0.0,0,Normal,0,0,0
529,2026-08-31,118745.88,0.0,0,Normal,0,0,0
530,2022-10-31,9400.0,0.0,0,Normal,0,0,0
530,2022-11-30,4700.0,0.0,0,Normal,0,0,0
530,2022-12-31,0.0,0.0,0,Normal,0,0,0
531,2023-12-31,13800.0,0.0,0,Normal,0,0,0
531,2024-01-31,0.0,0.0,0,Normal,0,0,0
532,2026-01-31,20400.0,0.0,0,Normal,0,0,0
532,2026-02-28,18830.77,0.0,0,Normal,0,0,0
532,2026-03-31,17261.54,0.0,0,Normal,0,0,0
532,2026-04-30,15692.31,0.0,0,Normal,0,0,0
532,2026-05-31,14123.08,0.0,0,Normal,0,0,0
532,2026-06-30,12553.85,0.0,0,Normal,0,0,0
532,2026-07-31,10984.62,0.0,0,Normal,0,0,0
532,2026-08-31,9415.39,0.0,0,Normal,0,0,0
533,2026-03-31,11900.0,0.0,0,Normal,0,0,0
533,2026-04-30,10984.62,0.0,0,Normal,0,0,0
533,2026-05-31,10672.34,603.1,17,Watch,0,0,0
533,2026-06-30,10672.34,1518.48,47,Substandard,1,0,0
533,2026-07-31,10672.34,2433.86,78,Doubtful,1,1,0
533,2026-08-31,10672.34,3349.24,109,Loss,1,1,1
534,2022-09-30,9600.0,0.0,0,Normal,0,0,0
534,2022-10-31,6400.0,0.0,0,Normal,0,0,0
534,2022-11-30,3200.0,0.0,0,Normal,0,0,0
534,2022-12-31,0.0,0.0,0,Normal,0,0,0
535,2022-01-31,335600.0,0.0,0,Normal,0,0,0
535,2022-02-28,329911.86,0.0,0,Normal,0,0,0
535,2022-03-31,324223.72,0.0,0,Normal,0,0,0
535,2022-04-30,318535.58,0.0,0,Normal,0,0,0
535,2022-05-31,312847.44,0.0,0,Normal,0,0,0
535,2022-06-30,307159.3,0.0,0,Normal,0,0,0
535,2022-07-31,301471.16,0.0,0,Normal,0,0,0
535,2022-08-31,295783.02,0.0,0,Normal,0,0,0
535,2022-09-30,290094.88,0.0,0,Normal,0,0,0
535,2022-10-31,284406.74,0.0,0,Normal,0,0,0
535,2022-11-30,278718.6,0.0,0,Normal,0,0,0
535,2022-12-31,273030.46,0.0,0,Normal,0,0,0
535,2023-01-31,267342.32,0.0,0,Normal,0,0,0
535,2023-02-28,261654.18,0.0,0,Normal,0,0,0
535,2023-03-31,255966.04,0.0,0,Normal,0,0,0
535,2023-04-30,250277.9,0.0,0,Normal,0,0,0
535,2023-05-31,244589.76,0.0,0,Normal,0,0,0
535,2023-06-30,238901.62,0.0,0,Normal,0,0,0
535,2023-07-31,233213.48,0.0,0,Normal,0,0,0
535,2023-08-31,227525.34,0.0,0,Normal,0,0,0
535,2023-09-30,221837.2,0.0,0,Normal,0,0,0
535,2023-10-31,216149.06,0.0,0,Normal,0,0,0
535,2023-11-30,210460.92,0.0,0,Normal,0,0,0
535,2023-12-31,204772.78,0.0,0,Normal,0,0,0
535,2024-01-31,199084.64,0.0,0,Normal,0,0,0
535,2024-02-29,193396.5,0.0,0,Normal,0,0,0
535,2024-03-31,187708.36,0.0,0,Normal,0,0,0
535,2024-04-30,186211.73,4191.51,2,Watch,0,0,0
535,2024-05-31,184732.02,8399.94,33,Substandard,1,0,0
535,2024-06-30,183358.43,12714.49,63,Doubtful,1,1,0
535,2024-07-31,181655.75,16699.95,94,Loss,1,1,1
535,2024-08-31,159267.66,0.0,0,Normal,0,0,0
535,2024-09-30,153579.52,0.0,0,Normal,0,0,0
535,2024-10-31,147891.38,0.0,0,Normal,0,0,0
535,2024-11-30,142203.24,0.0,0,Normal,0,0,0
535,2024-12-31,136515.1,0.0,0,Normal,0,0,0
535,2025-01-31,130826.96,0.0,0,Normal,0,0,0
535,2025-02-28,125138.82,0.0,0,Normal,0,0,0
535,2025-03-31,119450.68,0.0,0,Normal,0,0,0
535,2025-04-30,113762.54,0.0,0,Normal,0,0,0
535,2025-05-31,108074.4,0.0,0,Normal,0,0,0
535,2025-06-30,102386.26,0.0,0,Normal,0,0,0
535,2025-07-31,96698.12,0.0,0,Normal,0,0,0
535,2025-08-31,91009.98,0.0,0,Normal,0,0,0
535,2025-09-30,85321.84,0.0,0,Normal,0,0,0
535,2025-10-31,79633.7,0.0,0,Normal,0,0,0
535,2025-11-30,73945.56,0.0,0,Normal,0,0,0
535,2025-12-31,68257.42,0.0,0,Normal,0,0,0
535,2026-01-31,62569.28,0.0,0,Normal,0,0,0
535,2026-02-28,56881.14,0.0,0,Normal,0,0,0
535,2026-03-31,51193.0,0.0,0,Normal,0,0,0
535,2026-04-30,45504.86,0.0,0,Normal,0,0,0
535,2026-05-31,39816.72,0.0,0,Normal,0,0,0
535,2026-06-30,34128.58,0.0,0,Normal,0,0,0
535,2026-07-31,28440.44,0.0,0,Normal,0,0,0
535,2026-08-31,22752.3,0.0,0,Normal,0,0,0
536,2024-12-31,366600.0,0.0,0,Normal,0,0,0
536,2025-01-31,358962.5,0.0,0,Normal,0,0,0
536,2025-02-28,351325.0,0.0,0,Normal,0,0,0
536,2025-03-31,343687.5,0.0,0,Normal,0,0,0
536,2025-04-30,336050.0,0.0,0,Normal,0,0,0
536,2025-05-31,328412.5,0.0,0,Normal,0,0,0
536,2025-06-30,320775.0,0.0,0,Normal,0,0,0
536,2025-07-31,313137.5,0.0,0,Normal,0,0,0
536,2025-08-31,305500.0,0.0,0,Normal,0,0,0
536,2025-09-30,305500.0,7637.5,16,Watch,0,0,0
536,2025-10-31,303392.64,13167.64,47,Substandard,1,0,0
536,2025-11-30,303392.64,20805.14,77,Doubtful,1,1,0
536,2025-12-31,303392.64,28442.64,108,Loss,1,1,1
536,2026-01-31,303392.64,36080.14,139,Loss,1,1,1
536,2026-02-28,299115.61,39440.61,167,Loss,1,1,1
536,2026-03-31,297431.65,45394.15,198,Loss,1,1,1
536,2026-04-30,297431.65,53031.65,228,Loss,1,1,1
536,2026-05-31,297431.65,60669.15,259,Loss,1,1,1
536,2026-06-30,297431.65,68306.65,289,Loss,1,1,1
536,2026-07-31,293263.73,71776.23,320,Loss,1,1,1
536,2026-08-31,290878.41,77028.41,351,Loss,1,1,1
537,2025-09-30,42700.0,0.0,0,Normal,0,0,0
537,2025-10-31,35583.33,0.0,0,Normal,0,0,0
537,2025-11-30,28466.66,0.0,0,Normal,0,0,0
537,2025-12-31,21349.99,0.0,0,Normal,0,0,0
537,2026-01-31,14233.32,0.0,0,Normal,0,0,0
537,2026-02-28,7116.65,0.0,0,Normal,0,0,0
537,2026-03-31,0.0,0.0,0,Normal,0,0,0
538,2024-05-31,81600.0,0.0,0,Normal,0,0,0
538,2024-06-30,54400.0,0.0,0,Normal,0,0,0
538,2024-07-31,54400.0,27200.0,29,Watch,0,0,0
538,2024-08-31,54400.0,54400.0,60,Doubtful,1,1,0
539,2025-05-31,37500.0,0.0,0,Normal,0,0,0
539,2025-06-30,25000.0,0.0,0,Normal,0,0,0
539,2025-07-31,12500.0,0.0,0,Normal,0,0,0
539,2025-08-31,0.0,0.0,0,Normal,0,0,0
540,2026-04-30,22400.0,0.0,0,Normal,0,0,0
540,2026-05-31,18666.67,0.0,0,Normal,0,0,0
540,2026-06-30,14933.34,0.0,0,Normal,0,0,0
540,2026-07-31,11200.01,0.0,0,Normal,0,0,0
540,2026-08-31,7466.68,0.0,0,Normal,0,0,0
541,2024-06-30,18300.0,0.0,0,Normal,0,0,0
541,2024-07-31,13725.0,0.0,0,Normal,0,0,0
541,2024-08-31,9150.0,0.0,0,Normal,0,0,0
541,2024-09-30,4575.0,0.0,0,Normal,0,0,0
541,2024-10-31,0.0,0.0,0,Normal,0,0,0
542,2023-06-30,16700.0,0.0,0,Normal,0,0,0
542,2023-07-31,11133.33,0.0,0,Normal,0,0,0
542,2023-08-31,5566.66,0.0,0,Normal,0,0,0
542,2023-09-30,0.0,0.0,0,Normal,0,0,0
543,2026-06-30,24700.0,0.0,0,Normal,0,0,0
543,2026-07-31,22454.55,0.0,0,Normal,0,0,0
543,2026-08-31,20209.1,0.0,0,Normal,0,0,0
544,2024-02-29,17400.0,0.0,0,Normal,0,0,0
544,2024-03-31,11600.0,0.0,0,Normal,0,0,0
544,2024-04-30,5800.0,0.0,0,Normal,0,0,0
544,2024-05-31,0.0,0.0,0,Normal,0,0,0
545,2026-01-31,65700.0,0.0,0,Normal,0,0,0
545,2026-02-28,0.0,0.0,0,Normal,0,0,0
546,2023-02-28,17400.0,0.0,0,Normal,0,0,0
546,2023-03-31,11600.0,0.0,0,Normal,0,0,0
546,2023-04-30,5800.0,0.0,0,Normal,0,0,0
546,2023-05-31,0.0,0.0,0,Normal,0,0,0
547,2024-05-31,91500.0,0.0,0,Normal,0,0,0
547,2024-06-30,87521.74,0.0,0,Normal,0,0,0
547,2024-07-31,83543.48,0.0,0,Normal,0,0,0
547,2024-08-31,79565.22,0.0,0,Normal,0,0,0
547,2024-09-30,75586.96,0.0,0,Normal,0,0,0
547,2024-10-31,71608.7,0.0,0,Normal,0,0,0
547,2024-11-30,67630.44,0.0,0,Normal,0,0,0
547,2024-12-31,63652.18,0.0,0,Normal,0,0,0
547,2025-01-31,59673.92,0.0,0,Normal,0,0,0
547,2025-02-28,55695.66,0.0,0,Normal,0,0,0
547,2025-03-31,51717.4,0.0,0,Normal,0,0,0
547,2025-04-30,47739.14,0.0,0,Normal,0,0,0
547,2025-05-31,43760.88,0.0,0,Normal,0,0,0
547,2025-06-30,39782.62,0.0,0,Normal,0,0,0
547,2025-07-31,35804.36,0.0,0,Normal,0,0,0
547,2025-08-31,31826.1,0.0,0,Normal,0,0,0
547,2025-09-30,27847.84,0.0,0,Normal,0,0,0
547,2025-10-31,23869.58,0.0,0,Normal,0,0,0
547,2025-11-30,19891.32,0.0,0,Normal,0,0,0
547,2025-12-31,15913.06,0.0,0,Normal,0,0,0
547,2026-01-31,11934.8,0.0,0,Normal,0,0,0
547,2026-02-28,7956.54,0.0,0,Normal,0,0,0
547,2026-03-31,3978.28,0.0,0,Normal,0,0,0
547,2026-04-30,0.02,0.0,0,Normal,0,0,0
548,2024-10-31,4800.0,0.0,0,Normal,0,0,0
548,2024-11-30,3600.0,0.0,0,Normal,0,0,0
548,2024-12-31,3600.0,1200.0,22,Watch,0,0,0
548,2025-01-31,3600.0,2400.0,53,Substandard,1,0,0
548,2025-02-28,3600.0,3600.0,81,Doubtful,1,1,0
549,2025-11-30,19400.0,0.0,0,Normal,0,0,0
549,2025-12-31,15520.0,0.0,0,Normal,0,0,0
549,2026-01-31,11640.0,0.0,0,Normal,0,0,0
549,2026-02-28,7760.0,0.0,0,Normal,0,0,0
549,2026-03-31,3880.0,0.0,0,Normal,0,0,0
549,2026-04-30,0.0,0.0,0,Normal,0,0,0
550,2025-11-30,22700.0,0.0,0,Normal,0,0,0
550,2025-12-31,15133.33,0.0,0,Normal,0,0,0
550,2026-01-31,7566.66,0.0,0,Normal,0,0,0
550,2026-02-28,0.0,0.0,0,Normal,0,0,0
551,2025-01-31,3900.0,0.0,0,Normal,0,0,0
551,2025-02-28,2600.0,0.0,0,Normal,0,0,0
551,2025-03-31,2194.42,894.42,30,Substandard,1,0,0
551,2025-04-30,2194.42,2194.42,60,Doubtful,1,1,0
552,2022-05-31,3600.0,0.0,0,Normal,0,0,0
552,2022-06-30,2880.0,0.0,0,Normal,0,0,0
552,2022-07-31,2160.0,0.0,0,Normal,0,0,0
552,2022-08-31,1440.0,0.0,0,Normal,0,0,0
552,2022-09-30,720.0,0.0,0,Normal,0,0,0
552,2022-10-31,0.0,0.0,0,Normal,0,0,0
553,2026-02-28,22300.0,0.0,0,Normal,0,0,0
553,2026-03-31,17840.0,0.0,0,Normal,0,0,0
553,2026-04-30,13380.0,0.0,0,Normal,0,0,0
553,2026-05-31,8920.0,0.0,0,Normal,0,0,0
553,2026-06-30,4460.0,0.0,0,Normal,0,0,0
553,2026-07-31,0.0,0.0,0,Normal,0,0,0
554,2023-04-30,121800.0,0.0,0,Normal,0,0,0
554,2023-05-31,116928.0,0.0,0,Normal,0,0,0
554,2023-06-30,112056.0,0.0,0,Normal,0,0,0
554,2023-07-31,107184.0,0.0,0,Normal,0,0,0
554,2023-08-31,102312.0,0.0,0,Normal,0,0,0
554,2023-09-30,97440.0,0.0,0,Normal,0,0,0
554,2023-10-31,92568.0,0.0,0,Normal,0,0,0
554,2023-11-30,87696.0,0.0,0,Normal,0,0,0
554,2023-12-31,82824.0,0.0,0,Normal,0,0,0
554,2024-01-31,77952.0,0.0,0,Normal,0,0,0
554,2024-02-29,73080.0,0.0,0,Normal,0,0,0
554,2024-03-31,68208.0,0.0,0,Normal,0,0,0
554,2024-04-30,63336.0,0.0,0,Normal,0,0,0
554,2024-05-31,58464.0,0.0,0,Normal,0,0,0
554,2024-06-30,53592.0,0.0,0,Normal,0,0,0
554,2024-07-31,48720.0,0.0,0,Normal,0,0,0
554,2024-08-31,43848.0,0.0,0,Normal,0,0,0
554,2024-09-30,38976.0,0.0,0,Normal,0,0,0
554,2024-10-31,34104.0,0.0,0,Normal,0,0,0
554,2024-11-30,29232.0,0.0,0,Normal,0,0,0
554,2024-12-31,24360.0,0.0,0,Normal,0,0,0
554,2025-01-31,19488.0,0.0,0,Normal,0,0,0
554,2025-02-28,14616.0,0.0,0,Normal,0,0,0
554,2025-03-31,9744.0,0.0,0,Normal,0,0,0
554,2025-04-30,4872.0,0.0,0,Normal,0,0,0
554,2025-05-31,0.0,0.0,0,Normal,0,0,0
555,2024-08-31,51600.0,0.0,0,Normal,0,0,0
555,2024-09-30,34400.0,0.0,0,Normal,0,0,0
555,2024-10-31,17200.0,0.0,0,Normal,0,0,0
555,2024-11-30,0.0,0.0,0,Normal,0,0,0
556,2025-07-31,202900.0,0.0,0,Normal,0,0,0
556,2025-08-31,199461.02,0.0,0,Normal,0,0,0
556,2025-09-30,196022.04,0.0,0,Normal,0,0,0
556,2025-10-31,192583.06,0.0,0,Normal,0,0,0
556,2025-11-30,189144.08,0.0,0,Normal,0,0,0
556,2025-12-31,185705.1,0.0,0,Normal,0,0,0
556,2026-01-31,182266.12,0.0,0,Normal,0,0,0
556,2026-02-28,178827.14,0.0,0,Normal,0,0,0
556,2026-03-31,175388.16,0.0,0,Normal,0,0,0
556,2026-04-30,171949.18,0.0,0,Normal,0,0,0
556,2026-05-31,168510.2,0.0,0,Normal,0,0,0
556,2026-06-30,165071.22,0.0,0,Normal,0,0,0
556,2026-07-31,161632.24,0.0,0,Normal,0,0,0
556,2026-08-31,158193.26,0.0,0,Normal,0,0,0
557,2023-12-31,44200.0,0.0,0,Normal,0,0,0
557,2024-01-31,40181.82,0.0,0,Normal,0,0,0
557,2024-02-29,36163.64,0.0,0,Normal,0,0,0
557,2024-03-31,32145.46,0.0,0,Normal,0,0,0
557,2024-04-30,28127.28,0.0,0,Normal,0,0,0
557,2024-05-31,24109.1,0.0,0,Normal,0,0,0
557,2024-06-30,20090.92,0.0,0,Normal,0,0,0
557,2024-07-31,16072.74,0.0,0,Normal,0,0,0
557,2024-08-31,12054.56,0.0,0,Normal,0,0,0
557,2024-09-30,8036.38,0.0,0,Normal,0,0,0
557,2024-10-31,4018.2,0.0,0,Normal,0,0,0
557,2024-11-30,0.02,0.0,0,Normal,0,0,0
558,2023-10-31,3900.0,0.0,0,Normal,0,0,0
558,2023-11-30,2600.0,0.0,0,Normal,0,0,0
558,2023-12-31,1300.0,0.0,0,Normal,0,0,0
558,2024-01-31,0.0,0.0,0,Normal,0,0,0
559,2023-11-30,467900.0,0.0,0,Normal,0,0,0
559,2023-12-31,460101.67,0.0,0,Normal,0,0,0
559,2024-01-31,452303.34,0.0,0,Normal,0,0,0
559,2024-02-29,444505.01,0.0,0,Normal,0,0,0
559,2024-03-31,436706.68,0.0,0,Normal,0,0,0
559,2024-04-30,428908.35,0.0,0,Normal,0,0,0
559,2024-05-31,421110.02,0.0,0,Normal,0,0,0
559,2024-06-30,413311.69,0.0,0,Normal,0,0,0
559,2024-07-31,405513.36,0.0,0,Normal,0,0,0
559,2024-08-31,397715.03,0.0,0,Normal,0,0,0
559,2024-09-30,389916.7,0.0,0,Normal,0,0,0
559,2024-10-31,382118.37,0.0,0,Normal,0,0,0
559,2024-11-30,374320.04,0.0,0,Normal,0,0,0
559,2024-12-31,366521.71,0.0,0,Normal,0,0,0
559,2025-01-31,358723.38,0.0,0,Normal,0,0,0
559,2025-02-28,350925.05,0.0,0,Normal,0,0,0
559,2025-03-31,343126.72,0.0,0,Normal,0,0,0
559,2025-04-30,335328.39,0.0,0,Normal,0,0,0
559,2025-05-31,327530.06,0.0,0,Normal,0,0,0
559,2025-06-30,319731.73,0.0,0,Normal,0,0,0
559,2025-07-31,311933.4,0.0,0,Normal,0,0,0
559,2025-08-31,304135.07,0.0,0,Normal,0,0,0
559,2025-09-30,296336.74,0.0,0,Normal,0,0,0
559,2025-10-31,288538.41,0.0,0,Normal,0,0,0
559,2025-11-30,280740.08,0.0,0,Normal,0,0,0
559,2025-12-31,272941.75,0.0,0,Normal,0,0,0
559,2026-01-31,265143.42,0.0,0,Normal,0,0,0
559,2026-02-28,257345.09,0.0,0,Normal,0,0,0
559,2026-03-31,249546.76,0.0,0,Normal,0,0,0
559,2026-04-30,241748.43,0.0,0,Normal,0,0,0
559,2026-05-31,233950.1,0.0,0,Normal,0,0,0
559,2026-06-30,226151.77,0.0,0,Normal,0,0,0
559,2026-07-31,218353.44,0.0,0,Normal,0,0,0
559,2026-08-31,210555.11,0.0,0,Normal,0,0,0
560,2026-08-31,47400.0,0.0,0,Normal,0,0,0
561,2026-06-30,5100.0,0.0,0,Normal,0,0,0
561,2026-07-31,3825.0,0.0,0,Normal,0,0,0
561,2026-08-31,2550.0,0.0,0,Normal,0,0,0
562,2025-01-31,42100.0,0.0,0,Normal,0,0,0
562,2025-02-28,38272.73,0.0,0,Normal,0,0,0
562,2025-03-31,34445.46,0.0,0,Normal,0,0,0
562,2025-04-30,30618.19,0.0,0,Normal,0,0,0
562,2025-05-31,26790.92,0.0,0,Normal,0,0,0
562,2025-06-30,22963.65,0.0,0,Normal,0,0,0
562,2025-07-31,19136.38,0.0,0,Normal,0,0,0
562,2025-08-31,15309.11,0.0,0,Normal,0,0,0
562,2025-09-30,11481.84,0.0,0,Normal,0,0,0
562,2025-10-31,7654.57,0.0,0,Normal,0,0,0
562,2025-11-30,3827.3,0.0,0,Normal,0,0,0
562,2025-12-31,0.03,0.0,0,Normal,0,0,0
563,2025-06-30,4200.0,0.0,0,Normal,0,0,0
563,2025-07-31,3360.0,0.0,0,Normal,0,0,0
563,2025-08-31,2520.0,0.0,0,Normal,0,0,0
563,2025-09-30,1680.0,0.0,0,Normal,0,0,0
563,2025-10-31,840.0,0.0,0,Normal,0,0,0
563,2025-11-30,0.0,0.0,0,Normal,0,0,0
564,2024-03-31,217300.0,0.0,0,Normal,0,0,0
564,2024-04-30,213616.95,0.0,0,Normal,0,0,0
564,2024-05-31,209933.9,0.0,0,Normal,0,0,0
564,2024-06-30,206250.85,0.0,0,Normal,0,0,0
564,2024-07-31,202567.8,0.0,0,Normal,0,0,0
564,2024-08-31,198884.75,0.0,0,Normal,0,0,0
564,2024-09-30,198884.75,3683.05,21,Watch,0,0,0
564,2024-10-31,196465.47,4946.82,52,Substandard,1,0,0
564,2024-11-30,196465.47,8629.87,82,Doubtful,1,1,0
564,2024-12-31,195262.17,11109.62,113,Loss,1,1,1
564,2025-01-31,195262.17,14792.67,144,Loss,1,1,1
564,2025-02-28,195262.17,18475.72,172,Loss,1,1,1
564,2025-03-31,173103.4,0.0,0,Normal,0,0,0
564,2025-04-30,169420.35,0.0,0,Normal,0,0,0
564,2025-05-31,165737.3,0.0,0,Normal,0,0,0
564,2025-06-30,162054.25,0.0,0,Normal,0,0,0
564,2025-07-31,158371.2,0.0,0,Normal,0,0,0
564,2025-08-31,154688.15,0.0,0,Normal,0,0,0
564,2025-09-30,151005.1,0.0,0,Normal,0,0,0
564,2025-10-31,147322.05,0.0,0,Normal,0,0,0
564,2025-11-30,143639.0,0.0,0,Normal,0,0,0
564,2025-12-31,139955.95,0.0,0,Normal,0,0,0
564,2026-01-31,136272.9,0.0,0,Normal,0,0,0
564,2026-02-28,132589.85,0.0,0,Normal,0,0,0
564,2026-03-31,128906.8,0.0,0,Normal,0,0,0
564,2026-04-30,125223.75,0.0,0,Normal,0,0,0
564,2026-05-31,121540.7,0.0,0,Normal,0,0,0
564,2026-06-30,117857.65,0.0,0,Normal,0,0,0
564,2026-07-31,114174.6,0.0,0,Normal,0,0,0
564,2026-08-31,110491.55,0.0,0,Normal,0,0,0
565,2022-08-31,13000.0,0.0,0,Normal,0,0,0
565,2022-09-30,11818.18,0.0,0,Normal,0,0,0
565,2022-10-31,10636.36,0.0,0,Normal,0,0,0
565,2022-11-30,9454.54,0.0,0,Normal,0,0,0
565,2022-12-31,8272.72,0.0,0,Normal,0,0,0
565,2023-01-31,7090.9,0.0,0,Normal,0,0,0
565,2023-02-28,5909.08,0.0,0,Normal,0,0,0
565,2023-03-31,4727.26,0.0,0,Normal,0,0,0
565,2023-04-30,3545.44,0.0,0,Normal,0,0,0
565,2023-05-31,2363.62,0.0,0,Normal,0,0,0
565,2023-06-30,1181.8,0.0,0,Normal,0,0,0
565,2023-07-31,0.0,0.0,0,Normal,0,0,0
566,2023-05-31,24300.0,0.0,0,Normal,0,0,0
566,2023-06-30,16200.0,0.0,0,Normal,0,0,0
566,2023-07-31,8100.0,0.0,0,Normal,0,0,0
566,2023-08-31,0.0,0.0,0,Normal,0,0,0
567,2025-07-31,20100.0,0.0,0,Normal,0,0,0
567,2025-08-31,18272.73,0.0,0,Normal,0,0,0
567,2025-09-30,16445.46,0.0,0,Normal,0,0,0
567,2025-10-31,14618.19,0.0,0,Normal,0,0,0
567,2025-11-30,12790.92,0.0,0,Normal,0,0,0
567,2025-12-31,10963.65,0.0,0,Normal,0,0,0
567,2026-01-31,9136.38,0.0,0,Normal,0,0,0
567,2026-02-28,7309.11,0.0,0,Normal,0,0,0
567,2026-03-31,5481.84,0.0,0,Normal,0,0,0
567,2026-04-30,5481.84,1827.27,22,Watch,0,0,0
567,2026-05-31,4822.51,2995.21,53,Substandard,1,0,0
567,2026-06-30,4822.51,4822.48,83,Doubtful,1,1,0
568,2026-08-31,4200.0,0.0,0,Normal,0,0,0
569,2025-01-31,6900.0,0.0,0,Normal,0,0,0
569,2025-02-28,0.0,0.0,0,Normal,0,0,0
570,2024-07-31,19600.0,0.0,0,Normal,0,0,0
570,2024-08-31,16800.0,0.0,0,Normal,0,0,0
570,2024-09-30,14000.0,0.0,0,Normal,0,0,0
570,2024-10-31,11200.0,0.0,0,Normal,0,0,0
570,2024-11-30,8400.0,0.0,0,Normal,0,0,0
570,2024-12-31,5600.0,0.0,0,Normal,0,0,0
570,2025-01-31,2800.0,0.0,0,Normal,0,0,0
570,2025-02-28,0.0,0.0,0,Normal,0,0,0
571,2023-04-30,17900.0,0.0,0,Normal,0,0,0
571,2023-05-31,14320.0,0.0,0,Normal,0,0,0
571,2023-06-30,10740.0,0.0,0,Normal,0,0,0
571,2023-07-31,7160.0,0.0,0,Normal,0,0,0
571,2023-08-31,3580.0,0.0,0,Normal,0,0,0
571,2023-09-30,0.0,0.0,0,Normal,0,0,0
572,2024-07-31,37000.0,0.0,0,Normal,0,0,0
572,2024-08-31,33916.67,0.0,0,Normal,0,0,0
572,2024-09-30,30833.34,0.0,0,Normal,0,0,0
572,2024-10-31,27750.01,0.0,0,Normal,0,0,0
572,2024-11-30,24666.68,0.0,0,Normal,0,0,0
572,2024-12-31,21583.35,0.0,0,Normal,0,0,0
572,2025-01-31,18500.02,0.0,0,Normal,0,0,0
572,2025-02-28,15416.69,0.0,0,Normal,0,0,0
572,2025-03-31,15416.69,3083.33,3,Watch,0,0,0
572,2025-04-30,15416.69,6166.66,33,Substandard,1,0,0
572,2025-05-31,15416.69,9249.99,64,Doubtful,1,1,0
572,2025-06-30,13591.16,10507.79,94,Loss,1,1,1
572,2025-07-31,12129.34,12129.3,125,Loss,1,1,1
573,2023-03-31,6800.0,0.0,0,Normal,0,0,0
573,2023-04-30,5666.67,0.0,0,Normal,0,0,0
573,2023-05-31,4533.34,0.0,0,Normal,0,0,0
573,2023-06-30,3400.01,0.0,0,Normal,0,0,0
573,2023-07-31,2266.68,0.0,0,Normal,0,0,0
573,2023-08-31,1133.35,0.0,0,Normal,0,0,0
573,2023-09-30,0.02,0.0,0,Normal,0,0,0
574,2025-09-30,47200.0,0.0,0,Normal,0,0,0
574,2025-10-31,39333.33,0.0,0,Normal,0,0,0
574,2025-11-30,31466.66,0.0,0,Normal,0,0,0
574,2025-12-31,23599.99,0.0,0,Normal,0,0,0
574,2026-01-31,15733.32,0.0,0,Normal,0,0,0
574,2026-02-28,7866.65,0.0,0,Normal,0,0,0
574,2026-03-31,0.0,0.0,0,Normal,0,0,0
575,2023-10-31,16100.0,0.0,0,Normal,0,0,0
575,2023-11-30,14758.33,0.0,0,Normal,0,0,0
575,2023-12-31,13416.66,0.0,0,Normal,0,0,0
575,2024-01-31,12074.99,0.0,0,Normal,0,0,0
575,2024-02-29,10733.32,0.0,0,Normal,0,0,0
575,2024-03-31,9391.65,0.0,0,Normal,0,0,0
575,2024-04-30,8049.98,0.0,0,Normal,0,0,0
575,2024-05-31,6708.31,0.0,0,Normal,0,0,0
575,2024-06-30,5366.64,0.0,0,Normal,0,0,0
575,2024-07-31,4024.97,0.0,0,Normal,0,0,0
575,2024-08-31,2683.3,0.0,0,Normal,0,0,0
575,2024-09-30,1341.63,0.0,0,Normal,0,0,0
575,2024-10-31,0.0,0.0,0,Normal,0,0,0
576,2024-08-31,18800.0,0.0,0,Normal,0,0,0
576,2024-09-30,17090.91,0.0,0,Normal,0,0,0
576,2024-10-31,15381.82,0.0,0,Normal,0,0,0
576,2024-11-30,13672.73,0.0,0,Normal,0,0,0
576,2024-12-31,11963.64,0.0,0,Normal,0,0,0
576,2025-01-31,10254.55,0.0,0,Normal,0,0,0
576,2025-02-28,8545.46,0.0,0,Normal,0,0,0
576,2025-03-31,6836.37,0.0,0,Normal,0,0,0
576,2025-04-30,5127.28,0.0,0,Normal,0,0,0
576,2025-05-31,3418.19,0.0,0,Normal,0,0,0
576,2025-06-30,1709.1,0.0,0,Normal,0,0,0
576,2025-07-31,0.01,0.0,0,Normal,0,0,0
577,2025-02-28,39600.0,0.0,0,Normal,0,0,0
577,2025-03-31,31680.0,0.0,0,Normal,0,0,0
577,2025-04-30,31680.0,7920.0,6,Watch,0,0,0
577,2025-05-31,31680.0,15840.0,37,Substandard,1,0,0
577,2025-06-30,31680.0,23760.0,67,Doubtful,1,1,0
577,2025-07-31,28660.96,28660.96,98,Loss,1,1,1
578,2024-07-31,29200.0,0.0,0,Normal,0,0,0
578,2024-08-31,23360.0,0.0,0,Normal,0,0,0
578,2024-09-30,17520.0,0.0,0,Normal,0,0,0
578,2024-10-31,11680.0,0.0,0,Normal,0,0,0
578,2024-11-30,5840.0,0.0,0,Normal,0,0,0
578,2024-12-31,0.0,0.0,0,Normal,0,0,0
579,2022-11-30,29800.0,0.0,0,Normal,0,0,0
579,2022-12-31,23840.0,0.0,0,Normal,0,0,0
579,2023-01-31,17880.0,0.0,0,Normal,0,0,0
579,2023-02-28,11920.0,0.0,0,Normal,0,0,0
579,2023-03-31,5960.0,0.0,0,Normal,0,0,0
579,2023-04-30,0.0,0.0,0,Normal,0,0,0
580,2024-10-31,329800.0,0.0,0,Normal,0,0,0
580,2024-11-30,324210.17,0.0,0,Normal,0,0,0
580,2024-12-31,318620.34,0.0,0,Normal,0,0,0
580,2025-01-31,313030.51,0.0,0,Normal,0,0,0
580,2025-02-28,307440.68,0.0,0,Normal,0,0,0
580,2025-03-31,301850.85,0.0,0,Normal,0,0,0
580,2025-04-30,296261.02,0.0,0,Normal,0,0,0
580,2025-05-31,290671.19,0.0,0,Normal,0,0,0
580,2025-06-30,285081.36,0.0,0,Normal,0,0,0
580,2025-07-31,279491.53,0.0,0,Normal,0,0,0
580,2025-08-31,273901.7,0.0,0,Normal,0,0,0
580,2025-09-30,268311.87,0.0,0,Normal,0,0,0
580,2025-10-31,262722.04,0.0,0,Normal,0,0,0
580,2025-11-30,257132.21,0.0,0,Normal,0,0,0
580,2025-12-31,251542.38,0.0,0,Normal,0,0,0
580,2026-01-31,245952.55,0.0,0,Normal,0,0,0
580,2026-02-28,240362.72,0.0,0,Normal,0,0,0
580,2026-03-31,234772.89,0.0,0,Normal,0,0,0
580,2026-04-30,229183.06,0.0,0,Normal,0,0,0
580,2026-05-31,223593.23,0.0,0,Normal,0,0,0
580,2026-06-30,218003.4,0.0,0,Normal,0,0,0
580,2026-07-31,212413.57,0.0,0,Normal,0,0,0
580,2026-08-31,206823.74,0.0,0,Normal,0,0,0
581,2023-12-31,56900.0,0.0,0,Normal,0,0,0
581,2024-01-31,37933.33,0.0,0,Normal,0,0,0
581,2024-02-29,18966.66,0.0,0,Normal,0,0,0
581,2024-03-31,0.0,0.0,0,Normal,0,0,0
582,2023-07-31,41300.0,0.0,0,Normal,0,0,0
582,2023-08-31,33040.0,0.0,0,Normal,0,0,0
582,2023-09-30,24780.0,0.0,0,Normal,0,0,0
582,2023-10-31,24780.0,8260.0,3,Watch,0,0,0
582,2023-11-30,8260.0,0.0,0,Normal,0,0,0
582,2023-12-31,0.0,0.0,0,Normal,0,0,0
583,2026-03-31,13400.0,0.0,0,Normal,0,0,0
583,2026-04-30,12181.82,0.0,0,Normal,0,0,0
583,2026-05-31,10963.64,0.0,0,Normal,0,0,0
583,2026-06-30,10602.67,857.21,22,Watch,0,0,0
583,2026-07-31,8527.28,0.0,0,Normal,0,0,0
583,2026-08-31,7309.1,0.0,0,Normal,0,0,0
584,2023-12-31,13300.0,0.0,0,Normal,0,0,0
584,2024-01-31,11083.33,0.0,0,Normal,0,0,0
584,2024-02-29,8866.66,0.0,0,Normal,0,0,0
584,2024-03-31,8866.66,2216.67,12,Watch,0,0,0
584,2024-04-30,8866.66,4433.34,42,Substandard,1,0,0
584,2024-05-31,2216.65,0.0,0,Normal,0,0,0
584,2024-06-30,0.0,0.0,0,Normal,0,0,0
585,2025-10-31,17700.0,0.0,0,Normal,0,0,0
585,2025-11-30,14750.0,0.0,0,Normal,0,0,0
585,2025-12-31,11800.0,0.0,0,Normal,0,0,0
585,2026-01-31,8850.0,0.0,0,Normal,0,0,0
585,2026-02-28,5900.0,0.0,0,Normal,0,0,0
585,2026-03-31,4652.25,1702.25,3,Watch,0,0,0
585,2026-04-30,3222.68,3222.68,33,Substandard,1,0,0
586,2023-10-31,20000.0,0.0,0,Normal,0,0,0
586,2023-11-30,15000.0,0.0,0,Normal,0,0,0
586,2023-12-31,10000.0,0.0,0,Normal,0,0,0
586,2024-01-31,5000.0,0.0,0,Normal,0,0,0
586,2024-02-29,0.0,0.0,0,Normal,0,0,0
587,2026-03-31,10300.0,0.0,0,Normal,0,0,0
587,2026-04-30,9441.67,0.0,0,Normal,0,0,0
587,2026-05-31,8583.34,0.0,0,Normal,0,0,0
587,2026-06-30,7725.01,0.0,0,Normal,0,0,0
587,2026-07-31,6866.68,0.0,0,Normal,0,0,0
587,2026-08-31,6008.35,0.0,0,Normal,0,0,0
588,2024-01-31,48500.0,0.0,0,Normal,0,0,0
588,2024-02-29,36375.0,0.0,0,Normal,0,0,0
588,2024-03-31,36375.0,12125.0,10,Watch,0,0,0
588,2024-04-30,30619.7,18494.7,40,Substandard,1,0,0
588,2024-05-31,0.0,0.0,0,Normal,0,0,0
589,2023-09-30,10600.0,0.0,0,Normal,0,0,0
589,2023-10-31,9784.62,0.0,0,Normal,0,0,0
589,2023-11-30,8969.24,0.0,0,Normal,0,0,0
589,2023-12-31,8153.86,0.0,0,Normal,0,0,0
589,2024-01-31,7338.48,0.0,0,Normal,0,0,0
589,2024-02-29,6523.1,0.0,0,Normal,0,0,0
589,2024-03-31,5707.72,0.0,0,Normal,0,0,0
589,2024-04-30,4892.34,0.0,0,Normal,0,0,0
589,2024-05-31,4076.96,0.0,0,Normal,0,0,0
589,2024-06-30,3261.58,0.0,0,Normal,0,0,0
589,2024-07-31,2446.2,0.0,0,Normal,0,0,0
589,2024-08-31,1630.82,0.0,0,Normal,0,0,0
589,2024-09-30,815.44,0.0,0,Normal,0,0,0
589,2024-10-31,0.06,0.0,0,Normal,0,0,0
590,2024-07-31,27700.0,0.0,0,Normal,0,0,0
590,2024-08-31,23742.86,0.0,0,Normal,0,0,0
590,2024-09-30,19785.72,0.0,0,Normal,0,0,0
590,2024-10-31,15828.58,0.0,0,Normal,0,0,0
590,2024-11-30,11871.44,0.0,0,Normal,0,0,0
590,2024-12-31,7914.3,0.0,0,Normal,0,0,0
590,2025-01-31,3957.16,0.0,0,Normal,0,0,0
590,2025-02-28,0.02,0.0,0,Normal,0,0,0
591,2025-10-31,16600.0,0.0,0,Normal,0,0,0
591,2025-11-30,8300.0,0.0,0,Normal,0,0,0
591,2025-12-31,0.0,0.0,0,Normal,0,0,0
592,2023-04-30,31300.0,0.0,0,Normal,0,0,0
592,2023-05-31,28691.67,0.0,0,Normal,0,0,0
592,2023-06-30,26083.34,0.0,0,Normal,0,0,0
592,2023-07-31,23475.01,0.0,0,Normal,0,0,0
592,2023-08-31,20866.68,0.0,0,Normal,0,0,0
592,2023-09-30,18258.35,0.0,0,Normal,0,0,0
592,2023-10-31,15650.02,0.0,0,Normal,0,0,0
592,2023-11-30,13041.69,0.0,0,Normal,0,0,0
592,2023-12-31,10433.36,0.0,0,Normal,0,0,0
592,2024-01-31,9834.72,2009.69,28,Watch,0,0,0
592,2024-02-29,9834.72,4618.02,57,Substandard,1,0,0
592,2024-03-31,9834.72,7226.35,88,Doubtful,1,1,0
592,2024-04-30,9834.72,9834.68,118,Loss,1,1,1
593,2025-05-31,328700.0,0.0,0,Normal,0,0,0
593,2025-06-30,321991.84,0.0,0,Normal,0,0,0
593,2025-07-31,315283.68,0.0,0,Normal,0,0,0
593,2025-08-31,308575.52,0.0,0,Normal,0,0,0
593,2025-09-30,301867.36,0.0,0,Normal,0,0,0
593,2025-10-31,295159.2,0.0,0,Normal,0,0,0
593,2025-11-30,288451.04,0.0,0,Normal,0,0,0
593,2025-12-31,281742.88,0.0,0,Normal,0,0,0
593,2026-01-31,275034.72,0.0,0,Normal,0,0,0
593,2026-02-28,268326.56,0.0,0,Normal,0,0,0
593,2026-03-31,261618.4,0.0,0,Normal,0,0,0
593,2026-04-30,254910.24,0.0,0,Normal,0,0,0
593,2026-05-31,248202.08,0.0,0,Normal,0,0,0
593,2026-06-30,241493.92,0.0,0,Normal,0,0,0
593,2026-07-31,234785.76,0.0,0,Normal,0,0,0
593,2026-08-31,228077.6,0.0,0,Normal,0,0,0
594,2024-07-31,475800.0,0.0,0,Normal,0,0,0
594,2024-08-31,465887.5,0.0,0,Normal,0,0,0
594,2024-09-30,455975.0,0.0,0,Normal,0,0,0
594,2024-10-31,446062.5,0.0,0,Normal,0,0,0
594,2024-11-30,436150.0,0.0,0,Normal,0,0,0
594,2024-12-31,426237.5,0.0,0,Normal,0,0,0
594,2025-01-31,416325.0,0.0,0,Normal,0,0,0
594,2025-02-28,406412.5,0.0,0,Normal,0,0,0
594,2025-03-31,396500.0,0.0,0,Normal,0,0,0
594,2025-04-30,386587.5,0.0,0,Normal,0,0,0
594,2025-05-31,376675.0,0.0,0,Normal,0,0,0
594,2025-06-30,366762.5,0.0,0,Normal,0,0,0
594,2025-07-31,356850.0,0.0,0,Normal,0,0,0
594,2025-08-31,346937.5,0.0,0,Normal,0,0,0
594,2025-09-30,337025.0,0.0,0,Normal,0,0,0
594,2025-10-31,327112.5,0.0,0,Normal,0,0,0
594,2025-11-30,317200.0,0.0,0,Normal,0,0,0
594,2025-12-31,307287.5,0.0,0,Normal,0,0,0
594,2026-01-31,297375.0,0.0,0,Normal,0,0,0
594,2026-02-28,287462.5,0.0,0,Normal,0,0,0
594,2026-03-31,277550.0,0.0,0,Normal,0,0,0
594,2026-04-30,267637.5,0.0,0,Normal,0,0,0
594,2026-05-31,257725.0,0.0,0,Normal,0,0,0
594,2026-06-30,247812.5,0.0,0,Normal,0,0,0
594,2026-07-31,237900.0,0.0,0,Normal,0,0,0
594,2026-08-31,227987.5,0.0,0,Normal,0,0,0
595,2024-12-31,51800.0,0.0,0,Normal,0,0,0
595,2025-01-31,0.0,0.0,0,Normal,0,0,0
596,2025-11-30,11900.0,0.0,0,Normal,0,0,0
596,2025-12-31,5950.0,0.0,0,Normal,0,0,0
596,2026-01-31,0.0,0.0,0,Normal,0,0,0
597,2026-08-31,35800.0,0.0,0,Normal,0,0,0
598,2023-11-30,6900.0,0.0,0,Normal,0,0,0
598,2023-12-31,5750.0,0.0,0,Normal,0,0,0
598,2024-01-31,4600.0,0.0,0,Normal,0,0,0
598,2024-02-29,3450.0,0.0,0,Normal,0,0,0
598,2024-03-31,2300.0,0.0,0,Normal,0,0,0
598,2024-04-30,1150.0,0.0,0,Normal,0,0,0
598,2024-05-31,0.0,0.0,0,Normal,0,0,0
599,2023-08-31,5800.0,0.0,0,Normal,0,0,0
599,2023-09-30,5316.67,0.0,0,Normal,0,0,0
599,2023-10-31,4833.34,0.0,0,Normal,0,0,0
599,2023-11-30,4350.01,0.0,0,Normal,0,0,0
599,2023-12-31,3866.68,0.0,0,Normal,0,0,0
599,2024-01-31,3383.35,0.0,0,Normal,0,0,0
599,2024-02-29,2900.02,0.0,0,Normal,0,0,0
599,2024-03-31,2416.69,0.0,0,Normal,0,0,0
599,2024-04-30,1933.36,0.0,0,Normal,0,0,0
599,2024-05-31,1450.03,0.0,0,Normal,0,0,0
599,2024-06-30,966.7,0.0,0,Normal,0,0,0
599,2024-07-31,483.37,0.0,0,Normal,0,0,0
599,2024-08-31,0.04,0.0,0,Normal,0,0,0
600,2025-06-30,45800.0,0.0,0,Normal,0,0,0
600,2025-07-31,41983.33,0.0,0,Normal,0,0,0
600,2025-08-31,38166.66,0.0,0,Normal,0,0,0
600,2025-09-30,34349.99,0.0,0,Normal,0,0,0
600,2025-10-31,30533.32,0.0,0,Normal,0,0,0
600,2025-11-30,26716.65,0.0,0,Normal,0,0,0
600,2025-12-31,22899.98,0.0,0,Normal,0,0,0
600,2026-01-31,19083.31,0.0,0,Normal,0,0,0
600,2026-02-28,15266.64,0.0,0,Normal,0,0,0
600,2026-03-31,11449.97,0.0,0,Normal,0,0,0
600,2026-04-30,7633.3,0.0,0,Normal,0,0,0
600,2026-05-31,7633.3,3816.67,27,Watch,0,0,0
600,2026-06-30,5280.46,5280.5,57,Substandard,1,0,0
601,2022-04-30,39400.0,0.0,0,Normal,0,0,0
601,2022-05-31,31520.0,0.0,0,Normal,0,0,0
601,2022-06-30,23640.0,0.0,0,Normal,0,0,0
601,2022-07-31,15760.0,0.0,0,Normal,0,0,0
601,2022-08-31,7880.0,0.0,0,Normal,0,0,0
601,2022-09-30,0.0,0.0,0,Normal,0,0,0
602,2026-01-31,37400.0,0.0,0,Normal,0,0,0
602,2026-02-28,34283.33,0.0,0,Normal,0,0,0
602,2026-03-31,31166.66,0.0,0,Normal,0,0,0
602,2026-04-30,28049.99,0.0,0,Normal,0,0,0
602,2026-05-31,24933.32,0.0,0,Normal,0,0,0
602,2026-06-30,21816.65,0.0,0,Normal,0,0,0
602,2026-07-31,18699.98,0.0,0,Normal,0,0,0
602,2026-08-31,15583.31,0.0,0,Normal,0,0,0
603,2022-01-31,19700.0,0.0,0,Normal,0,0,0
603,2022-02-28,15760.0,0.0,0,Normal,0,0,0
603,2022-03-31,11820.0,0.0,0,Normal,0,0,0
603,2022-04-30,7880.0,0.0,0,Normal,0,0,0
603,2022-05-31,3940.0,0.0,0,Normal,0,0,0
603,2022-06-30,0.0,0.0,0,Normal,0,0,0
604,2024-05-31,45800.0,0.0,0,Normal,0,0,0
604,2024-06-30,34350.0,0.0,0,Normal,0,0,0
604,2024-07-31,22900.0,0.0,0,Normal,0,0,0
604,2024-08-31,11450.0,0.0,0,Normal,0,0,0
604,2024-09-30,0.0,0.0,0,Normal,0,0,0
605,2025-07-31,95500.0,0.0,0,Normal,0,0,0
605,2025-08-31,63666.67,0.0,0,Normal,0,0,0
605,2025-09-30,31833.34,0.0,0,Normal,0,0,0
605,2025-10-31,0.01,0.0,0,Normal,0,0,0
606,2026-07-31,24500.0,0.0,0,Normal,0,0,0
606,2026-08-31,22615.38,0.0,0,Normal,0,0,0
607,2025-11-30,25500.0,0.0,0,Normal,0,0,0
607,2025-12-31,0.0,0.0,0,Normal,0,0,0
608,2026-08-31,19400.0,0.0,0,Normal,0,0,0
609,2026-05-31,48200.0,0.0,0,Normal,0,0,0
609,2026-06-30,38560.0,0.0,0,Normal,0,0,0
609,2026-07-31,28920.0,0.0,0,Normal,0,0,0
609,2026-08-31,19280.0,0.0,0,Normal,0,0,0
610,2025-08-31,17700.0,0.0,0,Normal,0,0,0
610,2025-09-30,8850.0,0.0,0,Normal,0,0,0
610,2025-10-31,0.0,0.0,0,Normal,0,0,0
611,2026-08-31,2900.0,0.0,0,Normal,0,0,0
612,2026-08-31,35000.0,0.0,0,Normal,0,0,0
613,2026-01-31,7800.0,0.0,0,Normal,0,0,0
613,2026-02-28,3900.0,0.0,0,Normal,0,0,0
613,2026-03-31,0.0,0.0,0,Normal,0,0,0
614,2025-10-31,10200.0,0.0,0,Normal,0,0,0
614,2025-11-30,9350.0,0.0,0,Normal,0,0,0
614,2025-12-31,8500.0,0.0,0,Normal,0,0,0
614,2026-01-31,7650.0,0.0,0,Normal,0,0,0
614,2026-02-28,6800.0,0.0,0,Normal,0,0,0
614,2026-03-31,5950.0,0.0,0,Normal,0,0,0
614,2026-04-30,5100.0,0.0,0,Normal,0,0,0
614,2026-05-31,4250.0,0.0,0,Normal,0,0,0
614,2026-06-30,3400.0,0.0,0,Normal,0,0,0
614,2026-07-31,2550.0,0.0,0,Normal,0,0,0
614,2026-08-31,1700.0,0.0,0,Normal,0,0,0
615,2022-03-31,27800.0,0.0,0,Normal,0,0,0
615,2022-04-30,25483.33,0.0,0,Normal,0,0,0
615,2022-05-31,23166.66,0.0,0,Normal,0,0,0
615,2022-06-30,20849.99,0.0,0,Normal,0,0,0
615,2022-07-31,18533.32,0.0,0,Normal,0,0,0
615,2022-08-31,16216.65,0.0,0,Normal,0,0,0
615,2022-09-30,13899.98,0.0,0,Normal,0,0,0
615,2022-10-31,11583.31,0.0,0,Normal,0,0,0
615,2022-11-30,9266.64,0.0,0,Normal,0,0,0
615,2022-12-31,6949.97,0.0,0,Normal,0,0,0
615,2023-01-31,4633.3,0.0,0,Normal,0,0,0
615,2023-02-28,2316.63,0.0,0,Normal,0,0,0
615,2023-03-31,0.0,0.0,0,Normal,0,0,0
616,2024-11-30,309000.0,0.0,0,Normal,0,0,0
616,2024-12-31,300171.43,0.0,0,Normal,0,0,0
616,2025-01-31,291342.86,0.0,0,Normal,0,0,0
616,2025-02-28,282514.29,0.0,0,Normal,0,0,0
616,2025-03-31,273685.72,0.0,0,Normal,0,0,0
616,2025-04-30,264857.15,0.0,0,Normal,0,0,0
616,2025-05-31,256028.58,0.0,0,Normal,0,0,0
616,2025-06-30,247200.01,0.0,0,Normal,0,0,0
616,2025-07-31,238371.44,0.0,0,Normal,0,0,0
616,2025-08-31,229542.87,0.0,0,Normal,0,0,0
616,2025-09-30,220714.3,0.0,0,Normal,0,0,0
616,2025-10-31,211885.73,0.0,0,Normal,0,0,0
616,2025-11-30,203057.16,0.0,0,Normal,0,0,0
616,2025-12-31,194228.59,0.0,0,Normal,0,0,0
616,2026-01-31,185400.02,0.0,0,Normal,0,0,0
616,2026-02-28,176571.45,0.0,0,Normal,0,0,0
616,2026-03-31,167742.88,0.0,0,Normal,0,0,0
616,2026-04-30,158914.31,0.0,0,Normal,0,0,0
616,2026-05-31,150085.74,0.0,0,Normal,0,0,0
616,2026-06-30,141257.17,0.0,0,Normal,0,0,0
616,2026-07-31,132428.6,0.0,0,Normal,0,0,0
616,2026-08-31,123600.03,0.0,0,Normal,0,0,0
617,2023-09-30,23400.0,0.0,0,Normal,0,0,0
617,2023-10-31,18720.0,0.0,0,Normal,0,0,0
617,2023-11-30,14040.0,0.0,0,Normal,0,0,0
617,2023-12-31,9360.0,0.0,0,Normal,0,0,0
617,2024-01-31,9360.0,4680.0,11,Watch,0,0,0
617,2024-02-29,9360.0,9360.0,40,Substandard,1,0,0
618,2025-04-30,41800.0,0.0,0,Normal,0,0,0
618,2025-05-31,20900.0,0.0,0,Normal,0,0,0
618,2025-06-30,0.0,0.0,0,Normal,0,0,0
619,2025-06-30,21300.0,0.0,0,Normal,0,0,0
619,2025-07-31,17040.0,0.0,0,Normal,0,0,0
619,2025-08-31,12780.0,0.0,0,Normal,0,0,0
619,2025-09-30,8520.0,0.0,0,Normal,0,0,0
619,2025-10-31,4260.0,0.0,0,Normal,0,0,0
619,2025-11-30,0.0,0.0,0,Normal,0,0,0
620,2025-04-30,53400.0,0.0,0,Normal,0,0,0
620,2025-05-31,42720.0,0.0,0,Normal,0,0,0
620,2025-06-30,32040.0,0.0,0,Normal,0,0,0
620,2025-07-31,21360.0,0.0,0,Normal,0,0,0
620,2025-08-31,10680.0,0.0,0,Normal,0,0,0
620,2025-09-30,0.0,0.0,0,Normal,0,0,0
621,2024-07-31,1173800.0,0.0,0,Normal,0,0,0
621,2024-08-31,1149345.83,0.0,0,Normal,0,0,0
621,2024-09-30,1124891.66,0.0,0,Normal,0,0,0
621,2024-10-31,1100437.49,0.0,0,Normal,0,0,0
621,2024-11-30,1075983.32,0.0,0,Normal,0,0,0
621,2024-12-31,1051529.15,0.0,0,Normal,0,0,0
621,2025-01-31,1027074.98,0.0,0,Normal,0,0,0
621,2025-02-28,1002620.81,0.0,0,Normal,0,0,0
621,2025-03-31,978166.64,0.0,0,Normal,0,0,0
621,2025-04-30,953712.47,0.0,0,Normal,0,0,0
621,2025-05-31,929258.3,0.0,0,Normal,0,0,0
621,2025-06-30,904804.13,0.0,0,Normal,0,0,0
621,2025-07-31,880349.96,0.0,0,Normal,0,0,0
621,2025-08-31,855895.79,0.0,0,Normal,0,0,0
621,2025-09-30,831441.62,0.0,0,Normal,0,0,0
621,2025-10-31,806987.45,0.0,0,Normal,0,0,0
621,2025-11-30,782533.28,0.0,0,Normal,0,0,0
621,2025-12-31,758079.11,0.0,0,Normal,0,0,0
621,2026-01-31,733624.94,0.0,0,Normal,0,0,0
621,2026-02-28,709170.77,0.0,0,Normal,0,0,0
621,2026-03-31,684716.6,0.0,0,Normal,0,0,0
621,2026-04-30,660262.43,0.0,0,Normal,0,0,0
621,2026-05-31,635808.26,0.0,0,Normal,0,0,0
621,2026-06-30,611354.09,0.0,0,Normal,0,0,0
621,2026-07-31,586899.92,0.0,0,Normal,0,0,0
621,2026-08-31,562445.75,0.0,0,Normal,0,0,0
622,2022-05-31,32200.0,0.0,0,Normal,0,0,0
622,2022-06-30,29516.67,0.0,0,Normal,0,0,0
622,2022-07-31,26833.34,0.0,0,Normal,0,0,0
622,2022-08-31,24150.01,0.0,0,Normal,0,0,0
622,2022-09-30,21466.68,0.0,0,Normal,0,0,0
622,2022-10-31,18783.35,0.0,0,Normal,0,0,0
622,2022-11-30,16100.02,0.0,0,Normal,0,0,0
622,2022-12-31,13416.69,0.0,0,Normal,0,0,0
622,2023-01-31,10733.36,0.0,0,Normal,0,0,0
622,2023-02-28,8050.03,0.0,0,Normal,0,0,0
622,2023-03-31,5366.7,0.0,0,Normal,0,0,0
622,2023-04-30,2683.37,0.0,0,Normal,0,0,0
622,2023-05-31,0.04,0.0,0,Normal,0,0,0
623,2024-06-30,12900.0,0.0,0,Normal,0,0,0
623,2024-07-31,10750.0,0.0,0,Normal,0,0,0
623,2024-08-31,8600.0,0.0,0,Normal,0,0,0
623,2024-09-30,6450.0,0.0,0,Normal,0,0,0
623,2024-10-31,6450.0,2150.0,15,Watch,0,0,0
623,2024-11-30,6450.0,4300.0,45,Substandard,1,0,0
623,2024-12-31,6450.0,6450.0,76,Doubtful,1,1,0
624,2024-03-31,8700.0,0.0,0,Normal,0,0,0
624,2024-04-30,6525.0,0.0,0,Normal,0,0,0
624,2024-05-31,4350.0,0.0,0,Normal,0,0,0
624,2024-06-30,2175.0,0.0,0,Normal,0,0,0
624,2024-07-31,0.0,0.0,0,Normal,0,0,0
625,2024-04-30,8700.0,0.0,0,Normal,0,0,0
625,2024-05-31,4350.0,0.0,0,Normal,0,0,0
625,2024-06-30,0.0,0.0,0,Normal,0,0,0
626,2026-08-31,54700.0,0.0,0,Normal,0,0,0
627,2023-01-31,10500.0,0.0,0,Normal,0,0,0
627,2023-02-28,7875.0,0.0,0,Normal,0,0,0
627,2023-03-31,5250.0,0.0,0,Normal,0,0,0
627,2023-04-30,2625.0,0.0,0,Normal,0,0,0
627,2023-05-31,0.0,0.0,0,Normal,0,0,0
628,2025-03-31,26300.0,0.0,0,Normal,0,0,0
628,2025-04-30,21040.0,0.0,0,Normal,0,0,0
628,2025-05-31,15780.0,0.0,0,Normal,0,0,0
628,2025-06-30,10520.0,0.0,0,Normal,0,0,0
628,2025-07-31,5260.0,0.0,0,Normal,0,0,0
628,2025-08-31,0.0,0.0,0,Normal,0,0,0
629,2025-05-31,213400.0,0.0,0,Normal,0,0,0
629,2025-06-30,208954.17,0.0,0,Normal,0,0,0
629,2025-07-31,204508.34,0.0,0,Normal,0,0,0
629,2025-08-31,200062.51,0.0,0,Normal,0,0,0
629,2025-09-30,195616.68,0.0,0,Normal,0,0,0
629,2025-10-31,191170.85,0.0,0,Normal,0,0,0
629,2025-11-30,186725.02,0.0,0,Normal,0,0,0
629,2025-12-31,182279.19,0.0,0,Normal,0,0,0
629,2026-01-31,177833.36,0.0,0,Normal,0,0,0
629,2026-02-28,173387.53,0.0,0,Normal,0,0,0
629,2026-03-31,168941.7,0.0,0,Normal,0,0,0
629,2026-04-30,164495.87,0.0,0,Normal,0,0,0
629,2026-05-31,160050.04,0.0,0,Normal,0,0,0
629,2026-06-30,155604.21,0.0,0,Normal,0,0,0
629,2026-07-31,151158.38,0.0,0,Normal,0,0,0
629,2026-08-31,146712.55,0.0,0,Normal,0,0,0
630,2026-05-31,78400.0,0.0,0,Normal,0,0,0
630,2026-06-30,0.0,0.0,0,Normal,0,0,0
631,2026-07-31,15600.0,0.0,0,Normal,0,0,0
631,2026-08-31,14300.0,0.0,0,Normal,0,0,0
632,2024-08-31,27000.0,0.0,0,Normal,0,0,0
632,2024-09-30,23142.86,0.0,0,Normal,0,0,0
632,2024-10-31,19285.72,0.0,0,Normal,0,0,0
632,2024-11-30,15428.58,0.0,0,Normal,0,0,0
632,2024-12-31,11571.44,0.0,0,Normal,0,0,0
632,2025-01-31,7714.3,0.0,0,Normal,0,0,0
632,2025-02-28,3857.16,0.0,0,Normal,0,0,0
632,2025-03-31,0.02,0.0,0,Normal,0,0,0
633,2026-08-31,327400.0,0.0,0,Normal,0,0,0
634,2025-08-31,36800.0,0.0,0,Normal,0,0,0
634,2025-09-30,33733.33,0.0,0,Normal,0,0,0
634,2025-10-31,30666.66,0.0,0,Normal,0,0,0
634,2025-11-30,27599.99,0.0,0,Normal,0,0,0
634,2025-12-31,24533.32,0.0,0,Normal,0,0,0
634,2026-01-31,21466.65,0.0,0,Normal,0,0,0
634,2026-02-28,19487.8,1087.82,0,Normal,0,0,0
634,2026-03-31,18583.18,3249.87,31,Substandard,1,0,0
634,2026-04-30,18583.18,6316.54,61,Doubtful,1,1,0
634,2026-05-31,16626.42,7426.45,92,Loss,1,1,1
634,2026-06-30,16626.42,10493.12,122,Loss,1,1,1
634,2026-07-31,16626.42,13559.79,153,Loss,1,1,1
634,2026-08-31,15495.78,15495.82,184,Loss,1,1,1
635,2024-03-31,44400.0,0.0,0,Normal,0,0,0
635,2024-04-30,33300.0,0.0,0,Normal,0,0,0
635,2024-05-31,22200.0,0.0,0,Normal,0,0,0
635,2024-06-30,11100.0,0.0,0,Normal,0,0,0
635,2024-07-31,0.0,0.0,0,Normal,0,0,0
636,2023-06-30,10200.0,0.0,0,Normal,0,0,0
636,2023-07-31,6800.0,0.0,0,Normal,0,0,0
636,2023-08-31,3400.0,0.0,0,Normal,0,0,0
636,2023-09-30,0.0,0.0,0,Normal,0,0,0
637,2025-07-31,317900.0,0.0,0,Normal,0,0,0
637,2025-08-31,312601.67,0.0,0,Normal,0,0,0
637,2025-09-30,307303.34,0.0,0,Normal,0,0,0
637,2025-10-31,302005.01,0.0,0,Normal,0,0,0
637,2025-11-30,296706.68,0.0,0,Normal,0,0,0
637,2025-12-31,291408.35,0.0,0,Normal,0,0,0
637,2026-01-31,286110.02,0.0,0,Normal,0,0,0
637,2026-02-28,280811.69,0.0,0,Normal,0,0,0
637,2026-03-31,275513.36,0.0,0,Normal,0,0,0
637,2026-04-30,270215.03,0.0,0,Normal,0,0,0
637,2026-05-31,264916.7,0.0,0,Normal,0,0,0
637,2026-06-30,259618.37,0.0,0,Normal,0,0,0
637,2026-07-31,254320.04,0.0,0,Normal,0,0,0
637,2026-08-31,249021.71,0.0,0,Normal,0,0,0
638,2023-08-31,6300.0,0.0,0,Normal,0,0,0
638,2023-09-30,4200.0,0.0,0,Normal,0,0,0
638,2023-10-31,2100.0,0.0,0,Normal,0,0,0
638,2023-11-30,0.0,0.0,0,Normal,0,0,0
639,2025-02-28,19300.0,0.0,0,Normal,0,0,0
639,2025-03-31,17815.38,0.0,0,Normal,0,0,0
639,2025-04-30,16330.76,0.0,0,Normal,0,0,0
639,2025-05-31,14846.14,0.0,0,Normal,0,0,0
639,2025-06-30,13361.52,0.0,0,Normal,0,0,0
639,2025-07-31,11876.9,0.0,0,Normal,0,0,0
639,2025-08-31,10392.28,0.0,0,Normal,0,0,0
639,2025-09-30,8907.66,0.0,0,Normal,0,0,0
639,2025-10-31,7423.04,0.0,0,Normal,0,0,0
639,2025-11-30,5938.42,0.0,0,Normal,0,0,0
639,2025-12-31,4453.8,0.0,0,Normal,0,0,0
639,2026-01-31,2969.18,0.0,0,Normal,0,0,0
639,2026-02-28,1484.56,0.0,0,Normal,0,0,0
639,2026-03-31,0.0,0.0,0,Normal,0,0,0
640,2025-07-31,9800.0,0.0,0,Normal,0,0,0
640,2025-08-31,8166.67,0.0,0,Normal,0,0,0
640,2025-09-30,6533.34,0.0,0,Normal,0,0,0
640,2025-10-31,4900.01,0.0,0,Normal,0,0,0
640,2025-11-30,3266.68,0.0,0,Normal,0,0,0
640,2025-12-31,1633.35,0.0,0,Normal,0,0,0
640,2026-01-31,0.02,0.0,0,Normal,0,0,0
641,2026-02-28,51800.0,0.0,0,Normal,0,0,0
641,2026-03-31,38850.0,0.0,0,Normal,0,0,0
641,2026-04-30,25900.0,0.0,0,Normal,0,0,0
641,2026-05-31,25900.0,12950.0,9,Watch,0,0,0
641,2026-06-30,25900.0,25900.0,39,Substandard,1,0,0
642,2024-04-30,44800.0,0.0,0,Normal,0,0,0
642,2024-05-31,42933.33,0.0,0,Normal,0,0,0
642,2024-06-30,41066.66,0.0,0,Normal,0,0,0
642,2024-07-31,39199.99,0.0,0,Normal,0,0,0
642,2024-08-31,37333.32,0.0,0,Normal,0,0,0
642,2024-09-30,35466.65,0.0,0,Normal,0,0,0
642,2024-10-31,33599.98,0.0,0,Normal,0,0,0
642,2024-11-30,31733.31,0.0,0,Normal,0,0,0
642,2024-12-31,29866.64,0.0,0,Normal,0,0,0
642,2025-01-31,27999.97,0.0,0,Normal,0,0,0
642,2025-02-28,26133.3,0.0,0,Normal,0,0,0
642,2025-03-31,24266.63,0.0,0,Normal,0,0,0
642,2025-04-30,22399.96,0.0,0,Normal,0,0,0
642,2025-05-31,20533.29,0.0,0,Normal,0,0,0
642,2025-06-30,18666.62,0.0,0,Normal,0,0,0
642,2025-07-31,16799.95,0.0,0,Normal,0,0,0
642,2025-08-31,14933.28,0.0,0,Normal,0,0,0
642,2025-09-30,13066.61,0.0,0,Normal,0,0,0
642,2025-10-31,11199.94,0.0,0,Normal,0,0,0
642,2025-11-30,9333.27,0.0,0,Normal,0,0,0
642,2025-12-31,7466.6,0.0,0,Normal,0,0,0
642,2026-01-31,5599.93,0.0,0,Normal,0,0,0
642,2026-02-28,3733.26,0.0,0,Normal,0,0,0
642,2026-03-31,1866.59,0.0,0,Normal,0,0,0
642,2026-04-30,0.0,0.0,0,Normal,0,0,0
643,2023-04-30,72200.0,0.0,0,Normal,0,0,0
643,2023-05-31,0.0,0.0,0,Normal,0,0,0
644,2024-10-31,93500.0,0.0,0,Normal,0,0,0
644,2024-11-30,62333.33,0.0,0,Normal,0,0,0
644,2024-12-31,62333.33,31166.67,26,Watch,0,0,0
644,2025-01-31,62333.33,62333.34,57,Substandard,1,0,0
645,2024-08-31,72600.0,0.0,0,Normal,0,0,0
645,2024-09-30,66550.0,0.0,0,Normal,0,0,0
645,2024-10-31,60500.0,0.0,0,Normal,0,0,0
645,2024-11-30,54450.0,0.0,0,Normal,0,0,0
645,2024-12-31,48400.0,0.0,0,Normal,0,0,0
645,2025-01-31,42350.0,0.0,0,Normal,0,0,0
645,2025-02-28,36300.0,0.0,0,Normal,0,0,0
645,2025-03-31,30250.0,0.0,0,Normal,0,0,0
645,2025-04-30,24200.0,0.0,0,Normal,0,0,0
645,2025-05-31,18150.0,0.0,0,Normal,0,0,0
645,2025-06-30,12100.0,0.0,0,Normal,0,0,0
645,2025-07-31,6050.0,0.0,0,Normal,0,0,0
645,2025-08-31,0.0,0.0,0,Normal,0,0,0
646,2025-04-30,15800.0,0.0,0,Normal,0,0,0
646,2025-05-31,7900.0,0.0,0,Normal,0,0,0
646,2025-06-30,0.0,0.0,0,Normal,0,0,0
647,2022-11-30,28000.0,0.0,0,Normal,0,0,0
647,2022-12-31,0.0,0.0,0,Normal,0,0,0
648,2024-07-31,29900.0,0.0,0,Normal,0,0,0
648,2024-08-31,27181.82,0.0,0,Normal,0,0,0
648,2024-09-30,27181.82,2718.18,10,Watch,0,0,0
648,2024-10-31,27181.82,5436.36,41,Substandard,1,0,0
648,2024-11-30,27181.82,8154.54,71,Doubtful,1,1,0
648,2024-12-31,25853.35,9544.25,102,Loss,1,1,1
648,2025-01-31,24598.27,11007.35,133,Loss,1,1,1
648,2025-02-28,24598.27,13725.53,161,Loss,1,1,1
648,2025-03-31,23883.06,15728.5,192,Loss,1,1,1
648,2025-04-30,23883.06,18446.68,222,Loss,1,1,1
648,2025-05-31,23883.06,21164.86,253,Loss,1,1,1
648,2025-06-30,23883.06,23883.04,283,Loss,1,1,1
649,2024-04-30,40700.0,0.0,0,Normal,0,0,0
649,2024-05-31,20350.0,0.0,0,Normal,0,0,0
649,2024-06-30,0.0,0.0,0,Normal,0,0,0
650,2024-07-31,43900.0,0.0,0,Normal,0,0,0
650,2024-08-31,40241.67,0.0,0,Normal,0,0,0
650,2024-09-30,36583.34,0.0,0,Normal,0,0,0
650,2024-10-31,32925.01,0.0,0,Normal,0,0,0
650,2024-11-30,29266.68,0.0,0,Normal,0,0,0
650,2024-12-31,25608.35,0.0,0,Normal,0,0,0
650,2025-01-31,21950.02,0.0,0,Normal,0,0,0
650,2025-02-28,18291.69,0.0,0,Normal,0,0,0
650,2025-03-31,14633.36,0.0,0,Normal,0,0,0
650,2025-04-30,10975.03,0.0,0,Normal,0,0,0
650,2025-05-31,7316.7,0.0,0,Normal,0,0,0
650,2025-06-30,3658.37,0.0,0,Normal,0,0,0
650,2025-07-31,0.04,0.0,0,Normal,0,0,0
