repayment_id,loan_id,installment_number,due_date,amount_due_ksh,amount_paid_ksh,payment_date,payment_status
1,1,1,2026-03-16,6400.0,6400.0,2026-03-16,Paid-OnTime
2,1,2,2026-04-16,6400.0,6400.0,2026-04-16,Paid-OnTime
3,2,1,2026-01-03,3047.83,3047.83,2026-01-03,Paid-OnTime
4,2,2,2026-02-03,3047.83,3047.83,2026-02-03,Paid-OnTime
5,2,3,2026-03-03,3047.83,3047.83,2026-03-03,Paid-OnTime
6,2,4,2026-04-03,3047.83,3047.83,2026-04-03,Paid-OnTime
7,2,5,2026-05-03,3047.83,3047.83,2026-05-03,Paid-OnTime
8,2,6,2026-06-03,3047.83,3047.83,2026-06-11,Paid-Late
9,2,7,2026-07-03,3047.83,3047.83,2026-07-03,Paid-OnTime
10,2,8,2026-08-03,3047.83,3047.83,2026-08-03,Paid-OnTime
11,3,1,2025-12-07,1840.0,1840.0,2025-12-07,Paid-OnTime
12,3,2,2026-01-07,1840.0,1840.0,2026-01-07,Paid-OnTime
13,3,3,2026-02-07,1840.0,1840.0,2026-02-07,Paid-OnTime
14,3,4,2026-03-07,1840.0,1840.0,2026-03-07,Paid-OnTime
15,3,5,2026-04-07,1840.0,1840.0,2026-04-07,Paid-OnTime
16,4,1,2026-01-01,960.0,960.0,2026-01-01,Paid-OnTime
17,4,2,2026-02-01,960.0,960.0,2026-02-01,Paid-OnTime
18,4,3,2026-03-01,960.0,960.0,2026-03-01,Paid-OnTime
19,4,4,2026-04-01,960.0,960.0,2026-04-01,Paid-OnTime
20,4,5,2026-05-01,960.0,960.0,2026-05-01,Paid-OnTime
21,5,1,2025-01-25,5440.0,5440.0,2025-01-25,Paid-OnTime
22,5,2,2025-02-25,5440.0,5440.0,2025-02-25,Paid-OnTime
23,5,3,2025-03-25,5440.0,5440.0,2025-03-25,Paid-OnTime
24,5,4,2025-04-25,5440.0,0.0,,Missed
25,5,5,2025-05-25,5440.0,2740.65,2025-05-30,Partial
26,6,1,2024-11-28,4614.29,4614.29,2024-11-28,Paid-OnTime
27,6,2,2024-12-28,4614.29,0.0,,Missed
28,6,3,2025-01-28,4614.29,0.0,,Missed
29,6,4,2025-02-28,4614.29,3077.56,2025-03-09,Partial
30,6,5,2025-03-28,4614.29,0.0,,Missed
31,6,6,2025-04-28,4614.29,0.0,,Missed
32,6,7,2025-05-28,4614.29,1091.26,2025-06-20,Partial
33,7,1,2023-04-18,92600.0,92600.0,2023-04-18,Paid-OnTime
34,8,1,2024-11-23,2400.0,2400.0,2024-11-23,Paid-OnTime
35,8,2,2024-12-23,2400.0,2400.0,2024-12-23,Paid-OnTime
36,8,3,2025-01-23,2400.0,2400.0,2025-01-23,Paid-OnTime
37,8,4,2025-02-23,2400.0,2400.0,2025-02-23,Paid-OnTime
38,8,5,2025-03-23,2400.0,2400.0,2025-03-23,Paid-OnTime
39,8,6,2025-04-23,2400.0,2400.0,2025-04-23,Paid-OnTime
40,9,1,2024-04-11,9064.86,9064.86,2024-04-11,Paid-OnTime
41,9,2,2024-05-11,9064.86,9064.86,2024-05-11,Paid-OnTime
42,9,3,2024-06-11,9064.86,9064.86,2024-06-11,Paid-OnTime
43,9,4,2024-07-11,9064.86,9064.86,2024-07-11,Paid-OnTime
44,9,5,2024-08-11,9064.86,9064.86,2024-08-11,Paid-OnTime
45,9,6,2024-09-11,9064.86,9064.86,2024-09-11,Paid-OnTime
46,9,7,2024-10-11,9064.86,9064.86,2024-10-11,Paid-OnTime
47,9,8,2024-11-11,9064.86,9064.86,2024-11-11,Paid-OnTime
48,9,9,2024-12-11,9064.86,9064.86,2024-12-11,Paid-OnTime
49,9,10,2025-01-11,9064.86,9064.86,2025-01-11,Paid-OnTime
50,9,11,2025-02-11,9064.86,9064.86,2025-02-11,Paid-OnTime
51,9,12,2025-03-11,9064.86,9064.86,2025-03-11,Paid-OnTime
52,9,13,2025-04-11,9064.86,9064.86,2025-04-11,Paid-OnTime
53,9,14,2025-05-11,9064.86,9064.86,2025-05-11,Paid-OnTime
54,9,15,2025-06-11,9064.86,9064.86,2025-06-11,Paid-OnTime
55,9,16,2025-07-11,9064.86,9064.86,2025-07-11,Paid-OnTime
56,9,17,2025-08-11,9064.86,9064.86,2025-08-11,Paid-OnTime
57,9,18,2025-09-11,9064.86,9064.86,2025-09-11,Paid-OnTime
58,9,19,2025-10-11,9064.86,9064.86,2025-10-11,Paid-OnTime
59,9,20,2025-11-11,9064.86,9064.86,2025-11-11,Paid-OnTime
60,9,21,2025-12-11,9064.86,9064.86,2025-12-11,Paid-OnTime
61,9,22,2026-01-11,9064.86,9064.86,2026-01-11,Paid-OnTime
62,9,23,2026-02-11,9064.86,9064.86,2026-02-11,Paid-OnTime
63,9,24,2026-03-11,9064.86,9064.86,2026-03-11,Paid-OnTime
64,9,25,2026-04-11,9064.86,9064.86,2026-04-11,Paid-OnTime
65,9,26,2026-05-11,9064.86,9064.86,2026-05-11,Paid-OnTime
66,9,27,2026-06-11,9064.86,9064.86,2026-06-20,Paid-Late
67,9,28,2026-07-11,9064.86,9064.86,2026-07-11,Paid-OnTime
68,9,29,2026-08-11,9064.86,9064.86,2026-08-11,Paid-OnTime
69,11,1,2025-11-12,1457.14,1457.14,2025-11-12,Paid-OnTime
70,11,2,2025-12-12,1457.14,0.0,,Missed
71,11,3,2026-01-12,1457.14,694.23,2026-02-06,Partial
72,11,4,2026-02-12,1457.14,0.0,,Missed
73,11,5,2026-03-12,1457.14,1457.14,2026-03-12,Paid-OnTime
74,11,6,2026-04-12,1457.14,1457.14,2026-04-12,Paid-OnTime
75,11,7,2026-05-12,1457.14,1457.14,2026-05-12,Paid-OnTime
76,12,1,2025-04-26,7535.59,7535.59,2025-04-26,Paid-OnTime
77,12,2,2025-05-26,7535.59,7535.59,2025-05-26,Paid-OnTime
78,12,3,2025-06-26,7535.59,7535.59,2025-06-26,Paid-OnTime
79,12,4,2025-07-26,7535.59,7535.59,2025-07-26,Paid-OnTime
80,12,5,2025-08-26,7535.59,7535.59,2025-08-26,Paid-OnTime
81,12,6,2025-09-26,7535.59,7535.59,2025-09-26,Paid-OnTime
82,12,7,2025-10-26,7535.59,7535.59,2025-10-26,Paid-OnTime
83,12,8,2025-11-26,7535.59,7535.59,2025-11-26,Paid-OnTime
84,12,9,2025-12-26,7535.59,7535.59,2025-12-26,Paid-OnTime
85,12,10,2026-01-26,7535.59,7535.59,2026-01-26,Paid-OnTime
86,12,11,2026-02-26,7535.59,7535.59,2026-02-26,Paid-OnTime
87,12,12,2026-03-26,7535.59,7535.59,2026-03-26,Paid-OnTime
88,12,13,2026-04-26,7535.59,7535.59,2026-04-26,Paid-OnTime
89,12,14,2026-05-26,7535.59,7535.59,2026-05-26,Paid-OnTime
90,12,15,2026-06-26,7535.59,7535.59,2026-06-26,Paid-OnTime
91,12,16,2026-07-26,7535.59,7535.59,2026-07-26,Paid-OnTime
92,12,17,2026-08-26,7535.59,7535.59,2026-08-26,Paid-OnTime
93,13,1,2026-06-05,16630.61,16630.61,2026-06-05,Paid-OnTime
94,13,2,2026-07-05,16630.61,11413.25,2026-07-14,Partial
95,13,3,2026-08-05,16630.61,0.0,,Missed
96,14,1,2026-06-05,4040.0,4040.0,2026-06-05,Paid-OnTime
97,14,2,2026-07-05,4040.0,4040.0,2026-07-05,Paid-OnTime
98,14,3,2026-08-05,4040.0,4040.0,2026-08-05,Paid-OnTime
99,15,1,2023-11-08,4925.0,4925.0,2023-11-08,Paid-OnTime
100,15,2,2023-12-08,4925.0,4925.0,2023-12-08,Paid-OnTime
101,15,3,2024-01-08,4925.0,4925.0,2024-01-08,Paid-OnTime
102,15,4,2024-02-08,4925.0,4925.0,2024-02-08,Paid-OnTime
103,15,5,2024-03-08,4925.0,4925.0,2024-03-08,Paid-OnTime
104,15,6,2024-04-08,4925.0,4925.0,2024-04-08,Paid-OnTime
105,15,7,2024-05-08,4925.0,4925.0,2024-05-08,Paid-OnTime
106,15,8,2024-06-08,4925.0,4925.0,2024-06-08,Paid-OnTime
107,15,9,2024-07-08,4925.0,4925.0,2024-07-08,Paid-OnTime
108,15,10,2024-08-08,4925.0,4925.0,2024-08-08,Paid-OnTime
109,15,11,2024-09-08,4925.0,4925.0,2024-09-08,Paid-OnTime
110,15,12,2024-10-08,4925.0,4925.0,2024-10-08,Paid-OnTime
111,16,1,2022-10-03,954.55,954.55,2022-10-03,Paid-OnTime
112,16,2,2022-11-03,954.55,954.55,2022-11-11,Paid-Late
113,16,3,2022-12-03,954.55,954.55,2022-12-03,Paid-OnTime
114,16,4,2023-01-03,954.55,954.55,2023-01-03,Paid-OnTime
115,16,5,2023-02-03,954.55,954.55,2023-02-03,Paid-OnTime
116,16,6,2023-03-03,954.55,954.55,2023-03-03,Paid-OnTime
117,16,7,2023-04-03,954.55,954.55,2023-04-10,Paid-Late
118,16,8,2023-05-03,954.55,954.55,2023-05-03,Paid-OnTime
119,16,9,2023-06-03,954.55,954.55,2023-06-03,Paid-OnTime
120,16,10,2023-07-03,954.55,954.55,2023-07-12,Paid-Late
121,16,11,2023-08-03,954.55,954.55,2023-08-03,Paid-OnTime
122,17,1,2023-06-27,5150.0,5150.0,2023-06-27,Paid-OnTime
123,17,2,2023-07-27,5150.0,5150.0,2023-08-02,Paid-Late
124,18,1,2024-04-28,2991.67,2991.67,2024-04-28,Paid-OnTime
125,18,2,2024-05-28,2991.67,2991.67,2024-05-28,Paid-OnTime
126,18,3,2024-06-28,2991.67,2991.67,2024-06-28,Paid-OnTime
127,18,4,2024-07-28,2991.67,2991.67,2024-07-28,Paid-OnTime
128,18,5,2024-08-28,2991.67,2991.67,2024-08-28,Paid-OnTime
129,18,6,2024-09-28,2991.67,2991.67,2024-09-28,Paid-OnTime
130,18,7,2024-10-28,2991.67,2991.67,2024-10-28,Paid-OnTime
131,18,8,2024-11-28,2991.67,2991.67,2024-11-28,Paid-OnTime
132,18,9,2024-12-28,2991.67,2991.67,2024-12-28,Paid-OnTime
133,18,10,2025-01-28,2991.67,2991.67,2025-01-28,Paid-OnTime
134,18,11,2025-02-28,2991.67,0.0,,Missed
135,18,12,2025-03-28,2991.67,0.0,,Missed
136,19,1,2025-11-28,10700.0,10700.0,2025-11-28,Paid-OnTime
137,19,2,2025-12-28,10700.0,10700.0,2025-12-28,Paid-OnTime
138,20,1,2025-11-02,9433.33,9433.33,2025-11-02,Paid-OnTime
139,20,2,2025-12-02,9433.33,9433.33,2025-12-02,Paid-OnTime
140,20,3,2026-01-02,9433.33,9433.33,2026-01-02,Paid-OnTime
141,21,1,2026-04-28,3740.0,3740.0,2026-05-07,Paid-Late
142,21,2,2026-05-28,3740.0,3740.0,2026-05-28,Paid-OnTime
143,21,3,2026-06-28,3740.0,3740.0,2026-06-28,Paid-OnTime
144,21,4,2026-07-28,3740.0,3740.0,2026-07-28,Paid-OnTime
145,21,5,2026-08-28,3740.0,3740.0,2026-08-28,Paid-OnTime
146,22,1,2024-04-06,941.67,941.67,2024-04-06,Paid-OnTime
147,22,2,2024-05-06,941.67,941.67,2024-05-06,Paid-OnTime
148,22,3,2024-06-06,941.67,941.67,2024-06-06,Paid-OnTime
149,22,4,2024-07-06,941.67,941.67,2024-07-06,Paid-OnTime
150,22,5,2024-08-06,941.67,941.67,2024-08-06,Paid-OnTime
151,22,6,2024-09-06,941.67,941.67,2024-09-06,Paid-OnTime
152,22,7,2024-10-06,941.67,941.67,2024-10-06,Paid-OnTime
153,22,8,2024-11-06,941.67,941.67,2024-11-06,Paid-OnTime
154,22,9,2024-12-06,941.67,941.67,2024-12-06,Paid-OnTime
155,22,10,2025-01-06,941.67,941.67,2025-01-06,Paid-OnTime
156,22,11,2025-02-06,941.67,941.67,2025-02-06,Paid-OnTime
157,22,12,2025-03-06,941.67,941.67,2025-03-06,Paid-OnTime
158,23,1,2023-04-26,4300.0,4300.0,2023-04-26,Paid-OnTime
159,23,2,2023-05-26,4300.0,2825.06,2023-05-31,Partial
160,23,3,2023-06-26,4300.0,0.0,,Missed
161,23,4,2023-07-26,4300.0,0.0,,Missed
162,24,1,2023-01-26,1863.89,1863.89,2023-02-05,Paid-Late
163,24,2,2023-02-26,1863.89,1863.89,2023-03-04,Paid-Late
164,24,3,2023-03-26,1863.89,1863.89,2023-03-26,Paid-OnTime
165,24,4,2023-04-26,1863.89,1863.89,2023-04-26,Paid-OnTime
166,24,5,2023-05-26,1863.89,1863.89,2023-05-26,Paid-OnTime
167,24,6,2023-06-26,1863.89,1863.89,2023-06-26,Paid-OnTime
168,24,7,2023-07-26,1863.89,1863.89,2023-07-26,Paid-OnTime
169,24,8,2023-08-26,1863.89,1863.89,2023-08-26,Paid-OnTime
170,24,9,2023-09-26,1863.89,1863.89,2023-09-26,Paid-OnTime
171,24,10,2023-10-26,1863.89,1863.89,2023-10-26,Paid-OnTime
172,24,11,2023-11-26,1863.89,1863.89,2023-11-26,Paid-OnTime
173,24,12,2023-12-26,1863.89,1863.89,2023-12-26,Paid-OnTime
174,24,13,2024-01-26,1863.89,1863.89,2024-01-26,Paid-OnTime
175,24,14,2024-02-26,1863.89,1863.89,2024-02-26,Paid-OnTime
176,24,15,2024-03-26,1863.89,1863.89,2024-03-26,Paid-OnTime
177,24,16,2024-04-26,1863.89,1863.89,2024-04-26,Paid-OnTime
178,24,17,2024-05-26,1863.89,1863.89,2024-05-26,Paid-OnTime
179,24,18,2024-06-26,1863.89,1863.89,2024-06-26,Paid-OnTime
180,24,19,2024-07-26,1863.89,1863.89,2024-07-26,Paid-OnTime
181,24,20,2024-08-26,1863.89,1863.89,2024-08-26,Paid-OnTime
182,24,21,2024-09-26,1863.89,1863.89,2024-09-26,Paid-OnTime
183,24,22,2024-10-26,1863.89,1863.89,2024-10-26,Paid-OnTime
184,24,23,2024-11-26,1863.89,1863.89,2024-11-26,Paid-OnTime
185,24,24,2024-12-26,1863.89,1863.89,2024-12-26,Paid-OnTime
186,24,25,2025-01-26,1863.89,1863.89,2025-01-26,Paid-OnTime
187,24,26,2025-02-26,1863.89,1863.89,2025-02-26,Paid-OnTime
188,24,27,2025-03-26,1863.89,1863.89,2025-03-26,Paid-OnTime
189,24,28,2025-04-26,1863.89,1863.89,2025-04-26,Paid-OnTime
190,24,29,2025-05-26,1863.89,1863.89,2025-05-26,Paid-OnTime
191,24,30,2025-06-26,1863.89,1863.89,2025-06-26,Paid-OnTime
192,24,31,2025-07-26,1863.89,1863.89,2025-07-26,Paid-OnTime
193,24,32,2025-08-26,1863.89,1863.89,2025-08-26,Paid-OnTime
194,24,33,2025-09-26,1863.89,1863.89,2025-09-26,Paid-OnTime
195,24,34,2025-10-26,1863.89,1863.89,2025-10-26,Paid-OnTime
196,24,35,2025-11-26,1863.89,1863.89,2025-11-26,Paid-OnTime
197,24,36,2025-12-26,1863.89,1863.89,2025-12-26,Paid-OnTime
198,25,1,2026-05-28,928.57,928.57,2026-05-28,Paid-OnTime
199,25,2,2026-06-28,928.57,928.57,2026-06-28,Paid-OnTime
200,25,3,2026-07-28,928.57,928.57,2026-07-28,Paid-OnTime
201,25,4,2026-08-28,928.57,928.57,2026-08-28,Paid-OnTime
202,26,1,2022-07-09,2547.83,2547.83,2022-07-09,Paid-OnTime
203,26,2,2022-08-09,2547.83,2547.83,2022-08-09,Paid-OnTime
204,26,3,2022-09-09,2547.83,2547.83,2022-09-09,Paid-OnTime
205,26,4,2022-10-09,2547.83,2547.83,2022-10-09,Paid-OnTime
206,26,5,2022-11-09,2547.83,2547.83,2022-11-09,Paid-OnTime
207,26,6,2022-12-09,2547.83,2547.83,2022-12-15,Paid-Late
208,26,7,2023-01-09,2547.83,2547.83,2023-01-09,Paid-OnTime
209,26,8,2023-02-09,2547.83,2547.83,2023-02-09,Paid-OnTime
210,26,9,2023-03-09,2547.83,2547.83,2023-03-09,Paid-OnTime
211,26,10,2023-04-09,2547.83,2547.83,2023-04-09,Paid-OnTime
212,26,11,2023-05-09,2547.83,2547.83,2023-05-18,Paid-Late
213,26,12,2023-06-09,2547.83,2547.83,2023-06-09,Paid-OnTime
214,26,13,2023-07-09,2547.83,2547.83,2023-07-09,Paid-OnTime
215,26,14,2023-08-09,2547.83,2547.83,2023-08-09,Paid-OnTime
216,26,15,2023-09-09,2547.83,2547.83,2023-09-09,Paid-OnTime
217,26,16,2023-10-09,2547.83,2547.83,2023-10-09,Paid-OnTime
218,26,17,2023-11-09,2547.83,2547.83,2023-11-09,Paid-OnTime
219,26,18,2023-12-09,2547.83,2547.83,2023-12-09,Paid-OnTime
220,26,19,2024-01-09,2547.83,2547.83,2024-01-09,Paid-OnTime
221,26,20,2024-02-09,2547.83,2547.83,2024-02-09,Paid-OnTime
222,26,21,2024-03-09,2547.83,2547.83,2024-03-09,Paid-OnTime
223,26,22,2024-04-09,2547.83,2547.83,2024-04-09,Paid-OnTime
224,26,23,2024-05-09,2547.83,2547.83,2024-05-09,Paid-OnTime
225,27,1,2022-04-10,3450.0,3450.0,2022-04-10,Paid-OnTime
226,27,2,2022-05-10,3450.0,3450.0,2022-05-10,Paid-OnTime
227,28,1,2022-07-03,3646.15,3646.15,2022-07-03,Paid-OnTime
228,28,2,2022-08-03,3646.15,3646.15,2022-08-03,Paid-OnTime
229,28,3,2022-09-03,3646.15,3646.15,2022-09-03,Paid-OnTime
230,28,4,2022-10-03,3646.15,3646.15,2022-10-03,Paid-OnTime
231,28,5,2022-11-03,3646.15,3646.15,2022-11-03,Paid-OnTime
232,28,6,2022-12-03,3646.15,3646.15,2022-12-03,Paid-OnTime
233,28,7,2023-01-03,3646.15,3646.15,2023-01-03,Paid-OnTime
234,28,8,2023-02-03,3646.15,3646.15,2023-02-03,Paid-OnTime
235,28,9,2023-03-03,3646.15,3646.15,2023-03-03,Paid-OnTime
236,28,10,2023-04-03,3646.15,3646.15,2023-04-03,Paid-OnTime
237,28,11,2023-05-03,3646.15,3646.15,2023-05-03,Paid-OnTime
238,28,12,2023-06-03,3646.15,3646.15,2023-06-03,Paid-OnTime
239,28,13,2023-07-03,3646.15,3646.15,2023-07-03,Paid-OnTime
240,29,1,2023-08-28,2216.67,2216.67,2023-08-28,Paid-OnTime
241,29,2,2023-09-28,2216.67,2216.67,2023-09-28,Paid-OnTime
242,29,3,2023-10-28,2216.67,2216.67,2023-10-28,Paid-OnTime
243,29,4,2023-11-28,2216.67,2216.67,2023-11-28,Paid-OnTime
244,29,5,2023-12-28,2216.67,2216.67,2023-12-28,Paid-OnTime
245,29,6,2024-01-28,2216.67,2216.67,2024-01-28,Paid-OnTime
246,29,7,2024-02-28,2216.67,2216.67,2024-02-28,Paid-OnTime
247,29,8,2024-03-28,2216.67,2216.67,2024-03-28,Paid-OnTime
248,29,9,2024-04-28,2216.67,2216.67,2024-05-03,Paid-Late
249,29,10,2024-05-28,2216.67,2216.67,2024-05-28,Paid-OnTime
250,29,11,2024-06-28,2216.67,2216.67,2024-06-28,Paid-OnTime
251,29,12,2024-07-28,2216.67,2216.67,2024-07-28,Paid-OnTime
252,30,1,2024-04-25,3270.83,3270.83,2024-04-25,Paid-OnTime
253,30,2,2024-05-25,3270.83,3270.83,2024-05-25,Paid-OnTime
254,30,3,2024-06-25,3270.83,3270.83,2024-06-25,Paid-OnTime
255,30,4,2024-07-25,3270.83,3270.83,2024-07-25,Paid-OnTime
256,30,5,2024-08-25,3270.83,3270.83,2024-08-25,Paid-OnTime
257,30,6,2024-09-25,3270.83,3270.83,2024-09-25,Paid-OnTime
258,30,7,2024-10-25,3270.83,3270.83,2024-10-25,Paid-OnTime
259,30,8,2024-11-25,3270.83,3270.83,2024-11-25,Paid-OnTime
260,30,9,2024-12-25,3270.83,3270.83,2024-12-25,Paid-OnTime
261,30,10,2025-01-25,3270.83,3270.83,2025-01-25,Paid-OnTime
262,30,11,2025-02-25,3270.83,3270.83,2025-02-25,Paid-OnTime
263,30,12,2025-03-25,3270.83,3270.83,2025-03-25,Paid-OnTime
264,30,13,2025-04-25,3270.83,3270.83,2025-04-25,Paid-OnTime
265,30,14,2025-05-25,3270.83,3270.83,2025-05-25,Paid-OnTime
266,30,15,2025-06-25,3270.83,3270.83,2025-06-25,Paid-OnTime
267,30,16,2025-07-25,3270.83,3270.83,2025-07-25,Paid-OnTime
268,30,17,2025-08-25,3270.83,3270.83,2025-08-25,Paid-OnTime
269,30,18,2025-09-25,3270.83,3270.83,2025-09-25,Paid-OnTime
270,30,19,2025-10-25,3270.83,0.0,,Missed
271,30,20,2025-11-25,3270.83,0.0,,Missed
272,30,21,2025-12-25,3270.83,0.0,,Missed
273,30,22,2026-01-25,3270.83,0.0,,Missed
274,30,23,2026-02-25,3270.83,895.3,2026-03-16,Partial
275,30,24,2026-03-25,3270.83,3270.83,2026-03-25,Paid-OnTime
276,32,1,2026-08-12,6661.7,6661.7,2026-08-12,Paid-OnTime
277,33,1,2026-06-20,1000.0,1000.0,2026-06-20,Paid-OnTime
278,33,2,2026-07-20,1000.0,1000.0,2026-07-20,Paid-OnTime
279,33,3,2026-08-20,1000.0,1000.0,2026-08-20,Paid-OnTime
280,34,1,2024-02-08,4400.0,4400.0,2024-02-08,Paid-OnTime
281,34,2,2024-03-08,4400.0,4400.0,2024-03-08,Paid-OnTime
282,34,3,2024-04-08,4400.0,4400.0,2024-04-08,Paid-OnTime
283,34,4,2024-05-08,4400.0,4400.0,2024-05-08,Paid-OnTime
284,34,5,2024-06-08,4400.0,4400.0,2024-06-08,Paid-OnTime
285,34,6,2024-07-08,4400.0,4400.0,2024-07-08,Paid-OnTime
286,35,1,2025-12-21,666.67,666.67,2025-12-21,Paid-OnTime
287,35,2,2026-01-21,666.67,666.67,2026-01-21,Paid-OnTime
288,35,3,2026-02-21,666.67,666.67,2026-02-21,Paid-OnTime
289,35,4,2026-03-21,666.67,666.67,2026-03-21,Paid-OnTime
290,35,5,2026-04-21,666.67,666.67,2026-04-28,Paid-Late
291,35,6,2026-05-21,666.67,666.67,2026-05-21,Paid-OnTime
292,36,1,2026-06-03,9760.0,9760.0,2026-06-03,Paid-OnTime
293,36,2,2026-07-03,9760.0,9760.0,2026-07-03,Paid-OnTime
294,36,3,2026-08-03,9760.0,9760.0,2026-08-03,Paid-OnTime
295,37,1,2024-05-13,16934.69,16934.69,2024-05-13,Paid-OnTime
296,37,2,2024-06-13,16934.69,16934.69,2024-06-13,Paid-OnTime
297,37,3,2024-07-13,16934.69,16934.69,2024-07-13,Paid-OnTime
298,37,4,2024-08-13,16934.69,16934.69,2024-08-13,Paid-OnTime
299,37,5,2024-09-13,16934.69,16934.69,2024-09-13,Paid-OnTime
300,37,6,2024-10-13,16934.69,16934.69,2024-10-13,Paid-OnTime
301,37,7,2024-11-13,16934.69,16934.69,2024-11-13,Paid-OnTime
302,37,8,2024-12-13,16934.69,16934.69,2024-12-13,Paid-OnTime
303,37,9,2025-01-13,16934.69,16934.69,2025-01-13,Paid-OnTime
304,37,10,2025-02-13,16934.69,16934.69,2025-02-13,Paid-OnTime
305,37,11,2025-03-13,16934.69,16934.69,2025-03-13,Paid-OnTime
306,37,12,2025-04-13,16934.69,16934.69,2025-04-13,Paid-OnTime
307,37,13,2025-05-13,16934.69,16934.69,2025-05-16,Paid-Late
308,37,14,2025-06-13,16934.69,16934.69,2025-06-13,Paid-OnTime
309,37,15,2025-07-13,16934.69,16934.69,2025-07-13,Paid-OnTime
310,37,16,2025-08-13,16934.69,16934.69,2025-08-13,Paid-OnTime
311,37,17,2025-09-13,16934.69,16934.69,2025-09-13,Paid-OnTime
312,37,18,2025-10-13,16934.69,16934.69,2025-10-13,Paid-OnTime
313,37,19,2025-11-13,16934.69,16934.69,2025-11-13,Paid-OnTime
314,37,20,2025-12-13,16934.69,16934.69,2025-12-13,Paid-OnTime
315,37,21,2026-01-13,16934.69,16934.69,2026-01-21,Paid-Late
316,37,22,2026-02-13,16934.69,16934.69,2026-02-13,Paid-OnTime
317,37,23,2026-03-13,16934.69,16934.69,2026-03-13,Paid-OnTime
318,37,24,2026-04-13,16934.69,16934.69,2026-04-13,Paid-OnTime
319,37,25,2026-05-13,16934.69,16934.69,2026-05-13,Paid-OnTime
320,37,26,2026-06-13,16934.69,16934.69,2026-06-13,Paid-OnTime
321,37,27,2026-07-13,16934.69,16934.69,2026-07-13,Paid-OnTime
322,37,28,2026-08-13,16934.69,16934.69,2026-08-13,Paid-OnTime
323,39,1,2026-05-21,771.43,771.43,2026-05-21,Paid-OnTime
324,39,2,2026-06-21,771.43,771.43,2026-06-28,Paid-Late
325,39,3,2026-07-21,771.43,771.43,2026-07-21,Paid-OnTime
326,39,4,2026-08-21,771.43,771.43,2026-08-21,Paid-OnTime
327,40,1,2024-10-10,3508.33,3508.33,2024-10-10,Paid-OnTime
328,40,2,2024-11-10,3508.33,3508.33,2024-11-10,Paid-OnTime
329,40,3,2024-12-10,3508.33,3508.33,2024-12-10,Paid-OnTime
330,40,4,2025-01-10,3508.33,3508.33,2025-01-18,Paid-Late
331,40,5,2025-02-10,3508.33,3508.33,2025-02-10,Paid-OnTime
332,40,6,2025-03-10,3508.33,3508.33,2025-03-10,Paid-OnTime
333,40,7,2025-04-10,3508.33,3508.33,2025-04-10,Paid-OnTime
334,40,8,2025-05-10,3508.33,3508.33,2025-05-10,Paid-OnTime
335,40,9,2025-06-10,3508.33,3508.33,2025-06-10,Paid-OnTime
336,40,10,2025-07-10,3508.33,3508.33,2025-07-10,Paid-OnTime
337,40,11,2025-08-10,3508.33,3508.33,2025-08-10,Paid-OnTime
338,40,12,2025-09-10,3508.33,3508.33,2025-09-10,Paid-OnTime
339,41,1,2026-02-16,2376.92,2376.92,2026-02-16,Paid-OnTime
340,41,2,2026-03-16,2376.92,2376.92,2026-03-16,Paid-OnTime
341,41,3,2026-04-16,2376.92,2376.92,2026-04-16,Paid-OnTime
342,41,4,2026-05-16,2376.92,2376.92,2026-05-16,Paid-OnTime
343,41,5,2026-06-16,2376.92,2376.92,2026-06-16,Paid-OnTime
344,41,6,2026-07-16,2376.92,2376.92,2026-07-16,Paid-OnTime
345,41,7,2026-08-16,2376.92,2376.92,2026-08-16,Paid-OnTime
346,42,1,2023-09-28,3058.33,3058.33,2023-09-28,Paid-OnTime
347,42,2,2023-10-28,3058.33,3058.33,2023-10-28,Paid-OnTime
348,42,3,2023-11-28,3058.33,3058.33,2023-11-28,Paid-OnTime
349,42,4,2023-12-28,3058.33,3058.33,2023-12-28,Paid-OnTime
350,42,5,2024-01-28,3058.33,3058.33,2024-01-28,Paid-OnTime
351,42,6,2024-02-28,3058.33,3058.33,2024-02-28,Paid-OnTime
352,42,7,2024-03-28,3058.33,3058.33,2024-03-28,Paid-OnTime
353,42,8,2024-04-28,3058.33,3058.33,2024-04-28,Paid-OnTime
354,42,9,2024-05-28,3058.33,3058.33,2024-05-28,Paid-OnTime
355,42,10,2024-06-28,3058.33,3058.33,2024-06-28,Paid-OnTime
356,42,11,2024-07-28,3058.33,3058.33,2024-07-28,Paid-OnTime
357,42,12,2024-08-28,3058.33,3058.33,2024-08-28,Paid-OnTime
358,43,1,2023-02-06,1566.67,1566.67,2023-02-06,Paid-OnTime
359,43,2,2023-03-06,1566.67,1566.67,2023-03-06,Paid-OnTime
360,43,3,2023-04-06,1566.67,1566.67,2023-04-06,Paid-OnTime
361,43,4,2023-05-06,1566.67,1566.67,2023-05-06,Paid-OnTime
362,43,5,2023-06-06,1566.67,1566.67,2023-06-06,Paid-OnTime
363,43,6,2023-07-06,1566.67,1566.67,2023-07-06,Paid-OnTime
364,44,1,2023-10-21,3375.0,3375.0,2023-10-21,Paid-OnTime
365,44,2,2023-11-21,3375.0,3375.0,2023-11-21,Paid-OnTime
366,44,3,2023-12-21,3375.0,3375.0,2023-12-21,Paid-OnTime
367,44,4,2024-01-21,3375.0,3375.0,2024-01-21,Paid-OnTime
368,44,5,2024-02-21,3375.0,3375.0,2024-02-21,Paid-OnTime
369,44,6,2024-03-21,3375.0,1519.56,2024-04-07,Partial
370,44,7,2024-04-21,3375.0,0.0,,Missed
371,44,8,2024-05-21,3375.0,916.69,2024-05-31,Partial
372,44,9,2024-06-21,3375.0,0.0,,Missed
373,44,10,2024-07-21,3375.0,0.0,,Missed
374,44,11,2024-08-21,3375.0,0.0,,Missed
375,44,12,2024-09-21,3375.0,0.0,,Missed
376,45,1,2024-08-13,4033.33,4033.33,2024-08-13,Paid-OnTime
377,45,2,2024-09-13,4033.33,4033.33,2024-09-13,Paid-OnTime
378,45,3,2024-10-13,4033.33,4033.33,2024-10-19,Paid-Late
379,45,4,2024-11-13,4033.33,4033.33,2024-11-13,Paid-OnTime
380,45,5,2024-12-13,4033.33,2605.54,2025-01-03,Partial
381,45,6,2025-01-13,4033.33,0.0,,Missed
382,46,1,2024-03-25,20300.0,20300.0,2024-03-25,Paid-OnTime
383,46,2,2024-04-25,20300.0,20300.0,2024-04-25,Paid-OnTime
384,46,3,2024-05-25,20300.0,20300.0,2024-05-25,Paid-OnTime
385,47,1,2024-07-07,13459.46,13459.46,2024-07-07,Paid-OnTime
386,47,2,2024-08-07,13459.46,13459.46,2024-08-07,Paid-OnTime
387,47,3,2024-09-07,13459.46,13459.46,2024-09-07,Paid-OnTime
388,47,4,2024-10-07,13459.46,13459.46,2024-10-07,Paid-OnTime
389,47,5,2024-11-07,13459.46,13459.46,2024-11-07,Paid-OnTime
390,47,6,2024-12-07,13459.46,13459.46,2024-12-07,Paid-OnTime
391,47,7,2025-01-07,13459.46,13459.46,2025-01-07,Paid-OnTime
392,47,8,2025-02-07,13459.46,13459.46,2025-02-07,Paid-OnTime
393,47,9,2025-03-07,13459.46,13459.46,2025-03-07,Paid-OnTime
394,47,10,2025-04-07,13459.46,13459.46,2025-04-07,Paid-OnTime
395,47,11,2025-05-07,13459.46,13459.46,2025-05-07,Paid-OnTime
396,47,12,2025-06-07,13459.46,13459.46,2025-06-07,Paid-OnTime
397,47,13,2025-07-07,13459.46,13459.46,2025-07-07,Paid-OnTime
398,47,14,2025-08-07,13459.46,13459.46,2025-08-14,Paid-Late
399,47,15,2025-09-07,13459.46,13459.46,2025-09-07,Paid-OnTime
400,47,16,2025-10-07,13459.46,13459.46,2025-10-07,Paid-OnTime
401,47,17,2025-11-07,13459.46,13459.46,2025-11-07,Paid-OnTime
402,47,18,2025-12-07,13459.46,13459.46,2025-12-11,Paid-Late
403,47,19,2026-01-07,13459.46,13459.46,2026-01-07,Paid-OnTime
404,47,20,2026-02-07,13459.46,13459.46,2026-02-11,Paid-Late
405,47,21,2026-03-07,13459.46,13459.46,2026-03-07,Paid-OnTime
406,47,22,2026-04-07,13459.46,13459.46,2026-04-07,Paid-OnTime
407,47,23,2026-05-07,13459.46,13459.46,2026-05-07,Paid-OnTime
408,47,24,2026-06-07,13459.46,13459.46,2026-06-07,Paid-OnTime
409,47,25,2026-07-07,13459.46,13459.46,2026-07-07,Paid-OnTime
410,47,26,2026-08-07,13459.46,13459.46,2026-08-07,Paid-OnTime
411,48,1,2024-07-28,11772.22,11772.22,2024-07-28,Paid-OnTime
412,48,2,2024-08-28,11772.22,11772.22,2024-08-28,Paid-OnTime
413,48,3,2024-09-28,11772.22,11772.22,2024-09-28,Paid-OnTime
414,48,4,2024-10-28,11772.22,11772.22,2024-10-28,Paid-OnTime
415,48,5,2024-11-28,11772.22,11772.22,2024-11-28,Paid-OnTime
416,48,6,2024-12-28,11772.22,11772.22,2024-12-28,Paid-OnTime
417,48,7,2025-01-28,11772.22,11772.22,2025-01-28,Paid-OnTime
418,48,8,2025-02-28,11772.22,11772.22,2025-02-28,Paid-OnTime
419,48,9,2025-03-28,11772.22,11772.22,2025-03-28,Paid-OnTime
420,48,10,2025-04-28,11772.22,11772.22,2025-04-28,Paid-OnTime
421,48,11,2025-05-28,11772.22,11772.22,2025-06-07,Paid-Late
422,48,12,2025-06-28,11772.22,11772.22,2025-06-28,Paid-OnTime
423,48,13,2025-07-28,11772.22,11772.22,2025-07-28,Paid-OnTime
424,48,14,2025-08-28,11772.22,11772.22,2025-08-28,Paid-OnTime
425,48,15,2025-09-28,11772.22,11772.22,2025-09-28,Paid-OnTime
426,48,16,2025-10-28,11772.22,11772.22,2025-11-01,Paid-Late
427,48,17,2025-11-28,11772.22,11772.22,2025-11-28,Paid-OnTime
428,48,18,2025-12-28,11772.22,11772.22,2025-12-28,Paid-OnTime
429,48,19,2026-01-28,11772.22,11772.22,2026-01-28,Paid-OnTime
430,48,20,2026-02-28,11772.22,11772.22,2026-02-28,Paid-OnTime
431,48,21,2026-03-28,11772.22,11772.22,2026-03-28,Paid-OnTime
432,48,22,2026-04-28,11772.22,11772.22,2026-04-28,Paid-OnTime
433,48,23,2026-05-28,11772.22,11772.22,2026-05-28,Paid-OnTime
434,48,24,2026-06-28,11772.22,11772.22,2026-06-28,Paid-OnTime
435,48,25,2026-07-28,11772.22,11772.22,2026-07-28,Paid-OnTime
436,48,26,2026-08-28,11772.22,11772.22,2026-08-28,Paid-OnTime
437,50,1,2022-08-14,1100.0,1100.0,2022-08-14,Paid-OnTime
438,50,2,2022-09-14,1100.0,1100.0,2022-09-14,Paid-OnTime
439,51,1,2023-08-04,5644.9,5644.9,2023-08-04,Paid-OnTime
440,51,2,2023-09-04,5644.9,5644.9,2023-09-04,Paid-OnTime
441,51,3,2023-10-04,5644.9,5644.9,2023-10-04,Paid-OnTime
442,51,4,2023-11-04,5644.9,5644.9,2023-11-04,Paid-OnTime
443,51,5,2023-12-04,5644.9,5644.9,2023-12-04,Paid-OnTime
444,51,6,2024-01-04,5644.9,5644.9,2024-01-04,Paid-OnTime
445,51,7,2024-02-04,5644.9,5644.9,2024-02-04,Paid-OnTime
446,51,8,2024-03-04,5644.9,5644.9,2024-03-04,Paid-OnTime
447,51,9,2024-04-04,5644.9,5644.9,2024-04-04,Paid-OnTime
448,51,10,2024-05-04,5644.9,5644.9,2024-05-04,Paid-OnTime
449,51,11,2024-06-04,5644.9,5644.9,2024-06-04,Paid-OnTime
450,51,12,2024-07-04,5644.9,5644.9,2024-07-04,Paid-OnTime
451,51,13,2024-08-04,5644.9,5644.9,2024-08-04,Paid-OnTime
452,51,14,2024-09-04,5644.9,5644.9,2024-09-04,Paid-OnTime
453,51,15,2024-10-04,5644.9,5644.9,2024-10-04,Paid-OnTime
454,51,16,2024-11-04,5644.9,5644.9,2024-11-04,Paid-OnTime
455,51,17,2024-12-04,5644.9,5644.9,2024-12-04,Paid-OnTime
456,51,18,2025-01-04,5644.9,5644.9,2025-01-04,Paid-OnTime
457,51,19,2025-02-04,5644.9,5644.9,2025-02-04,Paid-OnTime
458,51,20,2025-03-04,5644.9,5644.9,2025-03-04,Paid-OnTime
459,51,21,2025-04-04,5644.9,5644.9,2025-04-09,Paid-Late
460,51,22,2025-05-04,5644.9,5644.9,2025-05-04,Paid-OnTime
461,51,23,2025-06-04,5644.9,5644.9,2025-06-04,Paid-OnTime
462,51,24,2025-07-04,5644.9,5644.9,2025-07-04,Paid-OnTime
463,51,25,2025-08-04,5644.9,5644.9,2025-08-04,Paid-OnTime
464,51,26,2025-09-04,5644.9,5644.9,2025-09-04,Paid-OnTime
465,51,27,2025-10-04,5644.9,5644.9,2025-10-04,Paid-OnTime
466,51,28,2025-11-04,5644.9,5644.9,2025-11-10,Paid-Late
467,51,29,2025-12-04,5644.9,5644.9,2025-12-04,Paid-OnTime
468,51,30,2026-01-04,5644.9,5644.9,2026-01-04,Paid-OnTime
469,51,31,2026-02-04,5644.9,5644.9,2026-02-04,Paid-OnTime
470,51,32,2026-03-04,5644.9,5644.9,2026-03-04,Paid-OnTime
471,51,33,2026-04-04,5644.9,5644.9,2026-04-04,Paid-OnTime
472,51,34,2026-05-04,5644.9,5644.9,2026-05-04,Paid-OnTime
473,51,35,2026-06-04,5644.9,5644.9,2026-06-04,Paid-OnTime
474,51,36,2026-07-04,5644.9,5644.9,2026-07-04,Paid-OnTime
475,51,37,2026-08-04,5644.9,5644.9,2026-08-04,Paid-OnTime
476,52,1,2025-07-09,1100.0,1100.0,2025-07-09,Paid-OnTime
477,52,2,2025-08-09,1100.0,1100.0,2025-08-09,Paid-OnTime
478,52,3,2025-09-09,1100.0,1100.0,2025-09-09,Paid-OnTime
479,52,4,2025-10-09,1100.0,1100.0,2025-10-09,Paid-OnTime
480,52,5,2025-11-09,1100.0,1100.0,2025-11-09,Paid-OnTime
481,53,1,2022-05-14,2462.3,2462.3,2022-05-14,Paid-OnTime
482,53,2,2022-06-14,2462.3,2462.3,2022-06-14,Paid-OnTime
483,53,3,2022-07-14,2462.3,2462.3,2022-07-14,Paid-OnTime
484,53,4,2022-08-14,2462.3,2462.3,2022-08-14,Paid-OnTime
485,53,5,2022-09-14,2462.3,2462.3,2022-09-14,Paid-OnTime
486,53,6,2022-10-14,2462.3,2462.3,2022-10-14,Paid-OnTime
487,53,7,2022-11-14,2462.3,2462.3,2022-11-14,Paid-OnTime
488,53,8,2022-12-14,2462.3,2462.3,2022-12-14,Paid-OnTime
489,53,9,2023-01-14,2462.3,2462.3,2023-01-14,Paid-OnTime
490,53,10,2023-02-14,2462.3,2462.3,2023-02-14,Paid-OnTime
491,53,11,2023-03-14,2462.3,2462.3,2023-03-14,Paid-OnTime
492,53,12,2023-04-14,2462.3,2462.3,2023-04-14,Paid-OnTime
493,53,13,2023-05-14,2462.3,2462.3,2023-05-18,Paid-Late
494,53,14,2023-06-14,2462.3,2462.3,2023-06-14,Paid-OnTime
495,53,15,2023-07-14,2462.3,2462.3,2023-07-14,Paid-OnTime
496,53,16,2023-08-14,2462.3,2462.3,2023-08-14,Paid-OnTime
497,53,17,2023-09-14,2462.3,2462.3,2023-09-14,Paid-OnTime
498,53,18,2023-10-14,2462.3,2462.3,2023-10-14,Paid-OnTime
499,53,19,2023-11-14,2462.3,2462.3,2023-11-14,Paid-OnTime
500,53,20,2023-12-14,2462.3,2462.3,2023-12-14,Paid-OnTime
501,53,21,2024-01-14,2462.3,2462.3,2024-01-14,Paid-OnTime
502,53,22,2024-02-14,2462.3,2462.3,2024-02-14,Paid-OnTime
503,53,23,2024-03-14,2462.3,2462.3,2024-03-14,Paid-OnTime
504,53,24,2024-04-14,2462.3,2462.3,2024-04-14,Paid-OnTime
505,53,25,2024-05-14,2462.3,2462.3,2024-05-14,Paid-OnTime
506,53,26,2024-06-14,2462.3,2462.3,2024-06-14,Paid-OnTime
507,53,27,2024-07-14,2462.3,2462.3,2024-07-14,Paid-OnTime
508,53,28,2024-08-14,2462.3,2462.3,2024-08-14,Paid-OnTime
509,53,29,2024-09-14,2462.3,2462.3,2024-09-14,Paid-OnTime
510,53,30,2024-10-14,2462.3,2462.3,2024-10-14,Paid-OnTime
511,53,31,2024-11-14,2462.3,2462.3,2024-11-14,Paid-OnTime
512,53,32,2024-12-14,2462.3,2462.3,2024-12-14,Paid-OnTime
513,53,33,2025-01-14,2462.3,2462.3,2025-01-22,Paid-Late
514,53,34,2025-02-14,2462.3,2462.3,2025-02-14,Paid-OnTime
515,53,35,2025-03-14,2462.3,2462.3,2025-03-14,Paid-OnTime
516,53,36,2025-04-14,2462.3,2462.3,2025-04-14,Paid-OnTime
517,53,37,2025-05-14,2462.3,2462.3,2025-05-14,Paid-OnTime
518,53,38,2025-06-14,2462.3,2462.3,2025-06-14,Paid-OnTime
519,53,39,2025-07-14,2462.3,2462.3,2025-07-19,Paid-Late
520,53,40,2025-08-14,2462.3,2462.3,2025-08-14,Paid-OnTime
521,53,41,2025-09-14,2462.3,2462.3,2025-09-14,Paid-OnTime
522,53,42,2025-10-14,2462.3,2462.3,2025-10-14,Paid-OnTime
523,53,43,2025-11-14,2462.3,2462.3,2025-11-14,Paid-OnTime
524,53,44,2025-12-14,2462.3,2462.3,2025-12-14,Paid-OnTime
525,53,45,2026-01-14,2462.3,2462.3,2026-01-14,Paid-OnTime
526,53,46,2026-02-14,2462.3,2462.3,2026-02-14,Paid-OnTime
527,53,47,2026-03-14,2462.3,2462.3,2026-03-14,Paid-OnTime
528,53,48,2026-04-14,2462.3,2462.3,2026-04-14,Paid-OnTime
529,53,49,2026-05-14,2462.3,2462.3,2026-05-14,Paid-OnTime
530,53,50,2026-06-14,2462.3,2462.3,2026-06-14,Paid-OnTime
531,53,51,2026-07-14,2462.3,2462.3,2026-07-14,Paid-OnTime
532,53,52,2026-08-14,2462.3,2462.3,2026-08-14,Paid-OnTime
533,54,1,2025-08-04,746.15,746.15,2025-08-13,Paid-Late
534,54,2,2025-09-04,746.15,746.15,2025-09-04,Paid-OnTime
535,54,3,2025-10-04,746.15,746.15,2025-10-04,Paid-OnTime
536,54,4,2025-11-04,746.15,746.15,2025-11-04,Paid-OnTime
537,54,5,2025-12-04,746.15,746.15,2025-12-04,Paid-OnTime
538,54,6,2026-01-04,746.15,746.15,2026-01-04,Paid-OnTime
539,54,7,2026-02-04,746.15,746.15,2026-02-04,Paid-OnTime
540,54,8,2026-03-04,746.15,746.15,2026-03-04,Paid-OnTime
541,54,9,2026-04-04,746.15,746.15,2026-04-04,Paid-OnTime
542,54,10,2026-05-04,746.15,746.15,2026-05-04,Paid-OnTime
543,54,11,2026-06-04,746.15,746.15,2026-06-04,Paid-OnTime
544,54,12,2026-07-04,746.15,746.15,2026-07-04,Paid-OnTime
545,54,13,2026-08-04,746.15,746.15,2026-08-04,Paid-OnTime
546,55,1,2025-07-01,9380.0,9380.0,2025-07-01,Paid-OnTime
547,55,2,2025-08-01,9380.0,9380.0,2025-08-01,Paid-OnTime
548,55,3,2025-09-01,9380.0,9380.0,2025-09-01,Paid-OnTime
549,55,4,2025-10-01,9380.0,9380.0,2025-10-01,Paid-OnTime
550,55,5,2025-11-01,9380.0,9380.0,2025-11-01,Paid-OnTime
551,56,1,2025-11-27,1475.0,1475.0,2025-11-27,Paid-OnTime
552,56,2,2025-12-27,1475.0,1475.0,2025-12-27,Paid-OnTime
553,56,3,2026-01-27,1475.0,1475.0,2026-01-27,Paid-OnTime
554,56,4,2026-02-27,1475.0,1475.0,2026-02-27,Paid-OnTime
555,57,1,2025-12-22,1253.85,1253.85,2025-12-22,Paid-OnTime
556,57,2,2026-01-22,1253.85,1253.85,2026-01-22,Paid-OnTime
557,57,3,2026-02-22,1253.85,1253.85,2026-02-22,Paid-OnTime
558,57,4,2026-03-22,1253.85,1253.85,2026-03-22,Paid-OnTime
559,57,5,2026-04-22,1253.85,1253.85,2026-04-22,Paid-OnTime
560,57,6,2026-05-22,1253.85,1253.85,2026-05-22,Paid-OnTime
561,57,7,2026-06-22,1253.85,1253.85,2026-06-22,Paid-OnTime
562,57,8,2026-07-22,1253.85,1253.85,2026-07-22,Paid-OnTime
563,57,9,2026-08-22,1253.85,1253.85,2026-08-22,Paid-OnTime
564,58,1,2026-06-05,10000.0,10000.0,2026-06-05,Paid-OnTime
565,59,1,2025-11-28,1931.67,1931.67,2025-11-28,Paid-OnTime
566,59,2,2025-12-28,1931.67,1931.67,2025-12-28,Paid-OnTime
567,59,3,2026-01-28,1931.67,1931.67,2026-01-28,Paid-OnTime
568,59,4,2026-02-28,1931.67,1931.67,2026-02-28,Paid-OnTime
569,59,5,2026-03-28,1931.67,1931.67,2026-03-28,Paid-OnTime
570,59,6,2026-04-28,1931.67,1931.67,2026-04-28,Paid-OnTime
571,59,7,2026-05-28,1931.67,1931.67,2026-05-28,Paid-OnTime
572,59,8,2026-06-28,1931.67,1931.67,2026-06-28,Paid-OnTime
573,59,9,2026-07-28,1931.67,1931.67,2026-07-28,Paid-OnTime
574,59,10,2026-08-28,1931.67,1931.67,2026-08-28,Paid-OnTime
575,60,1,2026-07-03,4440.0,4440.0,2026-07-10,Paid-Late
576,60,2,2026-08-03,4440.0,4440.0,2026-08-03,Paid-OnTime
577,62,1,2026-05-01,11408.57,11408.57,2026-05-01,Paid-OnTime
578,62,2,2026-06-01,11408.57,0.0,,Missed
579,62,3,2026-07-01,11408.57,0.0,,Missed
580,62,4,2026-08-01,11408.57,0.0,,Missed
581,63,1,2022-10-28,5216.22,5216.22,2022-10-28,Paid-OnTime
582,63,2,2022-11-28,5216.22,5216.22,2022-11-28,Paid-OnTime
583,63,3,2022-12-28,5216.22,5216.22,2022-12-28,Paid-OnTime
584,63,4,2023-01-28,5216.22,5216.22,2023-01-28,Paid-OnTime
585,63,5,2023-02-28,5216.22,5216.22,2023-02-28,Paid-OnTime
586,63,6,2023-03-28,5216.22,0.0,,Missed
587,63,7,2023-04-28,5216.22,3602.15,2023-05-03,Partial
588,63,8,2023-05-28,5216.22,2663.22,2023-06-03,Partial
589,63,9,2023-06-28,5216.22,0.0,,Missed
590,63,10,2023-07-28,5216.22,2049.65,2023-08-19,Partial
591,63,11,2023-08-28,5216.22,0.0,,Missed
592,63,12,2023-09-28,5216.22,5216.22,2023-09-28,Paid-OnTime
593,63,13,2023-10-28,5216.22,5216.22,2023-10-28,Paid-OnTime
594,63,14,2023-11-28,5216.22,5216.22,2023-11-28,Paid-OnTime
595,63,15,2023-12-28,5216.22,5216.22,2023-12-28,Paid-OnTime
596,63,16,2024-01-28,5216.22,5216.22,2024-01-28,Paid-OnTime
597,63,17,2024-02-28,5216.22,5216.22,2024-02-28,Paid-OnTime
598,63,18,2024-03-28,5216.22,5216.22,2024-03-28,Paid-OnTime
599,63,19,2024-04-28,5216.22,5216.22,2024-04-28,Paid-OnTime
600,63,20,2024-05-28,5216.22,5216.22,2024-05-28,Paid-OnTime
601,63,21,2024-06-28,5216.22,5216.22,2024-06-28,Paid-OnTime
602,63,22,2024-07-28,5216.22,5216.22,2024-07-28,Paid-OnTime
603,63,23,2024-08-28,5216.22,5216.22,2024-08-28,Paid-OnTime
604,63,24,2024-09-28,5216.22,5216.22,2024-09-28,Paid-OnTime
605,63,25,2024-10-28,5216.22,5216.22,2024-10-28,Paid-OnTime
606,63,26,2024-11-28,5216.22,5216.22,2024-11-28,Paid-OnTime
607,63,27,2024-12-28,5216.22,5216.22,2024-12-28,Paid-OnTime
608,63,28,2025-01-28,5216.22,5216.22,2025-01-28,Paid-OnTime
609,63,29,2025-02-28,5216.22,5216.22,2025-02-28,Paid-OnTime
610,63,30,2025-03-28,5216.22,5216.22,2025-03-28,Paid-OnTime
611,63,31,2025-04-28,5216.22,5216.22,2025-04-28,Paid-OnTime
612,63,32,2025-05-28,5216.22,5216.22,2025-05-28,Paid-OnTime
613,63,33,2025-06-28,5216.22,5216.22,2025-07-06,Paid-Late
614,63,34,2025-07-28,5216.22,5216.22,2025-08-01,Paid-Late
615,63,35,2025-08-28,5216.22,5216.22,2025-08-28,Paid-OnTime
616,63,36,2025-09-28,5216.22,5216.22,2025-09-28,Paid-OnTime
617,63,37,2025-10-28,5216.22,5216.22,2025-10-28,Paid-OnTime
618,64,1,2024-09-18,583.33,583.33,2024-09-18,Paid-OnTime
619,64,2,2024-10-18,583.33,583.33,2024-10-18,Paid-OnTime
620,64,3,2024-11-18,583.33,583.33,2024-11-18,Paid-OnTime
621,64,4,2024-12-18,583.33,583.33,2024-12-18,Paid-OnTime
622,64,5,2025-01-18,583.33,583.33,2025-01-18,Paid-OnTime
623,64,6,2025-02-18,583.33,583.33,2025-02-18,Paid-OnTime
624,65,1,2026-06-28,11200.0,11200.0,2026-06-28,Paid-OnTime
625,65,2,2026-07-28,11200.0,11200.0,2026-07-28,Paid-OnTime
626,65,3,2026-08-28,11200.0,11200.0,2026-08-28,Paid-OnTime
627,66,1,2023-04-27,3509.09,3509.09,2023-04-27,Paid-OnTime
628,66,2,2023-05-27,3509.09,3509.09,2023-05-27,Paid-OnTime
629,66,3,2023-06-27,3509.09,3509.09,2023-06-27,Paid-OnTime
630,66,4,2023-07-27,3509.09,3509.09,2023-07-27,Paid-OnTime
631,66,5,2023-08-27,3509.09,3509.09,2023-08-27,Paid-OnTime
632,66,6,2023-09-27,3509.09,3509.09,2023-09-27,Paid-OnTime
633,66,7,2023-10-27,3509.09,3509.09,2023-10-27,Paid-OnTime
634,66,8,2023-11-27,3509.09,3509.09,2023-11-27,Paid-OnTime
635,66,9,2023-12-27,3509.09,3509.09,2024-01-01,Paid-Late
636,66,10,2024-01-27,3509.09,3509.09,2024-01-27,Paid-OnTime
637,66,11,2024-02-27,3509.09,3509.09,2024-03-07,Paid-Late
638,67,1,2022-10-16,4013.89,4013.89,2022-10-16,Paid-OnTime
639,67,2,2022-11-16,4013.89,4013.89,2022-11-16,Paid-OnTime
640,67,3,2022-12-16,4013.89,4013.89,2022-12-16,Paid-OnTime
641,67,4,2023-01-16,4013.89,4013.89,2023-01-16,Paid-OnTime
642,67,5,2023-02-16,4013.89,4013.89,2023-02-16,Paid-OnTime
643,67,6,2023-03-16,4013.89,4013.89,2023-03-16,Paid-OnTime
644,67,7,2023-04-16,4013.89,4013.89,2023-04-16,Paid-OnTime
645,67,8,2023-05-16,4013.89,4013.89,2023-05-16,Paid-OnTime
646,67,9,2023-06-16,4013.89,4013.89,2023-06-16,Paid-OnTime
647,67,10,2023-07-16,4013.89,4013.89,2023-07-16,Paid-OnTime
648,67,11,2023-08-16,4013.89,4013.89,2023-08-16,Paid-OnTime
649,67,12,2023-09-16,4013.89,4013.89,2023-09-16,Paid-OnTime
650,67,13,2023-10-16,4013.89,4013.89,2023-10-16,Paid-OnTime
651,67,14,2023-11-16,4013.89,4013.89,2023-11-16,Paid-OnTime
652,67,15,2023-12-16,4013.89,4013.89,2023-12-16,Paid-OnTime
653,67,16,2024-01-16,4013.89,4013.89,2024-01-16,Paid-OnTime
654,67,17,2024-02-16,4013.89,4013.89,2024-02-16,Paid-OnTime
655,67,18,2024-03-16,4013.89,4013.89,2024-03-16,Paid-OnTime
656,67,19,2024-04-16,4013.89,4013.89,2024-04-16,Paid-OnTime
657,67,20,2024-05-16,4013.89,4013.89,2024-05-16,Paid-OnTime
658,67,21,2024-06-16,4013.89,4013.89,2024-06-16,Paid-OnTime
659,67,22,2024-07-16,4013.89,4013.89,2024-07-16,Paid-OnTime
660,67,23,2024-08-16,4013.89,4013.89,2024-08-16,Paid-OnTime
661,67,24,2024-09-16,4013.89,4013.89,2024-09-16,Paid-OnTime
662,67,25,2024-10-16,4013.89,4013.89,2024-10-16,Paid-OnTime
663,67,26,2024-11-16,4013.89,4013.89,2024-11-16,Paid-OnTime
664,67,27,2024-12-16,4013.89,4013.89,2024-12-16,Paid-OnTime
665,67,28,2025-01-16,4013.89,4013.89,2025-01-16,Paid-OnTime
666,67,29,2025-02-16,4013.89,4013.89,2025-02-16,Paid-OnTime
667,67,30,2025-03-16,4013.89,4013.89,2025-03-16,Paid-OnTime
668,67,31,2025-04-16,4013.89,4013.89,2025-04-16,Paid-OnTime
669,67,32,2025-05-16,4013.89,4013.89,2025-05-16,Paid-OnTime
670,67,33,2025-06-16,4013.89,4013.89,2025-06-16,Paid-OnTime
671,67,34,2025-07-16,4013.89,4013.89,2025-07-16,Paid-OnTime
672,67,35,2025-08-16,4013.89,4013.89,2025-08-16,Paid-OnTime
673,67,36,2025-09-16,4013.89,4013.89,2025-09-16,Paid-OnTime
674,68,1,2024-02-07,14133.33,14133.33,2024-02-07,Paid-OnTime
675,68,2,2024-03-07,14133.33,14133.33,2024-03-07,Paid-OnTime
676,68,3,2024-04-07,14133.33,14133.33,2024-04-07,Paid-OnTime
677,69,1,2022-11-14,1971.43,1971.43,2022-11-14,Paid-OnTime
678,69,2,2022-12-14,1971.43,1971.43,2022-12-14,Paid-OnTime
679,69,3,2023-01-14,1971.43,1971.43,2023-01-14,Paid-OnTime
680,69,4,2023-02-14,1971.43,1971.43,2023-02-14,Paid-OnTime
681,69,5,2023-03-14,1971.43,1971.43,2023-03-14,Paid-OnTime
682,69,6,2023-04-14,1971.43,1971.43,2023-04-14,Paid-OnTime
683,69,7,2023-05-14,1971.43,1971.43,2023-05-14,Paid-OnTime
684,70,1,2025-03-03,18885.42,18885.42,2025-03-03,Paid-OnTime
685,70,2,2025-04-03,18885.42,18885.42,2025-04-03,Paid-OnTime
686,70,3,2025-05-03,18885.42,18885.42,2025-05-03,Paid-OnTime
687,70,4,2025-06-03,18885.42,18885.42,2025-06-03,Paid-OnTime
688,70,5,2025-07-03,18885.42,18885.42,2025-07-09,Paid-Late
689,70,6,2025-08-03,18885.42,11393.01,2025-08-27,Partial
690,70,7,2025-09-03,18885.42,5102.56,2025-09-13,Partial
691,70,8,2025-10-03,18885.42,0.0,,Missed
692,70,9,2025-11-03,18885.42,0.0,,Missed
693,70,10,2025-12-03,18885.42,18885.42,2025-12-03,Paid-OnTime
694,70,11,2026-01-03,18885.42,18885.42,2026-01-03,Paid-OnTime
695,70,12,2026-02-03,18885.42,18885.42,2026-02-03,Paid-OnTime
696,70,13,2026-03-03,18885.42,18885.42,2026-03-11,Paid-Late
697,70,14,2026-04-03,18885.42,18885.42,2026-04-03,Paid-OnTime
698,70,15,2026-05-03,18885.42,18885.42,2026-05-03,Paid-OnTime
699,70,16,2026-06-03,18885.42,18885.42,2026-06-03,Paid-OnTime
700,70,17,2026-07-03,18885.42,18885.42,2026-07-03,Paid-OnTime
701,70,18,2026-08-03,18885.42,18885.42,2026-08-03,Paid-OnTime
702,71,1,2026-06-10,11133.33,11133.33,2026-06-10,Paid-OnTime
703,71,2,2026-07-10,11133.33,11133.33,2026-07-10,Paid-OnTime
704,71,3,2026-08-10,11133.33,11133.33,2026-08-10,Paid-OnTime
705,72,1,2025-06-22,5500.0,5500.0,2025-06-22,Paid-OnTime
706,72,2,2025-07-22,5500.0,5500.0,2025-07-22,Paid-OnTime
707,73,1,2023-07-04,1909.09,1909.09,2023-07-04,Paid-OnTime
708,73,2,2023-08-04,1909.09,1909.09,2023-08-04,Paid-OnTime
709,73,3,2023-09-04,1909.09,1909.09,2023-09-04,Paid-OnTime
710,73,4,2023-10-04,1909.09,1909.09,2023-10-04,Paid-OnTime
711,73,5,2023-11-04,1909.09,1909.09,2023-11-04,Paid-OnTime
712,73,6,2023-12-04,1909.09,1909.09,2023-12-04,Paid-OnTime
713,73,7,2024-01-04,1909.09,1909.09,2024-01-04,Paid-OnTime
714,73,8,2024-02-04,1909.09,1909.09,2024-02-04,Paid-OnTime
715,73,9,2024-03-04,1909.09,1909.09,2024-03-04,Paid-OnTime
716,73,10,2024-04-04,1909.09,1909.09,2024-04-04,Paid-OnTime
717,73,11,2024-05-04,1909.09,1909.09,2024-05-04,Paid-OnTime
718,74,1,2026-07-28,4100.0,4100.0,2026-07-28,Paid-OnTime
719,74,2,2026-08-28,4100.0,4100.0,2026-08-28,Paid-OnTime
720,75,1,2025-11-15,26765.31,26765.31,2025-11-15,Paid-OnTime
721,75,2,2025-12-15,26765.31,26765.31,2025-12-15,Paid-OnTime
722,75,3,2026-01-15,26765.31,26765.31,2026-01-15,Paid-OnTime
723,75,4,2026-02-15,26765.31,26765.31,2026-02-15,Paid-OnTime
724,75,5,2026-03-15,26765.31,26765.31,2026-03-15,Paid-OnTime
725,75,6,2026-04-15,26765.31,26765.31,2026-04-15,Paid-OnTime
726,75,7,2026-05-15,26765.31,26765.31,2026-05-15,Paid-OnTime
727,75,8,2026-06-15,26765.31,26765.31,2026-06-15,Paid-OnTime
728,75,9,2026-07-15,26765.31,26765.31,2026-07-15,Paid-OnTime
729,75,10,2026-08-15,26765.31,26765.31,2026-08-15,Paid-OnTime
730,76,1,2026-08-28,7500.0,7500.0,2026-08-28,Paid-OnTime
731,77,1,2025-01-06,23333.33,23333.33,2025-01-06,Paid-OnTime
732,77,2,2025-02-06,23333.33,23333.33,2025-02-06,Paid-OnTime
733,77,3,2025-03-06,23333.33,23333.33,2025-03-06,Paid-OnTime
734,78,1,2022-09-28,1990.91,1990.91,2022-09-28,Paid-OnTime
735,78,2,2022-10-28,1990.91,1990.91,2022-10-28,Paid-OnTime
736,78,3,2022-11-28,1990.91,1990.91,2022-11-28,Paid-OnTime
737,78,4,2022-12-28,1990.91,1990.91,2022-12-28,Paid-OnTime
738,78,5,2023-01-28,1990.91,1990.91,2023-01-28,Paid-OnTime
739,78,6,2023-02-28,1990.91,1990.91,2023-02-28,Paid-OnTime
740,78,7,2023-03-28,1990.91,1990.91,2023-04-06,Paid-Late
741,78,8,2023-04-28,1990.91,1990.91,2023-04-28,Paid-OnTime
742,78,9,2023-05-28,1990.91,1990.91,2023-05-28,Paid-OnTime
743,78,10,2023-06-28,1990.91,1990.91,2023-06-28,Paid-OnTime
744,78,11,2023-07-28,1990.91,1990.91,2023-07-28,Paid-OnTime
745,79,1,2026-07-21,3100.0,3100.0,2026-07-21,Paid-OnTime
746,79,2,2026-08-21,3100.0,3100.0,2026-08-21,Paid-OnTime
747,80,1,2026-08-08,2333.33,2333.33,2026-08-08,Paid-OnTime
748,81,1,2022-09-28,457.14,457.14,2022-09-28,Paid-OnTime
749,81,2,2022-10-28,457.14,457.14,2022-10-28,Paid-OnTime
750,81,3,2022-11-28,457.14,457.14,2022-11-28,Paid-OnTime
751,81,4,2022-12-28,457.14,457.14,2022-12-28,Paid-OnTime
752,81,5,2023-01-28,457.14,457.14,2023-01-28,Paid-OnTime
753,81,6,2023-02-28,457.14,457.14,2023-02-28,Paid-OnTime
754,81,7,2023-03-28,457.14,457.14,2023-03-28,Paid-OnTime
755,82,1,2025-11-25,3900.0,3900.0,2025-11-25,Paid-OnTime
756,82,2,2025-12-25,3900.0,3900.0,2025-12-25,Paid-OnTime
757,82,3,2026-01-25,3900.0,3900.0,2026-01-25,Paid-OnTime
758,82,4,2026-02-25,3900.0,3900.0,2026-02-25,Paid-OnTime
759,82,5,2026-03-25,3900.0,3900.0,2026-03-25,Paid-OnTime
760,82,6,2026-04-25,3900.0,3900.0,2026-04-25,Paid-OnTime
761,83,1,2025-10-12,7750.0,7750.0,2025-10-12,Paid-OnTime
762,83,2,2025-11-12,7750.0,7750.0,2025-11-12,Paid-OnTime
763,84,1,2026-06-28,2750.0,2750.0,2026-06-28,Paid-OnTime
764,84,2,2026-07-28,2750.0,2750.0,2026-07-28,Paid-OnTime
765,84,3,2026-08-28,2750.0,2750.0,2026-08-28,Paid-OnTime
766,85,1,2024-09-23,2450.0,2450.0,2024-09-23,Paid-OnTime
767,85,2,2024-10-23,2450.0,2450.0,2024-11-01,Paid-Late
768,85,3,2024-11-23,2450.0,2450.0,2024-11-23,Paid-OnTime
769,85,4,2024-12-23,2450.0,2450.0,2024-12-23,Paid-OnTime
770,86,1,2026-01-28,2051.35,2051.35,2026-01-28,Paid-OnTime
771,86,2,2026-02-28,2051.35,2051.35,2026-03-07,Paid-Late
772,86,3,2026-03-28,2051.35,2051.35,2026-03-28,Paid-OnTime
773,86,4,2026-04-28,2051.35,2051.35,2026-04-28,Paid-OnTime
774,86,5,2026-05-28,2051.35,2051.35,2026-05-28,Paid-OnTime
775,86,6,2026-06-28,2051.35,2051.35,2026-06-28,Paid-OnTime
776,86,7,2026-07-28,2051.35,2051.35,2026-07-28,Paid-OnTime
777,86,8,2026-08-28,2051.35,2051.35,2026-08-28,Paid-OnTime
778,87,1,2026-06-16,3481.67,3481.67,2026-06-16,Paid-OnTime
779,87,2,2026-07-16,3481.67,3481.67,2026-07-16,Paid-OnTime
780,87,3,2026-08-16,3481.67,3481.67,2026-08-16,Paid-OnTime
781,88,1,2026-08-28,4350.0,4350.0,2026-08-28,Paid-OnTime
782,89,1,2025-02-24,2800.0,2800.0,2025-02-24,Paid-OnTime
783,89,2,2025-03-24,2800.0,2800.0,2025-03-24,Paid-OnTime
784,89,3,2025-04-24,2800.0,1698.41,2025-05-17,Partial
785,89,4,2025-05-24,2800.0,1620.46,2025-06-12,Partial
786,89,5,2025-06-24,2800.0,1766.83,2025-07-14,Partial
787,90,1,2023-05-16,2350.0,2350.0,2023-05-16,Paid-OnTime
788,90,2,2023-06-16,2350.0,2350.0,2023-06-16,Paid-OnTime
789,90,3,2023-07-16,2350.0,2350.0,2023-07-16,Paid-OnTime
790,90,4,2023-08-16,2350.0,2350.0,2023-08-16,Paid-OnTime
791,90,5,2023-09-16,2350.0,2350.0,2023-09-16,Paid-OnTime
792,90,6,2023-10-16,2350.0,2350.0,2023-10-16,Paid-OnTime
793,91,1,2025-12-15,16077.08,16077.08,2025-12-15,Paid-OnTime
794,91,2,2026-01-15,16077.08,16077.08,2026-01-15,Paid-OnTime
795,91,3,2026-02-15,16077.08,16077.08,2026-02-15,Paid-OnTime
796,91,4,2026-03-15,16077.08,16077.08,2026-03-15,Paid-OnTime
797,91,5,2026-04-15,16077.08,16077.08,2026-04-15,Paid-OnTime
798,91,6,2026-05-15,16077.08,16077.08,2026-05-15,Paid-OnTime
799,91,7,2026-06-15,16077.08,9938.33,2026-07-01,Partial
800,91,8,2026-07-15,16077.08,7175.72,2026-07-20,Partial
801,91,9,2026-08-15,16077.08,0.0,,Missed
802,92,1,2023-04-28,1461.54,1461.54,2023-04-28,Paid-OnTime
803,92,2,2023-05-28,1461.54,1461.54,2023-06-05,Paid-Late
804,92,3,2023-06-28,1461.54,1461.54,2023-06-28,Paid-OnTime
805,92,4,2023-07-28,1461.54,1461.54,2023-07-28,Paid-OnTime
806,92,5,2023-08-28,1461.54,1461.54,2023-08-28,Paid-OnTime
807,92,6,2023-09-28,1461.54,1461.54,2023-09-28,Paid-OnTime
808,92,7,2023-10-28,1461.54,1461.54,2023-10-28,Paid-OnTime
809,92,8,2023-11-28,1461.54,1461.54,2023-11-28,Paid-OnTime
810,92,9,2023-12-28,1461.54,1461.54,2023-12-28,Paid-OnTime
811,92,10,2024-01-28,1461.54,1461.54,2024-02-03,Paid-Late
812,92,11,2024-02-28,1461.54,1461.54,2024-02-28,Paid-OnTime
813,92,12,2024-03-28,1461.54,1461.54,2024-03-28,Paid-OnTime
814,92,13,2024-04-28,1461.54,1461.54,2024-04-28,Paid-OnTime
815,93,1,2024-02-11,1554.55,1554.55,2024-02-11,Paid-OnTime
816,93,2,2024-03-11,1554.55,1554.55,2024-03-11,Paid-OnTime
817,93,3,2024-04-11,1554.55,1554.55,2024-04-11,Paid-OnTime
818,93,4,2024-05-11,1554.55,1554.55,2024-05-11,Paid-OnTime
819,93,5,2024-06-11,1554.55,1554.55,2024-06-11,Paid-OnTime
820,93,6,2024-07-11,1554.55,1554.55,2024-07-11,Paid-OnTime
821,93,7,2024-08-11,1554.55,1554.55,2024-08-11,Paid-OnTime
822,93,8,2024-09-11,1554.55,1554.55,2024-09-11,Paid-OnTime
823,93,9,2024-10-11,1554.55,1554.55,2024-10-11,Paid-OnTime
824,93,10,2024-11-11,1554.55,1554.55,2024-11-11,Paid-OnTime
825,93,11,2024-12-11,1554.55,1554.55,2024-12-11,Paid-OnTime
826,94,1,2025-03-11,5800.0,5800.0,2025-03-11,Paid-OnTime
827,94,2,2025-04-11,5800.0,5800.0,2025-04-11,Paid-OnTime
828,94,3,2025-05-11,5800.0,5800.0,2025-05-20,Paid-Late
829,95,1,2025-08-15,18566.67,18566.67,2025-08-15,Paid-OnTime
830,95,2,2025-09-15,18566.67,18566.67,2025-09-15,Paid-OnTime
831,95,3,2025-10-15,18566.67,18566.67,2025-10-19,Paid-Late
832,97,1,2024-02-08,3769.23,3769.23,2024-02-08,Paid-OnTime
833,97,2,2024-03-08,3769.23,3769.23,2024-03-08,Paid-OnTime
834,97,3,2024-04-08,3769.23,3769.23,2024-04-08,Paid-OnTime
835,97,4,2024-05-08,3769.23,3769.23,2024-05-08,Paid-OnTime
836,97,5,2024-06-08,3769.23,3769.23,2024-06-08,Paid-OnTime
837,97,6,2024-07-08,3769.23,3769.23,2024-07-08,Paid-OnTime
838,97,7,2024-08-08,3769.23,3769.23,2024-08-08,Paid-OnTime
839,97,8,2024-09-08,3769.23,3769.23,2024-09-08,Paid-OnTime
840,97,9,2024-10-08,3769.23,3769.23,2024-10-08,Paid-OnTime
841,97,10,2024-11-08,3769.23,3769.23,2024-11-08,Paid-OnTime
842,97,11,2024-12-08,3769.23,3769.23,2024-12-08,Paid-OnTime
843,97,12,2025-01-08,3769.23,3769.23,2025-01-08,Paid-OnTime
844,97,13,2025-02-08,3769.23,3769.23,2025-02-08,Paid-OnTime
845,98,1,2023-09-10,9925.0,9925.0,2023-09-10,Paid-OnTime
846,98,2,2023-10-10,9925.0,9925.0,2023-10-10,Paid-OnTime
847,98,3,2023-11-10,9925.0,0.0,,Missed
848,98,4,2023-12-10,9925.0,4989.22,2023-12-27,Partial
849,99,1,2026-03-15,3480.56,3480.56,2026-03-15,Paid-OnTime
850,99,2,2026-04-15,3480.56,3480.56,2026-04-15,Paid-OnTime
851,99,3,2026-05-15,3480.56,0.0,,Missed
852,99,4,2026-06-15,3480.56,0.0,,Missed
853,99,5,2026-07-15,3480.56,0.0,,Missed
854,99,6,2026-08-15,3480.56,0.0,,Missed
855,100,1,2024-12-07,4491.67,4491.67,2024-12-15,Paid-Late
856,100,2,2025-01-07,4491.67,4491.67,2025-01-07,Paid-OnTime
857,100,3,2025-02-07,4491.67,4491.67,2025-02-07,Paid-OnTime
858,100,4,2025-03-07,4491.67,4491.67,2025-03-07,Paid-OnTime
859,100,5,2025-04-07,4491.67,4491.67,2025-04-07,Paid-OnTime
860,100,6,2025-05-07,4491.67,4491.67,2025-05-07,Paid-OnTime
861,100,7,2025-06-07,4491.67,4491.67,2025-06-07,Paid-OnTime
862,100,8,2025-07-07,4491.67,4491.67,2025-07-07,Paid-OnTime
863,100,9,2025-08-07,4491.67,4491.67,2025-08-07,Paid-OnTime
864,100,10,2025-09-07,4491.67,4491.67,2025-09-07,Paid-OnTime
865,100,11,2025-10-07,4491.67,4491.67,2025-10-07,Paid-OnTime
866,100,12,2025-11-07,4491.67,4491.67,2025-11-07,Paid-OnTime
867,101,1,2025-04-01,3800.0,3800.0,2025-04-01,Paid-OnTime
868,101,2,2025-05-01,3800.0,0.0,,Missed
869,101,3,2025-06-01,3800.0,0.0,,Missed
870,102,1,2026-03-16,1100.0,1100.0,2026-03-16,Paid-OnTime
871,102,2,2026-04-16,1100.0,1100.0,2026-04-25,Paid-Late
872,102,3,2026-05-16,1100.0,1100.0,2026-05-16,Paid-OnTime
873,102,4,2026-06-16,1100.0,1100.0,2026-06-16,Paid-OnTime
874,102,5,2026-07-16,1100.0,1100.0,2026-07-16,Paid-OnTime
875,103,1,2026-07-25,5800.0,5800.0,2026-07-25,Paid-OnTime
876,103,2,2026-08-25,5800.0,5800.0,2026-08-25,Paid-OnTime
877,104,1,2023-03-19,2758.33,2758.33,2023-03-19,Paid-OnTime
878,104,2,2023-04-19,2758.33,2758.33,2023-04-19,Paid-OnTime
879,104,3,2023-05-19,2758.33,2758.33,2023-05-19,Paid-OnTime
880,104,4,2023-06-19,2758.33,2758.33,2023-06-19,Paid-OnTime
881,104,5,2023-07-19,2758.33,2758.33,2023-07-19,Paid-OnTime
882,104,6,2023-08-19,2758.33,2758.33,2023-08-19,Paid-OnTime
883,104,7,2023-09-19,2758.33,2758.33,2023-09-19,Paid-OnTime
884,104,8,2023-10-19,2758.33,2758.33,2023-10-19,Paid-OnTime
885,104,9,2023-11-19,2758.33,2758.33,2023-11-19,Paid-OnTime
886,104,10,2023-12-19,2758.33,2758.33,2023-12-19,Paid-OnTime
887,104,11,2024-01-19,2758.33,2758.33,2024-01-19,Paid-OnTime
888,104,12,2024-02-19,2758.33,2758.33,2024-02-19,Paid-OnTime
889,105,1,2024-11-06,936.36,936.36,2024-11-06,Paid-OnTime
890,105,2,2024-12-06,936.36,936.36,2024-12-06,Paid-OnTime
891,105,3,2025-01-06,936.36,0.0,,Missed
892,105,4,2025-02-06,936.36,0.0,,Missed
893,105,5,2025-03-06,936.36,213.51,2025-03-23,Partial
894,105,6,2025-04-06,936.36,0.0,,Missed
895,105,7,2025-05-06,936.36,0.0,,Missed
896,105,8,2025-06-06,936.36,936.36,2025-06-06,Paid-OnTime
897,105,9,2025-07-06,936.36,936.36,2025-07-16,Paid-Late
898,105,10,2025-08-06,936.36,936.36,2025-08-06,Paid-OnTime
899,105,11,2025-09-06,936.36,936.36,2025-09-06,Paid-OnTime
900,106,1,2024-09-26,5943.33,5943.33,2024-09-26,Paid-OnTime
901,106,2,2024-10-26,5943.33,5943.33,2024-10-30,Paid-Late
902,106,3,2024-11-26,5943.33,5943.33,2024-11-26,Paid-OnTime
903,106,4,2024-12-26,5943.33,5943.33,2024-12-26,Paid-OnTime
904,106,5,2025-01-26,5943.33,5943.33,2025-01-26,Paid-OnTime
905,106,6,2025-02-26,5943.33,5943.33,2025-02-26,Paid-OnTime
906,106,7,2025-03-26,5943.33,5943.33,2025-03-26,Paid-OnTime
907,106,8,2025-04-26,5943.33,5943.33,2025-04-26,Paid-OnTime
908,106,9,2025-05-26,5943.33,5943.33,2025-05-26,Paid-OnTime
909,106,10,2025-06-26,5943.33,5943.33,2025-06-26,Paid-OnTime
910,106,11,2025-07-26,5943.33,5943.33,2025-07-26,Paid-OnTime
911,106,12,2025-08-26,5943.33,5943.33,2025-08-26,Paid-OnTime
912,106,13,2025-09-26,5943.33,5943.33,2025-09-26,Paid-OnTime
913,106,14,2025-10-26,5943.33,5943.33,2025-10-26,Paid-OnTime
914,106,15,2025-11-26,5943.33,5943.33,2025-11-26,Paid-OnTime
915,106,16,2025-12-26,5943.33,5943.33,2025-12-29,Paid-Late
916,106,17,2026-01-26,5943.33,5943.33,2026-01-26,Paid-OnTime
917,106,18,2026-02-26,5943.33,5943.33,2026-02-26,Paid-OnTime
918,106,19,2026-03-26,5943.33,5943.33,2026-03-26,Paid-OnTime
919,106,20,2026-04-26,5943.33,5943.33,2026-04-26,Paid-OnTime
920,106,21,2026-05-26,5943.33,5943.33,2026-05-26,Paid-OnTime
921,106,22,2026-06-26,5943.33,5943.33,2026-06-26,Paid-OnTime
922,106,23,2026-07-26,5943.33,5943.33,2026-07-26,Paid-OnTime
923,106,24,2026-08-26,5943.33,5943.33,2026-08-26,Paid-OnTime
924,107,1,2026-07-09,2150.0,2150.0,2026-07-09,Paid-OnTime
925,107,2,2026-08-09,2150.0,2150.0,2026-08-09,Paid-OnTime
926,108,1,2024-07-17,1375.0,1375.0,2024-07-17,Paid-OnTime
927,108,2,2024-08-17,1375.0,1375.0,2024-08-17,Paid-OnTime
928,108,3,2024-09-17,1375.0,1375.0,2024-09-17,Paid-OnTime
929,108,4,2024-10-17,1375.0,1375.0,2024-10-17,Paid-OnTime
930,109,1,2026-07-23,8714.29,8714.29,2026-07-23,Paid-OnTime
931,109,2,2026-08-23,8714.29,8714.29,2026-08-23,Paid-OnTime
932,110,1,2023-10-06,2456.0,2456.0,2023-10-06,Paid-OnTime
933,110,2,2023-11-06,2456.0,2456.0,2023-11-06,Paid-OnTime
934,110,3,2023-12-06,2456.0,2456.0,2023-12-14,Paid-Late
935,110,4,2024-01-06,2456.0,2456.0,2024-01-06,Paid-OnTime
936,110,5,2024-02-06,2456.0,2456.0,2024-02-06,Paid-OnTime
937,110,6,2024-03-06,2456.0,2456.0,2024-03-06,Paid-OnTime
938,110,7,2024-04-06,2456.0,2456.0,2024-04-06,Paid-OnTime
939,110,8,2024-05-06,2456.0,2456.0,2024-05-06,Paid-OnTime
940,110,9,2024-06-06,2456.0,2456.0,2024-06-06,Paid-OnTime
941,110,10,2024-07-06,2456.0,2456.0,2024-07-06,Paid-OnTime
942,110,11,2024-08-06,2456.0,2456.0,2024-08-06,Paid-OnTime
943,110,12,2024-09-06,2456.0,2456.0,2024-09-06,Paid-OnTime
944,110,13,2024-10-06,2456.0,2456.0,2024-10-06,Paid-OnTime
945,110,14,2024-11-06,2456.0,2456.0,2024-11-06,Paid-OnTime
946,110,15,2024-12-06,2456.0,2456.0,2024-12-06,Paid-OnTime
947,110,16,2025-01-06,2456.0,2456.0,2025-01-06,Paid-OnTime
948,110,17,2025-02-06,2456.0,2456.0,2025-02-06,Paid-OnTime
949,110,18,2025-03-06,2456.0,2456.0,2025-03-06,Paid-OnTime
950,110,19,2025-04-06,2456.0,2456.0,2025-04-06,Paid-OnTime
951,110,20,2025-05-06,2456.0,2456.0,2025-05-06,Paid-OnTime
952,110,21,2025-06-06,2456.0,2456.0,2025-06-06,Paid-OnTime
953,110,22,2025-07-06,2456.0,2456.0,2025-07-06,Paid-OnTime
954,110,23,2025-08-06,2456.0,2456.0,2025-08-06,Paid-OnTime
955,110,24,2025-09-06,2456.0,2456.0,2025-09-06,Paid-OnTime
956,110,25,2025-10-06,2456.0,2456.0,2025-10-06,Paid-OnTime
957,111,1,2025-01-12,3128.57,3128.57,2025-01-12,Paid-OnTime
958,111,2,2025-02-12,3128.57,3128.57,2025-02-12,Paid-OnTime
959,111,3,2025-03-12,3128.57,3128.57,2025-03-12,Paid-OnTime
960,111,4,2025-04-12,3128.57,3128.57,2025-04-12,Paid-OnTime
961,111,5,2025-05-12,3128.57,3128.57,2025-05-12,Paid-OnTime
962,111,6,2025-06-12,3128.57,3128.57,2025-06-12,Paid-OnTime
963,111,7,2025-07-12,3128.57,3128.57,2025-07-12,Paid-OnTime
964,113,1,2022-05-28,1700.0,1700.0,2022-05-28,Paid-OnTime
965,113,2,2022-06-28,1700.0,1700.0,2022-06-28,Paid-OnTime
966,113,3,2022-07-28,1700.0,791.91,2022-08-08,Partial
967,113,4,2022-08-28,1700.0,0.0,,Missed
968,114,1,2026-05-19,3100.0,3100.0,2026-05-19,Paid-OnTime
969,114,2,2026-06-19,3100.0,3100.0,2026-06-19,Paid-OnTime
970,114,3,2026-07-19,3100.0,3100.0,2026-07-19,Paid-OnTime
971,114,4,2026-08-19,3100.0,3100.0,2026-08-19,Paid-OnTime
972,115,1,2022-12-20,5992.0,5992.0,2022-12-20,Paid-OnTime
973,115,2,2023-01-20,5992.0,5992.0,2023-01-20,Paid-OnTime
974,115,3,2023-02-20,5992.0,5992.0,2023-02-20,Paid-OnTime
975,115,4,2023-03-20,5992.0,5992.0,2023-03-20,Paid-OnTime
976,115,5,2023-04-20,5992.0,5992.0,2023-04-20,Paid-OnTime
977,115,6,2023-05-20,5992.0,5992.0,2023-05-20,Paid-OnTime
978,115,7,2023-06-20,5992.0,5992.0,2023-06-20,Paid-OnTime
979,115,8,2023-07-20,5992.0,5992.0,2023-07-20,Paid-OnTime
980,115,9,2023-08-20,5992.0,5992.0,2023-08-20,Paid-OnTime
981,115,10,2023-09-20,5992.0,5992.0,2023-09-20,Paid-OnTime
982,115,11,2023-10-20,5992.0,5992.0,2023-10-20,Paid-OnTime
983,115,12,2023-11-20,5992.0,2539.11,2023-12-07,Partial
984,115,13,2023-12-20,5992.0,0.0,,Missed
985,115,14,2024-01-20,5992.0,0.0,,Missed
986,115,15,2024-02-20,5992.0,4024.67,2024-03-04,Partial
987,115,16,2024-03-20,5992.0,0.0,,Missed
988,115,17,2024-04-20,5992.0,0.0,,Missed
989,115,18,2024-05-20,5992.0,0.0,,Missed
990,115,19,2024-06-20,5992.0,0.0,,Missed
991,115,20,2024-07-20,5992.0,0.0,,Missed
992,115,21,2024-08-20,5992.0,1473.75,2024-09-06,Partial
993,115,22,2024-09-20,5992.0,0.0,,Missed
994,115,23,2024-10-20,5992.0,0.0,,Missed
995,115,24,2024-11-20,5992.0,0.0,,Missed
996,115,25,2024-12-20,5992.0,0.0,,Missed
997,117,1,2023-10-08,4540.0,4540.0,2023-10-08,Paid-OnTime
998,117,2,2023-11-08,4540.0,2882.42,2023-11-20,Partial
999,117,3,2023-12-08,4540.0,3016.04,2024-01-02,Partial
1000,117,4,2024-01-08,4540.0,0.0,,Missed
1001,117,5,2024-02-08,4540.0,0.0,,Missed
1002,118,1,2026-03-07,48600.0,48600.0,2026-03-07,Paid-OnTime
1003,118,2,2026-04-07,48600.0,48600.0,2026-04-07,Paid-OnTime
1004,119,1,2024-10-04,1754.55,1754.55,2024-10-13,Paid-Late
1005,119,2,2024-11-04,1754.55,1754.55,2024-11-04,Paid-OnTime
1006,119,3,2024-12-04,1754.55,1754.55,2024-12-04,Paid-OnTime
1007,119,4,2025-01-04,1754.55,1754.55,2025-01-04,Paid-OnTime
1008,119,5,2025-02-04,1754.55,1754.55,2025-02-04,Paid-OnTime
1009,119,6,2025-03-04,1754.55,1754.55,2025-03-04,Paid-OnTime
1010,119,7,2025-04-04,1754.55,1754.55,2025-04-04,Paid-OnTime
1011,119,8,2025-05-04,1754.55,1754.55,2025-05-04,Paid-OnTime
1012,119,9,2025-06-04,1754.55,1754.55,2025-06-04,Paid-OnTime
1013,119,10,2025-07-04,1754.55,1754.55,2025-07-04,Paid-OnTime
1014,119,11,2025-08-04,1754.55,1754.55,2025-08-04,Paid-OnTime
1015,120,1,2024-06-12,5366.67,5366.67,2024-06-12,Paid-OnTime
1016,120,2,2024-07-12,5366.67,5366.67,2024-07-12,Paid-OnTime
1017,120,3,2024-08-12,5366.67,5366.67,2024-08-12,Paid-OnTime
1018,120,4,2024-09-12,5366.67,5366.67,2024-09-12,Paid-OnTime
1019,120,5,2024-10-12,5366.67,5366.67,2024-10-12,Paid-OnTime
1020,120,6,2024-11-12,5366.67,5366.67,2024-11-12,Paid-OnTime
1021,120,7,2024-12-12,5366.67,5366.67,2024-12-19,Paid-Late
1022,120,8,2025-01-12,5366.67,5366.67,2025-01-12,Paid-OnTime
1023,120,9,2025-02-12,5366.67,5366.67,2025-02-12,Paid-OnTime
1024,120,10,2025-03-12,5366.67,5366.67,2025-03-12,Paid-OnTime
1025,120,11,2025-04-12,5366.67,5366.67,2025-04-12,Paid-OnTime
1026,120,12,2025-05-12,5366.67,5366.67,2025-05-12,Paid-OnTime
1027,122,1,2025-02-28,95100.0,95100.0,2025-02-28,Paid-OnTime
1028,123,1,2025-12-21,34000.0,34000.0,2025-12-21,Paid-OnTime
1029,124,1,2025-05-18,2984.62,2984.62,2025-05-18,Paid-OnTime
1030,124,2,2025-06-18,2984.62,2984.62,2025-06-18,Paid-OnTime
1031,124,3,2025-07-18,2984.62,2984.62,2025-07-18,Paid-OnTime
1032,124,4,2025-08-18,2984.62,2984.62,2025-08-18,Paid-OnTime
1033,124,5,2025-09-18,2984.62,2984.62,2025-09-18,Paid-OnTime
1034,124,6,2025-10-18,2984.62,2984.62,2025-10-18,Paid-OnTime
1035,124,7,2025-11-18,2984.62,2984.62,2025-11-18,Paid-OnTime
1036,124,8,2025-12-18,2984.62,2984.62,2025-12-18,Paid-OnTime
1037,124,9,2026-01-18,2984.62,2984.62,2026-01-18,Paid-OnTime
1038,124,10,2026-02-18,2984.62,2984.62,2026-02-18,Paid-OnTime
1039,124,11,2026-03-18,2984.62,2984.62,2026-03-18,Paid-OnTime
1040,124,12,2026-04-18,2984.62,2984.62,2026-04-18,Paid-OnTime
1041,124,13,2026-05-18,2984.62,2984.62,2026-05-18,Paid-OnTime
1042,125,1,2023-08-10,10380.0,10380.0,2023-08-19,Paid-Late
1043,125,2,2023-09-10,10380.0,10380.0,2023-09-10,Paid-OnTime
1044,125,3,2023-10-10,10380.0,10380.0,2023-10-10,Paid-OnTime
1045,125,4,2023-11-10,10380.0,10380.0,2023-11-10,Paid-OnTime
1046,125,5,2023-12-10,10380.0,10380.0,2023-12-10,Paid-OnTime
1047,126,1,2024-08-26,3592.31,3592.31,2024-08-26,Paid-OnTime
1048,126,2,2024-09-26,3592.31,3592.31,2024-09-26,Paid-OnTime
1049,126,3,2024-10-26,3592.31,3592.31,2024-10-26,Paid-OnTime
1050,126,4,2024-11-26,3592.31,3592.31,2024-11-26,Paid-OnTime
1051,126,5,2024-12-26,3592.31,3592.31,2024-12-26,Paid-OnTime
1052,126,6,2025-01-26,3592.31,3592.31,2025-01-26,Paid-OnTime
1053,126,7,2025-02-26,3592.31,3592.31,2025-02-26,Paid-OnTime
1054,126,8,2025-03-26,3592.31,3592.31,2025-03-26,Paid-OnTime
1055,126,9,2025-04-26,3592.31,3592.31,2025-04-26,Paid-OnTime
1056,126,10,2025-05-26,3592.31,3592.31,2025-05-26,Paid-OnTime
1057,126,11,2025-06-26,3592.31,3592.31,2025-06-26,Paid-OnTime
1058,126,12,2025-07-26,3592.31,3592.31,2025-07-26,Paid-OnTime
1059,126,13,2025-08-26,3592.31,3592.31,2025-08-26,Paid-OnTime
1060,127,1,2026-07-06,8259.57,8259.57,2026-07-06,Paid-OnTime
1061,127,2,2026-08-06,8259.57,8259.57,2026-08-06,Paid-OnTime
1062,128,1,2024-06-04,3700.0,3700.0,2024-06-04,Paid-OnTime
1063,128,2,2024-07-04,3700.0,3700.0,2024-07-04,Paid-OnTime
1064,128,3,2024-08-04,3700.0,3700.0,2024-08-04,Paid-OnTime
1065,128,4,2024-09-04,3700.0,3700.0,2024-09-04,Paid-OnTime
1066,128,5,2024-10-04,3700.0,3700.0,2024-10-04,Paid-OnTime
1067,129,1,2022-11-10,4800.0,4800.0,2022-11-10,Paid-OnTime
1068,129,2,2022-12-10,4800.0,4800.0,2022-12-10,Paid-OnTime
1069,129,3,2023-01-10,4800.0,4800.0,2023-01-10,Paid-OnTime
1070,130,1,2022-12-20,4766.67,4766.67,2022-12-20,Paid-OnTime
1071,130,2,2023-01-20,4766.67,4766.67,2023-01-20,Paid-OnTime
1072,130,3,2023-02-20,4766.67,4766.67,2023-02-20,Paid-OnTime
1073,130,4,2023-03-20,4766.67,4766.67,2023-03-28,Paid-Late
1074,130,5,2023-04-20,4766.67,4766.67,2023-04-20,Paid-OnTime
1075,130,6,2023-05-20,4766.67,4766.67,2023-05-20,Paid-OnTime
1076,130,7,2023-06-20,4766.67,4766.67,2023-06-20,Paid-OnTime
1077,130,8,2023-07-20,4766.67,4766.67,2023-07-20,Paid-OnTime
1078,130,9,2023-08-20,4766.67,4766.67,2023-08-20,Paid-OnTime
1079,130,10,2023-09-20,4766.67,4766.67,2023-09-20,Paid-OnTime
1080,130,11,2023-10-20,4766.67,4766.67,2023-10-20,Paid-OnTime
1081,130,12,2023-11-20,4766.67,4766.67,2023-11-20,Paid-OnTime
1082,130,13,2023-12-20,4766.67,4766.67,2023-12-20,Paid-OnTime
1083,130,14,2024-01-20,4766.67,4766.67,2024-01-20,Paid-OnTime
1084,130,15,2024-02-20,4766.67,4766.67,2024-02-20,Paid-OnTime
1085,130,16,2024-03-20,4766.67,4766.67,2024-03-20,Paid-OnTime
1086,130,17,2024-04-20,4766.67,4766.67,2024-04-20,Paid-OnTime
1087,130,18,2024-05-20,4766.67,4766.67,2024-05-20,Paid-OnTime
1088,130,19,2024-06-20,4766.67,4766.67,2024-06-20,Paid-OnTime
1089,130,20,2024-07-20,4766.67,4766.67,2024-07-20,Paid-OnTime
1090,130,21,2024-08-20,4766.67,4766.67,2024-08-20,Paid-OnTime
1091,130,22,2024-09-20,4766.67,4766.67,2024-09-20,Paid-OnTime
1092,130,23,2024-10-20,4766.67,4766.67,2024-10-20,Paid-OnTime
1093,130,24,2024-11-20,4766.67,4766.67,2024-11-20,Paid-OnTime
1094,130,25,2024-12-20,4766.67,4766.67,2024-12-20,Paid-OnTime
1095,130,26,2025-01-20,4766.67,4766.67,2025-01-20,Paid-OnTime
1096,130,27,2025-02-20,4766.67,4766.67,2025-02-20,Paid-OnTime
1097,130,28,2025-03-20,4766.67,4766.67,2025-03-20,Paid-OnTime
1098,130,29,2025-04-20,4766.67,4766.67,2025-04-20,Paid-OnTime
1099,130,30,2025-05-20,4766.67,4766.67,2025-05-20,Paid-OnTime
1100,130,31,2025-06-20,4766.67,4766.67,2025-06-20,Paid-OnTime
1101,130,32,2025-07-20,4766.67,4766.67,2025-07-20,Paid-OnTime
1102,130,33,2025-08-20,4766.67,4766.67,2025-08-20,Paid-OnTime
1103,130,34,2025-09-20,4766.67,4766.67,2025-09-23,Paid-Late
1104,130,35,2025-10-20,4766.67,4766.67,2025-10-20,Paid-OnTime
1105,130,36,2025-11-20,4766.67,4766.67,2025-11-20,Paid-OnTime
1106,130,37,2025-12-20,4766.67,4766.67,2025-12-20,Paid-OnTime
1107,130,38,2026-01-20,4766.67,4766.67,2026-01-20,Paid-OnTime
1108,130,39,2026-02-20,4766.67,4766.67,2026-02-20,Paid-OnTime
1109,130,40,2026-03-20,4766.67,4766.67,2026-03-20,Paid-OnTime
1110,130,41,2026-04-20,4766.67,4766.67,2026-04-20,Paid-OnTime
1111,130,42,2026-05-20,4766.67,4766.67,2026-05-20,Paid-OnTime
1112,130,43,2026-06-20,4766.67,4766.67,2026-06-20,Paid-OnTime
1113,130,44,2026-07-20,4766.67,4766.67,2026-07-20,Paid-OnTime
1114,130,45,2026-08-20,4766.67,4766.67,2026-08-20,Paid-OnTime
1115,131,1,2024-03-19,1900.0,1900.0,2024-03-19,Paid-OnTime
1116,131,2,2024-04-19,1900.0,1900.0,2024-04-19,Paid-OnTime
1117,131,3,2024-05-19,1900.0,1900.0,2024-05-19,Paid-OnTime
1118,131,4,2024-06-19,1900.0,1900.0,2024-06-19,Paid-OnTime
1119,132,1,2025-11-20,88400.0,88400.0,2025-11-20,Paid-OnTime
1120,133,1,2024-12-23,13059.46,13059.46,2024-12-23,Paid-OnTime
1121,133,2,2025-01-23,13059.46,13059.46,2025-01-23,Paid-OnTime
1122,133,3,2025-02-23,13059.46,13059.46,2025-02-23,Paid-OnTime
1123,133,4,2025-03-23,13059.46,13059.46,2025-03-23,Paid-OnTime
1124,133,5,2025-04-23,13059.46,13059.46,2025-04-23,Paid-OnTime
1125,133,6,2025-05-23,13059.46,13059.46,2025-05-23,Paid-OnTime
1126,133,7,2025-06-23,13059.46,13059.46,2025-06-23,Paid-OnTime
1127,133,8,2025-07-23,13059.46,13059.46,2025-07-23,Paid-OnTime
1128,133,9,2025-08-23,13059.46,13059.46,2025-08-23,Paid-OnTime
1129,133,10,2025-09-23,13059.46,13059.46,2025-09-23,Paid-OnTime
1130,133,11,2025-10-23,13059.46,13059.46,2025-10-23,Paid-OnTime
1131,133,12,2025-11-23,13059.46,13059.46,2025-11-23,Paid-OnTime
1132,133,13,2025-12-23,13059.46,13059.46,2025-12-23,Paid-OnTime
1133,133,14,2026-01-23,13059.46,13059.46,2026-01-23,Paid-OnTime
1134,133,15,2026-02-23,13059.46,13059.46,2026-02-23,Paid-OnTime
1135,133,16,2026-03-23,13059.46,13059.46,2026-03-23,Paid-OnTime
1136,133,17,2026-04-23,13059.46,13059.46,2026-04-23,Paid-OnTime
1137,133,18,2026-05-23,13059.46,13059.46,2026-05-23,Paid-OnTime
1138,133,19,2026-06-23,13059.46,13059.46,2026-07-03,Paid-Late
1139,133,20,2026-07-23,13059.46,13059.46,2026-07-23,Paid-OnTime
1140,133,21,2026-08-23,13059.46,13059.46,2026-08-23,Paid-OnTime
1141,134,1,2026-07-20,24125.53,24125.53,2026-07-20,Paid-OnTime
1142,134,2,2026-08-20,24125.53,24125.53,2026-08-20,Paid-OnTime
1143,135,1,2022-12-24,2983.33,2983.33,2022-12-24,Paid-OnTime
1144,135,2,2023-01-24,2983.33,2983.33,2023-01-24,Paid-OnTime
1145,135,3,2023-02-24,2983.33,2983.33,2023-02-24,Paid-OnTime
1146,135,4,2023-03-24,2983.33,673.2,2023-04-07,Partial
1147,135,5,2023-04-24,2983.33,2029.31,2023-04-29,Partial
1148,135,6,2023-05-24,2983.33,0.0,,Missed
1149,136,1,2025-05-20,3330.77,3330.77,2025-05-20,Paid-OnTime
1150,136,2,2025-06-20,3330.77,3330.77,2025-06-20,Paid-OnTime
1151,136,3,2025-07-20,3330.77,3330.77,2025-07-20,Paid-OnTime
1152,136,4,2025-08-20,3330.77,3330.77,2025-08-25,Paid-Late
1153,136,5,2025-09-20,3330.77,3330.77,2025-09-20,Paid-OnTime
1154,136,6,2025-10-20,3330.77,3330.77,2025-10-20,Paid-OnTime
1155,136,7,2025-11-20,3330.77,3330.77,2025-11-20,Paid-OnTime
1156,136,8,2025-12-20,3330.77,3330.77,2025-12-27,Paid-Late
1157,136,9,2026-01-20,3330.77,3330.77,2026-01-20,Paid-OnTime
1158,136,10,2026-02-20,3330.77,3330.77,2026-02-20,Paid-OnTime
1159,136,11,2026-03-20,3330.77,0.0,,Missed
1160,136,12,2026-04-20,3330.77,0.0,,Missed
1161,136,13,2026-05-20,3330.77,0.0,,Missed
1162,137,1,2024-03-16,15566.67,15566.67,2024-03-16,Paid-OnTime
1163,137,2,2024-04-16,15566.67,0.0,,Missed
1164,137,3,2024-05-16,15566.67,8008.89,2024-05-23,Partial
1165,138,1,2025-07-28,4666.67,4666.67,2025-07-28,Paid-OnTime
1166,138,2,2025-08-28,4666.67,4666.67,2025-08-28,Paid-OnTime
1167,138,3,2025-09-28,4666.67,4666.67,2025-09-28,Paid-OnTime
1168,138,4,2025-10-28,4666.67,4666.67,2025-10-28,Paid-OnTime
1169,138,5,2025-11-28,4666.67,4666.67,2025-11-28,Paid-OnTime
1170,138,6,2025-12-28,4666.67,4666.67,2025-12-28,Paid-OnTime
1171,139,1,2022-03-19,32200.0,32200.0,2022-03-19,Paid-OnTime
1172,139,2,2022-04-19,32200.0,32200.0,2022-04-19,Paid-OnTime
1173,140,1,2023-12-15,8950.0,8950.0,2023-12-15,Paid-OnTime
1174,140,2,2024-01-15,8950.0,0.0,,Missed
1175,140,3,2024-02-15,8950.0,0.0,,Missed
1176,140,4,2024-03-15,8950.0,5513.39,2024-03-26,Partial
1177,141,1,2025-09-15,5350.0,5350.0,2025-09-15,Paid-OnTime
1178,141,2,2025-10-15,5350.0,5350.0,2025-10-15,Paid-OnTime
1179,142,1,2026-08-26,3125.0,3125.0,2026-08-26,Paid-OnTime
1180,143,1,2023-11-09,2900.0,2900.0,2023-11-09,Paid-OnTime
1181,143,2,2023-12-09,2900.0,2900.0,2023-12-09,Paid-OnTime
1182,143,3,2024-01-09,2900.0,2900.0,2024-01-09,Paid-OnTime
1183,143,4,2024-02-09,2900.0,2900.0,2024-02-09,Paid-OnTime
1184,144,1,2023-12-26,5533.33,5533.33,2023-12-26,Paid-OnTime
1185,144,2,2024-01-26,5533.33,5533.33,2024-01-26,Paid-OnTime
1186,144,3,2024-02-26,5533.33,5533.33,2024-02-26,Paid-OnTime
1187,144,4,2024-03-26,5533.33,5533.33,2024-03-26,Paid-OnTime
1188,144,5,2024-04-26,5533.33,5533.33,2024-04-26,Paid-OnTime
1189,144,6,2024-05-26,5533.33,5533.33,2024-05-26,Paid-OnTime
1190,145,1,2022-07-27,5950.0,5950.0,2022-07-27,Paid-OnTime
1191,145,2,2022-08-27,5950.0,5950.0,2022-08-27,Paid-OnTime
1192,145,3,2022-09-27,5950.0,5950.0,2022-09-27,Paid-OnTime
1193,145,4,2022-10-27,5950.0,5950.0,2022-10-27,Paid-OnTime
1194,145,5,2022-11-27,5950.0,5950.0,2022-12-03,Paid-Late
1195,145,6,2022-12-27,5950.0,5950.0,2022-12-27,Paid-OnTime
1196,145,7,2023-01-27,5950.0,5950.0,2023-01-27,Paid-OnTime
1197,145,8,2023-02-27,5950.0,5950.0,2023-03-09,Paid-Late
1198,145,9,2023-03-27,5950.0,5950.0,2023-03-27,Paid-OnTime
1199,145,10,2023-04-27,5950.0,5950.0,2023-04-27,Paid-OnTime
1200,145,11,2023-05-27,5950.0,5950.0,2023-05-27,Paid-OnTime
1201,145,12,2023-06-27,5950.0,5950.0,2023-06-27,Paid-OnTime
1202,146,1,2025-02-28,5117.39,5117.39,2025-02-28,Paid-OnTime
1203,146,2,2025-03-28,5117.39,5117.39,2025-03-28,Paid-OnTime
1204,146,3,2025-04-28,5117.39,5117.39,2025-04-28,Paid-OnTime
1205,146,4,2025-05-28,5117.39,5117.39,2025-06-06,Paid-Late
1206,146,5,2025-06-28,5117.39,5117.39,2025-06-28,Paid-OnTime
1207,146,6,2025-07-28,5117.39,5117.39,2025-07-28,Paid-OnTime
1208,146,7,2025-08-28,5117.39,5117.39,2025-08-31,Paid-Late
1209,146,8,2025-09-28,5117.39,5117.39,2025-09-28,Paid-OnTime
1210,146,9,2025-10-28,5117.39,5117.39,2025-10-28,Paid-OnTime
1211,146,10,2025-11-28,5117.39,5117.39,2025-11-28,Paid-OnTime
1212,146,11,2025-12-28,5117.39,5117.39,2025-12-28,Paid-OnTime
1213,146,12,2026-01-28,5117.39,5117.39,2026-02-04,Paid-Late
1214,146,13,2026-02-28,5117.39,5117.39,2026-03-07,Paid-Late
1215,146,14,2026-03-28,5117.39,5117.39,2026-03-28,Paid-OnTime
1216,146,15,2026-04-28,5117.39,5117.39,2026-04-28,Paid-OnTime
1217,146,16,2026-05-28,5117.39,5117.39,2026-05-28,Paid-OnTime
1218,146,17,2026-06-28,5117.39,5117.39,2026-06-28,Paid-OnTime
1219,146,18,2026-07-28,5117.39,5117.39,2026-07-28,Paid-OnTime
1220,146,19,2026-08-28,5117.39,5117.39,2026-08-28,Paid-OnTime
1221,147,1,2025-10-01,31000.0,31000.0,2025-10-01,Paid-OnTime
1222,148,1,2025-02-16,28600.0,28600.0,2025-02-16,Paid-OnTime
1223,148,2,2025-03-16,28600.0,28600.0,2025-03-16,Paid-OnTime
1224,149,1,2022-10-25,4408.33,4408.33,2022-10-25,Paid-OnTime
1225,149,2,2022-11-25,4408.33,4408.33,2022-11-25,Paid-OnTime
1226,149,3,2022-12-25,4408.33,4408.33,2022-12-25,Paid-OnTime
1227,149,4,2023-01-25,4408.33,4408.33,2023-01-25,Paid-OnTime
1228,149,5,2023-02-25,4408.33,4408.33,2023-02-25,Paid-OnTime
1229,149,6,2023-03-25,4408.33,4408.33,2023-03-25,Paid-OnTime
1230,149,7,2023-04-25,4408.33,4408.33,2023-04-25,Paid-OnTime
1231,149,8,2023-05-25,4408.33,4408.33,2023-05-25,Paid-OnTime
1232,149,9,2023-06-25,4408.33,4408.33,2023-06-25,Paid-OnTime
1233,149,10,2023-07-25,4408.33,4408.33,2023-07-25,Paid-OnTime
1234,149,11,2023-08-25,4408.33,4408.33,2023-08-25,Paid-OnTime
1235,149,12,2023-09-25,4408.33,4408.33,2023-09-25,Paid-OnTime
1236,150,1,2023-03-10,4648.0,4648.0,2023-03-10,Paid-OnTime
1237,150,2,2023-04-10,4648.0,4648.0,2023-04-10,Paid-OnTime
1238,150,3,2023-05-10,4648.0,4648.0,2023-05-10,Paid-OnTime
1239,150,4,2023-06-10,4648.0,4648.0,2023-06-10,Paid-OnTime
1240,150,5,2023-07-10,4648.0,4648.0,2023-07-10,Paid-OnTime
1241,150,6,2023-08-10,4648.0,4648.0,2023-08-10,Paid-OnTime
1242,150,7,2023-09-10,4648.0,4648.0,2023-09-10,Paid-OnTime
1243,150,8,2023-10-10,4648.0,4648.0,2023-10-10,Paid-OnTime
1244,150,9,2023-11-10,4648.0,4648.0,2023-11-10,Paid-OnTime
1245,150,10,2023-12-10,4648.0,4648.0,2023-12-10,Paid-OnTime
1246,150,11,2024-01-10,4648.0,4648.0,2024-01-10,Paid-OnTime
1247,150,12,2024-02-10,4648.0,4648.0,2024-02-10,Paid-OnTime
1248,150,13,2024-03-10,4648.0,4648.0,2024-03-10,Paid-OnTime
1249,150,14,2024-04-10,4648.0,4648.0,2024-04-10,Paid-OnTime
1250,150,15,2024-05-10,4648.0,4648.0,2024-05-10,Paid-OnTime
1251,150,16,2024-06-10,4648.0,0.0,,Missed
1252,150,17,2024-07-10,4648.0,1585.57,2024-07-26,Partial
1253,150,18,2024-08-10,4648.0,0.0,,Missed
1254,150,19,2024-09-10,4648.0,2771.21,2024-10-02,Partial
1255,150,20,2024-10-10,4648.0,0.0,,Missed
1256,150,21,2024-11-10,4648.0,0.0,,Missed
1257,150,22,2024-12-10,4648.0,0.0,,Missed
1258,150,23,2025-01-10,4648.0,4648.0,2025-01-10,Paid-OnTime
1259,150,24,2025-02-10,4648.0,4648.0,2025-02-10,Paid-OnTime
1260,150,25,2025-03-10,4648.0,4648.0,2025-03-10,Paid-OnTime
1261,151,1,2023-01-23,4542.86,4542.86,2023-01-23,Paid-OnTime
1262,151,2,2023-02-23,4542.86,4542.86,2023-02-23,Paid-OnTime
1263,151,3,2023-03-23,4542.86,4542.86,2023-03-23,Paid-OnTime
1264,151,4,2023-04-23,4542.86,4542.86,2023-04-23,Paid-OnTime
1265,151,5,2023-05-23,4542.86,0.0,,Missed
1266,151,6,2023-06-23,4542.86,0.0,,Missed
1267,151,7,2023-07-23,4542.86,2748.07,2023-08-01,Partial
1268,152,1,2024-12-11,4280.0,4280.0,2024-12-11,Paid-OnTime
1269,152,2,2025-01-11,4280.0,4280.0,2025-01-11,Paid-OnTime
1270,152,3,2025-02-11,4280.0,4280.0,2025-02-11,Paid-OnTime
1271,152,4,2025-03-11,4280.0,4280.0,2025-03-11,Paid-OnTime
1272,152,5,2025-04-11,4280.0,4280.0,2025-04-11,Paid-OnTime
1273,153,1,2025-05-08,5511.86,5511.86,2025-05-08,Paid-OnTime
1274,153,2,2025-06-08,5511.86,5511.86,2025-06-08,Paid-OnTime
1275,153,3,2025-07-08,5511.86,5511.86,2025-07-08,Paid-OnTime
1276,153,4,2025-08-08,5511.86,5511.86,2025-08-08,Paid-OnTime
1277,153,5,2025-09-08,5511.86,5511.86,2025-09-16,Paid-Late
1278,153,6,2025-10-08,5511.86,5511.86,2025-10-08,Paid-OnTime
1279,153,7,2025-11-08,5511.86,5511.86,2025-11-08,Paid-OnTime
1280,153,8,2025-12-08,5511.86,5511.86,2025-12-17,Paid-Late
1281,153,9,2026-01-08,5511.86,5511.86,2026-01-08,Paid-OnTime
1282,153,10,2026-02-08,5511.86,5511.86,2026-02-08,Paid-OnTime
1283,153,11,2026-03-08,5511.86,5511.86,2026-03-08,Paid-OnTime
1284,153,12,2026-04-08,5511.86,5511.86,2026-04-08,Paid-OnTime
1285,153,13,2026-05-08,5511.86,5511.86,2026-05-08,Paid-OnTime
1286,153,14,2026-06-08,5511.86,5511.86,2026-06-08,Paid-OnTime
1287,153,15,2026-07-08,5511.86,5511.86,2026-07-08,Paid-OnTime
1288,153,16,2026-08-08,5511.86,5511.86,2026-08-08,Paid-OnTime
1289,154,1,2025-11-04,1000.0,1000.0,2025-11-04,Paid-OnTime
1290,154,2,2025-12-04,1000.0,1000.0,2025-12-04,Paid-OnTime
1291,154,3,2026-01-04,1000.0,1000.0,2026-01-04,Paid-OnTime
1292,154,4,2026-02-04,1000.0,1000.0,2026-02-04,Paid-OnTime
1293,154,5,2026-03-04,1000.0,1000.0,2026-03-04,Paid-OnTime
1294,154,6,2026-04-04,1000.0,1000.0,2026-04-04,Paid-OnTime
1295,154,7,2026-05-04,1000.0,1000.0,2026-05-04,Paid-OnTime
1296,154,8,2026-06-04,1000.0,1000.0,2026-06-04,Paid-OnTime
1297,154,9,2026-07-04,1000.0,0.0,,Missed
1298,154,10,2026-08-04,1000.0,0.0,,Missed
1299,155,1,2023-05-28,3942.86,3942.86,2023-05-28,Paid-OnTime
1300,155,2,2023-06-28,3942.86,3942.86,2023-06-28,Paid-OnTime
1301,155,3,2023-07-28,3942.86,3942.86,2023-07-28,Paid-OnTime
1302,155,4,2023-08-28,3942.86,3942.86,2023-08-28,Paid-OnTime
1303,155,5,2023-09-28,3942.86,3942.86,2023-09-28,Paid-OnTime
1304,155,6,2023-10-28,3942.86,3942.86,2023-10-28,Paid-OnTime
1305,155,7,2023-11-28,3942.86,3942.86,2023-11-28,Paid-OnTime
1306,156,1,2025-01-14,3466.67,3466.67,2025-01-14,Paid-OnTime
1307,156,2,2025-02-14,3466.67,3466.67,2025-02-14,Paid-OnTime
1308,156,3,2025-03-14,3466.67,3466.67,2025-03-14,Paid-OnTime
1309,157,1,2026-08-09,3333.33,3333.33,2026-08-09,Paid-OnTime
1310,158,1,2024-09-18,2361.54,2361.54,2024-09-18,Paid-OnTime
1311,158,2,2024-10-18,2361.54,2361.54,2024-10-18,Paid-OnTime
1312,158,3,2024-11-18,2361.54,2361.54,2024-11-25,Paid-Late
1313,158,4,2024-12-18,2361.54,2361.54,2024-12-18,Paid-OnTime
1314,158,5,2025-01-18,2361.54,2361.54,2025-01-18,Paid-OnTime
1315,158,6,2025-02-18,2361.54,2361.54,2025-02-18,Paid-OnTime
1316,158,7,2025-03-18,2361.54,2361.54,2025-03-18,Paid-OnTime
1317,158,8,2025-04-18,2361.54,2361.54,2025-04-18,Paid-OnTime
1318,158,9,2025-05-18,2361.54,2361.54,2025-05-18,Paid-OnTime
1319,158,10,2025-06-18,2361.54,2361.54,2025-06-18,Paid-OnTime
1320,158,11,2025-07-18,2361.54,2361.54,2025-07-18,Paid-OnTime
1321,158,12,2025-08-18,2361.54,2361.54,2025-08-18,Paid-OnTime
1322,158,13,2025-09-18,2361.54,2361.54,2025-09-18,Paid-OnTime
1323,159,1,2026-04-10,14450.0,14450.0,2026-04-10,Paid-OnTime
1324,159,2,2026-05-10,14450.0,14450.0,2026-05-10,Paid-OnTime
1325,160,1,2025-05-26,1014.29,1014.29,2025-05-26,Paid-OnTime
1326,160,2,2025-06-26,1014.29,1014.29,2025-06-26,Paid-OnTime
1327,160,3,2025-07-26,1014.29,1014.29,2025-07-26,Paid-OnTime
1328,160,4,2025-08-26,1014.29,1014.29,2025-08-26,Paid-OnTime
1329,160,5,2025-09-26,1014.29,1014.29,2025-09-26,Paid-OnTime
1330,160,6,2025-10-26,1014.29,1014.29,2025-10-26,Paid-OnTime
1331,160,7,2025-11-26,1014.29,1014.29,2025-11-26,Paid-OnTime
1332,161,1,2023-04-10,3883.33,3883.33,2023-04-10,Paid-OnTime
1333,161,2,2023-05-10,3883.33,3883.33,2023-05-10,Paid-OnTime
1334,161,3,2023-06-10,3883.33,3883.33,2023-06-10,Paid-OnTime
1335,161,4,2023-07-10,3883.33,3883.33,2023-07-10,Paid-OnTime
1336,161,5,2023-08-10,3883.33,3883.33,2023-08-10,Paid-OnTime
1337,161,6,2023-09-10,3883.33,3883.33,2023-09-10,Paid-OnTime
1338,162,1,2022-09-26,2500.0,2500.0,2022-09-26,Paid-OnTime
1339,162,2,2022-10-26,2500.0,2500.0,2022-10-26,Paid-OnTime
1340,163,1,2025-11-28,2869.23,2869.23,2025-11-28,Paid-OnTime
1341,163,2,2025-12-28,2869.23,2869.23,2025-12-28,Paid-OnTime
1342,163,3,2026-01-28,2869.23,2869.23,2026-01-28,Paid-OnTime
1343,163,4,2026-02-28,2869.23,2869.23,2026-02-28,Paid-OnTime
1344,163,5,2026-03-28,2869.23,2869.23,2026-03-28,Paid-OnTime
1345,163,6,2026-04-28,2869.23,2869.23,2026-04-28,Paid-OnTime
1346,163,7,2026-05-28,2869.23,2869.23,2026-05-28,Paid-OnTime
1347,163,8,2026-06-28,2869.23,2869.23,2026-06-28,Paid-OnTime
1348,163,9,2026-07-28,2869.23,2869.23,2026-07-28,Paid-OnTime
1349,163,10,2026-08-28,2869.23,2869.23,2026-08-28,Paid-OnTime
1350,164,1,2026-03-14,2000.0,2000.0,2026-03-14,Paid-OnTime
1351,164,2,2026-04-14,2000.0,2000.0,2026-04-14,Paid-OnTime
1352,164,3,2026-05-14,2000.0,2000.0,2026-05-14,Paid-OnTime
1353,164,4,2026-06-14,2000.0,2000.0,2026-06-14,Paid-OnTime
1354,164,5,2026-07-14,2000.0,2000.0,2026-07-14,Paid-OnTime
1355,164,6,2026-08-14,2000.0,2000.0,2026-08-14,Paid-OnTime
1356,165,1,2025-11-19,3061.54,3061.54,2025-11-19,Paid-OnTime
1357,165,2,2025-12-19,3061.54,1150.4,2026-01-02,Partial
1358,165,3,2026-01-19,3061.54,1617.42,2026-01-30,Partial
1359,165,4,2026-02-19,3061.54,3061.54,2026-02-19,Paid-OnTime
1360,165,5,2026-03-19,3061.54,3061.54,2026-03-19,Paid-OnTime
1361,165,6,2026-04-19,3061.54,3061.54,2026-04-19,Paid-OnTime
1362,165,7,2026-05-19,3061.54,3061.54,2026-05-19,Paid-OnTime
1363,165,8,2026-06-19,3061.54,3061.54,2026-06-19,Paid-OnTime
1364,165,9,2026-07-19,3061.54,3061.54,2026-07-19,Paid-OnTime
1365,165,10,2026-08-19,3061.54,3061.54,2026-08-19,Paid-OnTime
1366,167,1,2023-08-21,3616.67,3616.67,2023-08-21,Paid-OnTime
1367,167,2,2023-09-21,3616.67,3616.67,2023-09-21,Paid-OnTime
1368,167,3,2023-10-21,3616.67,3616.67,2023-10-21,Paid-OnTime
1369,167,4,2023-11-21,3616.67,3616.67,2023-11-21,Paid-OnTime
1370,167,5,2023-12-21,3616.67,3616.67,2023-12-21,Paid-OnTime
1371,167,6,2024-01-21,3616.67,3616.67,2024-01-21,Paid-OnTime
1372,168,1,2024-02-15,19938.3,19938.3,2024-02-15,Paid-OnTime
1373,168,2,2024-03-15,19938.3,19938.3,2024-03-15,Paid-OnTime
1374,168,3,2024-04-15,19938.3,19938.3,2024-04-15,Paid-OnTime
1375,168,4,2024-05-15,19938.3,19938.3,2024-05-15,Paid-OnTime
1376,168,5,2024-06-15,19938.3,19938.3,2024-06-15,Paid-OnTime
1377,168,6,2024-07-15,19938.3,19938.3,2024-07-15,Paid-OnTime
1378,168,7,2024-08-15,19938.3,19938.3,2024-08-15,Paid-OnTime
1379,168,8,2024-09-15,19938.3,19938.3,2024-09-15,Paid-OnTime
1380,168,9,2024-10-15,19938.3,19938.3,2024-10-15,Paid-OnTime
1381,168,10,2024-11-15,19938.3,19938.3,2024-11-15,Paid-OnTime
1382,168,11,2024-12-15,19938.3,19938.3,2024-12-15,Paid-OnTime
1383,168,12,2025-01-15,19938.3,19938.3,2025-01-15,Paid-OnTime
1384,168,13,2025-02-15,19938.3,19938.3,2025-02-15,Paid-OnTime
1385,168,14,2025-03-15,19938.3,19938.3,2025-03-15,Paid-OnTime
1386,168,15,2025-04-15,19938.3,19938.3,2025-04-15,Paid-OnTime
1387,168,16,2025-05-15,19938.3,19938.3,2025-05-15,Paid-OnTime
1388,168,17,2025-06-15,19938.3,19938.3,2025-06-15,Paid-OnTime
1389,168,18,2025-07-15,19938.3,19938.3,2025-07-15,Paid-OnTime
1390,168,19,2025-08-15,19938.3,19938.3,2025-08-15,Paid-OnTime
1391,168,20,2025-09-15,19938.3,19938.3,2025-09-15,Paid-OnTime
1392,168,21,2025-10-15,19938.3,19938.3,2025-10-15,Paid-OnTime
1393,168,22,2025-11-15,19938.3,19938.3,2025-11-15,Paid-OnTime
1394,168,23,2025-12-15,19938.3,19938.3,2025-12-15,Paid-OnTime
1395,168,24,2026-01-15,19938.3,19938.3,2026-01-15,Paid-OnTime
1396,168,25,2026-02-15,19938.3,19938.3,2026-02-15,Paid-OnTime
1397,168,26,2026-03-15,19938.3,19938.3,2026-03-15,Paid-OnTime
1398,168,27,2026-04-15,19938.3,19938.3,2026-04-15,Paid-OnTime
1399,168,28,2026-05-15,19938.3,19938.3,2026-05-15,Paid-OnTime
1400,168,29,2026-06-15,19938.3,19938.3,2026-06-15,Paid-OnTime
1401,168,30,2026-07-15,19938.3,19938.3,2026-07-15,Paid-OnTime
1402,168,31,2026-08-15,19938.3,19938.3,2026-08-15,Paid-OnTime
1403,169,1,2025-05-21,18350.0,18350.0,2025-05-21,Paid-OnTime
1404,169,2,2025-06-21,18350.0,18350.0,2025-06-21,Paid-OnTime
1405,170,1,2025-01-28,6300.0,6300.0,2025-01-28,Paid-OnTime
1406,170,2,2025-02-28,6300.0,6300.0,2025-02-28,Paid-OnTime
1407,171,1,2024-03-26,3675.68,3675.68,2024-03-26,Paid-OnTime
1408,171,2,2024-04-26,3675.68,3675.68,2024-04-26,Paid-OnTime
1409,171,3,2024-05-26,3675.68,3675.68,2024-05-26,Paid-OnTime
1410,171,4,2024-06-26,3675.68,3675.68,2024-06-26,Paid-OnTime
1411,171,5,2024-07-26,3675.68,3675.68,2024-07-26,Paid-OnTime
1412,171,6,2024-08-26,3675.68,3675.68,2024-08-26,Paid-OnTime
1413,171,7,2024-09-26,3675.68,3675.68,2024-09-26,Paid-OnTime
1414,171,8,2024-10-26,3675.68,3675.68,2024-10-26,Paid-OnTime
1415,171,9,2024-11-26,3675.68,3675.68,2024-11-26,Paid-OnTime
1416,171,10,2024-12-26,3675.68,3675.68,2024-12-26,Paid-OnTime
1417,171,11,2025-01-26,3675.68,3675.68,2025-01-26,Paid-OnTime
1418,171,12,2025-02-26,3675.68,3675.68,2025-02-26,Paid-OnTime
1419,171,13,2025-03-26,3675.68,3675.68,2025-03-26,Paid-OnTime
1420,171,14,2025-04-26,3675.68,3675.68,2025-04-26,Paid-OnTime
1421,171,15,2025-05-26,3675.68,3675.68,2025-05-26,Paid-OnTime
1422,171,16,2025-06-26,3675.68,3675.68,2025-06-26,Paid-OnTime
1423,171,17,2025-07-26,3675.68,3675.68,2025-07-26,Paid-OnTime
1424,171,18,2025-08-26,3675.68,3675.68,2025-08-29,Paid-Late
1425,171,19,2025-09-26,3675.68,3675.68,2025-09-26,Paid-OnTime
1426,171,20,2025-10-26,3675.68,3675.68,2025-10-26,Paid-OnTime
1427,171,21,2025-11-26,3675.68,3675.68,2025-11-26,Paid-OnTime
1428,171,22,2025-12-26,3675.68,3675.68,2025-12-26,Paid-OnTime
1429,171,23,2026-01-26,3675.68,3675.68,2026-01-26,Paid-OnTime
1430,171,24,2026-02-26,3675.68,3675.68,2026-02-26,Paid-OnTime
1431,171,25,2026-03-26,3675.68,3675.68,2026-03-26,Paid-OnTime
1432,171,26,2026-04-26,3675.68,3675.68,2026-04-26,Paid-OnTime
1433,171,27,2026-05-26,3675.68,3675.68,2026-05-26,Paid-OnTime
1434,171,28,2026-06-26,3675.68,3675.68,2026-06-26,Paid-OnTime
1435,171,29,2026-07-26,3675.68,3675.68,2026-07-26,Paid-OnTime
1436,171,30,2026-08-26,3675.68,3675.68,2026-08-26,Paid-OnTime
1437,172,1,2026-01-07,5800.0,5800.0,2026-01-07,Paid-OnTime
1438,172,2,2026-02-07,5800.0,0.0,,Missed
1439,172,3,2026-03-07,5800.0,0.0,,Missed
1440,173,1,2024-06-22,5533.33,5533.33,2024-06-22,Paid-OnTime
1441,173,2,2024-07-22,5533.33,5533.33,2024-07-22,Paid-OnTime
1442,173,3,2024-08-22,5533.33,5533.33,2024-08-22,Paid-OnTime
1443,174,1,2023-11-28,4043.48,4043.48,2023-11-28,Paid-OnTime
1444,174,2,2023-12-28,4043.48,4043.48,2023-12-28,Paid-OnTime
1445,174,3,2024-01-28,4043.48,4043.48,2024-01-28,Paid-OnTime
1446,174,4,2024-02-28,4043.48,4043.48,2024-03-03,Paid-Late
1447,174,5,2024-03-28,4043.48,4043.48,2024-03-28,Paid-OnTime
1448,174,6,2024-04-28,4043.48,1569.14,2024-05-08,Partial
1449,174,7,2024-05-28,4043.48,2237.54,2024-06-20,Partial
1450,174,8,2024-06-28,4043.48,0.0,,Missed
1451,174,9,2024-07-28,4043.48,2208.46,2024-08-08,Partial
1452,174,10,2024-08-28,4043.48,4043.48,2024-09-02,Paid-Late
1453,174,11,2024-09-28,4043.48,4043.48,2024-09-28,Paid-OnTime
1454,174,12,2024-10-28,4043.48,4043.48,2024-10-28,Paid-OnTime
1455,174,13,2024-11-28,4043.48,4043.48,2024-11-28,Paid-OnTime
1456,174,14,2024-12-28,4043.48,4043.48,2024-12-28,Paid-OnTime
1457,174,15,2025-01-28,4043.48,4043.48,2025-01-28,Paid-OnTime
1458,174,16,2025-02-28,4043.48,4043.48,2025-02-28,Paid-OnTime
1459,174,17,2025-03-28,4043.48,4043.48,2025-03-28,Paid-OnTime
1460,174,18,2025-04-28,4043.48,4043.48,2025-04-28,Paid-OnTime
1461,174,19,2025-05-28,4043.48,4043.48,2025-05-28,Paid-OnTime
1462,174,20,2025-06-28,4043.48,4043.48,2025-06-28,Paid-OnTime
1463,174,21,2025-07-28,4043.48,4043.48,2025-07-28,Paid-OnTime
1464,174,22,2025-08-28,4043.48,4043.48,2025-08-28,Paid-OnTime
1465,174,23,2025-09-28,4043.48,4043.48,2025-09-28,Paid-OnTime
1466,175,1,2026-05-27,2669.23,2669.23,2026-05-27,Paid-OnTime
1467,175,2,2026-06-27,2669.23,0.0,,Missed
1468,175,3,2026-07-27,2669.23,0.0,,Missed
1469,175,4,2026-08-27,2669.23,768.59,2026-09-01,Partial
1470,176,1,2023-11-28,1400.0,1400.0,2023-11-28,Paid-OnTime
1471,176,2,2023-12-28,1400.0,1400.0,2023-12-28,Paid-OnTime
1472,176,3,2024-01-28,1400.0,1400.0,2024-01-28,Paid-OnTime
1473,176,4,2024-02-28,1400.0,1400.0,2024-02-28,Paid-OnTime
1474,176,5,2024-03-28,1400.0,1400.0,2024-03-28,Paid-OnTime
1475,176,6,2024-04-28,1400.0,1400.0,2024-04-28,Paid-OnTime
1476,177,1,2025-05-13,5100.0,5100.0,2025-05-13,Paid-OnTime
1477,177,2,2025-06-13,5100.0,5100.0,2025-06-13,Paid-OnTime
1478,178,1,2022-11-07,11150.0,11150.0,2022-11-07,Paid-OnTime
1479,178,2,2022-12-07,11150.0,11150.0,2022-12-07,Paid-OnTime
1480,178,3,2023-01-07,11150.0,11150.0,2023-01-07,Paid-OnTime
1481,178,4,2023-02-07,11150.0,11150.0,2023-02-07,Paid-OnTime
1482,179,1,2023-12-04,4300.0,4300.0,2023-12-04,Paid-OnTime
1483,179,2,2024-01-04,4300.0,4300.0,2024-01-04,Paid-OnTime
1484,179,3,2024-02-04,4300.0,4300.0,2024-02-04,Paid-OnTime
1485,180,1,2026-07-17,17166.67,17166.67,2026-07-17,Paid-OnTime
1486,180,2,2026-08-17,17166.67,17166.67,2026-08-17,Paid-OnTime
1487,181,1,2024-06-26,29300.0,29300.0,2024-06-26,Paid-OnTime
1488,181,2,2024-07-26,29300.0,29300.0,2024-07-26,Paid-OnTime
1489,181,3,2024-08-26,29300.0,29300.0,2024-08-26,Paid-OnTime
1490,182,1,2024-10-04,1360.0,1360.0,2024-10-13,Paid-Late
1491,182,2,2024-11-04,1360.0,1360.0,2024-11-04,Paid-OnTime
1492,182,3,2024-12-04,1360.0,1360.0,2024-12-04,Paid-OnTime
1493,182,4,2025-01-04,1360.0,1360.0,2025-01-04,Paid-OnTime
1494,182,5,2025-02-04,1360.0,1360.0,2025-02-04,Paid-OnTime
1495,183,1,2026-04-23,70900.0,70900.0,2026-04-23,Paid-OnTime
1496,184,1,2025-09-19,530.43,530.43,2025-09-19,Paid-OnTime
1497,184,2,2025-10-19,530.43,530.43,2025-10-19,Paid-OnTime
1498,184,3,2025-11-19,530.43,530.43,2025-11-19,Paid-OnTime
1499,184,4,2025-12-19,530.43,530.43,2025-12-19,Paid-OnTime
1500,184,5,2026-01-19,530.43,530.43,2026-01-19,Paid-OnTime
1501,184,6,2026-02-19,530.43,530.43,2026-02-19,Paid-OnTime
1502,184,7,2026-03-19,530.43,530.43,2026-03-19,Paid-OnTime
1503,184,8,2026-04-19,530.43,530.43,2026-04-19,Paid-OnTime
1504,184,9,2026-05-19,530.43,530.43,2026-05-19,Paid-OnTime
1505,184,10,2026-06-19,530.43,530.43,2026-06-19,Paid-OnTime
1506,184,11,2026-07-19,530.43,530.43,2026-07-19,Paid-OnTime
1507,184,12,2026-08-19,530.43,530.43,2026-08-23,Paid-Late
1508,185,1,2023-12-13,928.57,928.57,2023-12-13,Paid-OnTime
1509,185,2,2024-01-13,928.57,928.57,2024-01-13,Paid-OnTime
1510,185,3,2024-02-13,928.57,928.57,2024-02-13,Paid-OnTime
1511,185,4,2024-03-13,928.57,928.57,2024-03-13,Paid-OnTime
1512,185,5,2024-04-13,928.57,928.57,2024-04-13,Paid-OnTime
1513,185,6,2024-05-13,928.57,928.57,2024-05-13,Paid-OnTime
1514,185,7,2024-06-13,928.57,928.57,2024-06-13,Paid-OnTime
1515,186,1,2025-11-13,3008.33,3008.33,2025-11-13,Paid-OnTime
1516,186,2,2025-12-13,3008.33,3008.33,2025-12-13,Paid-OnTime
1517,186,3,2026-01-13,3008.33,3008.33,2026-01-13,Paid-OnTime
1518,186,4,2026-02-13,3008.33,3008.33,2026-02-13,Paid-OnTime
1519,186,5,2026-03-13,3008.33,3008.33,2026-03-13,Paid-OnTime
1520,186,6,2026-04-13,3008.33,3008.33,2026-04-13,Paid-OnTime
1521,186,7,2026-05-13,3008.33,3008.33,2026-05-13,Paid-OnTime
1522,186,8,2026-06-13,3008.33,3008.33,2026-06-13,Paid-OnTime
1523,186,9,2026-07-13,3008.33,3008.33,2026-07-13,Paid-OnTime
1524,186,10,2026-08-13,3008.33,3008.33,2026-08-13,Paid-OnTime
1525,187,1,2026-05-22,4425.0,4425.0,2026-05-22,Paid-OnTime
1526,187,2,2026-06-22,4425.0,4425.0,2026-06-22,Paid-OnTime
1527,187,3,2026-07-22,4425.0,4425.0,2026-07-22,Paid-OnTime
1528,187,4,2026-08-22,4425.0,4425.0,2026-08-22,Paid-OnTime
1529,188,1,2023-08-12,2850.0,2850.0,2023-08-12,Paid-OnTime
1530,188,2,2023-09-12,2850.0,2850.0,2023-09-12,Paid-OnTime
1531,188,3,2023-10-12,2850.0,2850.0,2023-10-12,Paid-OnTime
1532,188,4,2023-11-12,2850.0,2850.0,2023-11-12,Paid-OnTime
1533,188,5,2023-12-12,2850.0,2850.0,2023-12-12,Paid-OnTime
1534,188,6,2024-01-12,2850.0,2850.0,2024-01-12,Paid-OnTime
1535,188,7,2024-02-12,2850.0,2850.0,2024-02-12,Paid-OnTime
1536,188,8,2024-03-12,2850.0,2850.0,2024-03-12,Paid-OnTime
1537,188,9,2024-04-12,2850.0,2850.0,2024-04-12,Paid-OnTime
1538,188,10,2024-05-12,2850.0,2850.0,2024-05-12,Paid-OnTime
1539,188,11,2024-06-12,2850.0,2850.0,2024-06-12,Paid-OnTime
1540,188,12,2024-07-12,2850.0,2850.0,2024-07-12,Paid-OnTime
1541,189,1,2024-12-05,32400.0,32400.0,2024-12-05,Paid-OnTime
1542,190,1,2022-12-20,9650.0,9650.0,2022-12-20,Paid-OnTime
1543,190,2,2023-01-20,9650.0,9650.0,2023-01-29,Paid-Late
1544,191,1,2022-10-28,5722.22,5722.22,2022-10-28,Paid-OnTime
1545,191,2,2022-11-28,5722.22,5722.22,2022-11-28,Paid-OnTime
1546,191,3,2022-12-28,5722.22,5722.22,2022-12-28,Paid-OnTime
1547,191,4,2023-01-28,5722.22,5722.22,2023-01-28,Paid-OnTime
1548,191,5,2023-02-28,5722.22,5722.22,2023-02-28,Paid-OnTime
1549,191,6,2023-03-28,5722.22,5722.22,2023-03-28,Paid-OnTime
1550,191,7,2023-04-28,5722.22,5722.22,2023-04-28,Paid-OnTime
1551,191,8,2023-05-28,5722.22,5722.22,2023-05-28,Paid-OnTime
1552,191,9,2023-06-28,5722.22,5722.22,2023-06-28,Paid-OnTime
1553,191,10,2023-07-28,5722.22,5722.22,2023-07-28,Paid-OnTime
1554,191,11,2023-08-28,5722.22,5722.22,2023-08-28,Paid-OnTime
1555,191,12,2023-09-28,5722.22,5722.22,2023-09-28,Paid-OnTime
1556,191,13,2023-10-28,5722.22,5722.22,2023-10-28,Paid-OnTime
1557,191,14,2023-11-28,5722.22,5722.22,2023-11-28,Paid-OnTime
1558,191,15,2023-12-28,5722.22,5722.22,2023-12-28,Paid-OnTime
1559,191,16,2024-01-28,5722.22,5722.22,2024-01-28,Paid-OnTime
1560,191,17,2024-02-28,5722.22,5722.22,2024-02-28,Paid-OnTime
1561,191,18,2024-03-28,5722.22,5722.22,2024-03-28,Paid-OnTime
1562,191,19,2024-04-28,5722.22,5722.22,2024-04-28,Paid-OnTime
1563,191,20,2024-05-28,5722.22,5722.22,2024-05-28,Paid-OnTime
1564,191,21,2024-06-28,5722.22,5722.22,2024-06-28,Paid-OnTime
1565,191,22,2024-07-28,5722.22,5722.22,2024-07-28,Paid-OnTime
1566,191,23,2024-08-28,5722.22,5722.22,2024-09-05,Paid-Late
1567,191,24,2024-09-28,5722.22,5722.22,2024-09-28,Paid-OnTime
1568,191,25,2024-10-28,5722.22,5722.22,2024-10-28,Paid-OnTime
1569,191,26,2024-11-28,5722.22,5722.22,2024-11-28,Paid-OnTime
1570,191,27,2024-12-28,5722.22,5722.22,2024-12-28,Paid-OnTime
1571,191,28,2025-01-28,5722.22,5722.22,2025-01-28,Paid-OnTime
1572,191,29,2025-02-28,5722.22,5722.22,2025-02-28,Paid-OnTime
1573,191,30,2025-03-28,5722.22,5722.22,2025-03-28,Paid-OnTime
1574,191,31,2025-04-28,5722.22,5722.22,2025-04-28,Paid-OnTime
1575,191,32,2025-05-28,5722.22,5722.22,2025-05-28,Paid-OnTime
1576,191,33,2025-06-28,5722.22,5722.22,2025-06-28,Paid-OnTime
1577,191,34,2025-07-28,5722.22,5722.22,2025-07-28,Paid-OnTime
1578,191,35,2025-08-28,5722.22,5722.22,2025-08-28,Paid-OnTime
1579,191,36,2025-09-28,5722.22,5722.22,2025-09-28,Paid-OnTime
1580,192,1,2022-04-13,1657.14,1657.14,2022-04-13,Paid-OnTime
1581,192,2,2022-05-13,1657.14,1657.14,2022-05-13,Paid-OnTime
1582,192,3,2022-06-13,1657.14,1657.14,2022-06-13,Paid-OnTime
1583,192,4,2022-07-13,1657.14,1657.14,2022-07-13,Paid-OnTime
1584,192,5,2022-08-13,1657.14,1657.14,2022-08-13,Paid-OnTime
1585,192,6,2022-09-13,1657.14,1657.14,2022-09-13,Paid-OnTime
1586,192,7,2022-10-13,1657.14,1657.14,2022-10-13,Paid-OnTime
1587,193,1,2023-08-13,31089.36,31089.36,2023-08-13,Paid-OnTime
1588,193,2,2023-09-13,31089.36,31089.36,2023-09-13,Paid-OnTime
1589,193,3,2023-10-13,31089.36,31089.36,2023-10-13,Paid-OnTime
1590,193,4,2023-11-13,31089.36,31089.36,2023-11-13,Paid-OnTime
1591,193,5,2023-12-13,31089.36,31089.36,2023-12-13,Paid-OnTime
1592,193,6,2024-01-13,31089.36,31089.36,2024-01-13,Paid-OnTime
1593,193,7,2024-02-13,31089.36,31089.36,2024-02-13,Paid-OnTime
1594,193,8,2024-03-13,31089.36,31089.36,2024-03-13,Paid-OnTime
1595,193,9,2024-04-13,31089.36,31089.36,2024-04-13,Paid-OnTime
1596,193,10,2024-05-13,31089.36,31089.36,2024-05-13,Paid-OnTime
1597,193,11,2024-06-13,31089.36,31089.36,2024-06-13,Paid-OnTime
1598,193,12,2024-07-13,31089.36,31089.36,2024-07-13,Paid-OnTime
1599,193,13,2024-08-13,31089.36,31089.36,2024-08-13,Paid-OnTime
1600,193,14,2024-09-13,31089.36,31089.36,2024-09-17,Paid-Late
1601,193,15,2024-10-13,31089.36,31089.36,2024-10-13,Paid-OnTime
1602,193,16,2024-11-13,31089.36,31089.36,2024-11-13,Paid-OnTime
1603,193,17,2024-12-13,31089.36,31089.36,2024-12-13,Paid-OnTime
1604,193,18,2025-01-13,31089.36,31089.36,2025-01-13,Paid-OnTime
1605,193,19,2025-02-13,31089.36,31089.36,2025-02-13,Paid-OnTime
1606,193,20,2025-03-13,31089.36,31089.36,2025-03-13,Paid-OnTime
1607,193,21,2025-04-13,31089.36,31089.36,2025-04-13,Paid-OnTime
1608,193,22,2025-05-13,31089.36,31089.36,2025-05-13,Paid-OnTime
1609,193,23,2025-06-13,31089.36,31089.36,2025-06-13,Paid-OnTime
1610,193,24,2025-07-13,31089.36,31089.36,2025-07-13,Paid-OnTime
1611,193,25,2025-08-13,31089.36,31089.36,2025-08-13,Paid-OnTime
1612,193,26,2025-09-13,31089.36,31089.36,2025-09-23,Paid-Late
1613,193,27,2025-10-13,31089.36,31089.36,2025-10-13,Paid-OnTime
1614,193,28,2025-11-13,31089.36,31089.36,2025-11-13,Paid-OnTime
1615,193,29,2025-12-13,31089.36,31089.36,2025-12-13,Paid-OnTime
1616,193,30,2026-01-13,31089.36,31089.36,2026-01-13,Paid-OnTime
1617,193,31,2026-02-13,31089.36,31089.36,2026-02-13,Paid-OnTime
1618,193,32,2026-03-13,31089.36,31089.36,2026-03-13,Paid-OnTime
1619,193,33,2026-04-13,31089.36,31089.36,2026-04-13,Paid-OnTime
1620,193,34,2026-05-13,31089.36,31089.36,2026-05-13,Paid-OnTime
1621,193,35,2026-06-13,31089.36,31089.36,2026-06-13,Paid-OnTime
1622,193,36,2026-07-13,31089.36,31089.36,2026-07-13,Paid-OnTime
1623,193,37,2026-08-13,31089.36,31089.36,2026-08-13,Paid-OnTime
1624,194,1,2024-08-01,1960.0,1960.0,2024-08-01,Paid-OnTime
1625,194,2,2024-09-01,1960.0,1960.0,2024-09-01,Paid-OnTime
1626,194,3,2024-10-01,1960.0,1960.0,2024-10-01,Paid-OnTime
1627,194,4,2024-11-01,1960.0,1960.0,2024-11-01,Paid-OnTime
1628,194,5,2024-12-01,1960.0,1960.0,2024-12-01,Paid-OnTime
1629,195,1,2024-05-28,8500.0,8500.0,2024-05-28,Paid-OnTime
1630,195,2,2024-06-28,8500.0,8500.0,2024-06-28,Paid-OnTime
1631,196,1,2024-06-06,6398.36,6398.36,2024-06-06,Paid-OnTime
1632,196,2,2024-07-06,6398.36,6398.36,2024-07-06,Paid-OnTime
1633,196,3,2024-08-06,6398.36,6398.36,2024-08-06,Paid-OnTime
1634,196,4,2024-09-06,6398.36,6398.36,2024-09-06,Paid-OnTime
1635,196,5,2024-10-06,6398.36,6398.36,2024-10-06,Paid-OnTime
1636,196,6,2024-11-06,6398.36,6398.36,2024-11-06,Paid-OnTime
1637,196,7,2024-12-06,6398.36,6398.36,2024-12-06,Paid-OnTime
1638,196,8,2025-01-06,6398.36,6398.36,2025-01-06,Paid-OnTime
1639,196,9,2025-02-06,6398.36,6398.36,2025-02-06,Paid-OnTime
1640,196,10,2025-03-06,6398.36,6398.36,2025-03-13,Paid-Late
1641,196,11,2025-04-06,6398.36,6398.36,2025-04-06,Paid-OnTime
1642,196,12,2025-05-06,6398.36,6398.36,2025-05-06,Paid-OnTime
1643,196,13,2025-06-06,6398.36,6398.36,2025-06-06,Paid-OnTime
1644,196,14,2025-07-06,6398.36,6398.36,2025-07-06,Paid-OnTime
1645,196,15,2025-08-06,6398.36,6398.36,2025-08-09,Paid-Late
1646,196,16,2025-09-06,6398.36,6398.36,2025-09-06,Paid-OnTime
1647,196,17,2025-10-06,6398.36,6398.36,2025-10-06,Paid-OnTime
1648,196,18,2025-11-06,6398.36,6398.36,2025-11-06,Paid-OnTime
1649,196,19,2025-12-06,6398.36,6398.36,2025-12-06,Paid-OnTime
1650,196,20,2026-01-06,6398.36,6398.36,2026-01-06,Paid-OnTime
1651,196,21,2026-02-06,6398.36,6398.36,2026-02-06,Paid-OnTime
1652,196,22,2026-03-06,6398.36,6398.36,2026-03-06,Paid-OnTime
1653,196,23,2026-04-06,6398.36,6398.36,2026-04-06,Paid-OnTime
1654,196,24,2026-05-06,6398.36,6398.36,2026-05-06,Paid-OnTime
1655,196,25,2026-06-06,6398.36,6398.36,2026-06-06,Paid-OnTime
1656,196,26,2026-07-06,6398.36,6398.36,2026-07-13,Paid-Late
1657,196,27,2026-08-06,6398.36,6398.36,2026-08-06,Paid-OnTime
1658,197,1,2023-07-13,8540.0,8540.0,2023-07-13,Paid-OnTime
1659,197,2,2023-08-13,8540.0,8540.0,2023-08-13,Paid-OnTime
1660,197,3,2023-09-13,8540.0,8540.0,2023-09-20,Paid-Late
1661,197,4,2023-10-13,8540.0,8540.0,2023-10-13,Paid-OnTime
1662,197,5,2023-11-13,8540.0,8540.0,2023-11-13,Paid-OnTime
1663,199,1,2025-01-20,5807.69,5807.69,2025-01-20,Paid-OnTime
1664,199,2,2025-02-20,5807.69,5807.69,2025-02-20,Paid-OnTime
1665,199,3,2025-03-20,5807.69,5807.69,2025-03-20,Paid-OnTime
1666,199,4,2025-04-20,5807.69,5807.69,2025-04-20,Paid-OnTime
1667,199,5,2025-05-20,5807.69,5807.69,2025-05-20,Paid-OnTime
1668,199,6,2025-06-20,5807.69,5807.69,2025-06-20,Paid-OnTime
1669,199,7,2025-07-20,5807.69,5807.69,2025-07-20,Paid-OnTime
1670,199,8,2025-08-20,5807.69,5807.69,2025-08-20,Paid-OnTime
1671,199,9,2025-09-20,5807.69,5807.69,2025-09-20,Paid-OnTime
1672,199,10,2025-10-20,5807.69,5807.69,2025-10-20,Paid-OnTime
1673,199,11,2025-11-20,5807.69,5807.69,2025-11-20,Paid-OnTime
1674,199,12,2025-12-20,5807.69,5807.69,2025-12-20,Paid-OnTime
1675,199,13,2026-01-20,5807.69,5807.69,2026-01-20,Paid-OnTime
1676,200,1,2023-08-28,39500.0,39500.0,2023-08-28,Paid-OnTime
1677,200,2,2023-09-28,39500.0,39500.0,2023-09-28,Paid-OnTime
1678,201,1,2023-04-28,3709.09,3709.09,2023-04-28,Paid-OnTime
1679,201,2,2023-05-28,3709.09,3709.09,2023-05-28,Paid-OnTime
1680,201,3,2023-06-28,3709.09,3709.09,2023-06-28,Paid-OnTime
1681,201,4,2023-07-28,3709.09,3709.09,2023-07-28,Paid-OnTime
1682,201,5,2023-08-28,3709.09,3709.09,2023-08-28,Paid-OnTime
1683,201,6,2023-09-28,3709.09,3709.09,2023-09-28,Paid-OnTime
1684,201,7,2023-10-28,3709.09,3709.09,2023-10-28,Paid-OnTime
1685,201,8,2023-11-28,3709.09,3709.09,2023-11-28,Paid-OnTime
1686,201,9,2023-12-28,3709.09,3709.09,2023-12-28,Paid-OnTime
1687,201,10,2024-01-28,3709.09,3709.09,2024-02-05,Paid-Late
1688,201,11,2024-02-28,3709.09,3709.09,2024-02-28,Paid-OnTime
1689,202,1,2025-12-12,18233.33,18233.33,2025-12-12,Paid-OnTime
1690,202,2,2026-01-12,18233.33,0.0,,Missed
1691,202,3,2026-02-12,18233.33,6449.39,2026-02-23,Partial
1692,203,1,2026-06-06,38450.0,38450.0,2026-06-06,Paid-OnTime
1693,203,2,2026-07-06,38450.0,38450.0,2026-07-06,Paid-OnTime
1694,204,1,2024-09-18,5500.0,5500.0,2024-09-22,Paid-Late
1695,204,2,2024-10-18,5500.0,5500.0,2024-10-18,Paid-OnTime
1696,204,3,2024-11-18,5500.0,5500.0,2024-11-18,Paid-OnTime
1697,204,4,2024-12-18,5500.0,5500.0,2024-12-18,Paid-OnTime
1698,204,5,2025-01-18,5500.0,5500.0,2025-01-18,Paid-OnTime
1699,206,1,2024-01-14,8439.58,8439.58,2024-01-14,Paid-OnTime
1700,206,2,2024-02-14,8439.58,8439.58,2024-02-14,Paid-OnTime
1701,206,3,2024-03-14,8439.58,8439.58,2024-03-14,Paid-OnTime
1702,206,4,2024-04-14,8439.58,8439.58,2024-04-14,Paid-OnTime
1703,206,5,2024-05-14,8439.58,8439.58,2024-05-20,Paid-Late
1704,206,6,2024-06-14,8439.58,8439.58,2024-06-14,Paid-OnTime
1705,206,7,2024-07-14,8439.58,8439.58,2024-07-14,Paid-OnTime
1706,206,8,2024-08-14,8439.58,8439.58,2024-08-14,Paid-OnTime
1707,206,9,2024-09-14,8439.58,8439.58,2024-09-14,Paid-OnTime
1708,206,10,2024-10-14,8439.58,8439.58,2024-10-18,Paid-Late
1709,206,11,2024-11-14,8439.58,8439.58,2024-11-14,Paid-OnTime
1710,206,12,2024-12-14,8439.58,8439.58,2024-12-14,Paid-OnTime
1711,206,13,2025-01-14,8439.58,8439.58,2025-01-14,Paid-OnTime
1712,206,14,2025-02-14,8439.58,8439.58,2025-02-14,Paid-OnTime
1713,206,15,2025-03-14,8439.58,8439.58,2025-03-14,Paid-OnTime
1714,206,16,2025-04-14,8439.58,8439.58,2025-04-14,Paid-OnTime
1715,206,17,2025-05-14,8439.58,8439.58,2025-05-14,Paid-OnTime
1716,206,18,2025-06-14,8439.58,8439.58,2025-06-14,Paid-OnTime
1717,206,19,2025-07-14,8439.58,8439.58,2025-07-14,Paid-OnTime
1718,206,20,2025-08-14,8439.58,8439.58,2025-08-14,Paid-OnTime
1719,206,21,2025-09-14,8439.58,8439.58,2025-09-14,Paid-OnTime
1720,206,22,2025-10-14,8439.58,8439.58,2025-10-14,Paid-OnTime
1721,206,23,2025-11-14,8439.58,8439.58,2025-11-14,Paid-OnTime
1722,206,24,2025-12-14,8439.58,8439.58,2025-12-14,Paid-OnTime
1723,206,25,2026-01-14,8439.58,8439.58,2026-01-14,Paid-OnTime
1724,206,26,2026-02-14,8439.58,8439.58,2026-02-14,Paid-OnTime
1725,206,27,2026-03-14,8439.58,8439.58,2026-03-14,Paid-OnTime
1726,206,28,2026-04-14,8439.58,8439.58,2026-04-14,Paid-OnTime
1727,206,29,2026-05-14,8439.58,8439.58,2026-05-14,Paid-OnTime
1728,206,30,2026-06-14,8439.58,8439.58,2026-06-14,Paid-OnTime
1729,206,31,2026-07-14,8439.58,8439.58,2026-07-14,Paid-OnTime
1730,206,32,2026-08-14,8439.58,8439.58,2026-08-14,Paid-OnTime
1731,207,1,2024-07-28,3600.0,3600.0,2024-07-28,Paid-OnTime
1732,207,2,2024-08-28,3600.0,3600.0,2024-08-28,Paid-OnTime
1733,207,3,2024-09-28,3600.0,3600.0,2024-09-28,Paid-OnTime
1734,207,4,2024-10-28,3600.0,3600.0,2024-10-28,Paid-OnTime
1735,207,5,2024-11-28,3600.0,3600.0,2024-11-28,Paid-OnTime
1736,208,1,2025-11-12,34400.0,34400.0,2025-11-12,Paid-OnTime
1737,208,2,2025-12-12,34400.0,34400.0,2025-12-12,Paid-OnTime
1738,209,1,2024-04-28,2430.77,2430.77,2024-04-28,Paid-OnTime
1739,209,2,2024-05-28,2430.77,2430.77,2024-05-28,Paid-OnTime
1740,209,3,2024-06-28,2430.77,2430.77,2024-06-28,Paid-OnTime
1741,209,4,2024-07-28,2430.77,2430.77,2024-07-28,Paid-OnTime
1742,209,5,2024-08-28,2430.77,2430.77,2024-08-28,Paid-OnTime
1743,209,6,2024-09-28,2430.77,2430.77,2024-09-28,Paid-OnTime
1744,209,7,2024-10-28,2430.77,2430.77,2024-10-28,Paid-OnTime
1745,209,8,2024-11-28,2430.77,2430.77,2024-11-28,Paid-OnTime
1746,209,9,2024-12-28,2430.77,2430.77,2024-12-28,Paid-OnTime
1747,209,10,2025-01-28,2430.77,2430.77,2025-01-28,Paid-OnTime
1748,209,11,2025-02-28,2430.77,2430.77,2025-02-28,Paid-OnTime
1749,209,12,2025-03-28,2430.77,2430.77,2025-03-28,Paid-OnTime
1750,209,13,2025-04-28,2430.77,2430.77,2025-04-28,Paid-OnTime
1751,210,1,2024-08-28,28472.92,28472.92,2024-08-28,Paid-OnTime
1752,210,2,2024-09-28,28472.92,28472.92,2024-09-28,Paid-OnTime
1753,210,3,2024-10-28,28472.92,28472.92,2024-10-28,Paid-OnTime
1754,210,4,2024-11-28,28472.92,28472.92,2024-11-28,Paid-OnTime
1755,210,5,2024-12-28,28472.92,28472.92,2024-12-28,Paid-OnTime
1756,210,6,2025-01-28,28472.92,28472.92,2025-01-28,Paid-OnTime
1757,210,7,2025-02-28,28472.92,28472.92,2025-02-28,Paid-OnTime
1758,210,8,2025-03-28,28472.92,28472.92,2025-03-31,Paid-Late
1759,210,9,2025-04-28,28472.92,28472.92,2025-04-28,Paid-OnTime
1760,210,10,2025-05-28,28472.92,28472.92,2025-05-28,Paid-OnTime
1761,210,11,2025-06-28,28472.92,28472.92,2025-07-03,Paid-Late
1762,210,12,2025-07-28,28472.92,28472.92,2025-07-28,Paid-OnTime
1763,210,13,2025-08-28,28472.92,28472.92,2025-08-28,Paid-OnTime
1764,210,14,2025-09-28,28472.92,28472.92,2025-09-28,Paid-OnTime
1765,210,15,2025-10-28,28472.92,28472.92,2025-10-28,Paid-OnTime
1766,210,16,2025-11-28,28472.92,28472.92,2025-11-28,Paid-OnTime
1767,210,17,2025-12-28,28472.92,28472.92,2025-12-28,Paid-OnTime
1768,210,18,2026-01-28,28472.92,28472.92,2026-01-28,Paid-OnTime
1769,210,19,2026-02-28,28472.92,28472.92,2026-02-28,Paid-OnTime
1770,210,20,2026-03-28,28472.92,28472.92,2026-03-28,Paid-OnTime
1771,210,21,2026-04-28,28472.92,28472.92,2026-04-28,Paid-OnTime
1772,210,22,2026-05-28,28472.92,28472.92,2026-05-28,Paid-OnTime
1773,210,23,2026-06-28,28472.92,28472.92,2026-06-28,Paid-OnTime
1774,210,24,2026-07-28,28472.92,28472.92,2026-07-28,Paid-OnTime
1775,210,25,2026-08-28,28472.92,28472.92,2026-08-28,Paid-OnTime
1776,211,1,2022-10-01,4216.67,4216.67,2022-10-06,Paid-Late
1777,211,2,2022-11-01,4216.67,4216.67,2022-11-01,Paid-OnTime
1778,211,3,2022-12-01,4216.67,4216.67,2022-12-01,Paid-OnTime
1779,211,4,2023-01-01,4216.67,4216.67,2023-01-01,Paid-OnTime
1780,211,5,2023-02-01,4216.67,4216.67,2023-02-01,Paid-OnTime
1781,211,6,2023-03-01,4216.67,4216.67,2023-03-01,Paid-OnTime
1782,212,1,2024-05-20,4875.0,4875.0,2024-05-20,Paid-OnTime
1783,212,2,2024-06-20,4875.0,4875.0,2024-06-20,Paid-OnTime
1784,212,3,2024-07-20,4875.0,4875.0,2024-07-20,Paid-OnTime
1785,212,4,2024-08-20,4875.0,4875.0,2024-08-20,Paid-OnTime
1786,212,5,2024-09-20,4875.0,4875.0,2024-09-20,Paid-OnTime
1787,212,6,2024-10-20,4875.0,4875.0,2024-10-20,Paid-OnTime
1788,212,7,2024-11-20,4875.0,4875.0,2024-11-20,Paid-OnTime
1789,212,8,2024-12-20,4875.0,4875.0,2024-12-20,Paid-OnTime
1790,212,9,2025-01-20,4875.0,4875.0,2025-01-20,Paid-OnTime
1791,212,10,2025-02-20,4875.0,4875.0,2025-02-20,Paid-OnTime
1792,212,11,2025-03-20,4875.0,4875.0,2025-03-20,Paid-OnTime
1793,212,12,2025-04-20,4875.0,4875.0,2025-04-20,Paid-OnTime
1794,212,13,2025-05-20,4875.0,4875.0,2025-05-20,Paid-OnTime
1795,212,14,2025-06-20,4875.0,4875.0,2025-06-20,Paid-OnTime
1796,212,15,2025-07-20,4875.0,4875.0,2025-07-20,Paid-OnTime
1797,212,16,2025-08-20,4875.0,4875.0,2025-08-20,Paid-OnTime
1798,212,17,2025-09-20,4875.0,4875.0,2025-09-20,Paid-OnTime
1799,212,18,2025-10-20,4875.0,4875.0,2025-10-20,Paid-OnTime
1800,212,19,2025-11-20,4875.0,4875.0,2025-11-20,Paid-OnTime
1801,212,20,2025-12-20,4875.0,4875.0,2025-12-20,Paid-OnTime
1802,212,21,2026-01-20,4875.0,4875.0,2026-01-20,Paid-OnTime
1803,212,22,2026-02-20,4875.0,4875.0,2026-02-20,Paid-OnTime
1804,212,23,2026-03-20,4875.0,4875.0,2026-03-20,Paid-OnTime
1805,212,24,2026-04-20,4875.0,4875.0,2026-04-20,Paid-OnTime
1806,213,1,2023-06-23,4100.0,4100.0,2023-06-23,Paid-OnTime
1807,213,2,2023-07-23,4100.0,4100.0,2023-07-23,Paid-OnTime
1808,213,3,2023-08-23,4100.0,4100.0,2023-08-23,Paid-OnTime
1809,213,4,2023-09-23,4100.0,4100.0,2023-10-01,Paid-Late
1810,213,5,2023-10-23,4100.0,4100.0,2023-11-01,Paid-Late
1811,214,1,2024-06-12,475.0,475.0,2024-06-12,Paid-OnTime
1812,214,2,2024-07-12,475.0,475.0,2024-07-12,Paid-OnTime
1813,214,3,2024-08-12,475.0,475.0,2024-08-12,Paid-OnTime
1814,214,4,2024-09-12,475.0,475.0,2024-09-12,Paid-OnTime
1815,214,5,2024-10-12,475.0,475.0,2024-10-12,Paid-OnTime
1816,214,6,2024-11-12,475.0,475.0,2024-11-12,Paid-OnTime
1817,214,7,2024-12-12,475.0,175.64,2025-01-05,Partial
1818,214,8,2025-01-12,475.0,112.89,2025-02-03,Partial
1819,214,9,2025-02-12,475.0,0.0,,Missed
1820,214,10,2025-03-12,475.0,0.0,,Missed
1821,214,11,2025-04-12,475.0,475.0,2025-04-12,Paid-OnTime
1822,214,12,2025-05-12,475.0,475.0,2025-05-12,Paid-OnTime
1823,215,1,2024-12-05,6416.67,6416.67,2024-12-05,Paid-OnTime
1824,215,2,2025-01-05,6416.67,6416.67,2025-01-05,Paid-OnTime
1825,215,3,2025-02-05,6416.67,6416.67,2025-02-10,Paid-Late
1826,215,4,2025-03-05,6416.67,6416.67,2025-03-05,Paid-OnTime
1827,215,5,2025-04-05,6416.67,6416.67,2025-04-05,Paid-OnTime
1828,215,6,2025-05-05,6416.67,6416.67,2025-05-05,Paid-OnTime
1829,215,7,2025-06-05,6416.67,6416.67,2025-06-05,Paid-OnTime
1830,215,8,2025-07-05,6416.67,6416.67,2025-07-05,Paid-OnTime
1831,215,9,2025-08-05,6416.67,6416.67,2025-08-05,Paid-OnTime
1832,215,10,2025-09-05,6416.67,6416.67,2025-09-05,Paid-OnTime
1833,215,11,2025-10-05,6416.67,6416.67,2025-10-05,Paid-OnTime
1834,215,12,2025-11-05,6416.67,6416.67,2025-11-05,Paid-OnTime
1835,215,13,2025-12-05,6416.67,6416.67,2025-12-05,Paid-OnTime
1836,215,14,2026-01-05,6416.67,6416.67,2026-01-05,Paid-OnTime
1837,215,15,2026-02-05,6416.67,6416.67,2026-02-05,Paid-OnTime
1838,215,16,2026-03-05,6416.67,6416.67,2026-03-05,Paid-OnTime
1839,215,17,2026-04-05,6416.67,6416.67,2026-04-05,Paid-OnTime
1840,215,18,2026-05-05,6416.67,6416.67,2026-05-05,Paid-OnTime
1841,215,19,2026-06-05,6416.67,6416.67,2026-06-05,Paid-OnTime
1842,215,20,2026-07-05,6416.67,6416.67,2026-07-05,Paid-OnTime
1843,215,21,2026-08-05,6416.67,6416.67,2026-08-05,Paid-OnTime
1844,216,1,2024-05-24,4200.0,4200.0,2024-05-24,Paid-OnTime
1845,216,2,2024-06-24,4200.0,4200.0,2024-06-24,Paid-OnTime
1846,216,3,2024-07-24,4200.0,1814.74,2024-08-15,Partial
1847,216,4,2024-08-24,4200.0,0.0,,Missed
1848,216,5,2024-09-24,4200.0,0.0,,Missed
1849,216,6,2024-10-24,4200.0,4200.0,2024-10-24,Paid-OnTime
1850,217,1,2022-05-24,3850.0,3850.0,2022-05-24,Paid-OnTime
1851,217,2,2022-06-24,3850.0,3850.0,2022-06-24,Paid-OnTime
1852,218,1,2022-08-04,4750.0,4750.0,2022-08-04,Paid-OnTime
1853,218,2,2022-09-04,4750.0,0.0,,Missed
1854,218,3,2022-10-04,4750.0,3162.44,2022-10-17,Partial
1855,218,4,2022-11-04,4750.0,1732.05,2022-11-27,Partial
1856,218,5,2022-12-04,4750.0,2716.9,2022-12-22,Partial
1857,218,6,2023-01-04,4750.0,0.0,,Missed
1858,219,1,2024-06-17,4400.0,4400.0,2024-06-17,Paid-OnTime
1859,219,2,2024-07-17,4400.0,4400.0,2024-07-17,Paid-OnTime
1860,219,3,2024-08-17,4400.0,4400.0,2024-08-17,Paid-OnTime
1861,219,4,2024-09-17,4400.0,4400.0,2024-09-17,Paid-OnTime
1862,219,5,2024-10-17,4400.0,4400.0,2024-10-20,Paid-Late
1863,219,6,2024-11-17,4400.0,4400.0,2024-11-17,Paid-OnTime
1864,219,7,2024-12-17,4400.0,4400.0,2024-12-17,Paid-OnTime
1865,219,8,2025-01-17,4400.0,4400.0,2025-01-17,Paid-OnTime
1866,219,9,2025-02-17,4400.0,4400.0,2025-02-17,Paid-OnTime
1867,219,10,2025-03-17,4400.0,4400.0,2025-03-17,Paid-OnTime
1868,219,11,2025-04-17,4400.0,4400.0,2025-04-17,Paid-OnTime
1869,219,12,2025-05-17,4400.0,4400.0,2025-05-17,Paid-OnTime
1870,219,13,2025-06-17,4400.0,4400.0,2025-06-17,Paid-OnTime
1871,219,14,2025-07-17,4400.0,4400.0,2025-07-17,Paid-OnTime
1872,219,15,2025-08-17,4400.0,4400.0,2025-08-17,Paid-OnTime
1873,219,16,2025-09-17,4400.0,4400.0,2025-09-17,Paid-OnTime
1874,219,17,2025-10-17,4400.0,4400.0,2025-10-17,Paid-OnTime
1875,219,18,2025-11-17,4400.0,4400.0,2025-11-17,Paid-OnTime
1876,219,19,2025-12-17,4400.0,4400.0,2025-12-17,Paid-OnTime
1877,219,20,2026-01-17,4400.0,4400.0,2026-01-17,Paid-OnTime
1878,219,21,2026-02-17,4400.0,4400.0,2026-02-17,Paid-OnTime
1879,219,22,2026-03-17,4400.0,4400.0,2026-03-17,Paid-OnTime
1880,219,23,2026-04-17,4400.0,4400.0,2026-04-17,Paid-OnTime
1881,219,24,2026-05-17,4400.0,4400.0,2026-05-17,Paid-OnTime
1882,220,1,2026-04-28,14151.06,14151.06,2026-04-28,Paid-OnTime
1883,220,2,2026-05-28,14151.06,14151.06,2026-05-28,Paid-OnTime
1884,220,3,2026-06-28,14151.06,0.0,,Missed
1885,220,4,2026-07-28,14151.06,9484.72,2026-08-17,Partial
1886,220,5,2026-08-28,14151.06,5184.4,2026-09-15,Partial
1887,221,1,2026-03-02,9120.0,9120.0,2026-03-02,Paid-OnTime
1888,221,2,2026-04-02,9120.0,2444.58,2026-04-19,Partial
1889,221,3,2026-05-02,9120.0,0.0,,Missed
1890,221,4,2026-06-02,9120.0,3280.46,2026-06-22,Partial
1891,221,5,2026-07-02,9120.0,0.0,,Missed
1892,222,1,2023-02-28,2623.08,2623.08,2023-02-28,Paid-OnTime
1893,222,2,2023-03-28,2623.08,2623.08,2023-03-28,Paid-OnTime
1894,222,3,2023-04-28,2623.08,2623.08,2023-04-28,Paid-OnTime
1895,222,4,2023-05-28,2623.08,2623.08,2023-05-28,Paid-OnTime
1896,222,5,2023-06-28,2623.08,2623.08,2023-06-28,Paid-OnTime
1897,222,6,2023-07-28,2623.08,2623.08,2023-07-28,Paid-OnTime
1898,222,7,2023-08-28,2623.08,2623.08,2023-08-28,Paid-OnTime
1899,222,8,2023-09-28,2623.08,2623.08,2023-09-28,Paid-OnTime
1900,222,9,2023-10-28,2623.08,2623.08,2023-10-28,Paid-OnTime
1901,222,10,2023-11-28,2623.08,2623.08,2023-11-28,Paid-OnTime
1902,222,11,2023-12-28,2623.08,2623.08,2023-12-28,Paid-OnTime
1903,222,12,2024-01-28,2623.08,2623.08,2024-01-28,Paid-OnTime
1904,222,13,2024-02-28,2623.08,2623.08,2024-02-28,Paid-OnTime
1905,223,1,2024-11-09,3000.0,3000.0,2024-11-09,Paid-OnTime
1906,223,2,2024-12-09,3000.0,3000.0,2024-12-09,Paid-OnTime
1907,224,1,2024-11-09,1591.67,1591.67,2024-11-09,Paid-OnTime
1908,224,2,2024-12-09,1591.67,1591.67,2024-12-09,Paid-OnTime
1909,224,3,2025-01-09,1591.67,1591.67,2025-01-09,Paid-OnTime
1910,224,4,2025-02-09,1591.67,1591.67,2025-02-09,Paid-OnTime
1911,224,5,2025-03-09,1591.67,1591.67,2025-03-09,Paid-OnTime
1912,224,6,2025-04-09,1591.67,1591.67,2025-04-09,Paid-OnTime
1913,224,7,2025-05-09,1591.67,1591.67,2025-05-09,Paid-OnTime
1914,224,8,2025-06-09,1591.67,1591.67,2025-06-09,Paid-OnTime
1915,224,9,2025-07-09,1591.67,1591.67,2025-07-09,Paid-OnTime
1916,224,10,2025-08-09,1591.67,1591.67,2025-08-09,Paid-OnTime
1917,224,11,2025-09-09,1591.67,1591.67,2025-09-09,Paid-OnTime
1918,224,12,2025-10-09,1591.67,1591.67,2025-10-09,Paid-OnTime
1919,225,1,2025-05-14,87800.0,87800.0,2025-05-14,Paid-OnTime
1920,226,1,2026-01-21,5066.67,5066.67,2026-01-21,Paid-OnTime
1921,226,2,2026-02-21,5066.67,0.0,,Missed
1922,226,3,2026-03-21,5066.67,3045.7,2026-03-27,Partial
1923,227,1,2025-10-18,10550.0,10550.0,2025-10-18,Paid-OnTime
1924,227,2,2025-11-18,10550.0,10550.0,2025-11-18,Paid-OnTime
1925,228,1,2025-01-22,1245.83,1245.83,2025-01-22,Paid-OnTime
1926,228,2,2025-02-22,1245.83,1245.83,2025-02-22,Paid-OnTime
1927,228,3,2025-03-22,1245.83,1245.83,2025-03-22,Paid-OnTime
1928,228,4,2025-04-22,1245.83,1245.83,2025-04-22,Paid-OnTime
1929,228,5,2025-05-22,1245.83,1245.83,2025-05-22,Paid-OnTime
1930,228,6,2025-06-22,1245.83,1245.83,2025-06-22,Paid-OnTime
1931,228,7,2025-07-22,1245.83,1245.83,2025-07-22,Paid-OnTime
1932,228,8,2025-08-22,1245.83,1245.83,2025-08-22,Paid-OnTime
1933,228,9,2025-09-22,1245.83,1245.83,2025-09-22,Paid-OnTime
1934,228,10,2025-10-22,1245.83,1245.83,2025-10-22,Paid-OnTime
1935,228,11,2025-11-22,1245.83,1245.83,2025-11-22,Paid-OnTime
1936,228,12,2025-12-22,1245.83,1245.83,2025-12-22,Paid-OnTime
1937,228,13,2026-01-22,1245.83,1245.83,2026-01-22,Paid-OnTime
1938,228,14,2026-02-22,1245.83,1245.83,2026-02-22,Paid-OnTime
1939,228,15,2026-03-22,1245.83,1245.83,2026-03-22,Paid-OnTime
1940,228,16,2026-04-22,1245.83,1245.83,2026-04-22,Paid-OnTime
1941,228,17,2026-05-22,1245.83,1245.83,2026-05-22,Paid-OnTime
1942,228,18,2026-06-22,1245.83,1245.83,2026-06-22,Paid-OnTime
1943,228,19,2026-07-22,1245.83,1245.83,2026-07-22,Paid-OnTime
1944,228,20,2026-08-22,1245.83,1245.83,2026-08-22,Paid-OnTime
1945,229,1,2024-08-12,49700.0,49700.0,2024-08-12,Paid-OnTime
1946,230,1,2024-11-10,4215.25,4215.25,2024-11-10,Paid-OnTime
1947,230,2,2024-12-10,4215.25,4215.25,2024-12-10,Paid-OnTime
1948,230,3,2025-01-10,4215.25,4215.25,2025-01-10,Paid-OnTime
1949,230,4,2025-02-10,4215.25,4215.25,2025-02-10,Paid-OnTime
1950,230,5,2025-03-10,4215.25,4215.25,2025-03-10,Paid-OnTime
1951,230,6,2025-04-10,4215.25,4215.25,2025-04-10,Paid-OnTime
1952,230,7,2025-05-10,4215.25,4215.25,2025-05-10,Paid-OnTime
1953,230,8,2025-06-10,4215.25,4215.25,2025-06-10,Paid-OnTime
1954,230,9,2025-07-10,4215.25,4215.25,2025-07-10,Paid-OnTime
1955,230,10,2025-08-10,4215.25,4215.25,2025-08-10,Paid-OnTime
1956,230,11,2025-09-10,4215.25,4215.25,2025-09-10,Paid-OnTime
1957,230,12,2025-10-10,4215.25,4215.25,2025-10-10,Paid-OnTime
1958,230,13,2025-11-10,4215.25,4215.25,2025-11-10,Paid-OnTime
1959,230,14,2025-12-10,4215.25,4215.25,2025-12-10,Paid-OnTime
1960,230,15,2026-01-10,4215.25,4215.25,2026-01-15,Paid-Late
1961,230,16,2026-02-10,4215.25,4215.25,2026-02-10,Paid-OnTime
1962,230,17,2026-03-10,4215.25,4215.25,2026-03-10,Paid-OnTime
1963,230,18,2026-04-10,4215.25,4215.25,2026-04-10,Paid-OnTime
1964,230,19,2026-05-10,4215.25,4215.25,2026-05-10,Paid-OnTime
1965,230,20,2026-06-10,4215.25,4215.25,2026-06-10,Paid-OnTime
1966,230,21,2026-07-10,4215.25,4215.25,2026-07-14,Paid-Late
1967,230,22,2026-08-10,4215.25,4215.25,2026-08-10,Paid-OnTime
1968,231,1,2026-01-20,1676.92,1676.92,2026-01-20,Paid-OnTime
1969,231,2,2026-02-20,1676.92,1676.92,2026-02-20,Paid-OnTime
1970,231,3,2026-03-20,1676.92,1676.92,2026-03-20,Paid-OnTime
1971,231,4,2026-04-20,1676.92,1676.92,2026-04-20,Paid-OnTime
1972,231,5,2026-05-20,1676.92,1676.92,2026-05-20,Paid-OnTime
1973,231,6,2026-06-20,1676.92,1676.92,2026-06-20,Paid-OnTime
1974,231,7,2026-07-20,1676.92,0.0,,Missed
1975,231,8,2026-08-20,1676.92,959.03,2026-09-11,Partial
1976,232,1,2026-06-22,1350.0,1350.0,2026-06-22,Paid-OnTime
1977,232,2,2026-07-22,1350.0,0.0,,Missed
1978,232,3,2026-08-22,1350.0,677.37,2026-09-07,Partial
1979,233,1,2024-10-28,3000.0,3000.0,2024-10-28,Paid-OnTime
1980,233,2,2024-11-28,3000.0,3000.0,2024-11-28,Paid-OnTime
1981,233,3,2024-12-28,3000.0,3000.0,2024-12-28,Paid-OnTime
1982,233,4,2025-01-28,3000.0,3000.0,2025-01-28,Paid-OnTime
1983,233,5,2025-02-28,3000.0,3000.0,2025-02-28,Paid-OnTime
1984,233,6,2025-03-28,3000.0,3000.0,2025-03-28,Paid-OnTime
1985,233,7,2025-04-28,3000.0,3000.0,2025-05-06,Paid-Late
1986,233,8,2025-05-28,3000.0,3000.0,2025-05-28,Paid-OnTime
1987,233,9,2025-06-28,3000.0,3000.0,2025-06-28,Paid-OnTime
1988,233,10,2025-07-28,3000.0,3000.0,2025-07-28,Paid-OnTime
1989,233,11,2025-08-28,3000.0,3000.0,2025-08-28,Paid-OnTime
1990,233,12,2025-09-28,3000.0,3000.0,2025-09-28,Paid-OnTime
1991,234,1,2025-01-10,2160.0,2160.0,2025-01-10,Paid-OnTime
1992,234,2,2025-02-10,2160.0,2160.0,2025-02-10,Paid-OnTime
1993,234,3,2025-03-10,2160.0,2160.0,2025-03-10,Paid-OnTime
1994,234,4,2025-04-10,2160.0,2160.0,2025-04-10,Paid-OnTime
1995,234,5,2025-05-10,2160.0,2160.0,2025-05-10,Paid-OnTime
1996,236,1,2024-06-20,7000.0,7000.0,2024-06-20,Paid-OnTime
1997,236,2,2024-07-20,7000.0,7000.0,2024-07-20,Paid-OnTime
1998,237,1,2026-05-24,485.71,485.71,2026-05-24,Paid-OnTime
1999,237,2,2026-06-24,485.71,485.71,2026-06-24,Paid-OnTime
2000,237,3,2026-07-24,485.71,485.71,2026-08-02,Paid-Late
2001,237,4,2026-08-24,485.71,485.71,2026-08-24,Paid-OnTime
2002,238,1,2026-02-22,4833.33,4833.33,2026-02-22,Paid-OnTime
2003,238,2,2026-03-22,4833.33,4833.33,2026-03-22,Paid-OnTime
2004,238,3,2026-04-22,4833.33,4833.33,2026-04-22,Paid-OnTime
2005,238,4,2026-05-22,4833.33,4833.33,2026-05-22,Paid-OnTime
2006,238,5,2026-06-22,4833.33,4833.33,2026-06-22,Paid-OnTime
2007,238,6,2026-07-22,4833.33,4833.33,2026-07-22,Paid-OnTime
2008,238,7,2026-08-22,4833.33,4833.33,2026-08-22,Paid-OnTime
2009,239,1,2026-03-13,5600.0,5600.0,2026-03-13,Paid-OnTime
2010,240,1,2024-06-11,2984.62,2984.62,2024-06-11,Paid-OnTime
2011,240,2,2024-07-11,2984.62,2984.62,2024-07-11,Paid-OnTime
2012,240,3,2024-08-11,2984.62,2984.62,2024-08-11,Paid-OnTime
2013,240,4,2024-09-11,2984.62,2984.62,2024-09-11,Paid-OnTime
2014,240,5,2024-10-11,2984.62,2984.62,2024-10-11,Paid-OnTime
2015,240,6,2024-11-11,2984.62,2984.62,2024-11-11,Paid-OnTime
2016,240,7,2024-12-11,2984.62,2984.62,2024-12-11,Paid-OnTime
2017,240,8,2025-01-11,2984.62,2984.62,2025-01-11,Paid-OnTime
2018,240,9,2025-02-11,2984.62,2984.62,2025-02-15,Paid-Late
2019,240,10,2025-03-11,2984.62,2984.62,2025-03-11,Paid-OnTime
2020,240,11,2025-04-11,2984.62,2984.62,2025-04-11,Paid-OnTime
2021,240,12,2025-05-11,2984.62,2984.62,2025-05-11,Paid-OnTime
2022,240,13,2025-06-11,2984.62,2984.62,2025-06-21,Paid-Late
2023,241,1,2023-06-11,3575.0,3575.0,2023-06-11,Paid-OnTime
2024,241,2,2023-07-11,3575.0,3575.0,2023-07-11,Paid-OnTime
2025,241,3,2023-08-11,3575.0,3575.0,2023-08-11,Paid-OnTime
2026,241,4,2023-09-11,3575.0,3575.0,2023-09-11,Paid-OnTime
2027,241,5,2023-10-11,3575.0,3575.0,2023-10-11,Paid-OnTime
2028,241,6,2023-11-11,3575.0,3575.0,2023-11-11,Paid-OnTime
2029,241,7,2023-12-11,3575.0,3575.0,2023-12-11,Paid-OnTime
2030,241,8,2024-01-11,3575.0,3575.0,2024-01-11,Paid-OnTime
2031,241,9,2024-02-11,3575.0,3575.0,2024-02-11,Paid-OnTime
2032,241,10,2024-03-11,3575.0,3575.0,2024-03-21,Paid-Late
2033,241,11,2024-04-11,3575.0,3575.0,2024-04-11,Paid-OnTime
2034,241,12,2024-05-11,3575.0,3575.0,2024-05-11,Paid-OnTime
2035,242,1,2025-11-02,4000.0,4000.0,2025-11-02,Paid-OnTime
2036,242,2,2025-12-02,4000.0,4000.0,2025-12-02,Paid-OnTime
2037,243,1,2026-03-18,4542.86,4542.86,2026-03-18,Paid-OnTime
2038,243,2,2026-04-18,4542.86,4542.86,2026-04-18,Paid-OnTime
2039,243,3,2026-05-18,4542.86,4542.86,2026-05-18,Paid-OnTime
2040,243,4,2026-06-18,4542.86,4542.86,2026-06-18,Paid-OnTime
2041,243,5,2026-07-18,4542.86,0.0,,Missed
2042,243,6,2026-08-18,4542.86,0.0,,Missed
2043,244,1,2022-09-28,5500.0,5500.0,2022-09-28,Paid-OnTime
2044,244,2,2022-10-28,5500.0,5500.0,2022-10-28,Paid-OnTime
2045,244,3,2022-11-28,5500.0,5500.0,2022-11-28,Paid-OnTime
2046,244,4,2022-12-28,5500.0,5500.0,2022-12-28,Paid-OnTime
2047,244,5,2023-01-28,5500.0,5500.0,2023-01-28,Paid-OnTime
2048,244,6,2023-02-28,5500.0,5500.0,2023-02-28,Paid-OnTime
2049,245,1,2025-11-24,26724.49,26724.49,2025-11-24,Paid-OnTime
2050,245,2,2025-12-24,26724.49,26724.49,2025-12-24,Paid-OnTime
2051,245,3,2026-01-24,26724.49,26724.49,2026-01-24,Paid-OnTime
2052,245,4,2026-02-24,26724.49,26724.49,2026-02-24,Paid-OnTime
2053,245,5,2026-03-24,26724.49,26724.49,2026-03-24,Paid-OnTime
2054,245,6,2026-04-24,26724.49,16629.73,2026-05-18,Partial
2055,245,7,2026-05-24,26724.49,0.0,,Missed
2056,245,8,2026-06-24,26724.49,0.0,,Missed
2057,245,9,2026-07-24,26724.49,0.0,,Missed
2058,245,10,2026-08-24,26724.49,17296.86,2026-08-30,Partial
2059,246,1,2023-07-13,3358.33,3358.33,2023-07-13,Paid-OnTime
2060,246,2,2023-08-13,3358.33,3358.33,2023-08-13,Paid-OnTime
2061,246,3,2023-09-13,3358.33,3358.33,2023-09-13,Paid-OnTime
2062,246,4,2023-10-13,3358.33,3358.33,2023-10-13,Paid-OnTime
2063,246,5,2023-11-13,3358.33,3358.33,2023-11-13,Paid-OnTime
2064,246,6,2023-12-13,3358.33,3358.33,2023-12-13,Paid-OnTime
2065,246,7,2024-01-13,3358.33,3358.33,2024-01-13,Paid-OnTime
2066,246,8,2024-02-13,3358.33,3358.33,2024-02-13,Paid-OnTime
2067,246,9,2024-03-13,3358.33,3358.33,2024-03-13,Paid-OnTime
2068,246,10,2024-04-13,3358.33,3358.33,2024-04-13,Paid-OnTime
2069,246,11,2024-05-13,3358.33,3358.33,2024-05-13,Paid-OnTime
2070,246,12,2024-06-13,3358.33,3358.33,2024-06-13,Paid-OnTime
2071,247,1,2024-06-13,585.71,585.71,2024-06-13,Paid-OnTime
2072,247,2,2024-07-13,585.71,585.71,2024-07-13,Paid-OnTime
2073,247,3,2024-08-13,585.71,585.71,2024-08-13,Paid-OnTime
2074,247,4,2024-09-13,585.71,585.71,2024-09-13,Paid-OnTime
2075,247,5,2024-10-13,585.71,585.71,2024-10-13,Paid-OnTime
2076,247,6,2024-11-13,585.71,585.71,2024-11-13,Paid-OnTime
2077,247,7,2024-12-13,585.71,585.71,2024-12-13,Paid-OnTime
2078,248,1,2024-02-15,3491.67,3491.67,2024-02-15,Paid-OnTime
2079,248,2,2024-03-15,3491.67,3491.67,2024-03-15,Paid-OnTime
2080,248,3,2024-04-15,3491.67,3491.67,2024-04-15,Paid-OnTime
2081,248,4,2024-05-15,3491.67,3491.67,2024-05-15,Paid-OnTime
2082,248,5,2024-06-15,3491.67,3491.67,2024-06-15,Paid-OnTime
2083,248,6,2024-07-15,3491.67,3491.67,2024-07-15,Paid-OnTime
2084,248,7,2024-08-15,3491.67,3491.67,2024-08-15,Paid-OnTime
2085,248,8,2024-09-15,3491.67,0.0,,Missed
2086,248,9,2024-10-15,3491.67,0.0,,Missed
2087,248,10,2024-11-15,3491.67,0.0,,Missed
2088,248,11,2024-12-15,3491.67,3491.67,2024-12-15,Paid-OnTime
2089,248,12,2025-01-15,3491.67,3491.67,2025-01-20,Paid-Late
2090,249,1,2025-06-07,1750.0,1750.0,2025-06-07,Paid-OnTime
2091,249,2,2025-07-07,1750.0,1750.0,2025-07-07,Paid-OnTime
2092,250,1,2022-11-03,11140.0,11140.0,2022-11-03,Paid-OnTime
2093,250,2,2022-12-03,11140.0,11140.0,2022-12-03,Paid-OnTime
2094,250,3,2023-01-03,11140.0,11140.0,2023-01-03,Paid-OnTime
2095,250,4,2023-02-03,11140.0,11140.0,2023-02-03,Paid-OnTime
2096,250,5,2023-03-03,11140.0,11140.0,2023-03-03,Paid-OnTime
2097,251,1,2023-11-05,700.0,700.0,2023-11-05,Paid-OnTime
2098,251,2,2023-12-05,700.0,700.0,2023-12-05,Paid-OnTime
2099,251,3,2024-01-05,700.0,700.0,2024-01-05,Paid-OnTime
2100,252,1,2025-08-02,4900.0,4900.0,2025-08-02,Paid-OnTime
2101,252,2,2025-09-02,4900.0,4900.0,2025-09-02,Paid-OnTime
2102,252,3,2025-10-02,4900.0,4900.0,2025-10-02,Paid-OnTime
2103,252,4,2025-11-02,4900.0,4900.0,2025-11-02,Paid-OnTime
2104,252,5,2025-12-02,4900.0,4900.0,2025-12-10,Paid-Late
2105,252,6,2026-01-02,4900.0,4900.0,2026-01-02,Paid-OnTime
2106,252,7,2026-02-02,4900.0,4900.0,2026-02-02,Paid-OnTime
2107,253,1,2025-02-12,4061.11,4061.11,2025-02-12,Paid-OnTime
2108,253,2,2025-03-12,4061.11,4061.11,2025-03-12,Paid-OnTime
2109,253,3,2025-04-12,4061.11,4061.11,2025-04-19,Paid-Late
2110,253,4,2025-05-12,4061.11,4061.11,2025-05-12,Paid-OnTime
2111,253,5,2025-06-12,4061.11,4061.11,2025-06-12,Paid-OnTime
2112,253,6,2025-07-12,4061.11,4061.11,2025-07-12,Paid-OnTime
2113,253,7,2025-08-12,4061.11,4061.11,2025-08-12,Paid-OnTime
2114,253,8,2025-09-12,4061.11,4061.11,2025-09-12,Paid-OnTime
2115,253,9,2025-10-12,4061.11,4061.11,2025-10-12,Paid-OnTime
2116,253,10,2025-11-12,4061.11,4061.11,2025-11-12,Paid-OnTime
2117,253,11,2025-12-12,4061.11,4061.11,2025-12-12,Paid-OnTime
2118,253,12,2026-01-12,4061.11,4061.11,2026-01-12,Paid-OnTime
2119,253,13,2026-02-12,4061.11,4061.11,2026-02-16,Paid-Late
2120,253,14,2026-03-12,4061.11,4061.11,2026-03-12,Paid-OnTime
2121,253,15,2026-04-12,4061.11,4061.11,2026-04-12,Paid-OnTime
2122,253,16,2026-05-12,4061.11,4061.11,2026-05-20,Paid-Late
2123,253,17,2026-06-12,4061.11,4061.11,2026-06-12,Paid-OnTime
2124,253,18,2026-07-12,4061.11,4061.11,2026-07-12,Paid-OnTime
2125,253,19,2026-08-12,4061.11,4061.11,2026-08-12,Paid-OnTime
2126,254,1,2023-09-06,9640.0,9640.0,2023-09-06,Paid-OnTime
2127,254,2,2023-10-06,9640.0,9640.0,2023-10-06,Paid-OnTime
2128,254,3,2023-11-06,9640.0,9640.0,2023-11-06,Paid-OnTime
2129,254,4,2023-12-06,9640.0,9640.0,2023-12-06,Paid-OnTime
2130,254,5,2024-01-06,9640.0,9640.0,2024-01-06,Paid-OnTime
2131,255,1,2022-06-08,44700.0,44700.0,2022-06-08,Paid-OnTime
2132,255,2,2022-07-08,44700.0,44700.0,2022-07-08,Paid-OnTime
2133,256,1,2025-03-18,9560.0,9560.0,2025-03-18,Paid-OnTime
2134,256,2,2025-04-18,9560.0,9560.0,2025-04-18,Paid-OnTime
2135,256,3,2025-05-18,9560.0,9560.0,2025-05-18,Paid-OnTime
2136,256,4,2025-06-18,9560.0,9560.0,2025-06-18,Paid-OnTime
2137,256,5,2025-07-18,9560.0,9560.0,2025-07-18,Paid-OnTime
2138,258,1,2022-04-08,807.69,807.69,2022-04-08,Paid-OnTime
2139,258,2,2022-05-08,807.69,807.69,2022-05-08,Paid-OnTime
2140,258,3,2022-06-08,807.69,807.69,2022-06-08,Paid-OnTime
2141,258,4,2022-07-08,807.69,807.69,2022-07-08,Paid-OnTime
2142,258,5,2022-08-08,807.69,807.69,2022-08-08,Paid-OnTime
2143,258,6,2022-09-08,807.69,807.69,2022-09-08,Paid-OnTime
2144,258,7,2022-10-08,807.69,807.69,2022-10-08,Paid-OnTime
2145,258,8,2022-11-08,807.69,807.69,2022-11-08,Paid-OnTime
2146,258,9,2022-12-08,807.69,807.69,2022-12-08,Paid-OnTime
2147,258,10,2023-01-08,807.69,807.69,2023-01-08,Paid-OnTime
2148,258,11,2023-02-08,807.69,807.69,2023-02-13,Paid-Late
2149,258,12,2023-03-08,807.69,807.69,2023-03-08,Paid-OnTime
2150,258,13,2023-04-08,807.69,807.69,2023-04-08,Paid-OnTime
2151,259,1,2023-10-17,10616.67,10616.67,2023-10-17,Paid-OnTime
2152,259,2,2023-11-17,10616.67,10616.67,2023-11-17,Paid-OnTime
2153,259,3,2023-12-17,10616.67,10616.67,2023-12-17,Paid-OnTime
2154,259,4,2024-01-17,10616.67,10616.67,2024-01-17,Paid-OnTime
2155,259,5,2024-02-17,10616.67,10616.67,2024-02-17,Paid-OnTime
2156,259,6,2024-03-17,10616.67,10616.67,2024-03-17,Paid-OnTime
2157,259,7,2024-04-17,10616.67,10616.67,2024-04-17,Paid-OnTime
2158,259,8,2024-05-17,10616.67,10616.67,2024-05-17,Paid-OnTime
2159,259,9,2024-06-17,10616.67,10616.67,2024-06-17,Paid-OnTime
2160,259,10,2024-07-17,10616.67,10616.67,2024-07-17,Paid-OnTime
2161,259,11,2024-08-17,10616.67,10616.67,2024-08-17,Paid-OnTime
2162,259,12,2024-09-17,10616.67,10616.67,2024-09-17,Paid-OnTime
2163,259,13,2024-10-17,10616.67,10616.67,2024-10-17,Paid-OnTime
2164,259,14,2024-11-17,10616.67,10616.67,2024-11-17,Paid-OnTime
2165,259,15,2024-12-17,10616.67,10616.67,2024-12-17,Paid-OnTime
2166,259,16,2025-01-17,10616.67,10616.67,2025-01-17,Paid-OnTime
2167,259,17,2025-02-17,10616.67,10616.67,2025-02-17,Paid-OnTime
2168,259,18,2025-03-17,10616.67,10616.67,2025-03-17,Paid-OnTime
2169,259,19,2025-04-17,10616.67,10616.67,2025-04-17,Paid-OnTime
2170,259,20,2025-05-17,10616.67,10616.67,2025-05-17,Paid-OnTime
2171,259,21,2025-06-17,10616.67,10616.67,2025-06-17,Paid-OnTime
2172,259,22,2025-07-17,10616.67,10616.67,2025-07-17,Paid-OnTime
2173,259,23,2025-08-17,10616.67,10616.67,2025-08-17,Paid-OnTime
2174,259,24,2025-09-17,10616.67,10616.67,2025-09-17,Paid-OnTime
2175,259,25,2025-10-17,10616.67,10616.67,2025-10-17,Paid-OnTime
2176,259,26,2025-11-17,10616.67,10616.67,2025-11-17,Paid-OnTime
2177,259,27,2025-12-17,10616.67,10616.67,2025-12-17,Paid-OnTime
2178,259,28,2026-01-17,10616.67,10616.67,2026-01-17,Paid-OnTime
2179,259,29,2026-02-17,10616.67,10616.67,2026-02-17,Paid-OnTime
2180,259,30,2026-03-17,10616.67,10616.67,2026-03-17,Paid-OnTime
2181,259,31,2026-04-17,10616.67,10616.67,2026-04-17,Paid-OnTime
2182,259,32,2026-05-17,10616.67,10616.67,2026-05-17,Paid-OnTime
2183,259,33,2026-06-17,10616.67,10616.67,2026-06-17,Paid-OnTime
2184,259,34,2026-07-17,10616.67,10616.67,2026-07-17,Paid-OnTime
2185,259,35,2026-08-17,10616.67,10616.67,2026-08-17,Paid-OnTime
2186,260,1,2026-05-11,1350.0,1350.0,2026-05-11,Paid-OnTime
2187,260,2,2026-06-11,1350.0,1350.0,2026-06-11,Paid-OnTime
2188,260,3,2026-07-11,1350.0,1350.0,2026-07-11,Paid-OnTime
2189,260,4,2026-08-11,1350.0,1350.0,2026-08-17,Paid-Late
2190,261,1,2026-01-22,1166.67,1166.67,2026-01-22,Paid-OnTime
2191,261,2,2026-02-22,1166.67,1166.67,2026-02-22,Paid-OnTime
2192,261,3,2026-03-22,1166.67,1166.67,2026-03-22,Paid-OnTime
2193,262,1,2025-03-28,17433.33,17433.33,2025-03-28,Paid-OnTime
2194,262,2,2025-04-28,17433.33,0.0,,Missed
2195,262,3,2025-05-28,17433.33,0.0,,Missed
2196,263,1,2022-05-28,21000.0,21000.0,2022-05-28,Paid-OnTime
2197,263,2,2022-06-28,21000.0,21000.0,2022-06-28,Paid-OnTime
2198,264,1,2022-10-05,10317.02,10317.02,2022-10-05,Paid-OnTime
2199,264,2,2022-11-05,10317.02,10317.02,2022-11-05,Paid-OnTime
2200,264,3,2022-12-05,10317.02,10317.02,2022-12-05,Paid-OnTime
2201,264,4,2023-01-05,10317.02,10317.02,2023-01-05,Paid-OnTime
2202,264,5,2023-02-05,10317.02,10317.02,2023-02-05,Paid-OnTime
2203,264,6,2023-03-05,10317.02,10317.02,2023-03-05,Paid-OnTime
2204,264,7,2023-04-05,10317.02,10317.02,2023-04-05,Paid-OnTime
2205,264,8,2023-05-05,10317.02,10317.02,2023-05-05,Paid-OnTime
2206,264,9,2023-06-05,10317.02,10317.02,2023-06-05,Paid-OnTime
2207,264,10,2023-07-05,10317.02,10317.02,2023-07-05,Paid-OnTime
2208,264,11,2023-08-05,10317.02,10317.02,2023-08-05,Paid-OnTime
2209,264,12,2023-09-05,10317.02,10317.02,2023-09-05,Paid-OnTime
2210,264,13,2023-10-05,10317.02,10317.02,2023-10-05,Paid-OnTime
2211,264,14,2023-11-05,10317.02,10317.02,2023-11-05,Paid-OnTime
2212,264,15,2023-12-05,10317.02,10317.02,2023-12-05,Paid-OnTime
2213,264,16,2024-01-05,10317.02,10317.02,2024-01-05,Paid-OnTime
2214,264,17,2024-02-05,10317.02,10317.02,2024-02-05,Paid-OnTime
2215,264,18,2024-03-05,10317.02,10317.02,2024-03-05,Paid-OnTime
2216,264,19,2024-04-05,10317.02,10317.02,2024-04-05,Paid-OnTime
2217,264,20,2024-05-05,10317.02,10317.02,2024-05-05,Paid-OnTime
2218,264,21,2024-06-05,10317.02,10317.02,2024-06-05,Paid-OnTime
2219,264,22,2024-07-05,10317.02,10317.02,2024-07-05,Paid-OnTime
2220,264,23,2024-08-05,10317.02,10317.02,2024-08-05,Paid-OnTime
2221,264,24,2024-09-05,10317.02,10317.02,2024-09-05,Paid-OnTime
2222,264,25,2024-10-05,10317.02,10317.02,2024-10-05,Paid-OnTime
2223,264,26,2024-11-05,10317.02,10317.02,2024-11-05,Paid-OnTime
2224,264,27,2024-12-05,10317.02,10317.02,2024-12-05,Paid-OnTime
2225,264,28,2025-01-05,10317.02,10317.02,2025-01-05,Paid-OnTime
2226,264,29,2025-02-05,10317.02,10317.02,2025-02-05,Paid-OnTime
2227,264,30,2025-03-05,10317.02,10317.02,2025-03-05,Paid-OnTime
2228,264,31,2025-04-05,10317.02,10317.02,2025-04-15,Paid-Late
2229,264,32,2025-05-05,10317.02,10317.02,2025-05-05,Paid-OnTime
2230,264,33,2025-06-05,10317.02,10317.02,2025-06-05,Paid-OnTime
2231,264,34,2025-07-05,10317.02,10317.02,2025-07-05,Paid-OnTime
2232,264,35,2025-08-05,10317.02,10317.02,2025-08-05,Paid-OnTime
2233,264,36,2025-09-05,10317.02,10317.02,2025-09-05,Paid-OnTime
2234,264,37,2025-10-05,10317.02,10317.02,2025-10-05,Paid-OnTime
2235,264,38,2025-11-05,10317.02,10317.02,2025-11-05,Paid-OnTime
2236,264,39,2025-12-05,10317.02,10317.02,2025-12-05,Paid-OnTime
2237,264,40,2026-01-05,10317.02,10317.02,2026-01-05,Paid-OnTime
2238,264,41,2026-02-05,10317.02,10317.02,2026-02-05,Paid-OnTime
2239,264,42,2026-03-05,10317.02,10317.02,2026-03-05,Paid-OnTime
2240,264,43,2026-04-05,10317.02,10317.02,2026-04-05,Paid-OnTime
2241,264,44,2026-05-05,10317.02,10317.02,2026-05-05,Paid-OnTime
2242,264,45,2026-06-05,10317.02,10317.02,2026-06-05,Paid-OnTime
2243,264,46,2026-07-05,10317.02,10317.02,2026-07-05,Paid-OnTime
2244,264,47,2026-08-05,10317.02,10317.02,2026-08-05,Paid-OnTime
2245,265,1,2023-08-27,1933.33,1933.33,2023-08-27,Paid-OnTime
2246,265,2,2023-09-27,1933.33,1933.33,2023-09-27,Paid-OnTime
2247,265,3,2023-10-27,1933.33,1933.33,2023-10-27,Paid-OnTime
2248,266,1,2025-10-18,2825.0,2825.0,2025-10-23,Paid-Late
2249,266,2,2025-11-18,2825.0,2825.0,2025-11-18,Paid-OnTime
2250,266,3,2025-12-18,2825.0,2825.0,2025-12-28,Paid-Late
2251,266,4,2026-01-18,2825.0,2825.0,2026-01-21,Paid-Late
2252,266,5,2026-02-18,2825.0,2825.0,2026-02-18,Paid-OnTime
2253,266,6,2026-03-18,2825.0,2825.0,2026-03-18,Paid-OnTime
2254,266,7,2026-04-18,2825.0,2825.0,2026-04-18,Paid-OnTime
2255,266,8,2026-05-18,2825.0,2825.0,2026-05-18,Paid-OnTime
2256,266,9,2026-06-18,2825.0,2825.0,2026-06-18,Paid-OnTime
2257,266,10,2026-07-18,2825.0,2825.0,2026-07-18,Paid-OnTime
2258,266,11,2026-08-18,2825.0,2825.0,2026-08-18,Paid-OnTime
2259,267,1,2025-02-08,5420.0,5420.0,2025-02-08,Paid-OnTime
2260,267,2,2025-03-08,5420.0,5420.0,2025-03-08,Paid-OnTime
2261,267,3,2025-04-08,5420.0,5420.0,2025-04-08,Paid-OnTime
2262,267,4,2025-05-08,5420.0,5420.0,2025-05-08,Paid-OnTime
2263,267,5,2025-06-08,5420.0,5420.0,2025-06-08,Paid-OnTime
2264,268,1,2026-07-21,47200.0,47200.0,2026-07-28,Paid-Late
2265,269,1,2024-02-03,6744.68,6744.68,2024-02-03,Paid-OnTime
2266,269,2,2024-03-03,6744.68,6744.68,2024-03-03,Paid-OnTime
2267,269,3,2024-04-03,6744.68,6744.68,2024-04-03,Paid-OnTime
2268,269,4,2024-05-03,6744.68,6744.68,2024-05-03,Paid-OnTime
2269,269,5,2024-06-03,6744.68,6744.68,2024-06-03,Paid-OnTime
2270,269,6,2024-07-03,6744.68,6744.68,2024-07-03,Paid-OnTime
2271,269,7,2024-08-03,6744.68,6744.68,2024-08-03,Paid-OnTime
2272,269,8,2024-09-03,6744.68,6744.68,2024-09-03,Paid-OnTime
2273,269,9,2024-10-03,6744.68,6744.68,2024-10-03,Paid-OnTime
2274,269,10,2024-11-03,6744.68,6744.68,2024-11-03,Paid-OnTime
2275,269,11,2024-12-03,6744.68,6744.68,2024-12-03,Paid-OnTime
2276,269,12,2025-01-03,6744.68,6744.68,2025-01-03,Paid-OnTime
2277,269,13,2025-02-03,6744.68,6744.68,2025-02-03,Paid-OnTime
2278,269,14,2025-03-03,6744.68,6744.68,2025-03-03,Paid-OnTime
2279,269,15,2025-04-03,6744.68,6744.68,2025-04-03,Paid-OnTime
2280,269,16,2025-05-03,6744.68,6744.68,2025-05-03,Paid-OnTime
2281,269,17,2025-06-03,6744.68,6744.68,2025-06-03,Paid-OnTime
2282,269,18,2025-07-03,6744.68,6744.68,2025-07-03,Paid-OnTime
2283,269,19,2025-08-03,6744.68,6744.68,2025-08-03,Paid-OnTime
2284,269,20,2025-09-03,6744.68,6744.68,2025-09-03,Paid-OnTime
2285,269,21,2025-10-03,6744.68,6744.68,2025-10-03,Paid-OnTime
2286,269,22,2025-11-03,6744.68,6744.68,2025-11-03,Paid-OnTime
2287,269,23,2025-12-03,6744.68,6744.68,2025-12-03,Paid-OnTime
2288,269,24,2026-01-03,6744.68,6744.68,2026-01-03,Paid-OnTime
2289,269,25,2026-02-03,6744.68,6744.68,2026-02-03,Paid-OnTime
2290,269,26,2026-03-03,6744.68,6744.68,2026-03-03,Paid-OnTime
2291,269,27,2026-04-03,6744.68,6744.68,2026-04-03,Paid-OnTime
2292,269,28,2026-05-03,6744.68,6744.68,2026-05-03,Paid-OnTime
2293,269,29,2026-06-03,6744.68,6744.68,2026-06-03,Paid-OnTime
2294,269,30,2026-07-03,6744.68,6744.68,2026-07-03,Paid-OnTime
2295,269,31,2026-08-03,6744.68,6744.68,2026-08-03,Paid-OnTime
2296,270,1,2024-06-24,22966.67,22966.67,2024-06-24,Paid-OnTime
2297,270,2,2024-07-24,22966.67,22966.67,2024-07-24,Paid-OnTime
2298,270,3,2024-08-24,22966.67,22966.67,2024-08-24,Paid-OnTime
2299,271,1,2026-05-28,2133.33,2133.33,2026-05-28,Paid-OnTime
2300,271,2,2026-06-28,2133.33,2133.33,2026-06-28,Paid-OnTime
2301,271,3,2026-07-28,2133.33,2133.33,2026-07-28,Paid-OnTime
2302,271,4,2026-08-28,2133.33,2133.33,2026-08-28,Paid-OnTime
2303,272,1,2026-04-20,17800.0,17800.0,2026-04-20,Paid-OnTime
2304,272,2,2026-05-20,17800.0,17800.0,2026-05-20,Paid-OnTime
2305,272,3,2026-06-20,17800.0,17800.0,2026-06-20,Paid-OnTime
2306,273,1,2022-03-27,2450.0,2450.0,2022-03-27,Paid-OnTime
2307,273,2,2022-04-27,2450.0,2450.0,2022-04-27,Paid-OnTime
2308,273,3,2022-05-27,2450.0,2450.0,2022-05-27,Paid-OnTime
2309,273,4,2022-06-27,2450.0,2450.0,2022-06-27,Paid-OnTime
2310,273,5,2022-07-27,2450.0,2450.0,2022-07-27,Paid-OnTime
2311,273,6,2022-08-27,2450.0,2450.0,2022-08-27,Paid-OnTime
2312,274,1,2023-05-28,2927.27,2927.27,2023-05-28,Paid-OnTime
2313,274,2,2023-06-28,2927.27,2927.27,2023-06-28,Paid-OnTime
2314,274,3,2023-07-28,2927.27,2927.27,2023-07-28,Paid-OnTime
2315,274,4,2023-08-28,2927.27,2927.27,2023-08-28,Paid-OnTime
2316,274,5,2023-09-28,2927.27,2927.27,2023-10-06,Paid-Late
2317,274,6,2023-10-28,2927.27,2927.27,2023-10-28,Paid-OnTime
2318,274,7,2023-11-28,2927.27,2927.27,2023-11-28,Paid-OnTime
2319,274,8,2023-12-28,2927.27,2927.27,2023-12-28,Paid-OnTime
2320,274,9,2024-01-28,2927.27,2927.27,2024-01-28,Paid-OnTime
2321,274,10,2024-02-28,2927.27,2927.27,2024-02-28,Paid-OnTime
2322,274,11,2024-03-28,2927.27,2927.27,2024-03-28,Paid-OnTime
2323,275,1,2024-03-28,4260.0,4260.0,2024-03-28,Paid-OnTime
2324,275,2,2024-04-28,4260.0,4260.0,2024-04-28,Paid-OnTime
2325,275,3,2024-05-28,4260.0,874.59,2024-06-14,Partial
2326,275,4,2024-06-28,4260.0,0.0,,Missed
2327,275,5,2024-07-28,4260.0,1819.18,2024-08-12,Partial
2328,276,1,2025-06-03,3800.0,3800.0,2025-06-03,Paid-OnTime
2329,276,2,2025-07-03,3800.0,3800.0,2025-07-03,Paid-OnTime
2330,276,3,2025-08-03,3800.0,3800.0,2025-08-03,Paid-OnTime
2331,277,1,2025-07-25,958.33,958.33,2025-07-25,Paid-OnTime
2332,277,2,2025-08-25,958.33,958.33,2025-08-25,Paid-OnTime
2333,277,3,2025-09-25,958.33,958.33,2025-09-25,Paid-OnTime
2334,277,4,2025-10-25,958.33,0.0,,Missed
2335,277,5,2025-11-25,958.33,0.0,,Missed
2336,277,6,2025-12-25,958.33,0.0,,Missed
2337,277,7,2026-01-25,958.33,0.0,,Missed
2338,277,8,2026-02-25,958.33,958.33,2026-02-25,Paid-OnTime
2339,277,9,2026-03-25,958.33,958.33,2026-03-25,Paid-OnTime
2340,277,10,2026-04-25,958.33,958.33,2026-04-25,Paid-OnTime
2341,277,11,2026-05-25,958.33,958.33,2026-05-25,Paid-OnTime
2342,277,12,2026-06-25,958.33,958.33,2026-06-25,Paid-OnTime
2343,278,1,2023-12-19,1585.71,1585.71,2023-12-19,Paid-OnTime
2344,278,2,2024-01-19,1585.71,687.04,2024-01-30,Partial
2345,278,3,2024-02-19,1585.71,0.0,,Missed
2346,278,4,2024-03-19,1585.71,1585.71,2024-03-27,Paid-Late
2347,278,5,2024-04-19,1585.71,1585.71,2024-04-23,Paid-Late
2348,278,6,2024-05-19,1585.71,1585.71,2024-05-19,Paid-OnTime
2349,278,7,2024-06-19,1585.71,1585.71,2024-06-19,Paid-OnTime
2350,279,1,2026-05-17,700.0,700.0,2026-05-17,Paid-OnTime
2351,279,2,2026-06-17,700.0,700.0,2026-06-17,Paid-OnTime
2352,279,3,2026-07-17,700.0,700.0,2026-07-17,Paid-OnTime
2353,279,4,2026-08-17,700.0,700.0,2026-08-17,Paid-OnTime
2354,280,1,2025-03-01,2027.27,2027.27,2025-03-01,Paid-OnTime
2355,280,2,2025-04-01,2027.27,2027.27,2025-04-01,Paid-OnTime
2356,280,3,2025-05-01,2027.27,2027.27,2025-05-01,Paid-OnTime
2357,280,4,2025-06-01,2027.27,0.0,,Missed
2358,280,5,2025-07-01,2027.27,1416.75,2025-07-19,Partial
2359,280,6,2025-08-01,2027.27,0.0,,Missed
2360,280,7,2025-09-01,2027.27,0.0,,Missed
2361,280,8,2025-10-01,2027.27,0.0,,Missed
2362,280,9,2025-11-01,2027.27,0.0,,Missed
2363,280,10,2025-12-01,2027.27,0.0,,Missed
2364,280,11,2026-01-01,2027.27,737.6,2026-01-07,Partial
2365,282,1,2026-08-08,3383.33,3383.33,2026-08-08,Paid-OnTime
2366,283,1,2025-09-14,2175.0,2175.0,2025-09-14,Paid-OnTime
2367,283,2,2025-10-14,2175.0,2175.0,2025-10-14,Paid-OnTime
2368,283,3,2025-11-14,2175.0,2175.0,2025-11-14,Paid-OnTime
2369,283,4,2025-12-14,2175.0,2175.0,2025-12-14,Paid-OnTime
2370,284,1,2024-05-01,5730.77,5730.77,2024-05-01,Paid-OnTime
2371,284,2,2024-06-01,5730.77,5730.77,2024-06-01,Paid-OnTime
2372,284,3,2024-07-01,5730.77,5730.77,2024-07-01,Paid-OnTime
2373,284,4,2024-08-01,5730.77,5730.77,2024-08-01,Paid-OnTime
2374,284,5,2024-09-01,5730.77,2218.12,2024-09-23,Partial
2375,284,6,2024-10-01,5730.77,0.0,,Missed
2376,284,7,2024-11-01,5730.77,5730.77,2024-11-01,Paid-OnTime
2377,284,8,2024-12-01,5730.77,5730.77,2024-12-01,Paid-OnTime
2378,284,9,2025-01-01,5730.77,5730.77,2025-01-01,Paid-OnTime
2379,284,10,2025-02-01,5730.77,5730.77,2025-02-01,Paid-OnTime
2380,284,11,2025-03-01,5730.77,5730.77,2025-03-01,Paid-OnTime
2381,284,12,2025-04-01,5730.77,5730.77,2025-04-01,Paid-OnTime
2382,284,13,2025-05-01,5730.77,5730.77,2025-05-01,Paid-OnTime
2383,285,1,2023-09-27,17685.71,17685.71,2023-09-27,Paid-OnTime
2384,285,2,2023-10-27,17685.71,17685.71,2023-10-27,Paid-OnTime
2385,285,3,2023-11-27,17685.71,17685.71,2023-11-27,Paid-OnTime
2386,285,4,2023-12-27,17685.71,17685.71,2024-01-02,Paid-Late
2387,285,5,2024-01-27,17685.71,17685.71,2024-01-27,Paid-OnTime
2388,285,6,2024-02-27,17685.71,17685.71,2024-02-27,Paid-OnTime
2389,285,7,2024-03-27,17685.71,17685.71,2024-03-27,Paid-OnTime
2390,285,8,2024-04-27,17685.71,17685.71,2024-04-27,Paid-OnTime
2391,285,9,2024-05-27,17685.71,17685.71,2024-05-27,Paid-OnTime
2392,285,10,2024-06-27,17685.71,17685.71,2024-06-27,Paid-OnTime
2393,285,11,2024-07-27,17685.71,17685.71,2024-07-27,Paid-OnTime
2394,285,12,2024-08-27,17685.71,17685.71,2024-08-27,Paid-OnTime
2395,285,13,2024-09-27,17685.71,17685.71,2024-09-27,Paid-OnTime
2396,285,14,2024-10-27,17685.71,17685.71,2024-10-27,Paid-OnTime
2397,285,15,2024-11-27,17685.71,17685.71,2024-11-27,Paid-OnTime
2398,285,16,2024-12-27,17685.71,17685.71,2024-12-27,Paid-OnTime
2399,285,17,2025-01-27,17685.71,17685.71,2025-01-27,Paid-OnTime
2400,285,18,2025-02-27,17685.71,17685.71,2025-02-27,Paid-OnTime
2401,285,19,2025-03-27,17685.71,17685.71,2025-03-27,Paid-OnTime
2402,285,20,2025-04-27,17685.71,17685.71,2025-04-27,Paid-OnTime
2403,285,21,2025-05-27,17685.71,17685.71,2025-05-27,Paid-OnTime
2404,285,22,2025-06-27,17685.71,17685.71,2025-06-27,Paid-OnTime
2405,285,23,2025-07-27,17685.71,17685.71,2025-07-27,Paid-OnTime
2406,285,24,2025-08-27,17685.71,17685.71,2025-08-27,Paid-OnTime
2407,285,25,2025-09-27,17685.71,17685.71,2025-10-02,Paid-Late
2408,285,26,2025-10-27,17685.71,17685.71,2025-10-27,Paid-OnTime
2409,285,27,2025-11-27,17685.71,17685.71,2025-11-27,Paid-OnTime
2410,285,28,2025-12-27,17685.71,17685.71,2025-12-27,Paid-OnTime
2411,285,29,2026-01-27,17685.71,17685.71,2026-01-27,Paid-OnTime
2412,285,30,2026-02-27,17685.71,17685.71,2026-02-27,Paid-OnTime
2413,285,31,2026-03-27,17685.71,17685.71,2026-03-27,Paid-OnTime
2414,285,32,2026-04-27,17685.71,17685.71,2026-04-27,Paid-OnTime
2415,285,33,2026-05-27,17685.71,17685.71,2026-05-27,Paid-OnTime
2416,285,34,2026-06-27,17685.71,17685.71,2026-06-27,Paid-OnTime
2417,285,35,2026-07-27,17685.71,17685.71,2026-07-27,Paid-OnTime
2418,285,36,2026-08-27,17685.71,17685.71,2026-08-27,Paid-OnTime
2419,286,1,2025-05-28,8533.33,8533.33,2025-05-28,Paid-OnTime
2420,286,2,2025-06-28,8533.33,0.0,,Missed
2421,286,3,2025-07-28,8533.33,0.0,,Missed
2422,287,1,2022-11-12,9800.0,9800.0,2022-11-12,Paid-OnTime
2423,287,2,2022-12-12,9800.0,9800.0,2022-12-12,Paid-OnTime
2424,288,1,2024-04-11,1416.67,1416.67,2024-04-11,Paid-OnTime
2425,288,2,2024-05-11,1416.67,1416.67,2024-05-11,Paid-OnTime
2426,288,3,2024-06-11,1416.67,1416.67,2024-06-11,Paid-OnTime
2427,288,4,2024-07-11,1416.67,1416.67,2024-07-11,Paid-OnTime
2428,288,5,2024-08-11,1416.67,1416.67,2024-08-11,Paid-OnTime
2429,288,6,2024-09-11,1416.67,1416.67,2024-09-11,Paid-OnTime
2430,289,1,2023-01-28,5060.0,5060.0,2023-01-28,Paid-OnTime
2431,289,2,2023-02-28,5060.0,0.0,,Missed
2432,289,3,2023-03-28,5060.0,0.0,,Missed
2433,289,4,2023-04-28,5060.0,0.0,,Missed
2434,289,5,2023-05-28,5060.0,0.0,,Missed
2435,290,1,2023-03-27,17633.33,17633.33,2023-03-27,Paid-OnTime
2436,290,2,2023-04-27,17633.33,17633.33,2023-04-27,Paid-OnTime
2437,290,3,2023-05-27,17633.33,17633.33,2023-05-27,Paid-OnTime
2438,291,1,2022-10-12,3745.45,3745.45,2022-10-12,Paid-OnTime
2439,291,2,2022-11-12,3745.45,3745.45,2022-11-12,Paid-OnTime
2440,291,3,2022-12-12,3745.45,3745.45,2022-12-12,Paid-OnTime
2441,291,4,2023-01-12,3745.45,3745.45,2023-01-12,Paid-OnTime
2442,291,5,2023-02-12,3745.45,3745.45,2023-02-12,Paid-OnTime
2443,291,6,2023-03-12,3745.45,3745.45,2023-03-16,Paid-Late
2444,291,7,2023-04-12,3745.45,3745.45,2023-04-12,Paid-OnTime
2445,291,8,2023-05-12,3745.45,3745.45,2023-05-12,Paid-OnTime
2446,291,9,2023-06-12,3745.45,3745.45,2023-06-12,Paid-OnTime
2447,291,10,2023-07-12,3745.45,3745.45,2023-07-12,Paid-OnTime
2448,291,11,2023-08-12,3745.45,3745.45,2023-08-12,Paid-OnTime
2449,293,1,2024-08-26,6133.33,6133.33,2024-08-26,Paid-OnTime
2450,293,2,2024-09-26,6133.33,6133.33,2024-09-26,Paid-OnTime
2451,293,3,2024-10-26,6133.33,6133.33,2024-10-26,Paid-OnTime
2452,294,1,2025-08-10,2338.46,2338.46,2025-08-10,Paid-OnTime
2453,294,2,2025-09-10,2338.46,2338.46,2025-09-10,Paid-OnTime
2454,294,3,2025-10-10,2338.46,2338.46,2025-10-10,Paid-OnTime
2455,294,4,2025-11-10,2338.46,2338.46,2025-11-10,Paid-OnTime
2456,294,5,2025-12-10,2338.46,2338.46,2025-12-10,Paid-OnTime
2457,294,6,2026-01-10,2338.46,2338.46,2026-01-10,Paid-OnTime
2458,294,7,2026-02-10,2338.46,2338.46,2026-02-10,Paid-OnTime
2459,294,8,2026-03-10,2338.46,2338.46,2026-03-10,Paid-OnTime
2460,294,9,2026-04-10,2338.46,2338.46,2026-04-10,Paid-OnTime
2461,294,10,2026-05-10,2338.46,2338.46,2026-05-10,Paid-OnTime
2462,294,11,2026-06-10,2338.46,2338.46,2026-06-10,Paid-OnTime
2463,294,12,2026-07-10,2338.46,2338.46,2026-07-10,Paid-OnTime
2464,294,13,2026-08-10,2338.46,2338.46,2026-08-10,Paid-OnTime
2465,295,1,2025-09-01,23066.67,23066.67,2025-09-01,Paid-OnTime
2466,295,2,2025-10-01,23066.67,23066.67,2025-10-01,Paid-OnTime
2467,295,3,2025-11-01,23066.67,23066.67,2025-11-08,Paid-Late
2468,296,1,2022-11-07,4700.0,4700.0,2022-11-07,Paid-OnTime
2469,296,2,2022-12-07,4700.0,4700.0,2022-12-07,Paid-OnTime
2470,296,3,2023-01-07,4700.0,4700.0,2023-01-07,Paid-OnTime
2471,298,1,2023-01-28,1066.67,1066.67,2023-01-28,Paid-OnTime
2472,298,2,2023-02-28,1066.67,1066.67,2023-03-07,Paid-Late
2473,298,3,2023-03-28,1066.67,1066.67,2023-03-28,Paid-OnTime
2474,298,4,2023-04-28,1066.67,1066.67,2023-04-28,Paid-OnTime
2475,298,5,2023-05-28,1066.67,1066.67,2023-05-28,Paid-OnTime
2476,298,6,2023-06-28,1066.67,1066.67,2023-07-04,Paid-Late
2477,299,1,2026-07-06,3557.14,3557.14,2026-07-06,Paid-OnTime
2478,299,2,2026-08-06,3557.14,3557.14,2026-08-06,Paid-OnTime
2479,300,1,2024-07-28,3840.0,3840.0,2024-07-28,Paid-OnTime
2480,300,2,2024-08-28,3840.0,3840.0,2024-08-28,Paid-OnTime
2481,300,3,2024-09-28,3840.0,3840.0,2024-09-28,Paid-OnTime
2482,300,4,2024-10-28,3840.0,3840.0,2024-10-28,Paid-OnTime
2483,300,5,2024-11-28,3840.0,3840.0,2024-12-01,Paid-Late
2484,301,1,2026-08-15,4148.0,4148.0,2026-08-15,Paid-OnTime
2485,302,1,2023-01-09,2154.55,2154.55,2023-01-09,Paid-OnTime
2486,302,2,2023-02-09,2154.55,2154.55,2023-02-09,Paid-OnTime
2487,302,3,2023-03-09,2154.55,2154.55,2023-03-09,Paid-OnTime
2488,302,4,2023-04-09,2154.55,2154.55,2023-04-09,Paid-OnTime
2489,302,5,2023-05-09,2154.55,2154.55,2023-05-09,Paid-OnTime
2490,302,6,2023-06-09,2154.55,2154.55,2023-06-09,Paid-OnTime
2491,302,7,2023-07-09,2154.55,2154.55,2023-07-09,Paid-OnTime
2492,302,8,2023-08-09,2154.55,2154.55,2023-08-09,Paid-OnTime
2493,302,9,2023-09-09,2154.55,2154.55,2023-09-09,Paid-OnTime
2494,302,10,2023-10-09,2154.55,2154.55,2023-10-09,Paid-OnTime
2495,302,11,2023-11-09,2154.55,2154.55,2023-11-09,Paid-OnTime
2496,303,1,2023-04-27,3145.45,3145.45,2023-05-03,Paid-Late
2497,303,2,2023-05-27,3145.45,3145.45,2023-05-27,Paid-OnTime
2498,303,3,2023-06-27,3145.45,3145.45,2023-06-27,Paid-OnTime
2499,303,4,2023-07-27,3145.45,3145.45,2023-07-27,Paid-OnTime
2500,303,5,2023-08-27,3145.45,3145.45,2023-08-27,Paid-OnTime
2501,303,6,2023-09-27,3145.45,3145.45,2023-09-27,Paid-OnTime
2502,303,7,2023-10-27,3145.45,3145.45,2023-10-27,Paid-OnTime
2503,303,8,2023-11-27,3145.45,3145.45,2023-11-27,Paid-OnTime
2504,303,9,2023-12-27,3145.45,3145.45,2023-12-27,Paid-OnTime
2505,303,10,2024-01-27,3145.45,3145.45,2024-01-27,Paid-OnTime
2506,303,11,2024-02-27,3145.45,3145.45,2024-02-27,Paid-OnTime
2507,304,1,2025-12-27,5918.33,5918.33,2025-12-27,Paid-OnTime
2508,304,2,2026-01-27,5918.33,5918.33,2026-01-27,Paid-OnTime
2509,304,3,2026-02-27,5918.33,5918.33,2026-02-27,Paid-OnTime
2510,304,4,2026-03-27,5918.33,5918.33,2026-03-27,Paid-OnTime
2511,304,5,2026-04-27,5918.33,5918.33,2026-04-27,Paid-OnTime
2512,304,6,2026-05-27,5918.33,5918.33,2026-05-27,Paid-OnTime
2513,304,7,2026-06-27,5918.33,5918.33,2026-06-27,Paid-OnTime
2514,304,8,2026-07-27,5918.33,5918.33,2026-07-27,Paid-OnTime
2515,304,9,2026-08-27,5918.33,5918.33,2026-08-27,Paid-OnTime
2516,305,1,2024-12-24,1200.0,1200.0,2024-12-24,Paid-OnTime
2517,305,2,2025-01-24,1200.0,1200.0,2025-01-24,Paid-OnTime
2518,306,1,2025-07-23,1550.0,1550.0,2025-07-23,Paid-OnTime
2519,306,2,2025-08-23,1550.0,1550.0,2025-08-23,Paid-OnTime
2520,307,1,2023-06-03,2728.57,2728.57,2023-06-03,Paid-OnTime
2521,307,2,2023-07-03,2728.57,2728.57,2023-07-03,Paid-OnTime
2522,307,3,2023-08-03,2728.57,2728.57,2023-08-03,Paid-OnTime
2523,307,4,2023-09-03,2728.57,2728.57,2023-09-03,Paid-OnTime
2524,307,5,2023-10-03,2728.57,2728.57,2023-10-03,Paid-OnTime
2525,307,6,2023-11-03,2728.57,2728.57,2023-11-03,Paid-OnTime
2526,307,7,2023-12-03,2728.57,2728.57,2023-12-03,Paid-OnTime
2527,308,1,2023-05-15,2000.0,2000.0,2023-05-15,Paid-OnTime
2528,308,2,2023-06-15,2000.0,2000.0,2023-06-15,Paid-OnTime
2529,308,3,2023-07-15,2000.0,2000.0,2023-07-15,Paid-OnTime
2530,308,4,2023-08-15,2000.0,2000.0,2023-08-15,Paid-OnTime
2531,309,1,2025-08-28,1671.43,1671.43,2025-08-28,Paid-OnTime
2532,309,2,2025-09-28,1671.43,1671.43,2025-09-28,Paid-OnTime
2533,309,3,2025-10-28,1671.43,1671.43,2025-10-28,Paid-OnTime
2534,309,4,2025-11-28,1671.43,1671.43,2025-11-28,Paid-OnTime
2535,309,5,2025-12-28,1671.43,0.0,,Missed
2536,309,6,2026-01-28,1671.43,594.58,2026-02-08,Partial
2537,309,7,2026-02-28,1671.43,0.0,,Missed
2538,310,1,2026-06-20,716.67,716.67,2026-06-20,Paid-OnTime
2539,310,2,2026-07-20,716.67,716.67,2026-07-20,Paid-OnTime
2540,310,3,2026-08-20,716.67,716.67,2026-08-20,Paid-OnTime
2541,311,1,2025-04-03,7850.0,7850.0,2025-04-03,Paid-OnTime
2542,311,2,2025-05-03,7850.0,7850.0,2025-05-03,Paid-OnTime
2543,312,1,2022-12-09,3228.57,3228.57,2022-12-09,Paid-OnTime
2544,312,2,2023-01-09,3228.57,3228.57,2023-01-09,Paid-OnTime
2545,312,3,2023-02-09,3228.57,3228.57,2023-02-09,Paid-OnTime
2546,312,4,2023-03-09,3228.57,3228.57,2023-03-09,Paid-OnTime
2547,312,5,2023-04-09,3228.57,3228.57,2023-04-09,Paid-OnTime
2548,312,6,2023-05-09,3228.57,3228.57,2023-05-09,Paid-OnTime
2549,312,7,2023-06-09,3228.57,3228.57,2023-06-09,Paid-OnTime
2550,313,1,2024-11-22,24633.33,24633.33,2024-11-22,Paid-OnTime
2551,313,2,2024-12-22,24633.33,24633.33,2024-12-22,Paid-OnTime
2552,313,3,2025-01-22,24633.33,24633.33,2025-01-22,Paid-OnTime
2553,315,1,2025-04-04,5233.33,5233.33,2025-04-04,Paid-OnTime
2554,315,2,2025-05-04,5233.33,0.0,,Missed
2555,315,3,2025-06-04,5233.33,0.0,,Missed
2556,316,1,2023-07-20,2185.71,2185.71,2023-07-20,Paid-OnTime
2557,316,2,2023-08-20,2185.71,2185.71,2023-08-24,Paid-Late
2558,316,3,2023-09-20,2185.71,2185.71,2023-09-20,Paid-OnTime
2559,316,4,2023-10-20,2185.71,2185.71,2023-10-20,Paid-OnTime
2560,316,5,2023-11-20,2185.71,2185.71,2023-11-20,Paid-OnTime
2561,316,6,2023-12-20,2185.71,0.0,,Missed
2562,316,7,2024-01-20,2185.71,0.0,,Missed
2563,318,1,2026-02-28,2000.0,2000.0,2026-02-28,Paid-OnTime
2564,318,2,2026-03-28,2000.0,2000.0,2026-03-28,Paid-OnTime
2565,319,1,2026-04-13,4866.67,4866.67,2026-04-13,Paid-OnTime
2566,319,2,2026-05-13,4866.67,4866.67,2026-05-13,Paid-OnTime
2567,319,3,2026-06-13,4866.67,4866.67,2026-06-13,Paid-OnTime
2568,320,1,2025-10-02,10552.78,10552.78,2025-10-02,Paid-OnTime
2569,320,2,2025-11-02,10552.78,10552.78,2025-11-02,Paid-OnTime
2570,320,3,2025-12-02,10552.78,10552.78,2025-12-02,Paid-OnTime
2571,320,4,2026-01-02,10552.78,10552.78,2026-01-02,Paid-OnTime
2572,320,5,2026-02-02,10552.78,10552.78,2026-02-02,Paid-OnTime
2573,320,6,2026-03-02,10552.78,10552.78,2026-03-02,Paid-OnTime
2574,320,7,2026-04-02,10552.78,10552.78,2026-04-02,Paid-OnTime
2575,320,8,2026-05-02,10552.78,10552.78,2026-05-02,Paid-OnTime
2576,320,9,2026-06-02,10552.78,10552.78,2026-06-02,Paid-OnTime
2577,320,10,2026-07-02,10552.78,10552.78,2026-07-02,Paid-OnTime
2578,320,11,2026-08-02,10552.78,10552.78,2026-08-02,Paid-OnTime
2579,321,1,2023-09-24,2000.0,2000.0,2023-09-24,Paid-OnTime
2580,321,2,2023-10-24,2000.0,2000.0,2023-10-24,Paid-OnTime
2581,321,3,2023-11-24,2000.0,2000.0,2023-11-24,Paid-OnTime
2582,321,4,2023-12-24,2000.0,2000.0,2023-12-24,Paid-OnTime
2583,321,5,2024-01-24,2000.0,2000.0,2024-01-24,Paid-OnTime
2584,321,6,2024-02-24,2000.0,2000.0,2024-02-24,Paid-OnTime
2585,321,7,2024-03-24,2000.0,2000.0,2024-03-27,Paid-Late
2586,321,8,2024-04-24,2000.0,2000.0,2024-04-24,Paid-OnTime
2587,321,9,2024-05-24,2000.0,2000.0,2024-05-24,Paid-OnTime
2588,321,10,2024-06-24,2000.0,2000.0,2024-07-01,Paid-Late
2589,321,11,2024-07-24,2000.0,2000.0,2024-07-24,Paid-OnTime
2590,322,1,2025-06-22,2700.0,2700.0,2025-06-22,Paid-OnTime
2591,322,2,2025-07-22,2700.0,2700.0,2025-07-22,Paid-OnTime
2592,322,3,2025-08-22,2700.0,2700.0,2025-08-22,Paid-OnTime
2593,323,1,2026-05-05,13250.0,13250.0,2026-05-05,Paid-OnTime
2594,323,2,2026-06-05,13250.0,13250.0,2026-06-09,Paid-Late
2595,323,3,2026-07-05,13250.0,4501.47,2026-07-17,Partial
2596,323,4,2026-08-05,13250.0,0.0,,Missed
2597,324,1,2023-05-24,2300.0,2300.0,2023-05-24,Paid-OnTime
2598,324,2,2023-06-24,2300.0,2300.0,2023-06-24,Paid-OnTime
2599,324,3,2023-07-24,2300.0,2300.0,2023-07-24,Paid-OnTime
2600,324,4,2023-08-24,2300.0,2300.0,2023-08-24,Paid-OnTime
2601,324,5,2023-09-24,2300.0,2300.0,2023-09-24,Paid-OnTime
2602,324,6,2023-10-24,2300.0,2300.0,2023-10-24,Paid-OnTime
2603,324,7,2023-11-24,2300.0,2300.0,2023-11-24,Paid-OnTime
2604,325,1,2023-03-04,1200.0,1200.0,2023-03-04,Paid-OnTime
2605,325,2,2023-04-04,1200.0,1200.0,2023-04-04,Paid-OnTime
2606,325,3,2023-05-04,1200.0,1200.0,2023-05-04,Paid-OnTime
2607,325,4,2023-06-04,1200.0,1200.0,2023-06-04,Paid-OnTime
2608,325,5,2023-07-04,1200.0,1200.0,2023-07-04,Paid-OnTime
2609,325,6,2023-08-04,1200.0,1200.0,2023-08-04,Paid-OnTime
2610,325,7,2023-09-04,1200.0,1200.0,2023-09-04,Paid-OnTime
2611,325,8,2023-10-04,1200.0,1200.0,2023-10-04,Paid-OnTime
2612,325,9,2023-11-04,1200.0,1200.0,2023-11-04,Paid-OnTime
2613,325,10,2023-12-04,1200.0,1200.0,2023-12-04,Paid-OnTime
2614,325,11,2024-01-04,1200.0,1200.0,2024-01-04,Paid-OnTime
2615,325,12,2024-02-04,1200.0,1200.0,2024-02-04,Paid-OnTime
2616,325,13,2024-03-04,1200.0,1200.0,2024-03-04,Paid-OnTime
2617,325,14,2024-04-04,1200.0,1200.0,2024-04-04,Paid-OnTime
2618,325,15,2024-05-04,1200.0,1200.0,2024-05-04,Paid-OnTime
2619,325,16,2024-06-04,1200.0,1200.0,2024-06-04,Paid-OnTime
2620,325,17,2024-07-04,1200.0,1200.0,2024-07-04,Paid-OnTime
2621,325,18,2024-08-04,1200.0,1200.0,2024-08-04,Paid-OnTime
2622,325,19,2024-09-04,1200.0,1200.0,2024-09-04,Paid-OnTime
2623,325,20,2024-10-04,1200.0,1200.0,2024-10-04,Paid-OnTime
2624,325,21,2024-11-04,1200.0,1200.0,2024-11-04,Paid-OnTime
2625,325,22,2024-12-04,1200.0,1200.0,2024-12-04,Paid-OnTime
2626,325,23,2025-01-04,1200.0,1200.0,2025-01-04,Paid-OnTime
2627,325,24,2025-02-04,1200.0,1200.0,2025-02-04,Paid-OnTime
2628,325,25,2025-03-04,1200.0,1200.0,2025-03-04,Paid-OnTime
2629,326,1,2024-07-06,7304.08,7304.08,2024-07-06,Paid-OnTime
2630,326,2,2024-08-06,7304.08,7304.08,2024-08-06,Paid-OnTime
2631,326,3,2024-09-06,7304.08,7304.08,2024-09-06,Paid-OnTime
2632,326,4,2024-10-06,7304.08,7304.08,2024-10-06,Paid-OnTime
2633,326,5,2024-11-06,7304.08,7304.08,2024-11-06,Paid-OnTime
2634,326,6,2024-12-06,7304.08,7304.08,2024-12-06,Paid-OnTime
2635,326,7,2025-01-06,7304.08,7304.08,2025-01-06,Paid-OnTime
2636,326,8,2025-02-06,7304.08,7304.08,2025-02-06,Paid-OnTime
2637,326,9,2025-03-06,7304.08,7304.08,2025-03-06,Paid-OnTime
2638,326,10,2025-04-06,7304.08,7304.08,2025-04-06,Paid-OnTime
2639,326,11,2025-05-06,7304.08,7304.08,2025-05-06,Paid-OnTime
2640,326,12,2025-06-06,7304.08,7304.08,2025-06-06,Paid-OnTime
2641,326,13,2025-07-06,7304.08,7304.08,2025-07-06,Paid-OnTime
2642,326,14,2025-08-06,7304.08,7304.08,2025-08-06,Paid-OnTime
2643,326,15,2025-09-06,7304.08,7304.08,2025-09-06,Paid-OnTime
2644,326,16,2025-10-06,7304.08,7304.08,2025-10-06,Paid-OnTime
2645,326,17,2025-11-06,7304.08,7304.08,2025-11-06,Paid-OnTime
2646,326,18,2025-12-06,7304.08,7304.08,2025-12-06,Paid-OnTime
2647,326,19,2026-01-06,7304.08,7304.08,2026-01-06,Paid-OnTime
2648,326,20,2026-02-06,7304.08,7304.08,2026-02-06,Paid-OnTime
2649,326,21,2026-03-06,7304.08,7304.08,2026-03-06,Paid-OnTime
2650,326,22,2026-04-06,7304.08,7304.08,2026-04-06,Paid-OnTime
2651,326,23,2026-05-06,7304.08,7304.08,2026-05-06,Paid-OnTime
2652,326,24,2026-06-06,7304.08,7304.08,2026-06-06,Paid-OnTime
2653,326,25,2026-07-06,7304.08,7304.08,2026-07-06,Paid-OnTime
2654,326,26,2026-08-06,7304.08,7304.08,2026-08-06,Paid-OnTime
2655,327,1,2024-06-17,6616.67,6616.67,2024-06-17,Paid-OnTime
2656,327,2,2024-07-17,6616.67,6616.67,2024-07-17,Paid-OnTime
2657,327,3,2024-08-17,6616.67,6616.67,2024-08-17,Paid-OnTime
2658,327,4,2024-09-17,6616.67,6616.67,2024-09-17,Paid-OnTime
2659,327,5,2024-10-17,6616.67,6616.67,2024-10-27,Paid-Late
2660,327,6,2024-11-17,6616.67,6616.67,2024-11-17,Paid-OnTime
2661,328,1,2024-11-20,3642.86,3642.86,2024-11-20,Paid-OnTime
2662,328,2,2024-12-20,3642.86,0.0,,Missed
2663,328,3,2025-01-20,3642.86,1599.73,2025-01-31,Partial
2664,328,4,2025-02-20,3642.86,0.0,,Missed
2665,328,5,2025-03-20,3642.86,2430.58,2025-04-01,Partial
2666,328,6,2025-04-20,3642.86,0.0,,Missed
2667,328,7,2025-05-20,3642.86,0.0,,Missed
2668,329,1,2023-12-23,9863.89,9863.89,2023-12-23,Paid-OnTime
2669,329,2,2024-01-23,9863.89,9863.89,2024-01-23,Paid-OnTime
2670,329,3,2024-02-23,9863.89,9863.89,2024-02-23,Paid-OnTime
2671,329,4,2024-03-23,9863.89,9863.89,2024-03-23,Paid-OnTime
2672,329,5,2024-04-23,9863.89,9863.89,2024-04-23,Paid-OnTime
2673,329,6,2024-05-23,9863.89,9863.89,2024-05-23,Paid-OnTime
2674,329,7,2024-06-23,9863.89,9863.89,2024-06-23,Paid-OnTime
2675,329,8,2024-07-23,9863.89,9863.89,2024-07-23,Paid-OnTime
2676,329,9,2024-08-23,9863.89,9863.89,2024-08-23,Paid-OnTime
2677,329,10,2024-09-23,9863.89,9863.89,2024-09-23,Paid-OnTime
2678,329,11,2024-10-23,9863.89,9863.89,2024-10-23,Paid-OnTime
2679,329,12,2024-11-23,9863.89,9863.89,2024-11-23,Paid-OnTime
2680,329,13,2024-12-23,9863.89,9863.89,2024-12-23,Paid-OnTime
2681,329,14,2025-01-23,9863.89,9863.89,2025-01-23,Paid-OnTime
2682,329,15,2025-02-23,9863.89,9863.89,2025-02-23,Paid-OnTime
2683,329,16,2025-03-23,9863.89,9863.89,2025-03-23,Paid-OnTime
2684,329,17,2025-04-23,9863.89,9863.89,2025-04-23,Paid-OnTime
2685,329,18,2025-05-23,9863.89,9863.89,2025-05-23,Paid-OnTime
2686,329,19,2025-06-23,9863.89,9863.89,2025-06-23,Paid-OnTime
2687,329,20,2025-07-23,9863.89,9863.89,2025-07-23,Paid-OnTime
2688,329,21,2025-08-23,9863.89,9863.89,2025-08-23,Paid-OnTime
2689,329,22,2025-09-23,9863.89,9863.89,2025-09-23,Paid-OnTime
2690,329,23,2025-10-23,9863.89,9863.89,2025-10-27,Paid-Late
2691,329,24,2025-11-23,9863.89,9863.89,2025-11-23,Paid-OnTime
2692,329,25,2025-12-23,9863.89,9863.89,2025-12-23,Paid-OnTime
2693,329,26,2026-01-23,9863.89,9863.89,2026-01-23,Paid-OnTime
2694,329,27,2026-02-23,9863.89,9863.89,2026-02-23,Paid-OnTime
2695,329,28,2026-03-23,9863.89,9863.89,2026-03-23,Paid-OnTime
2696,329,29,2026-04-23,9863.89,9863.89,2026-04-23,Paid-OnTime
2697,329,30,2026-05-23,9863.89,9863.89,2026-05-23,Paid-OnTime
2698,329,31,2026-06-23,9863.89,9863.89,2026-06-23,Paid-OnTime
2699,329,32,2026-07-23,9863.89,9863.89,2026-07-23,Paid-OnTime
2700,329,33,2026-08-23,9863.89,9863.89,2026-08-23,Paid-OnTime
2701,330,1,2024-07-15,8940.0,8940.0,2024-07-15,Paid-OnTime
2702,330,2,2024-08-15,8940.0,8940.0,2024-08-15,Paid-OnTime
2703,330,3,2024-09-15,8940.0,0.0,,Missed
2704,330,4,2024-10-15,8940.0,4731.58,2024-11-03,Partial
2705,330,5,2024-11-15,8940.0,3018.22,2024-12-10,Partial
2706,331,1,2025-04-18,1733.33,1733.33,2025-04-18,Paid-OnTime
2707,331,2,2025-05-18,1733.33,1733.33,2025-05-18,Paid-OnTime
2708,331,3,2025-06-18,1733.33,1733.33,2025-06-18,Paid-OnTime
2709,331,4,2025-07-18,1733.33,1733.33,2025-07-18,Paid-OnTime
2710,331,5,2025-08-18,1733.33,1733.33,2025-08-18,Paid-OnTime
2711,331,6,2025-09-18,1733.33,1733.33,2025-09-18,Paid-OnTime
2712,332,1,2026-07-17,1325.0,1325.0,2026-07-27,Paid-Late
2713,332,2,2026-08-17,1325.0,1325.0,2026-08-17,Paid-OnTime
2714,334,1,2024-08-04,8350.0,8350.0,2024-08-04,Paid-OnTime
2715,334,2,2024-09-04,8350.0,8350.0,2024-09-04,Paid-OnTime
2716,335,1,2026-04-23,1445.45,1445.45,2026-04-23,Paid-OnTime
2717,335,2,2026-05-23,1445.45,1445.45,2026-05-23,Paid-OnTime
2718,335,3,2026-06-23,1445.45,1445.45,2026-06-23,Paid-OnTime
2719,335,4,2026-07-23,1445.45,1445.45,2026-07-23,Paid-OnTime
2720,335,5,2026-08-23,1445.45,1445.45,2026-08-23,Paid-OnTime
2721,336,1,2025-06-16,28175.0,28175.0,2025-06-16,Paid-OnTime
2722,336,2,2025-07-16,28175.0,28175.0,2025-07-16,Paid-OnTime
2723,336,3,2025-08-16,28175.0,28175.0,2025-08-16,Paid-OnTime
2724,336,4,2025-09-16,28175.0,28175.0,2025-09-16,Paid-OnTime
2725,336,5,2025-10-16,28175.0,28175.0,2025-10-16,Paid-OnTime
2726,336,6,2025-11-16,28175.0,28175.0,2025-11-16,Paid-OnTime
2727,336,7,2025-12-16,28175.0,28175.0,2025-12-16,Paid-OnTime
2728,336,8,2026-01-16,28175.0,28175.0,2026-01-16,Paid-OnTime
2729,336,9,2026-02-16,28175.0,28175.0,2026-02-16,Paid-OnTime
2730,336,10,2026-03-16,28175.0,28175.0,2026-03-16,Paid-OnTime
2731,336,11,2026-04-16,28175.0,28175.0,2026-04-16,Paid-OnTime
2732,336,12,2026-05-16,28175.0,28175.0,2026-05-16,Paid-OnTime
2733,336,13,2026-06-16,28175.0,28175.0,2026-06-16,Paid-OnTime
2734,336,14,2026-07-16,28175.0,28175.0,2026-07-16,Paid-OnTime
2735,336,15,2026-08-16,28175.0,28175.0,2026-08-16,Paid-OnTime
2736,337,1,2023-07-18,9511.11,9511.11,2023-07-18,Paid-OnTime
2737,337,2,2023-08-18,9511.11,9511.11,2023-08-18,Paid-OnTime
2738,337,3,2023-09-18,9511.11,9511.11,2023-09-18,Paid-OnTime
2739,337,4,2023-10-18,9511.11,9511.11,2023-10-18,Paid-OnTime
2740,337,5,2023-11-18,9511.11,9511.11,2023-11-18,Paid-OnTime
2741,337,6,2023-12-18,9511.11,9511.11,2023-12-18,Paid-OnTime
2742,337,7,2024-01-18,9511.11,9511.11,2024-01-18,Paid-OnTime
2743,337,8,2024-02-18,9511.11,9511.11,2024-02-18,Paid-OnTime
2744,337,9,2024-03-18,9511.11,9511.11,2024-03-18,Paid-OnTime
2745,337,10,2024-04-18,9511.11,9511.11,2024-04-18,Paid-OnTime
2746,337,11,2024-05-18,9511.11,9511.11,2024-05-18,Paid-OnTime
2747,337,12,2024-06-18,9511.11,9511.11,2024-06-18,Paid-OnTime
2748,337,13,2024-07-18,9511.11,9511.11,2024-07-18,Paid-OnTime
2749,337,14,2024-08-18,9511.11,9511.11,2024-08-18,Paid-OnTime
2750,337,15,2024-09-18,9511.11,9511.11,2024-09-18,Paid-OnTime
2751,337,16,2024-10-18,9511.11,9511.11,2024-10-18,Paid-OnTime
2752,337,17,2024-11-18,9511.11,9511.11,2024-11-18,Paid-OnTime
2753,337,18,2024-12-18,9511.11,9511.11,2024-12-18,Paid-OnTime
2754,337,19,2025-01-18,9511.11,9511.11,2025-01-18,Paid-OnTime
2755,337,20,2025-02-18,9511.11,9511.11,2025-02-18,Paid-OnTime
2756,337,21,2025-03-18,9511.11,9511.11,2025-03-18,Paid-OnTime
2757,337,22,2025-04-18,9511.11,9511.11,2025-04-18,Paid-OnTime
2758,337,23,2025-05-18,9511.11,9511.11,2025-05-18,Paid-OnTime
2759,337,24,2025-06-18,9511.11,9511.11,2025-06-18,Paid-OnTime
2760,337,25,2025-07-18,9511.11,9511.11,2025-07-18,Paid-OnTime
2761,337,26,2025-08-18,9511.11,9511.11,2025-08-18,Paid-OnTime
2762,337,27,2025-09-18,9511.11,9511.11,2025-09-18,Paid-OnTime
2763,337,28,2025-10-18,9511.11,9511.11,2025-10-18,Paid-OnTime
2764,337,29,2025-11-18,9511.11,9511.11,2025-11-18,Paid-OnTime
2765,337,30,2025-12-18,9511.11,9511.11,2025-12-18,Paid-OnTime
2766,337,31,2026-01-18,9511.11,9511.11,2026-01-18,Paid-OnTime
2767,337,32,2026-02-18,9511.11,9511.11,2026-02-18,Paid-OnTime
2768,337,33,2026-03-18,9511.11,9511.11,2026-03-18,Paid-OnTime
2769,337,34,2026-04-18,9511.11,9511.11,2026-04-18,Paid-OnTime
2770,337,35,2026-05-18,9511.11,9511.11,2026-05-18,Paid-OnTime
2771,337,36,2026-06-18,9511.11,9511.11,2026-06-18,Paid-OnTime
2772,338,1,2026-03-02,5750.0,5750.0,2026-03-02,Paid-OnTime
2773,338,2,2026-04-02,5750.0,5750.0,2026-04-02,Paid-OnTime
2774,339,1,2022-05-09,35200.0,35200.0,2022-05-09,Paid-OnTime
2775,340,1,2025-01-24,5206.56,5206.56,2025-01-24,Paid-OnTime
2776,340,2,2025-02-24,5206.56,5206.56,2025-03-01,Paid-Late
2777,340,3,2025-03-24,5206.56,5206.56,2025-03-24,Paid-OnTime
2778,340,4,2025-04-24,5206.56,5206.56,2025-04-24,Paid-OnTime
2779,340,5,2025-05-24,5206.56,5206.56,2025-05-24,Paid-OnTime
2780,340,6,2025-06-24,5206.56,5206.56,2025-06-24,Paid-OnTime
2781,340,7,2025-07-24,5206.56,5206.56,2025-07-24,Paid-OnTime
2782,340,8,2025-08-24,5206.56,5206.56,2025-08-24,Paid-OnTime
2783,340,9,2025-09-24,5206.56,5206.56,2025-09-24,Paid-OnTime
2784,340,10,2025-10-24,5206.56,5206.56,2025-10-24,Paid-OnTime
2785,340,11,2025-11-24,5206.56,5206.56,2025-11-24,Paid-OnTime
2786,340,12,2025-12-24,5206.56,5206.56,2025-12-24,Paid-OnTime
2787,340,13,2026-01-24,5206.56,5206.56,2026-01-24,Paid-OnTime
2788,340,14,2026-02-24,5206.56,5206.56,2026-02-24,Paid-OnTime
2789,340,15,2026-03-24,5206.56,5206.56,2026-03-24,Paid-OnTime
2790,340,16,2026-04-24,5206.56,5206.56,2026-04-24,Paid-OnTime
2791,340,17,2026-05-24,5206.56,5206.56,2026-05-24,Paid-OnTime
2792,340,18,2026-06-24,5206.56,5206.56,2026-06-24,Paid-OnTime
2793,340,19,2026-07-24,5206.56,5206.56,2026-07-24,Paid-OnTime
2794,340,20,2026-08-24,5206.56,5206.56,2026-08-24,Paid-OnTime
2795,341,1,2023-11-03,13300.0,13300.0,2023-11-03,Paid-OnTime
2796,341,2,2023-12-03,13300.0,13300.0,2023-12-03,Paid-OnTime
2797,341,3,2024-01-03,13300.0,13300.0,2024-01-03,Paid-OnTime
2798,342,1,2024-11-06,13800.0,13800.0,2024-11-06,Paid-OnTime
2799,342,2,2024-12-06,13800.0,13800.0,2024-12-06,Paid-OnTime
2800,342,3,2025-01-06,13800.0,13800.0,2025-01-06,Paid-OnTime
2801,342,4,2025-02-06,13800.0,13800.0,2025-02-06,Paid-OnTime
2802,342,5,2025-03-06,13800.0,13800.0,2025-03-06,Paid-OnTime
2803,342,6,2025-04-06,13800.0,13800.0,2025-04-06,Paid-OnTime
2804,342,7,2025-05-06,13800.0,13800.0,2025-05-06,Paid-OnTime
2805,342,8,2025-06-06,13800.0,13800.0,2025-06-06,Paid-OnTime
2806,342,9,2025-07-06,13800.0,13800.0,2025-07-06,Paid-OnTime
2807,342,10,2025-08-06,13800.0,13800.0,2025-08-06,Paid-OnTime
2808,342,11,2025-09-06,13800.0,13800.0,2025-09-06,Paid-OnTime
2809,342,12,2025-10-06,13800.0,13800.0,2025-10-06,Paid-OnTime
2810,342,13,2025-11-06,13800.0,13800.0,2025-11-06,Paid-OnTime
2811,342,14,2025-12-06,13800.0,13800.0,2025-12-06,Paid-OnTime
2812,342,15,2026-01-06,13800.0,13800.0,2026-01-06,Paid-OnTime
2813,342,16,2026-02-06,13800.0,13800.0,2026-02-06,Paid-OnTime
2814,342,17,2026-03-06,13800.0,13800.0,2026-03-06,Paid-OnTime
2815,342,18,2026-04-06,13800.0,13800.0,2026-04-06,Paid-OnTime
2816,342,19,2026-05-06,13800.0,13800.0,2026-05-06,Paid-OnTime
2817,342,20,2026-06-06,13800.0,13800.0,2026-06-06,Paid-OnTime
2818,342,21,2026-07-06,13800.0,13800.0,2026-07-06,Paid-OnTime
2819,342,22,2026-08-06,13800.0,13800.0,2026-08-06,Paid-OnTime
2820,343,1,2024-12-18,7983.33,7983.33,2024-12-18,Paid-OnTime
2821,343,2,2025-01-18,7983.33,7983.33,2025-01-18,Paid-OnTime
2822,343,3,2025-02-18,7983.33,7983.33,2025-02-18,Paid-OnTime
2823,343,4,2025-03-18,7983.33,7983.33,2025-03-18,Paid-OnTime
2824,343,5,2025-04-18,7983.33,7983.33,2025-04-18,Paid-OnTime
2825,343,6,2025-05-18,7983.33,7983.33,2025-05-18,Paid-OnTime
2826,344,1,2025-08-16,14133.33,14133.33,2025-08-16,Paid-OnTime
2827,344,2,2025-09-16,14133.33,14133.33,2025-09-16,Paid-OnTime
2828,344,3,2025-10-16,14133.33,14133.33,2025-10-16,Paid-OnTime
2829,345,1,2024-10-26,4200.0,4200.0,2024-10-26,Paid-OnTime
2830,345,2,2024-11-26,4200.0,4200.0,2024-12-01,Paid-Late
2831,345,3,2024-12-26,4200.0,4200.0,2024-12-26,Paid-OnTime
2832,345,4,2025-01-26,4200.0,4200.0,2025-02-04,Paid-Late
2833,345,5,2025-02-26,4200.0,4200.0,2025-02-26,Paid-OnTime
2834,346,1,2025-06-10,2936.11,2936.11,2025-06-10,Paid-OnTime
2835,346,2,2025-07-10,2936.11,2936.11,2025-07-10,Paid-OnTime
2836,346,3,2025-08-10,2936.11,2936.11,2025-08-10,Paid-OnTime
2837,346,4,2025-09-10,2936.11,2936.11,2025-09-10,Paid-OnTime
2838,346,5,2025-10-10,2936.11,2936.11,2025-10-10,Paid-OnTime
2839,346,6,2025-11-10,2936.11,2936.11,2025-11-10,Paid-OnTime
2840,346,7,2025-12-10,2936.11,2936.11,2025-12-10,Paid-OnTime
2841,346,8,2026-01-10,2936.11,2936.11,2026-01-10,Paid-OnTime
2842,346,9,2026-02-10,2936.11,2936.11,2026-02-10,Paid-OnTime
2843,346,10,2026-03-10,2936.11,2936.11,2026-03-10,Paid-OnTime
2844,346,11,2026-04-10,2936.11,2936.11,2026-04-16,Paid-Late
2845,346,12,2026-05-10,2936.11,0.0,,Missed
2846,346,13,2026-06-10,2936.11,822.57,2026-06-21,Partial
2847,346,14,2026-07-10,2936.11,2030.22,2026-07-18,Partial
2848,346,15,2026-08-10,2936.11,0.0,,Missed
2849,347,1,2022-09-09,17000.0,17000.0,2022-09-15,Paid-Late
2850,348,1,2024-01-02,4900.0,4900.0,2024-01-02,Paid-OnTime
2851,348,2,2024-02-02,4900.0,4900.0,2024-02-02,Paid-OnTime
2852,348,3,2024-03-02,4900.0,4900.0,2024-03-02,Paid-OnTime
2853,348,4,2024-04-02,4900.0,4900.0,2024-04-02,Paid-OnTime
2854,348,5,2024-05-02,4900.0,4900.0,2024-05-02,Paid-OnTime
2855,348,6,2024-06-02,4900.0,4900.0,2024-06-02,Paid-OnTime
2856,349,1,2023-10-09,6633.33,6633.33,2023-10-09,Paid-OnTime
2857,349,2,2023-11-09,6633.33,6633.33,2023-11-09,Paid-OnTime
2858,349,3,2023-12-09,6633.33,6633.33,2023-12-09,Paid-OnTime
2859,349,4,2024-01-09,6633.33,6633.33,2024-01-09,Paid-OnTime
2860,349,5,2024-02-09,6633.33,6633.33,2024-02-09,Paid-OnTime
2861,349,6,2024-03-09,6633.33,6633.33,2024-03-09,Paid-OnTime
2862,349,7,2024-04-09,6633.33,6633.33,2024-04-09,Paid-OnTime
2863,349,8,2024-05-09,6633.33,6633.33,2024-05-09,Paid-OnTime
2864,349,9,2024-06-09,6633.33,6633.33,2024-06-09,Paid-OnTime
2865,349,10,2024-07-09,6633.33,6633.33,2024-07-09,Paid-OnTime
2866,349,11,2024-08-09,6633.33,6633.33,2024-08-09,Paid-OnTime
2867,349,12,2024-09-09,6633.33,6633.33,2024-09-15,Paid-Late
2868,350,1,2025-11-12,3333.33,3333.33,2025-11-12,Paid-OnTime
2869,350,2,2025-12-12,3333.33,3333.33,2025-12-12,Paid-OnTime
2870,350,3,2026-01-12,3333.33,3333.33,2026-01-12,Paid-OnTime
2871,351,1,2022-11-02,5700.0,5700.0,2022-11-02,Paid-OnTime
2872,351,2,2022-12-02,5700.0,5700.0,2022-12-02,Paid-OnTime
2873,351,3,2023-01-02,5700.0,1657.99,2023-01-07,Partial
2874,351,4,2023-02-02,5700.0,1427.17,2023-02-12,Partial
2875,351,5,2023-03-02,5700.0,0.0,,Missed
2876,352,1,2026-05-12,3225.0,3225.0,2026-05-12,Paid-OnTime
2877,352,2,2026-06-12,3225.0,3225.0,2026-06-12,Paid-OnTime
2878,352,3,2026-07-12,3225.0,3225.0,2026-07-12,Paid-OnTime
2879,352,4,2026-08-12,3225.0,3225.0,2026-08-12,Paid-OnTime
2880,353,1,2025-05-16,27566.67,27566.67,2025-05-16,Paid-OnTime
2881,353,2,2025-06-16,27566.67,27566.67,2025-06-16,Paid-OnTime
2882,353,3,2025-07-16,27566.67,27566.67,2025-07-16,Paid-OnTime
2883,354,1,2026-07-27,3750.0,3750.0,2026-07-27,Paid-OnTime
2884,354,2,2026-08-27,3750.0,3750.0,2026-08-27,Paid-OnTime
2885,356,1,2023-01-08,1725.0,1725.0,2023-01-08,Paid-OnTime
2886,356,2,2023-02-08,1725.0,1095.6,2023-02-15,Partial
2887,356,3,2023-03-08,1725.0,523.47,2023-03-13,Partial
2888,356,4,2023-04-08,1725.0,787.29,2023-04-29,Partial
2889,357,1,2026-08-20,2790.91,2790.91,2026-08-20,Paid-OnTime
2890,358,1,2023-06-03,4350.0,4350.0,2023-06-03,Paid-OnTime
2891,358,2,2023-07-03,4350.0,4350.0,2023-07-03,Paid-OnTime
2892,359,1,2022-05-16,7014.29,7014.29,2022-05-16,Paid-OnTime
2893,359,2,2022-06-16,7014.29,2541.14,2022-07-08,Partial
2894,359,3,2022-07-16,7014.29,0.0,,Missed
2895,359,4,2022-08-16,7014.29,2022.69,2022-08-21,Partial
2896,359,5,2022-09-16,7014.29,0.0,,Missed
2897,359,6,2022-10-16,7014.29,4132.07,2022-11-08,Partial
2898,359,7,2022-11-16,7014.29,0.0,,Missed
2899,360,1,2026-08-28,4147.22,4147.22,2026-08-28,Paid-OnTime
2900,361,1,2024-10-08,10766.67,10766.67,2024-10-08,Paid-OnTime
2901,361,2,2024-11-08,10766.67,10766.67,2024-11-08,Paid-OnTime
2902,361,3,2024-12-08,10766.67,10766.67,2024-12-08,Paid-OnTime
2903,362,1,2022-03-13,1233.33,1233.33,2022-03-13,Paid-OnTime
2904,362,2,2022-04-13,1233.33,1233.33,2022-04-13,Paid-OnTime
2905,362,3,2022-05-13,1233.33,1233.33,2022-05-13,Paid-OnTime
2906,362,4,2022-06-13,1233.33,1233.33,2022-06-13,Paid-OnTime
2907,362,5,2022-07-13,1233.33,1233.33,2022-07-13,Paid-OnTime
2908,362,6,2022-08-13,1233.33,1233.33,2022-08-13,Paid-OnTime
2909,363,1,2022-11-09,3875.0,3875.0,2022-11-09,Paid-OnTime
2910,363,2,2022-12-09,3875.0,3875.0,2022-12-09,Paid-OnTime
2911,363,3,2023-01-09,3875.0,0.0,,Missed
2912,363,4,2023-02-09,3875.0,0.0,,Missed
2913,364,1,2025-06-09,2383.78,2383.78,2025-06-09,Paid-OnTime
2914,364,2,2025-07-09,2383.78,2383.78,2025-07-09,Paid-OnTime
2915,364,3,2025-08-09,2383.78,2383.78,2025-08-09,Paid-OnTime
2916,364,4,2025-09-09,2383.78,2383.78,2025-09-09,Paid-OnTime
2917,364,5,2025-10-09,2383.78,2383.78,2025-10-09,Paid-OnTime
2918,364,6,2025-11-09,2383.78,2383.78,2025-11-09,Paid-OnTime
2919,364,7,2025-12-09,2383.78,2383.78,2025-12-09,Paid-OnTime
2920,364,8,2026-01-09,2383.78,2383.78,2026-01-09,Paid-OnTime
2921,364,9,2026-02-09,2383.78,2383.78,2026-02-12,Paid-Late
2922,364,10,2026-03-09,2383.78,2383.78,2026-03-09,Paid-OnTime
2923,364,11,2026-04-09,2383.78,2383.78,2026-04-09,Paid-OnTime
2924,364,12,2026-05-09,2383.78,2383.78,2026-05-09,Paid-OnTime
2925,364,13,2026-06-09,2383.78,2383.78,2026-06-09,Paid-OnTime
2926,364,14,2026-07-09,2383.78,2383.78,2026-07-09,Paid-OnTime
2927,364,15,2026-08-09,2383.78,2383.78,2026-08-09,Paid-OnTime
2928,365,1,2025-12-02,4841.67,4841.67,2025-12-02,Paid-OnTime
2929,365,2,2026-01-02,4841.67,4841.67,2026-01-02,Paid-OnTime
2930,365,3,2026-02-02,4841.67,4841.67,2026-02-02,Paid-OnTime
2931,365,4,2026-03-02,4841.67,4841.67,2026-03-02,Paid-OnTime
2932,365,5,2026-04-02,4841.67,4841.67,2026-04-02,Paid-OnTime
2933,365,6,2026-05-02,4841.67,4841.67,2026-05-02,Paid-OnTime
2934,365,7,2026-06-02,4841.67,4841.67,2026-06-02,Paid-OnTime
2935,365,8,2026-07-02,4841.67,4841.67,2026-07-02,Paid-OnTime
2936,365,9,2026-08-02,4841.67,4841.67,2026-08-02,Paid-OnTime
2937,367,1,2026-01-05,4109.09,4109.09,2026-01-05,Paid-OnTime
2938,367,2,2026-02-05,4109.09,4109.09,2026-02-05,Paid-OnTime
2939,367,3,2026-03-05,4109.09,4109.09,2026-03-05,Paid-OnTime
2940,367,4,2026-04-05,4109.09,4109.09,2026-04-05,Paid-OnTime
2941,367,5,2026-05-05,4109.09,4109.09,2026-05-05,Paid-OnTime
2942,367,6,2026-06-05,4109.09,4109.09,2026-06-05,Paid-OnTime
2943,367,7,2026-07-05,4109.09,4109.09,2026-07-05,Paid-OnTime
2944,367,8,2026-08-05,4109.09,4109.09,2026-08-05,Paid-OnTime
2945,368,1,2022-12-01,1657.14,1657.14,2022-12-01,Paid-OnTime
2946,368,2,2023-01-01,1657.14,1657.14,2023-01-01,Paid-OnTime
2947,368,3,2023-02-01,1657.14,1657.14,2023-02-01,Paid-OnTime
2948,368,4,2023-03-01,1657.14,1657.14,2023-03-01,Paid-OnTime
2949,368,5,2023-04-01,1657.14,1657.14,2023-04-01,Paid-OnTime
2950,368,6,2023-05-01,1657.14,1657.14,2023-05-01,Paid-OnTime
2951,368,7,2023-06-01,1657.14,1657.14,2023-06-01,Paid-OnTime
2952,369,1,2023-02-08,3478.33,3478.33,2023-02-08,Paid-OnTime
2953,369,2,2023-03-08,3478.33,3478.33,2023-03-08,Paid-OnTime
2954,369,3,2023-04-08,3478.33,3478.33,2023-04-08,Paid-OnTime
2955,369,4,2023-05-08,3478.33,3478.33,2023-05-08,Paid-OnTime
2956,369,5,2023-06-08,3478.33,3478.33,2023-06-08,Paid-OnTime
2957,369,6,2023-07-08,3478.33,3478.33,2023-07-08,Paid-OnTime
2958,369,7,2023-08-08,3478.33,3478.33,2023-08-08,Paid-OnTime
2959,369,8,2023-09-08,3478.33,3478.33,2023-09-08,Paid-OnTime
2960,369,9,2023-10-08,3478.33,3478.33,2023-10-08,Paid-OnTime
2961,369,10,2023-11-08,3478.33,3478.33,2023-11-08,Paid-OnTime
2962,369,11,2023-12-08,3478.33,3478.33,2023-12-08,Paid-OnTime
2963,369,12,2024-01-08,3478.33,3478.33,2024-01-08,Paid-OnTime
2964,369,13,2024-02-08,3478.33,3478.33,2024-02-08,Paid-OnTime
2965,369,14,2024-03-08,3478.33,3478.33,2024-03-08,Paid-OnTime
2966,369,15,2024-04-08,3478.33,3478.33,2024-04-08,Paid-OnTime
2967,369,16,2024-05-08,3478.33,3478.33,2024-05-08,Paid-OnTime
2968,369,17,2024-06-08,3478.33,3478.33,2024-06-08,Paid-OnTime
2969,369,18,2024-07-08,3478.33,3478.33,2024-07-08,Paid-OnTime
2970,369,19,2024-08-08,3478.33,3478.33,2024-08-08,Paid-OnTime
2971,369,20,2024-09-08,3478.33,3478.33,2024-09-08,Paid-OnTime
2972,369,21,2024-10-08,3478.33,3478.33,2024-10-08,Paid-OnTime
2973,369,22,2024-11-08,3478.33,3478.33,2024-11-08,Paid-OnTime
2974,369,23,2024-12-08,3478.33,3478.33,2024-12-08,Paid-OnTime
2975,369,24,2025-01-08,3478.33,3478.33,2025-01-08,Paid-OnTime
2976,369,25,2025-02-08,3478.33,3478.33,2025-02-08,Paid-OnTime
2977,369,26,2025-03-08,3478.33,3478.33,2025-03-08,Paid-OnTime
2978,369,27,2025-04-08,3478.33,3478.33,2025-04-08,Paid-OnTime
2979,369,28,2025-05-08,3478.33,3478.33,2025-05-08,Paid-OnTime
2980,369,29,2025-06-08,3478.33,3478.33,2025-06-08,Paid-OnTime
2981,369,30,2025-07-08,3478.33,3478.33,2025-07-08,Paid-OnTime
2982,369,31,2025-08-08,3478.33,3478.33,2025-08-08,Paid-OnTime
2983,369,32,2025-09-08,3478.33,3478.33,2025-09-08,Paid-OnTime
2984,369,33,2025-10-08,3478.33,3478.33,2025-10-08,Paid-OnTime
2985,369,34,2025-11-08,3478.33,3478.33,2025-11-08,Paid-OnTime
2986,369,35,2025-12-08,3478.33,3478.33,2025-12-08,Paid-OnTime
2987,369,36,2026-01-08,3478.33,3478.33,2026-01-08,Paid-OnTime
2988,369,37,2026-02-08,3478.33,3478.33,2026-02-08,Paid-OnTime
2989,369,38,2026-03-08,3478.33,3478.33,2026-03-08,Paid-OnTime
2990,369,39,2026-04-08,3478.33,3478.33,2026-04-08,Paid-OnTime
2991,369,40,2026-05-08,3478.33,3478.33,2026-05-08,Paid-OnTime
2992,369,41,2026-06-08,3478.33,3478.33,2026-06-08,Paid-OnTime
2993,369,42,2026-07-08,3478.33,3478.33,2026-07-08,Paid-OnTime
2994,369,43,2026-08-08,3478.33,3478.33,2026-08-08,Paid-OnTime
2995,370,1,2024-08-23,19000.0,19000.0,2024-08-23,Paid-OnTime
2996,371,1,2026-08-25,1166.67,1166.67,2026-08-25,Paid-OnTime
2997,372,1,2025-01-19,2350.0,2350.0,2025-01-19,Paid-OnTime
2998,372,2,2025-02-19,2350.0,2350.0,2025-02-19,Paid-OnTime
2999,372,3,2025-03-19,2350.0,2350.0,2025-03-19,Paid-OnTime
3000,372,4,2025-04-19,2350.0,2350.0,2025-04-19,Paid-OnTime
3001,372,5,2025-05-19,2350.0,2350.0,2025-05-24,Paid-Late
3002,372,6,2025-06-19,2350.0,2350.0,2025-06-19,Paid-OnTime
3003,373,1,2025-02-28,11440.0,11440.0,2025-02-28,Paid-OnTime
3004,373,2,2025-03-28,11440.0,11440.0,2025-03-28,Paid-OnTime
3005,373,3,2025-04-28,11440.0,11440.0,2025-04-28,Paid-OnTime
3006,373,4,2025-05-28,11440.0,11440.0,2025-05-28,Paid-OnTime
3007,373,5,2025-06-28,11440.0,11440.0,2025-06-28,Paid-OnTime
3008,374,1,2024-04-28,750.0,750.0,2024-04-28,Paid-OnTime
3009,374,2,2024-05-28,750.0,750.0,2024-05-28,Paid-OnTime
3010,374,3,2024-06-28,750.0,750.0,2024-06-28,Paid-OnTime
3011,374,4,2024-07-28,750.0,750.0,2024-07-28,Paid-OnTime
3012,375,1,2025-10-08,5241.67,5241.67,2025-10-08,Paid-OnTime
3013,375,2,2025-11-08,5241.67,5241.67,2025-11-08,Paid-OnTime
3014,375,3,2025-12-08,5241.67,5241.67,2025-12-08,Paid-OnTime
3015,375,4,2026-01-08,5241.67,5241.67,2026-01-08,Paid-OnTime
3016,375,5,2026-02-08,5241.67,5241.67,2026-02-08,Paid-OnTime
3017,375,6,2026-03-08,5241.67,5241.67,2026-03-08,Paid-OnTime
3018,375,7,2026-04-08,5241.67,5241.67,2026-04-15,Paid-Late
3019,375,8,2026-05-08,5241.67,5241.67,2026-05-08,Paid-OnTime
3020,375,9,2026-06-08,5241.67,5241.67,2026-06-08,Paid-OnTime
3021,375,10,2026-07-08,5241.67,5241.67,2026-07-08,Paid-OnTime
3022,375,11,2026-08-08,5241.67,5241.67,2026-08-15,Paid-Late
3023,376,1,2025-08-28,4520.0,4520.0,2025-09-07,Paid-Late
3024,376,2,2025-09-28,4520.0,4520.0,2025-10-06,Paid-Late
3025,376,3,2025-10-28,4520.0,4520.0,2025-10-28,Paid-OnTime
3026,376,4,2025-11-28,4520.0,4520.0,2025-11-28,Paid-OnTime
3027,376,5,2025-12-28,4520.0,4520.0,2025-12-28,Paid-OnTime
3028,376,6,2026-01-28,4520.0,4520.0,2026-01-28,Paid-OnTime
3029,376,7,2026-02-28,4520.0,4520.0,2026-02-28,Paid-OnTime
3030,376,8,2026-03-28,4520.0,4520.0,2026-03-28,Paid-OnTime
3031,376,9,2026-04-28,4520.0,4520.0,2026-04-28,Paid-OnTime
3032,376,10,2026-05-28,4520.0,4520.0,2026-05-28,Paid-OnTime
3033,376,11,2026-06-28,4520.0,4520.0,2026-06-28,Paid-OnTime
3034,376,12,2026-07-28,4520.0,4520.0,2026-07-28,Paid-OnTime
3035,376,13,2026-08-28,4520.0,4520.0,2026-08-28,Paid-OnTime
3036,377,1,2022-12-04,6300.0,6300.0,2022-12-04,Paid-OnTime
3037,377,2,2023-01-04,6300.0,6300.0,2023-01-04,Paid-OnTime
3038,378,1,2025-11-28,708.33,708.33,2025-11-28,Paid-OnTime
3039,378,2,2025-12-28,708.33,708.33,2025-12-28,Paid-OnTime
3040,378,3,2026-01-28,708.33,708.33,2026-01-28,Paid-OnTime
3041,378,4,2026-02-28,708.33,708.33,2026-02-28,Paid-OnTime
3042,378,5,2026-03-28,708.33,708.33,2026-03-28,Paid-OnTime
3043,378,6,2026-04-28,708.33,708.33,2026-04-28,Paid-OnTime
3044,378,7,2026-05-28,708.33,708.33,2026-05-28,Paid-OnTime
3045,378,8,2026-06-28,708.33,708.33,2026-06-28,Paid-OnTime
3046,378,9,2026-07-28,708.33,708.33,2026-07-28,Paid-OnTime
3047,378,10,2026-08-28,708.33,708.33,2026-08-28,Paid-OnTime
3048,379,1,2023-08-28,5250.0,5250.0,2023-09-06,Paid-Late
3049,379,2,2023-09-28,5250.0,5250.0,2023-09-28,Paid-OnTime
3050,379,3,2023-10-28,5250.0,5250.0,2023-10-28,Paid-OnTime
3051,379,4,2023-11-28,5250.0,5250.0,2023-11-28,Paid-OnTime
3052,380,1,2024-11-15,4940.0,4940.0,2024-11-15,Paid-OnTime
3053,380,2,2024-12-15,4940.0,4940.0,2024-12-15,Paid-OnTime
3054,380,3,2025-01-15,4940.0,4940.0,2025-01-15,Paid-OnTime
3055,380,4,2025-02-15,4940.0,4940.0,2025-02-15,Paid-OnTime
3056,380,5,2025-03-15,4940.0,4940.0,2025-03-15,Paid-OnTime
3057,381,1,2024-06-17,736.36,736.36,2024-06-17,Paid-OnTime
3058,381,2,2024-07-17,736.36,736.36,2024-07-17,Paid-OnTime
3059,381,3,2024-08-17,736.36,736.36,2024-08-17,Paid-OnTime
3060,381,4,2024-09-17,736.36,736.36,2024-09-17,Paid-OnTime
3061,381,5,2024-10-17,736.36,736.36,2024-10-17,Paid-OnTime
3062,381,6,2024-11-17,736.36,736.36,2024-11-17,Paid-OnTime
3063,381,7,2024-12-17,736.36,736.36,2024-12-17,Paid-OnTime
3064,381,8,2025-01-17,736.36,736.36,2025-01-17,Paid-OnTime
3065,381,9,2025-02-17,736.36,736.36,2025-02-17,Paid-OnTime
3066,381,10,2025-03-17,736.36,736.36,2025-03-17,Paid-OnTime
3067,381,11,2025-04-17,736.36,736.36,2025-04-17,Paid-OnTime
3068,382,1,2024-05-01,7266.67,7266.67,2024-05-01,Paid-OnTime
3069,382,2,2024-06-01,7266.67,7266.67,2024-06-01,Paid-OnTime
3070,382,3,2024-07-01,7266.67,7266.67,2024-07-01,Paid-OnTime
3071,382,4,2024-08-01,7266.67,0.0,,Missed
3072,382,5,2024-09-01,7266.67,2342.84,2024-09-23,Partial
3073,382,6,2024-10-01,7266.67,0.0,,Missed
3074,383,1,2023-02-05,5100.0,5100.0,2023-02-05,Paid-OnTime
3075,383,2,2023-03-05,5100.0,5100.0,2023-03-05,Paid-OnTime
3076,383,3,2023-04-05,5100.0,5100.0,2023-04-05,Paid-OnTime
3077,384,1,2024-10-22,6203.39,6203.39,2024-10-27,Paid-Late
3078,384,2,2024-11-22,6203.39,6203.39,2024-11-22,Paid-OnTime
3079,384,3,2024-12-22,6203.39,6203.39,2024-12-22,Paid-OnTime
3080,384,4,2025-01-22,6203.39,6203.39,2025-01-22,Paid-OnTime
3081,384,5,2025-02-22,6203.39,6203.39,2025-02-22,Paid-OnTime
3082,384,6,2025-03-22,6203.39,6203.39,2025-03-22,Paid-OnTime
3083,384,7,2025-04-22,6203.39,6203.39,2025-04-22,Paid-OnTime
3084,384,8,2025-05-22,6203.39,6203.39,2025-05-22,Paid-OnTime
3085,384,9,2025-06-22,6203.39,6203.39,2025-06-22,Paid-OnTime
3086,384,10,2025-07-22,6203.39,6203.39,2025-07-22,Paid-OnTime
3087,384,11,2025-08-22,6203.39,6203.39,2025-08-22,Paid-OnTime
3088,384,12,2025-09-22,6203.39,6203.39,2025-09-22,Paid-OnTime
3089,384,13,2025-10-22,6203.39,6203.39,2025-10-22,Paid-OnTime
3090,384,14,2025-11-22,6203.39,6203.39,2025-12-01,Paid-Late
3091,384,15,2025-12-22,6203.39,6203.39,2025-12-22,Paid-OnTime
3092,384,16,2026-01-22,6203.39,6203.39,2026-01-22,Paid-OnTime
3093,384,17,2026-02-22,6203.39,6203.39,2026-02-22,Paid-OnTime
3094,384,18,2026-03-22,6203.39,6203.39,2026-03-22,Paid-OnTime
3095,384,19,2026-04-22,6203.39,6203.39,2026-04-22,Paid-OnTime
3096,384,20,2026-05-22,6203.39,6203.39,2026-05-22,Paid-OnTime
3097,384,21,2026-06-22,6203.39,6203.39,2026-06-22,Paid-OnTime
3098,384,22,2026-07-22,6203.39,6203.39,2026-07-22,Paid-OnTime
3099,384,23,2026-08-22,6203.39,6203.39,2026-08-22,Paid-OnTime
3100,385,1,2026-04-23,3500.0,3500.0,2026-04-23,Paid-OnTime
3101,385,2,2026-05-23,3500.0,3500.0,2026-05-23,Paid-OnTime
3102,385,3,2026-06-23,3500.0,3500.0,2026-06-23,Paid-OnTime
3103,385,4,2026-07-23,3500.0,3500.0,2026-07-23,Paid-OnTime
3104,386,1,2025-04-14,26456.25,26456.25,2025-04-14,Paid-OnTime
3105,386,2,2025-05-14,26456.25,26456.25,2025-05-14,Paid-OnTime
3106,386,3,2025-06-14,26456.25,26456.25,2025-06-14,Paid-OnTime
3107,386,4,2025-07-14,26456.25,26456.25,2025-07-14,Paid-OnTime
3108,386,5,2025-08-14,26456.25,26456.25,2025-08-14,Paid-OnTime
3109,386,6,2025-09-14,26456.25,26456.25,2025-09-14,Paid-OnTime
3110,386,7,2025-10-14,26456.25,26456.25,2025-10-14,Paid-OnTime
3111,386,8,2025-11-14,26456.25,26456.25,2025-11-14,Paid-OnTime
3112,386,9,2025-12-14,26456.25,26456.25,2025-12-14,Paid-OnTime
3113,386,10,2026-01-14,26456.25,26456.25,2026-01-24,Paid-Late
3114,386,11,2026-02-14,26456.25,26456.25,2026-02-14,Paid-OnTime
3115,386,12,2026-03-14,26456.25,26456.25,2026-03-14,Paid-OnTime
3116,386,13,2026-04-14,26456.25,26456.25,2026-04-14,Paid-OnTime
3117,386,14,2026-05-14,26456.25,26456.25,2026-05-14,Paid-OnTime
3118,386,15,2026-06-14,26456.25,26456.25,2026-06-14,Paid-OnTime
3119,386,16,2026-07-14,26456.25,26456.25,2026-07-14,Paid-OnTime
3120,386,17,2026-08-14,26456.25,26456.25,2026-08-14,Paid-OnTime
3121,387,1,2023-04-24,32666.67,32666.67,2023-04-24,Paid-OnTime
3122,387,2,2023-05-24,32666.67,32666.67,2023-05-24,Paid-OnTime
3123,387,3,2023-06-24,32666.67,32666.67,2023-06-24,Paid-OnTime
3124,388,1,2025-04-27,3671.19,3671.19,2025-04-27,Paid-OnTime
3125,388,2,2025-05-27,3671.19,3671.19,2025-05-27,Paid-OnTime
3126,388,3,2025-06-27,3671.19,3671.19,2025-06-27,Paid-OnTime
3127,388,4,2025-07-27,3671.19,3671.19,2025-07-27,Paid-OnTime
3128,388,5,2025-08-27,3671.19,3671.19,2025-08-27,Paid-OnTime
3129,388,6,2025-09-27,3671.19,3671.19,2025-09-27,Paid-OnTime
3130,388,7,2025-10-27,3671.19,3671.19,2025-10-27,Paid-OnTime
3131,388,8,2025-11-27,3671.19,3671.19,2025-11-27,Paid-OnTime
3132,388,9,2025-12-27,3671.19,3671.19,2025-12-27,Paid-OnTime
3133,388,10,2026-01-27,3671.19,3671.19,2026-01-27,Paid-OnTime
3134,388,11,2026-02-27,3671.19,3671.19,2026-02-27,Paid-OnTime
3135,388,12,2026-03-27,3671.19,3671.19,2026-03-27,Paid-OnTime
3136,388,13,2026-04-27,3671.19,3671.19,2026-04-27,Paid-OnTime
3137,388,14,2026-05-27,3671.19,3671.19,2026-05-27,Paid-OnTime
3138,388,15,2026-06-27,3671.19,3671.19,2026-06-27,Paid-OnTime
3139,388,16,2026-07-27,3671.19,3671.19,2026-07-27,Paid-OnTime
3140,388,17,2026-08-27,3671.19,3671.19,2026-08-27,Paid-OnTime
3141,389,1,2026-03-25,8250.0,8250.0,2026-03-25,Paid-OnTime
3142,389,2,2026-04-25,8250.0,8250.0,2026-04-25,Paid-OnTime
3143,390,1,2026-04-16,31033.33,31033.33,2026-04-16,Paid-OnTime
3144,390,2,2026-05-16,31033.33,31033.33,2026-05-23,Paid-Late
3145,390,3,2026-06-16,31033.33,31033.33,2026-06-16,Paid-OnTime
3146,391,1,2024-08-20,1700.0,1700.0,2024-08-20,Paid-OnTime
3147,391,2,2024-09-20,1700.0,1700.0,2024-09-20,Paid-OnTime
3148,391,3,2024-10-20,1700.0,1700.0,2024-10-20,Paid-OnTime
3149,391,4,2024-11-20,1700.0,1700.0,2024-11-20,Paid-OnTime
3150,391,5,2024-12-20,1700.0,1700.0,2024-12-20,Paid-OnTime
3151,391,6,2025-01-20,1700.0,1700.0,2025-01-20,Paid-OnTime
3152,391,7,2025-02-20,1700.0,1700.0,2025-02-20,Paid-OnTime
3153,391,8,2025-03-20,1700.0,1700.0,2025-03-28,Paid-Late
3154,391,9,2025-04-20,1700.0,1700.0,2025-04-20,Paid-OnTime
3155,391,10,2025-05-20,1700.0,1700.0,2025-05-20,Paid-OnTime
3156,391,11,2025-06-20,1700.0,1700.0,2025-06-20,Paid-OnTime
3157,391,12,2025-07-20,1700.0,1700.0,2025-07-20,Paid-OnTime
3158,391,13,2025-08-20,1700.0,1700.0,2025-08-20,Paid-OnTime
3159,392,1,2022-02-09,650.0,650.0,2022-02-09,Paid-OnTime
3160,392,2,2022-03-09,650.0,650.0,2022-03-09,Paid-OnTime
3161,392,3,2022-04-09,650.0,650.0,2022-04-09,Paid-OnTime
3162,392,4,2022-05-09,650.0,650.0,2022-05-09,Paid-OnTime
3163,392,5,2022-06-09,650.0,650.0,2022-06-09,Paid-OnTime
3164,392,6,2022-07-09,650.0,650.0,2022-07-09,Paid-OnTime
3165,393,1,2024-04-12,4827.27,4827.27,2024-04-12,Paid-OnTime
3166,393,2,2024-05-12,4827.27,4827.27,2024-05-12,Paid-OnTime
3167,393,3,2024-06-12,4827.27,4827.27,2024-06-12,Paid-OnTime
3168,393,4,2024-07-12,4827.27,4827.27,2024-07-12,Paid-OnTime
3169,393,5,2024-08-12,4827.27,4827.27,2024-08-12,Paid-OnTime
3170,393,6,2024-09-12,4827.27,4827.27,2024-09-12,Paid-OnTime
3171,393,7,2024-10-12,4827.27,4827.27,2024-10-12,Paid-OnTime
3172,393,8,2024-11-12,4827.27,0.0,,Missed
3173,393,9,2024-12-12,4827.27,0.0,,Missed
3174,393,10,2025-01-12,4827.27,1457.26,2025-01-19,Partial
3175,393,11,2025-02-12,4827.27,0.0,,Missed
3176,394,1,2023-10-10,14226.53,14226.53,2023-10-10,Paid-OnTime
3177,394,2,2023-11-10,14226.53,14226.53,2023-11-10,Paid-OnTime
3178,394,3,2023-12-10,14226.53,14226.53,2023-12-10,Paid-OnTime
3179,394,4,2024-01-10,14226.53,14226.53,2024-01-10,Paid-OnTime
3180,394,5,2024-02-10,14226.53,14226.53,2024-02-10,Paid-OnTime
3181,394,6,2024-03-10,14226.53,14226.53,2024-03-10,Paid-OnTime
3182,394,7,2024-04-10,14226.53,14226.53,2024-04-10,Paid-OnTime
3183,394,8,2024-05-10,14226.53,14226.53,2024-05-10,Paid-OnTime
3184,394,9,2024-06-10,14226.53,14226.53,2024-06-10,Paid-OnTime
3185,394,10,2024-07-10,14226.53,14226.53,2024-07-10,Paid-OnTime
3186,394,11,2024-08-10,14226.53,14226.53,2024-08-10,Paid-OnTime
3187,394,12,2024-09-10,14226.53,14226.53,2024-09-10,Paid-OnTime
3188,394,13,2024-10-10,14226.53,14226.53,2024-10-10,Paid-OnTime
3189,394,14,2024-11-10,14226.53,14226.53,2024-11-10,Paid-OnTime
3190,394,15,2024-12-10,14226.53,14226.53,2024-12-10,Paid-OnTime
3191,394,16,2025-01-10,14226.53,14226.53,2025-01-10,Paid-OnTime
3192,394,17,2025-02-10,14226.53,14226.53,2025-02-10,Paid-OnTime
3193,394,18,2025-03-10,14226.53,14226.53,2025-03-10,Paid-OnTime
3194,394,19,2025-04-10,14226.53,14226.53,2025-04-10,Paid-OnTime
3195,394,20,2025-05-10,14226.53,14226.53,2025-05-10,Paid-OnTime
3196,394,21,2025-06-10,14226.53,14226.53,2025-06-10,Paid-OnTime
3197,394,22,2025-07-10,14226.53,14226.53,2025-07-10,Paid-OnTime
3198,394,23,2025-08-10,14226.53,14226.53,2025-08-10,Paid-OnTime
3199,394,24,2025-09-10,14226.53,14226.53,2025-09-10,Paid-OnTime
3200,394,25,2025-10-10,14226.53,14226.53,2025-10-10,Paid-OnTime
3201,394,26,2025-11-10,14226.53,14226.53,2025-11-10,Paid-OnTime
3202,394,27,2025-12-10,14226.53,14226.53,2025-12-10,Paid-OnTime
3203,394,28,2026-01-10,14226.53,14226.53,2026-01-14,Paid-Late
3204,394,29,2026-02-10,14226.53,14226.53,2026-02-10,Paid-OnTime
3205,394,30,2026-03-10,14226.53,14226.53,2026-03-10,Paid-OnTime
3206,394,31,2026-04-10,14226.53,0.0,,Missed
3207,394,32,2026-05-10,14226.53,0.0,,Missed
3208,394,33,2026-06-10,14226.53,3679.03,2026-06-25,Partial
3209,394,34,2026-07-10,14226.53,0.0,,Missed
3210,394,35,2026-08-10,14226.53,0.0,,Missed
3211,395,1,2024-02-18,4127.27,4127.27,2024-02-18,Paid-OnTime
3212,395,2,2024-03-18,4127.27,4127.27,2024-03-18,Paid-OnTime
3213,395,3,2024-04-18,4127.27,0.0,,Missed
3214,395,4,2024-05-18,4127.27,0.0,,Missed
3215,395,5,2024-06-18,4127.27,1341.55,2024-06-29,Partial
3216,395,6,2024-07-18,4127.27,1405.51,2024-08-04,Partial
3217,395,7,2024-08-18,4127.27,1719.98,2024-09-06,Partial
3218,395,8,2024-09-18,4127.27,1711.4,2024-10-11,Partial
3219,395,9,2024-10-18,4127.27,1347.69,2024-11-05,Partial
3220,395,10,2024-11-18,4127.27,1711.55,2024-11-28,Partial
3221,395,11,2024-12-18,4127.27,0.0,,Missed
3222,396,1,2025-01-10,958.33,958.33,2025-01-10,Paid-OnTime
3223,396,2,2025-02-10,958.33,0.0,,Missed
3224,396,3,2025-03-10,958.33,0.0,,Missed
3225,396,4,2025-04-10,958.33,513.35,2025-05-03,Partial
3226,396,5,2025-05-10,958.33,0.0,,Missed
3227,396,6,2025-06-10,958.33,0.0,,Missed
3228,396,7,2025-07-10,958.33,958.33,2025-07-10,Paid-OnTime
3229,396,8,2025-08-10,958.33,958.33,2025-08-10,Paid-OnTime
3230,396,9,2025-09-10,958.33,958.33,2025-09-10,Paid-OnTime
3231,396,10,2025-10-10,958.33,958.33,2025-10-10,Paid-OnTime
3232,396,11,2025-11-10,958.33,958.33,2025-11-10,Paid-OnTime
3233,396,12,2025-12-10,958.33,958.33,2025-12-13,Paid-Late
3234,397,1,2025-11-23,9200.0,9200.0,2025-11-23,Paid-OnTime
3235,397,2,2025-12-23,9200.0,9200.0,2025-12-23,Paid-OnTime
3236,398,1,2026-05-21,21629.17,21629.17,2026-05-21,Paid-OnTime
3237,398,2,2026-06-21,21629.17,21629.17,2026-06-21,Paid-OnTime
3238,398,3,2026-07-21,21629.17,0.0,,Missed
3239,398,4,2026-08-21,21629.17,9661.06,2026-09-15,Partial
3240,399,1,2022-02-22,15000.0,15000.0,2022-02-22,Paid-OnTime
3241,400,1,2022-07-28,3418.18,3418.18,2022-07-28,Paid-OnTime
3242,400,2,2022-08-28,3418.18,3418.18,2022-08-31,Paid-Late
3243,400,3,2022-09-28,3418.18,3418.18,2022-09-28,Paid-OnTime
3244,400,4,2022-10-28,3418.18,3418.18,2022-10-28,Paid-OnTime
3245,400,5,2022-11-28,3418.18,3418.18,2022-11-28,Paid-OnTime
3246,400,6,2022-12-28,3418.18,3418.18,2022-12-28,Paid-OnTime
3247,400,7,2023-01-28,3418.18,3418.18,2023-01-28,Paid-OnTime
3248,400,8,2023-02-28,3418.18,3418.18,2023-02-28,Paid-OnTime
3249,400,9,2023-03-28,3418.18,3418.18,2023-03-28,Paid-OnTime
3250,400,10,2023-04-28,3418.18,3418.18,2023-04-28,Paid-OnTime
3251,400,11,2023-05-28,3418.18,3418.18,2023-05-28,Paid-OnTime
3252,401,1,2025-12-17,7414.58,7414.58,2025-12-17,Paid-OnTime
3253,401,2,2026-01-17,7414.58,7414.58,2026-01-17,Paid-OnTime
3254,401,3,2026-02-17,7414.58,7414.58,2026-02-17,Paid-OnTime
3255,401,4,2026-03-17,7414.58,7414.58,2026-03-17,Paid-OnTime
3256,401,5,2026-04-17,7414.58,7414.58,2026-04-17,Paid-OnTime
3257,401,6,2026-05-17,7414.58,7414.58,2026-05-17,Paid-OnTime
3258,401,7,2026-06-17,7414.58,7414.58,2026-06-17,Paid-OnTime
3259,401,8,2026-07-17,7414.58,7414.58,2026-07-17,Paid-OnTime
3260,401,9,2026-08-17,7414.58,7414.58,2026-08-17,Paid-OnTime
3261,402,1,2025-10-28,1215.38,1215.38,2025-10-28,Paid-OnTime
3262,402,2,2025-11-28,1215.38,1215.38,2025-11-28,Paid-OnTime
3263,402,3,2025-12-28,1215.38,1215.38,2025-12-28,Paid-OnTime
3264,402,4,2026-01-28,1215.38,1215.38,2026-01-28,Paid-OnTime
3265,402,5,2026-02-28,1215.38,1215.38,2026-02-28,Paid-OnTime
3266,402,6,2026-03-28,1215.38,1215.38,2026-03-28,Paid-OnTime
3267,402,7,2026-04-28,1215.38,1215.38,2026-05-04,Paid-Late
3268,402,8,2026-05-28,1215.38,1215.38,2026-05-28,Paid-OnTime
3269,402,9,2026-06-28,1215.38,1215.38,2026-06-28,Paid-OnTime
3270,402,10,2026-07-28,1215.38,1215.38,2026-07-28,Paid-OnTime
3271,402,11,2026-08-28,1215.38,1215.38,2026-08-28,Paid-OnTime
3272,403,1,2026-01-28,5233.33,5233.33,2026-01-28,Paid-OnTime
3273,403,2,2026-02-28,5233.33,5233.33,2026-02-28,Paid-OnTime
3274,403,3,2026-03-28,5233.33,5233.33,2026-03-28,Paid-OnTime
3275,404,1,2024-03-28,27670.83,27670.83,2024-03-28,Paid-OnTime
3276,404,2,2024-04-28,27670.83,27670.83,2024-04-28,Paid-OnTime
3277,404,3,2024-05-28,27670.83,27670.83,2024-05-28,Paid-OnTime
3278,404,4,2024-06-28,27670.83,27670.83,2024-06-28,Paid-OnTime
3279,404,5,2024-07-28,27670.83,27670.83,2024-07-28,Paid-OnTime
3280,404,6,2024-08-28,27670.83,27670.83,2024-08-28,Paid-OnTime
3281,404,7,2024-09-28,27670.83,27670.83,2024-09-28,Paid-OnTime
3282,404,8,2024-10-28,27670.83,27670.83,2024-10-28,Paid-OnTime
3283,404,9,2024-11-28,27670.83,27670.83,2024-11-28,Paid-OnTime
3284,404,10,2024-12-28,27670.83,27670.83,2024-12-28,Paid-OnTime
3285,404,11,2025-01-28,27670.83,27670.83,2025-01-28,Paid-OnTime
3286,404,12,2025-02-28,27670.83,27670.83,2025-02-28,Paid-OnTime
3287,404,13,2025-03-28,27670.83,27670.83,2025-04-07,Paid-Late
3288,404,14,2025-04-28,27670.83,27670.83,2025-04-28,Paid-OnTime
3289,404,15,2025-05-28,27670.83,27670.83,2025-05-28,Paid-OnTime
3290,404,16,2025-06-28,27670.83,27670.83,2025-06-28,Paid-OnTime
3291,404,17,2025-07-28,27670.83,27670.83,2025-07-28,Paid-OnTime
3292,404,18,2025-08-28,27670.83,27670.83,2025-08-28,Paid-OnTime
3293,404,19,2025-09-28,27670.83,27670.83,2025-09-28,Paid-OnTime
3294,404,20,2025-10-28,27670.83,27670.83,2025-10-28,Paid-OnTime
3295,404,21,2025-11-28,27670.83,27670.83,2025-11-28,Paid-OnTime
3296,404,22,2025-12-28,27670.83,27670.83,2025-12-28,Paid-OnTime
3297,404,23,2026-01-28,27670.83,27670.83,2026-01-28,Paid-OnTime
3298,404,24,2026-02-28,27670.83,27670.83,2026-03-09,Paid-Late
3299,404,25,2026-03-28,27670.83,27670.83,2026-03-28,Paid-OnTime
3300,404,26,2026-04-28,27670.83,27670.83,2026-04-28,Paid-OnTime
3301,404,27,2026-05-28,27670.83,27670.83,2026-05-28,Paid-OnTime
3302,404,28,2026-06-28,27670.83,27670.83,2026-06-28,Paid-OnTime
3303,404,29,2026-07-28,27670.83,27670.83,2026-07-28,Paid-OnTime
3304,404,30,2026-08-28,27670.83,27670.83,2026-08-28,Paid-OnTime
3305,405,1,2022-09-16,1645.45,1645.45,2022-09-16,Paid-OnTime
3306,405,2,2022-10-16,1645.45,1645.45,2022-10-16,Paid-OnTime
3307,405,3,2022-11-16,1645.45,1645.45,2022-11-16,Paid-OnTime
3308,405,4,2022-12-16,1645.45,1645.45,2022-12-16,Paid-OnTime
3309,405,5,2023-01-16,1645.45,1645.45,2023-01-16,Paid-OnTime
3310,405,6,2023-02-16,1645.45,1645.45,2023-02-16,Paid-OnTime
3311,405,7,2023-03-16,1645.45,1645.45,2023-03-16,Paid-OnTime
3312,405,8,2023-04-16,1645.45,1645.45,2023-04-16,Paid-OnTime
3313,405,9,2023-05-16,1645.45,1645.45,2023-05-16,Paid-OnTime
3314,405,10,2023-06-16,1645.45,1645.45,2023-06-16,Paid-OnTime
3315,405,11,2023-07-16,1645.45,1645.45,2023-07-16,Paid-OnTime
3316,406,1,2024-08-22,1800.0,1800.0,2024-08-22,Paid-OnTime
3317,406,2,2024-09-22,1800.0,1800.0,2024-09-22,Paid-OnTime
3318,406,3,2024-10-22,1800.0,1800.0,2024-10-22,Paid-OnTime
3319,406,4,2024-11-22,1800.0,1800.0,2024-11-22,Paid-OnTime
3320,407,1,2025-12-09,2540.0,2540.0,2025-12-09,Paid-OnTime
3321,407,2,2026-01-09,2540.0,2540.0,2026-01-09,Paid-OnTime
3322,407,3,2026-02-09,2540.0,0.0,,Missed
3323,407,4,2026-03-09,2540.0,724.82,2026-03-14,Partial
3324,407,5,2026-04-09,2540.0,2540.0,2026-04-09,Paid-OnTime
3325,409,1,2023-05-13,4531.15,4531.15,2023-05-13,Paid-OnTime
3326,409,2,2023-06-13,4531.15,4531.15,2023-06-13,Paid-OnTime
3327,409,3,2023-07-13,4531.15,4531.15,2023-07-13,Paid-OnTime
3328,409,4,2023-08-13,4531.15,4531.15,2023-08-13,Paid-OnTime
3329,409,5,2023-09-13,4531.15,4531.15,2023-09-13,Paid-OnTime
3330,409,6,2023-10-13,4531.15,4531.15,2023-10-13,Paid-OnTime
3331,409,7,2023-11-13,4531.15,4531.15,2023-11-13,Paid-OnTime
3332,409,8,2023-12-13,4531.15,4531.15,2023-12-13,Paid-OnTime
3333,409,9,2024-01-13,4531.15,4531.15,2024-01-13,Paid-OnTime
3334,409,10,2024-02-13,4531.15,4531.15,2024-02-13,Paid-OnTime
3335,409,11,2024-03-13,4531.15,4531.15,2024-03-13,Paid-OnTime
3336,409,12,2024-04-13,4531.15,4531.15,2024-04-13,Paid-OnTime
3337,409,13,2024-05-13,4531.15,4531.15,2024-05-13,Paid-OnTime
3338,409,14,2024-06-13,4531.15,4531.15,2024-06-13,Paid-OnTime
3339,409,15,2024-07-13,4531.15,4531.15,2024-07-13,Paid-OnTime
3340,409,16,2024-08-13,4531.15,4531.15,2024-08-13,Paid-OnTime
3341,409,17,2024-09-13,4531.15,4531.15,2024-09-13,Paid-OnTime
3342,409,18,2024-10-13,4531.15,4531.15,2024-10-13,Paid-OnTime
3343,409,19,2024-11-13,4531.15,4531.15,2024-11-13,Paid-OnTime
3344,409,20,2024-12-13,4531.15,4531.15,2024-12-13,Paid-OnTime
3345,409,21,2025-01-13,4531.15,4531.15,2025-01-13,Paid-OnTime
3346,409,22,2025-02-13,4531.15,4531.15,2025-02-13,Paid-OnTime
3347,409,23,2025-03-13,4531.15,4531.15,2025-03-13,Paid-OnTime
3348,409,24,2025-04-13,4531.15,4531.15,2025-04-13,Paid-OnTime
3349,409,25,2025-05-13,4531.15,4531.15,2025-05-13,Paid-OnTime
3350,409,26,2025-06-13,4531.15,4531.15,2025-06-22,Paid-Late
3351,409,27,2025-07-13,4531.15,4531.15,2025-07-13,Paid-OnTime
3352,409,28,2025-08-13,4531.15,4531.15,2025-08-13,Paid-OnTime
3353,409,29,2025-09-13,4531.15,4531.15,2025-09-13,Paid-OnTime
3354,409,30,2025-10-13,4531.15,4531.15,2025-10-13,Paid-OnTime
3355,409,31,2025-11-13,4531.15,4531.15,2025-11-13,Paid-OnTime
3356,409,32,2025-12-13,4531.15,4531.15,2025-12-13,Paid-OnTime
3357,409,33,2026-01-13,4531.15,4531.15,2026-01-13,Paid-OnTime
3358,409,34,2026-02-13,4531.15,4531.15,2026-02-13,Paid-OnTime
3359,409,35,2026-03-13,4531.15,4531.15,2026-03-13,Paid-OnTime
3360,409,36,2026-04-13,4531.15,4531.15,2026-04-13,Paid-OnTime
3361,409,37,2026-05-13,4531.15,4531.15,2026-05-13,Paid-OnTime
3362,409,38,2026-06-13,4531.15,4531.15,2026-06-13,Paid-OnTime
3363,409,39,2026-07-13,4531.15,4531.15,2026-07-13,Paid-OnTime
3364,409,40,2026-08-13,4531.15,4531.15,2026-08-13,Paid-OnTime
3365,410,1,2022-05-15,3312.0,3312.0,2022-05-15,Paid-OnTime
3366,410,2,2022-06-15,3312.0,3312.0,2022-06-15,Paid-OnTime
3367,410,3,2022-07-15,3312.0,3312.0,2022-07-15,Paid-OnTime
3368,410,4,2022-08-15,3312.0,3312.0,2022-08-15,Paid-OnTime
3369,410,5,2022-09-15,3312.0,3312.0,2022-09-15,Paid-OnTime
3370,410,6,2022-10-15,3312.0,3312.0,2022-10-15,Paid-OnTime
3371,410,7,2022-11-15,3312.0,3312.0,2022-11-15,Paid-OnTime
3372,410,8,2022-12-15,3312.0,3312.0,2022-12-15,Paid-OnTime
3373,410,9,2023-01-15,3312.0,3312.0,2023-01-15,Paid-OnTime
3374,410,10,2023-02-15,3312.0,3312.0,2023-02-15,Paid-OnTime
3375,410,11,2023-03-15,3312.0,3312.0,2023-03-15,Paid-OnTime
3376,410,12,2023-04-15,3312.0,3312.0,2023-04-15,Paid-OnTime
3377,410,13,2023-05-15,3312.0,3312.0,2023-05-15,Paid-OnTime
3378,410,14,2023-06-15,3312.0,3312.0,2023-06-15,Paid-OnTime
3379,410,15,2023-07-15,3312.0,3312.0,2023-07-15,Paid-OnTime
3380,410,16,2023-08-15,3312.0,3312.0,2023-08-15,Paid-OnTime
3381,410,17,2023-09-15,3312.0,3312.0,2023-09-18,Paid-Late
3382,410,18,2023-10-15,3312.0,3312.0,2023-10-15,Paid-OnTime
3383,410,19,2023-11-15,3312.0,3312.0,2023-11-15,Paid-OnTime
3384,410,20,2023-12-15,3312.0,3312.0,2023-12-15,Paid-OnTime
3385,410,21,2024-01-15,3312.0,3312.0,2024-01-15,Paid-OnTime
3386,410,22,2024-02-15,3312.0,3312.0,2024-02-23,Paid-Late
3387,410,23,2024-03-15,3312.0,3312.0,2024-03-15,Paid-OnTime
3388,410,24,2024-04-15,3312.0,3312.0,2024-04-22,Paid-Late
3389,410,25,2024-05-15,3312.0,3312.0,2024-05-15,Paid-OnTime
3390,411,1,2026-07-08,4825.0,4825.0,2026-07-08,Paid-OnTime
3391,411,2,2026-08-08,4825.0,4825.0,2026-08-08,Paid-OnTime
3392,412,1,2024-06-28,5223.33,5223.33,2024-06-28,Paid-OnTime
3393,412,2,2024-07-28,5223.33,5223.33,2024-07-28,Paid-OnTime
3394,412,3,2024-08-28,5223.33,5223.33,2024-08-28,Paid-OnTime
3395,412,4,2024-09-28,5223.33,5223.33,2024-09-28,Paid-OnTime
3396,412,5,2024-10-28,5223.33,5223.33,2024-10-28,Paid-OnTime
3397,412,6,2024-11-28,5223.33,5223.33,2024-11-28,Paid-OnTime
3398,412,7,2024-12-28,5223.33,5223.33,2024-12-28,Paid-OnTime
3399,412,8,2025-01-28,5223.33,5223.33,2025-01-28,Paid-OnTime
3400,412,9,2025-02-28,5223.33,5223.33,2025-02-28,Paid-OnTime
3401,412,10,2025-03-28,5223.33,5223.33,2025-03-28,Paid-OnTime
3402,412,11,2025-04-28,5223.33,5223.33,2025-04-28,Paid-OnTime
3403,412,12,2025-05-28,5223.33,5223.33,2025-05-28,Paid-OnTime
3404,412,13,2025-06-28,5223.33,5223.33,2025-06-28,Paid-OnTime
3405,412,14,2025-07-28,5223.33,5223.33,2025-07-28,Paid-OnTime
3406,412,15,2025-08-28,5223.33,5223.33,2025-08-28,Paid-OnTime
3407,412,16,2025-09-28,5223.33,5223.33,2025-09-28,Paid-OnTime
3408,412,17,2025-10-28,5223.33,5223.33,2025-10-28,Paid-OnTime
3409,412,18,2025-11-28,5223.33,5223.33,2025-11-28,Paid-OnTime
3410,412,19,2025-12-28,5223.33,5223.33,2025-12-28,Paid-OnTime
3411,412,20,2026-01-28,5223.33,5223.33,2026-01-28,Paid-OnTime
3412,412,21,2026-02-28,5223.33,5223.33,2026-02-28,Paid-OnTime
3413,412,22,2026-03-28,5223.33,5223.33,2026-03-28,Paid-OnTime
3414,412,23,2026-04-28,5223.33,5223.33,2026-04-28,Paid-OnTime
3415,412,24,2026-05-28,5223.33,5223.33,2026-05-28,Paid-OnTime
3416,412,25,2026-06-28,5223.33,5223.33,2026-06-28,Paid-OnTime
3417,412,26,2026-07-28,5223.33,5223.33,2026-07-28,Paid-OnTime
3418,412,27,2026-08-28,5223.33,5223.33,2026-08-28,Paid-OnTime
3419,413,1,2024-06-25,1641.67,1641.67,2024-06-25,Paid-OnTime
3420,413,2,2024-07-25,1641.67,1641.67,2024-07-25,Paid-OnTime
3421,413,3,2024-08-25,1641.67,1641.67,2024-08-25,Paid-OnTime
3422,413,4,2024-09-25,1641.67,1641.67,2024-09-25,Paid-OnTime
3423,413,5,2024-10-25,1641.67,1641.67,2024-10-25,Paid-OnTime
3424,413,6,2024-11-25,1641.67,1641.67,2024-11-25,Paid-OnTime
3425,413,7,2024-12-25,1641.67,1641.67,2024-12-25,Paid-OnTime
3426,413,8,2025-01-25,1641.67,1641.67,2025-01-25,Paid-OnTime
3427,413,9,2025-02-25,1641.67,1641.67,2025-02-25,Paid-OnTime
3428,413,10,2025-03-25,1641.67,0.0,,Missed
3429,413,11,2025-04-25,1641.67,0.0,,Missed
3430,413,12,2025-05-25,1641.67,0.0,,Missed
3431,414,1,2024-11-28,5066.67,5066.67,2024-11-28,Paid-OnTime
3432,414,2,2024-12-28,5066.67,5066.67,2024-12-28,Paid-OnTime
3433,414,3,2025-01-28,5066.67,5066.67,2025-01-28,Paid-OnTime
3434,415,1,2026-07-20,3825.0,3825.0,2026-07-20,Paid-OnTime
3435,415,2,2026-08-20,3825.0,3825.0,2026-08-20,Paid-OnTime
3436,416,1,2025-11-15,28666.67,28666.67,2025-11-15,Paid-OnTime
3437,416,2,2025-12-15,28666.67,28666.67,2025-12-25,Paid-Late
3438,416,3,2026-01-15,28666.67,28666.67,2026-01-15,Paid-OnTime
3439,417,1,2022-08-25,62400.0,62400.0,2022-08-25,Paid-OnTime
3440,418,1,2022-03-20,15733.33,15733.33,2022-03-20,Paid-OnTime
3441,418,2,2022-04-20,15733.33,15733.33,2022-04-20,Paid-OnTime
3442,418,3,2022-05-20,15733.33,15733.33,2022-05-20,Paid-OnTime
3443,419,1,2026-04-12,3130.77,3130.77,2026-04-12,Paid-OnTime
3444,419,2,2026-05-12,3130.77,3130.77,2026-05-17,Paid-Late
3445,419,3,2026-06-12,3130.77,3130.77,2026-06-12,Paid-OnTime
3446,419,4,2026-07-12,3130.77,3130.77,2026-07-12,Paid-OnTime
3447,419,5,2026-08-12,3130.77,3130.77,2026-08-12,Paid-OnTime
3448,420,1,2025-07-14,1500.0,1500.0,2025-07-14,Paid-OnTime
3449,420,2,2025-08-14,1500.0,1500.0,2025-08-14,Paid-OnTime
3450,420,3,2025-09-14,1500.0,1500.0,2025-09-14,Paid-OnTime
3451,420,4,2025-10-14,1500.0,1500.0,2025-10-14,Paid-OnTime
3452,420,5,2025-11-14,1500.0,1500.0,2025-11-14,Paid-OnTime
3453,420,6,2025-12-14,1500.0,1500.0,2025-12-14,Paid-OnTime
3454,420,7,2026-01-14,1500.0,1500.0,2026-01-14,Paid-OnTime
3455,420,8,2026-02-14,1500.0,1500.0,2026-02-14,Paid-OnTime
3456,420,9,2026-03-14,1500.0,1500.0,2026-03-14,Paid-OnTime
3457,420,10,2026-04-14,1500.0,1500.0,2026-04-14,Paid-OnTime
3458,420,11,2026-05-14,1500.0,1500.0,2026-05-14,Paid-OnTime
3459,420,12,2026-06-14,1500.0,1500.0,2026-06-24,Paid-Late
3460,421,1,2024-09-01,17197.87,17197.87,2024-09-01,Paid-OnTime
3461,421,2,2024-10-01,17197.87,17197.87,2024-10-01,Paid-OnTime
3462,421,3,2024-11-01,17197.87,17197.87,2024-11-01,Paid-OnTime
3463,421,4,2024-12-01,17197.87,17197.87,2024-12-01,Paid-OnTime
3464,421,5,2025-01-01,17197.87,17197.87,2025-01-01,Paid-OnTime
3465,421,6,2025-02-01,17197.87,17197.87,2025-02-01,Paid-OnTime
3466,421,7,2025-03-01,17197.87,6357.12,2025-03-10,Partial
3467,421,8,2025-04-01,17197.87,8987.04,2025-04-18,Partial
3468,421,9,2025-05-01,17197.87,4990.6,2025-05-22,Partial
3469,421,10,2025-06-01,17197.87,17197.87,2025-06-01,Paid-OnTime
3470,421,11,2025-07-01,17197.87,17197.87,2025-07-01,Paid-OnTime
3471,421,12,2025-08-01,17197.87,17197.87,2025-08-01,Paid-OnTime
3472,421,13,2025-09-01,17197.87,17197.87,2025-09-01,Paid-OnTime
3473,421,14,2025-10-01,17197.87,17197.87,2025-10-01,Paid-OnTime
3474,421,15,2025-11-01,17197.87,17197.87,2025-11-06,Paid-Late
3475,421,16,2025-12-01,17197.87,17197.87,2025-12-01,Paid-OnTime
3476,421,17,2026-01-01,17197.87,17197.87,2026-01-01,Paid-OnTime
3477,421,18,2026-02-01,17197.87,17197.87,2026-02-01,Paid-OnTime
3478,421,19,2026-03-01,17197.87,17197.87,2026-03-01,Paid-OnTime
3479,421,20,2026-04-01,17197.87,17197.87,2026-04-01,Paid-OnTime
3480,421,21,2026-05-01,17197.87,17197.87,2026-05-01,Paid-OnTime
3481,421,22,2026-06-01,17197.87,17197.87,2026-06-01,Paid-OnTime
3482,421,23,2026-07-01,17197.87,17197.87,2026-07-01,Paid-OnTime
3483,421,24,2026-08-01,17197.87,17197.87,2026-08-01,Paid-OnTime
3484,422,1,2022-06-07,10726.53,10726.53,2022-06-07,Paid-OnTime
3485,422,2,2022-07-07,10726.53,10726.53,2022-07-07,Paid-OnTime
3486,422,3,2022-08-07,10726.53,10726.53,2022-08-07,Paid-OnTime
3487,422,4,2022-09-07,10726.53,10726.53,2022-09-12,Paid-Late
3488,422,5,2022-10-07,10726.53,10726.53,2022-10-07,Paid-OnTime
3489,422,6,2022-11-07,10726.53,10726.53,2022-11-07,Paid-OnTime
3490,422,7,2022-12-07,10726.53,10726.53,2022-12-07,Paid-OnTime
3491,422,8,2023-01-07,10726.53,10726.53,2023-01-07,Paid-OnTime
3492,422,9,2023-02-07,10726.53,10726.53,2023-02-07,Paid-OnTime
3493,422,10,2023-03-07,10726.53,10726.53,2023-03-07,Paid-OnTime
3494,422,11,2023-04-07,10726.53,10726.53,2023-04-07,Paid-OnTime
3495,422,12,2023-05-07,10726.53,10726.53,2023-05-07,Paid-OnTime
3496,422,13,2023-06-07,10726.53,10726.53,2023-06-07,Paid-OnTime
3497,422,14,2023-07-07,10726.53,10726.53,2023-07-07,Paid-OnTime
3498,422,15,2023-08-07,10726.53,10726.53,2023-08-07,Paid-OnTime
3499,422,16,2023-09-07,10726.53,10726.53,2023-09-07,Paid-OnTime
3500,422,17,2023-10-07,10726.53,10726.53,2023-10-07,Paid-OnTime
3501,422,18,2023-11-07,10726.53,10726.53,2023-11-07,Paid-OnTime
3502,422,19,2023-12-07,10726.53,10726.53,2023-12-07,Paid-OnTime
3503,422,20,2024-01-07,10726.53,10726.53,2024-01-07,Paid-OnTime
3504,422,21,2024-02-07,10726.53,10726.53,2024-02-07,Paid-OnTime
3505,422,22,2024-03-07,10726.53,10726.53,2024-03-07,Paid-OnTime
3506,422,23,2024-04-07,10726.53,10726.53,2024-04-07,Paid-OnTime
3507,422,24,2024-05-07,10726.53,10726.53,2024-05-07,Paid-OnTime
3508,422,25,2024-06-07,10726.53,10726.53,2024-06-07,Paid-OnTime
3509,422,26,2024-07-07,10726.53,10726.53,2024-07-07,Paid-OnTime
3510,422,27,2024-08-07,10726.53,10726.53,2024-08-07,Paid-OnTime
3511,422,28,2024-09-07,10726.53,10726.53,2024-09-07,Paid-OnTime
3512,422,29,2024-10-07,10726.53,10726.53,2024-10-07,Paid-OnTime
3513,422,30,2024-11-07,10726.53,10726.53,2024-11-07,Paid-OnTime
3514,422,31,2024-12-07,10726.53,10726.53,2024-12-07,Paid-OnTime
3515,422,32,2025-01-07,10726.53,10726.53,2025-01-07,Paid-OnTime
3516,422,33,2025-02-07,10726.53,10726.53,2025-02-07,Paid-OnTime
3517,422,34,2025-03-07,10726.53,10726.53,2025-03-07,Paid-OnTime
3518,422,35,2025-04-07,10726.53,10726.53,2025-04-07,Paid-OnTime
3519,422,36,2025-05-07,10726.53,10726.53,2025-05-07,Paid-OnTime
3520,422,37,2025-06-07,10726.53,10726.53,2025-06-07,Paid-OnTime
3521,422,38,2025-07-07,10726.53,10726.53,2025-07-07,Paid-OnTime
3522,422,39,2025-08-07,10726.53,10726.53,2025-08-07,Paid-OnTime
3523,422,40,2025-09-07,10726.53,10726.53,2025-09-07,Paid-OnTime
3524,422,41,2025-10-07,10726.53,10726.53,2025-10-07,Paid-OnTime
3525,422,42,2025-11-07,10726.53,10726.53,2025-11-07,Paid-OnTime
3526,422,43,2025-12-07,10726.53,10726.53,2025-12-07,Paid-OnTime
3527,422,44,2026-01-07,10726.53,10726.53,2026-01-07,Paid-OnTime
3528,422,45,2026-02-07,10726.53,10726.53,2026-02-07,Paid-OnTime
3529,422,46,2026-03-07,10726.53,10726.53,2026-03-07,Paid-OnTime
3530,422,47,2026-04-07,10726.53,10726.53,2026-04-07,Paid-OnTime
3531,422,48,2026-05-07,10726.53,10726.53,2026-05-07,Paid-OnTime
3532,422,49,2026-06-07,10726.53,10726.53,2026-06-07,Paid-OnTime
3533,423,1,2023-06-28,23214.58,23214.58,2023-06-28,Paid-OnTime
3534,423,2,2023-07-28,23214.58,23214.58,2023-07-28,Paid-OnTime
3535,423,3,2023-08-28,23214.58,23214.58,2023-08-28,Paid-OnTime
3536,423,4,2023-09-28,23214.58,23214.58,2023-09-28,Paid-OnTime
3537,423,5,2023-10-28,23214.58,23214.58,2023-10-28,Paid-OnTime
3538,423,6,2023-11-28,23214.58,23214.58,2023-11-28,Paid-OnTime
3539,423,7,2023-12-28,23214.58,23214.58,2023-12-28,Paid-OnTime
3540,423,8,2024-01-28,23214.58,23214.58,2024-01-28,Paid-OnTime
3541,423,9,2024-02-28,23214.58,23214.58,2024-02-28,Paid-OnTime
3542,423,10,2024-03-28,23214.58,23214.58,2024-03-28,Paid-OnTime
3543,423,11,2024-04-28,23214.58,23214.58,2024-04-28,Paid-OnTime
3544,423,12,2024-05-28,23214.58,23214.58,2024-05-28,Paid-OnTime
3545,423,13,2024-06-28,23214.58,23214.58,2024-06-28,Paid-OnTime
3546,423,14,2024-07-28,23214.58,23214.58,2024-08-05,Paid-Late
3547,423,15,2024-08-28,23214.58,23214.58,2024-08-28,Paid-OnTime
3548,423,16,2024-09-28,23214.58,23214.58,2024-09-28,Paid-OnTime
3549,423,17,2024-10-28,23214.58,23214.58,2024-10-28,Paid-OnTime
3550,423,18,2024-11-28,23214.58,23214.58,2024-11-28,Paid-OnTime
3551,423,19,2024-12-28,23214.58,23214.58,2024-12-28,Paid-OnTime
3552,423,20,2025-01-28,23214.58,23214.58,2025-01-28,Paid-OnTime
3553,423,21,2025-02-28,23214.58,23214.58,2025-02-28,Paid-OnTime
3554,423,22,2025-03-28,23214.58,23214.58,2025-03-28,Paid-OnTime
3555,423,23,2025-04-28,23214.58,23214.58,2025-04-28,Paid-OnTime
3556,423,24,2025-05-28,23214.58,23214.58,2025-05-28,Paid-OnTime
3557,423,25,2025-06-28,23214.58,23214.58,2025-06-28,Paid-OnTime
3558,423,26,2025-07-28,23214.58,23214.58,2025-07-28,Paid-OnTime
3559,423,27,2025-08-28,23214.58,23214.58,2025-08-28,Paid-OnTime
3560,423,28,2025-09-28,23214.58,23214.58,2025-09-28,Paid-OnTime
3561,423,29,2025-10-28,23214.58,23214.58,2025-10-28,Paid-OnTime
3562,423,30,2025-11-28,23214.58,23214.58,2025-11-28,Paid-OnTime
3563,423,31,2025-12-28,23214.58,23214.58,2025-12-28,Paid-OnTime
3564,423,32,2026-01-28,23214.58,23214.58,2026-01-28,Paid-OnTime
3565,423,33,2026-02-28,23214.58,23214.58,2026-02-28,Paid-OnTime
3566,423,34,2026-03-28,23214.58,23214.58,2026-03-28,Paid-OnTime
3567,423,35,2026-04-28,23214.58,23214.58,2026-04-28,Paid-OnTime
3568,423,36,2026-05-28,23214.58,23214.58,2026-05-28,Paid-OnTime
3569,423,37,2026-06-28,23214.58,23214.58,2026-06-28,Paid-OnTime
3570,423,38,2026-07-28,23214.58,23214.58,2026-07-28,Paid-OnTime
3571,423,39,2026-08-28,23214.58,23214.58,2026-08-28,Paid-OnTime
3572,424,1,2023-10-14,2066.67,2066.67,2023-10-14,Paid-OnTime
3573,424,2,2023-11-14,2066.67,2066.67,2023-11-14,Paid-OnTime
3574,424,3,2023-12-14,2066.67,2066.67,2023-12-14,Paid-OnTime
3575,425,1,2022-03-07,2285.71,2285.71,2022-03-07,Paid-OnTime
3576,425,2,2022-04-07,2285.71,2285.71,2022-04-07,Paid-OnTime
3577,425,3,2022-05-07,2285.71,2285.71,2022-05-07,Paid-OnTime
3578,425,4,2022-06-07,2285.71,2285.71,2022-06-07,Paid-OnTime
3579,425,5,2022-07-07,2285.71,2285.71,2022-07-07,Paid-OnTime
3580,425,6,2022-08-07,2285.71,2285.71,2022-08-07,Paid-OnTime
3581,425,7,2022-09-07,2285.71,2285.71,2022-09-07,Paid-OnTime
3582,426,1,2024-07-13,1427.27,1427.27,2024-07-13,Paid-OnTime
3583,426,2,2024-08-13,1427.27,1427.27,2024-08-13,Paid-OnTime
3584,426,3,2024-09-13,1427.27,1427.27,2024-09-16,Paid-Late
3585,426,4,2024-10-13,1427.27,1427.27,2024-10-13,Paid-OnTime
3586,426,5,2024-11-13,1427.27,1427.27,2024-11-13,Paid-OnTime
3587,426,6,2024-12-13,1427.27,1427.27,2024-12-13,Paid-OnTime
3588,426,7,2025-01-13,1427.27,1427.27,2025-01-13,Paid-OnTime
3589,426,8,2025-02-13,1427.27,0.0,,Missed
3590,426,9,2025-03-13,1427.27,0.0,,Missed
3591,426,10,2025-04-13,1427.27,0.0,,Missed
3592,426,11,2025-05-13,1427.27,0.0,,Missed
3593,427,1,2023-10-12,11975.0,11975.0,2023-10-12,Paid-OnTime
3594,427,2,2023-11-12,11975.0,11975.0,2023-11-12,Paid-OnTime
3595,427,3,2023-12-12,11975.0,11975.0,2023-12-12,Paid-OnTime
3596,427,4,2024-01-12,11975.0,11975.0,2024-01-12,Paid-OnTime
3597,428,1,2024-03-01,3354.55,3354.55,2024-03-01,Paid-OnTime
3598,428,2,2024-04-01,3354.55,3354.55,2024-04-01,Paid-OnTime
3599,428,3,2024-05-01,3354.55,3354.55,2024-05-01,Paid-OnTime
3600,428,4,2024-06-01,3354.55,3354.55,2024-06-01,Paid-OnTime
3601,428,5,2024-07-01,3354.55,3354.55,2024-07-01,Paid-OnTime
3602,428,6,2024-08-01,3354.55,3354.55,2024-08-07,Paid-Late
3603,428,7,2024-09-01,3354.55,3354.55,2024-09-01,Paid-OnTime
3604,428,8,2024-10-01,3354.55,3354.55,2024-10-01,Paid-OnTime
3605,428,9,2024-11-01,3354.55,3354.55,2024-11-01,Paid-OnTime
3606,428,10,2024-12-01,3354.55,3354.55,2024-12-01,Paid-OnTime
3607,428,11,2025-01-01,3354.55,3354.55,2025-01-01,Paid-OnTime
3608,430,1,2025-07-02,3725.0,3725.0,2025-07-08,Paid-Late
3609,430,2,2025-08-02,3725.0,3725.0,2025-08-02,Paid-OnTime
3610,430,3,2025-09-02,3725.0,3725.0,2025-09-02,Paid-OnTime
3611,430,4,2025-10-02,3725.0,3725.0,2025-10-02,Paid-OnTime
3612,430,5,2025-11-02,3725.0,3725.0,2025-11-02,Paid-OnTime
3613,430,6,2025-12-02,3725.0,3725.0,2025-12-10,Paid-Late
3614,430,7,2026-01-02,3725.0,3725.0,2026-01-02,Paid-OnTime
3615,430,8,2026-02-02,3725.0,3725.0,2026-02-02,Paid-OnTime
3616,430,9,2026-03-02,3725.0,3725.0,2026-03-02,Paid-OnTime
3617,430,10,2026-04-02,3725.0,3725.0,2026-04-02,Paid-OnTime
3618,430,11,2026-05-02,3725.0,3725.0,2026-05-02,Paid-OnTime
3619,430,12,2026-06-02,3725.0,3725.0,2026-06-02,Paid-OnTime
3620,431,1,2023-05-07,3141.67,3141.67,2023-05-07,Paid-OnTime
3621,431,2,2023-06-07,3141.67,3141.67,2023-06-07,Paid-OnTime
3622,431,3,2023-07-07,3141.67,3141.67,2023-07-07,Paid-OnTime
3623,431,4,2023-08-07,3141.67,3141.67,2023-08-07,Paid-OnTime
3624,431,5,2023-09-07,3141.67,3141.67,2023-09-07,Paid-OnTime
3625,431,6,2023-10-07,3141.67,3141.67,2023-10-07,Paid-OnTime
3626,431,7,2023-11-07,3141.67,3141.67,2023-11-07,Paid-OnTime
3627,431,8,2023-12-07,3141.67,3141.67,2023-12-07,Paid-OnTime
3628,431,9,2024-01-07,3141.67,3141.67,2024-01-07,Paid-OnTime
3629,431,10,2024-02-07,3141.67,3141.67,2024-02-07,Paid-OnTime
3630,431,11,2024-03-07,3141.67,3141.67,2024-03-07,Paid-OnTime
3631,431,12,2024-04-07,3141.67,3141.67,2024-04-07,Paid-OnTime
3632,432,1,2024-03-20,5183.33,5183.33,2024-03-20,Paid-OnTime
3633,432,2,2024-04-20,5183.33,0.0,,Missed
3634,432,3,2024-05-20,5183.33,0.0,,Missed
3635,432,4,2024-06-20,5183.33,2612.4,2024-06-28,Partial
3636,432,5,2024-07-20,5183.33,0.0,,Missed
3637,432,6,2024-08-20,5183.33,0.0,,Missed
3638,432,7,2024-09-20,5183.33,2479.21,2024-10-08,Partial
3639,432,8,2024-10-20,5183.33,0.0,,Missed
3640,432,9,2024-11-20,5183.33,1753.12,2024-12-14,Partial
3641,432,10,2024-12-20,5183.33,0.0,,Missed
3642,432,11,2025-01-20,5183.33,2178.14,2025-02-02,Partial
3643,432,12,2025-02-20,5183.33,1752.34,2025-03-12,Partial
3644,433,1,2023-01-24,4018.18,4018.18,2023-01-24,Paid-OnTime
3645,433,2,2023-02-24,4018.18,0.0,,Missed
3646,433,3,2023-03-24,4018.18,2763.07,2023-03-29,Partial
3647,433,4,2023-04-24,4018.18,1513.52,2023-04-30,Partial
3648,433,5,2023-05-24,4018.18,0.0,,Missed
3649,433,6,2023-06-24,4018.18,0.0,,Missed
3650,433,7,2023-07-24,4018.18,0.0,,Missed
3651,433,8,2023-08-24,4018.18,0.0,,Missed
3652,433,9,2023-09-24,4018.18,0.0,,Missed
3653,433,10,2023-10-24,4018.18,0.0,,Missed
3654,433,11,2023-11-24,4018.18,0.0,,Missed
3655,434,1,2025-09-07,13300.0,13300.0,2025-09-07,Paid-OnTime
3656,434,2,2025-10-07,13300.0,13300.0,2025-10-07,Paid-OnTime
3657,434,3,2025-11-07,13300.0,13300.0,2025-11-07,Paid-OnTime
3658,434,4,2025-12-07,13300.0,13300.0,2025-12-07,Paid-OnTime
3659,435,1,2022-12-04,544.0,544.0,2022-12-04,Paid-OnTime
3660,435,2,2023-01-04,544.0,544.0,2023-01-04,Paid-OnTime
3661,435,3,2023-02-04,544.0,544.0,2023-02-04,Paid-OnTime
3662,435,4,2023-03-04,544.0,544.0,2023-03-04,Paid-OnTime
3663,435,5,2023-04-04,544.0,544.0,2023-04-04,Paid-OnTime
3664,435,6,2023-05-04,544.0,544.0,2023-05-04,Paid-OnTime
3665,435,7,2023-06-04,544.0,544.0,2023-06-04,Paid-OnTime
3666,435,8,2023-07-04,544.0,544.0,2023-07-09,Paid-Late
3667,435,9,2023-08-04,544.0,544.0,2023-08-04,Paid-OnTime
3668,435,10,2023-09-04,544.0,544.0,2023-09-04,Paid-OnTime
3669,435,11,2023-10-04,544.0,544.0,2023-10-04,Paid-OnTime
3670,435,12,2023-11-04,544.0,544.0,2023-11-04,Paid-OnTime
3671,435,13,2023-12-04,544.0,544.0,2023-12-04,Paid-OnTime
3672,435,14,2024-01-04,544.0,544.0,2024-01-04,Paid-OnTime
3673,435,15,2024-02-04,544.0,544.0,2024-02-04,Paid-OnTime
3674,435,16,2024-03-04,544.0,544.0,2024-03-04,Paid-OnTime
3675,435,17,2024-04-04,544.0,544.0,2024-04-04,Paid-OnTime
3676,435,18,2024-05-04,544.0,544.0,2024-05-04,Paid-OnTime
3677,435,19,2024-06-04,544.0,544.0,2024-06-04,Paid-OnTime
3678,435,20,2024-07-04,544.0,544.0,2024-07-04,Paid-OnTime
3679,435,21,2024-08-04,544.0,544.0,2024-08-04,Paid-OnTime
3680,435,22,2024-09-04,544.0,544.0,2024-09-04,Paid-OnTime
3681,435,23,2024-10-04,544.0,544.0,2024-10-04,Paid-OnTime
3682,435,24,2024-11-04,544.0,544.0,2024-11-04,Paid-OnTime
3683,435,25,2024-12-04,544.0,544.0,2024-12-04,Paid-OnTime
3684,436,1,2025-04-24,3833.33,3833.33,2025-04-24,Paid-OnTime
3685,436,2,2025-05-24,3833.33,3833.33,2025-05-24,Paid-OnTime
3686,436,3,2025-06-24,3833.33,3833.33,2025-06-24,Paid-OnTime
3687,436,4,2025-07-24,3833.33,3833.33,2025-07-24,Paid-OnTime
3688,436,5,2025-08-24,3833.33,3833.33,2025-08-24,Paid-OnTime
3689,436,6,2025-09-24,3833.33,3833.33,2025-09-24,Paid-OnTime
3690,436,7,2025-10-24,3833.33,3833.33,2025-10-24,Paid-OnTime
3691,436,8,2025-11-24,3833.33,3833.33,2025-11-24,Paid-OnTime
3692,436,9,2025-12-24,3833.33,3833.33,2025-12-24,Paid-OnTime
3693,436,10,2026-01-24,3833.33,3833.33,2026-01-24,Paid-OnTime
3694,436,11,2026-02-24,3833.33,3833.33,2026-02-24,Paid-OnTime
3695,436,12,2026-03-24,3833.33,3833.33,2026-03-24,Paid-OnTime
3696,437,1,2024-08-08,1533.33,1533.33,2024-08-08,Paid-OnTime
3697,437,2,2024-09-08,1533.33,1533.33,2024-09-08,Paid-OnTime
3698,437,3,2024-10-08,1533.33,1533.33,2024-10-08,Paid-OnTime
3699,437,4,2024-11-08,1533.33,1533.33,2024-11-08,Paid-OnTime
3700,437,5,2024-12-08,1533.33,1533.33,2024-12-08,Paid-OnTime
3701,437,6,2025-01-08,1533.33,1533.33,2025-01-08,Paid-OnTime
3702,438,1,2022-09-28,9166.67,9166.67,2022-09-28,Paid-OnTime
3703,438,2,2022-10-28,9166.67,9166.67,2022-10-28,Paid-OnTime
3704,438,3,2022-11-28,9166.67,9166.67,2022-11-28,Paid-OnTime
3705,439,1,2022-03-01,2080.0,2080.0,2022-03-01,Paid-OnTime
3706,439,2,2022-04-01,2080.0,2080.0,2022-04-01,Paid-OnTime
3707,439,3,2022-05-01,2080.0,2080.0,2022-05-01,Paid-OnTime
3708,439,4,2022-06-01,2080.0,2080.0,2022-06-10,Paid-Late
3709,439,5,2022-07-01,2080.0,2080.0,2022-07-06,Paid-Late
3710,440,1,2025-11-28,45450.0,45450.0,2025-11-28,Paid-OnTime
3711,440,2,2025-12-28,45450.0,45450.0,2025-12-28,Paid-OnTime
3712,441,1,2026-02-17,20933.33,20933.33,2026-02-17,Paid-OnTime
3713,441,2,2026-03-17,20933.33,20933.33,2026-03-17,Paid-OnTime
3714,441,3,2026-04-17,20933.33,20933.33,2026-04-17,Paid-OnTime
3715,442,1,2025-12-28,3916.67,3916.67,2025-12-28,Paid-OnTime
3716,442,2,2026-01-28,3916.67,3916.67,2026-01-28,Paid-OnTime
3717,442,3,2026-02-28,3916.67,3916.67,2026-02-28,Paid-OnTime
3718,442,4,2026-03-28,3916.67,3916.67,2026-03-28,Paid-OnTime
3719,442,5,2026-04-28,3916.67,3916.67,2026-04-28,Paid-OnTime
3720,442,6,2026-05-28,3916.67,3916.67,2026-06-05,Paid-Late
3721,443,1,2024-03-16,2466.67,2466.67,2024-03-16,Paid-OnTime
3722,443,2,2024-04-16,2466.67,2466.67,2024-04-16,Paid-OnTime
3723,443,3,2024-05-16,2466.67,2466.67,2024-05-16,Paid-OnTime
3724,443,4,2024-06-16,2466.67,2466.67,2024-06-16,Paid-OnTime
3725,443,5,2024-07-16,2466.67,2466.67,2024-07-16,Paid-OnTime
3726,443,6,2024-08-16,2466.67,2466.67,2024-08-16,Paid-OnTime
3727,444,1,2024-06-23,1358.33,1358.33,2024-06-23,Paid-OnTime
3728,444,2,2024-07-23,1358.33,1358.33,2024-07-23,Paid-OnTime
3729,444,3,2024-08-23,1358.33,1358.33,2024-08-23,Paid-OnTime
3730,444,4,2024-09-23,1358.33,0.0,,Missed
3731,444,5,2024-10-23,1358.33,339.22,2024-11-06,Partial
3732,444,6,2024-11-23,1358.33,467.59,2024-12-06,Partial
3733,444,7,2024-12-23,1358.33,783.4,2025-01-04,Partial
3734,444,8,2025-01-23,1358.33,367.43,2025-02-03,Partial
3735,444,9,2025-02-23,1358.33,0.0,,Missed
3736,444,10,2025-03-23,1358.33,0.0,,Missed
3737,444,11,2025-04-23,1358.33,0.0,,Missed
3738,444,12,2025-05-23,1358.33,0.0,,Missed
3739,445,1,2025-02-10,33022.45,33022.45,2025-02-16,Paid-Late
3740,445,2,2025-03-10,33022.45,33022.45,2025-03-10,Paid-OnTime
3741,445,3,2025-04-10,33022.45,33022.45,2025-04-10,Paid-OnTime
3742,445,4,2025-05-10,33022.45,33022.45,2025-05-10,Paid-OnTime
3743,445,5,2025-06-10,33022.45,33022.45,2025-06-10,Paid-OnTime
3744,445,6,2025-07-10,33022.45,33022.45,2025-07-10,Paid-OnTime
3745,445,7,2025-08-10,33022.45,33022.45,2025-08-10,Paid-OnTime
3746,445,8,2025-09-10,33022.45,33022.45,2025-09-10,Paid-OnTime
3747,445,9,2025-10-10,33022.45,33022.45,2025-10-10,Paid-OnTime
3748,445,10,2025-11-10,33022.45,33022.45,2025-11-10,Paid-OnTime
3749,445,11,2025-12-10,33022.45,33022.45,2025-12-10,Paid-OnTime
3750,445,12,2026-01-10,33022.45,33022.45,2026-01-10,Paid-OnTime
3751,445,13,2026-02-10,33022.45,33022.45,2026-02-10,Paid-OnTime
3752,445,14,2026-03-10,33022.45,33022.45,2026-03-10,Paid-OnTime
3753,445,15,2026-04-10,33022.45,33022.45,2026-04-10,Paid-OnTime
3754,445,16,2026-05-10,33022.45,33022.45,2026-05-10,Paid-OnTime
3755,445,17,2026-06-10,33022.45,33022.45,2026-06-10,Paid-OnTime
3756,445,18,2026-07-10,33022.45,33022.45,2026-07-10,Paid-OnTime
3757,445,19,2026-08-10,33022.45,33022.45,2026-08-10,Paid-OnTime
3758,446,1,2026-04-07,2192.31,2192.31,2026-04-07,Paid-OnTime
3759,446,2,2026-05-07,2192.31,2192.31,2026-05-11,Paid-Late
3760,446,3,2026-06-07,2192.31,2192.31,2026-06-07,Paid-OnTime
3761,446,4,2026-07-07,2192.31,2192.31,2026-07-07,Paid-OnTime
3762,446,5,2026-08-07,2192.31,2192.31,2026-08-07,Paid-OnTime
3763,447,1,2025-08-06,5720.0,5720.0,2025-08-06,Paid-OnTime
3764,447,2,2025-09-06,5720.0,5720.0,2025-09-06,Paid-OnTime
3765,447,3,2025-10-06,5720.0,5720.0,2025-10-06,Paid-OnTime
3766,447,4,2025-11-06,5720.0,0.0,,Missed
3767,447,5,2025-12-06,5720.0,3863.38,2025-12-17,Partial
3768,448,1,2025-12-09,31650.0,31650.0,2025-12-09,Paid-OnTime
3769,448,2,2026-01-09,31650.0,31650.0,2026-01-09,Paid-OnTime
3770,449,1,2023-10-01,4283.33,4283.33,2023-10-01,Paid-OnTime
3771,449,2,2023-11-01,4283.33,4283.33,2023-11-01,Paid-OnTime
3772,449,3,2023-12-01,4283.33,4283.33,2023-12-01,Paid-OnTime
3773,449,4,2024-01-01,4283.33,4283.33,2024-01-01,Paid-OnTime
3774,449,5,2024-02-01,4283.33,4283.33,2024-02-01,Paid-OnTime
3775,449,6,2024-03-01,4283.33,4283.33,2024-03-01,Paid-OnTime
3776,450,1,2024-08-04,4650.0,4650.0,2024-08-04,Paid-OnTime
3777,450,2,2024-09-04,4650.0,4650.0,2024-09-04,Paid-OnTime
3778,450,3,2024-10-04,4650.0,4650.0,2024-10-04,Paid-OnTime
3779,450,4,2024-11-04,4650.0,4650.0,2024-11-04,Paid-OnTime
3780,451,1,2024-10-17,4266.67,4266.67,2024-10-17,Paid-OnTime
3781,451,2,2024-11-17,4266.67,1411.43,2024-12-02,Partial
3782,451,3,2024-12-17,4266.67,0.0,,Missed
3783,452,1,2023-04-28,10640.0,10640.0,2023-04-28,Paid-OnTime
3784,452,2,2023-05-28,10640.0,10640.0,2023-05-28,Paid-OnTime
3785,452,3,2023-06-28,10640.0,10640.0,2023-06-28,Paid-OnTime
3786,452,4,2023-07-28,10640.0,10640.0,2023-07-28,Paid-OnTime
3787,452,5,2023-08-28,10640.0,10640.0,2023-08-28,Paid-OnTime
3788,453,1,2025-03-06,6900.0,6900.0,2025-03-06,Paid-OnTime
3789,453,2,2025-04-06,6900.0,6900.0,2025-04-06,Paid-OnTime
3790,454,1,2024-04-21,2185.71,2185.71,2024-04-21,Paid-OnTime
3791,454,2,2024-05-21,2185.71,2185.71,2024-05-21,Paid-OnTime
3792,454,3,2024-06-21,2185.71,2185.71,2024-06-21,Paid-OnTime
3793,454,4,2024-07-21,2185.71,2185.71,2024-07-21,Paid-OnTime
3794,454,5,2024-08-21,2185.71,2185.71,2024-08-24,Paid-Late
3795,454,6,2024-09-21,2185.71,2185.71,2024-09-21,Paid-OnTime
3796,454,7,2024-10-21,2185.71,2185.71,2024-10-21,Paid-OnTime
3797,455,1,2024-10-20,4533.33,4533.33,2024-10-20,Paid-OnTime
3798,455,2,2024-11-20,4533.33,4533.33,2024-11-20,Paid-OnTime
3799,455,3,2024-12-20,4533.33,4533.33,2024-12-20,Paid-OnTime
3800,456,1,2024-03-13,2300.0,2300.0,2024-03-13,Paid-OnTime
3801,456,2,2024-04-13,2300.0,2300.0,2024-04-13,Paid-OnTime
3802,456,3,2024-05-13,2300.0,2300.0,2024-05-13,Paid-OnTime
3803,456,4,2024-06-13,2300.0,2300.0,2024-06-13,Paid-OnTime
3804,457,1,2026-04-01,20833.33,20833.33,2026-04-01,Paid-OnTime
3805,457,2,2026-05-01,20833.33,20833.33,2026-05-01,Paid-OnTime
3806,457,3,2026-06-01,20833.33,20833.33,2026-06-01,Paid-OnTime
3807,458,1,2024-06-20,3850.0,3850.0,2024-06-20,Paid-OnTime
3808,458,2,2024-07-20,3850.0,3850.0,2024-07-20,Paid-OnTime
3809,458,3,2024-08-20,3850.0,3850.0,2024-08-20,Paid-OnTime
3810,458,4,2024-09-20,3850.0,3850.0,2024-09-20,Paid-OnTime
3811,459,1,2024-05-12,10500.0,10500.0,2024-05-12,Paid-OnTime
3812,459,2,2024-06-12,10500.0,10500.0,2024-06-12,Paid-OnTime
3813,459,3,2024-07-12,10500.0,10500.0,2024-07-12,Paid-OnTime
3814,460,1,2026-05-12,29748.98,29748.98,2026-05-18,Paid-Late
3815,460,2,2026-06-12,29748.98,29748.98,2026-06-12,Paid-OnTime
3816,460,3,2026-07-12,29748.98,29748.98,2026-07-12,Paid-OnTime
3817,460,4,2026-08-12,29748.98,29748.98,2026-08-12,Paid-OnTime
3818,461,1,2026-05-03,87200.0,87200.0,2026-05-03,Paid-OnTime
3819,462,1,2024-09-27,8960.0,8960.0,2024-09-27,Paid-OnTime
3820,462,2,2024-10-27,8960.0,8960.0,2024-10-27,Paid-OnTime
3821,462,3,2024-11-27,8960.0,8960.0,2024-11-27,Paid-OnTime
3822,462,4,2024-12-27,8960.0,8960.0,2024-12-27,Paid-OnTime
3823,462,5,2025-01-27,8960.0,8960.0,2025-01-27,Paid-OnTime
3824,463,1,2026-04-27,3500.0,3500.0,2026-04-27,Paid-OnTime
3825,463,2,2026-05-27,3500.0,3500.0,2026-05-27,Paid-OnTime
3826,463,3,2026-06-27,3500.0,3500.0,2026-06-27,Paid-OnTime
3827,463,4,2026-07-27,3500.0,3500.0,2026-07-27,Paid-OnTime
3828,463,5,2026-08-27,3500.0,3500.0,2026-08-27,Paid-OnTime
3829,464,1,2024-06-21,6138.78,6138.78,2024-06-21,Paid-OnTime
3830,464,2,2024-07-21,6138.78,6138.78,2024-07-21,Paid-OnTime
3831,464,3,2024-08-21,6138.78,6138.78,2024-08-30,Paid-Late
3832,464,4,2024-09-21,6138.78,6138.78,2024-09-21,Paid-OnTime
3833,464,5,2024-10-21,6138.78,6138.78,2024-10-21,Paid-OnTime
3834,464,6,2024-11-21,6138.78,6138.78,2024-11-21,Paid-OnTime
3835,464,7,2024-12-21,6138.78,6138.78,2024-12-21,Paid-OnTime
3836,464,8,2025-01-21,6138.78,6138.78,2025-01-21,Paid-OnTime
3837,464,9,2025-02-21,6138.78,6138.78,2025-02-21,Paid-OnTime
3838,464,10,2025-03-21,6138.78,6138.78,2025-03-25,Paid-Late
3839,464,11,2025-04-21,6138.78,6138.78,2025-04-21,Paid-OnTime
3840,464,12,2025-05-21,6138.78,6138.78,2025-05-21,Paid-OnTime
3841,464,13,2025-06-21,6138.78,6138.78,2025-06-21,Paid-OnTime
3842,464,14,2025-07-21,6138.78,6138.78,2025-07-21,Paid-OnTime
3843,464,15,2025-08-21,6138.78,6138.78,2025-08-21,Paid-OnTime
3844,464,16,2025-09-21,6138.78,6138.78,2025-09-21,Paid-OnTime
3845,464,17,2025-10-21,6138.78,6138.78,2025-10-21,Paid-OnTime
3846,464,18,2025-11-21,6138.78,1662.13,2025-12-12,Partial
3847,464,19,2025-12-21,6138.78,4149.8,2026-01-06,Partial
3848,464,20,2026-01-21,6138.78,0.0,,Missed
3849,464,21,2026-02-21,6138.78,6138.78,2026-02-21,Paid-OnTime
3850,464,22,2026-03-21,6138.78,6138.78,2026-03-21,Paid-OnTime
3851,464,23,2026-04-21,6138.78,6138.78,2026-04-21,Paid-OnTime
3852,464,24,2026-05-21,6138.78,6138.78,2026-05-21,Paid-OnTime
3853,464,25,2026-06-21,6138.78,6138.78,2026-06-21,Paid-OnTime
3854,464,26,2026-07-21,6138.78,6138.78,2026-07-21,Paid-OnTime
3855,464,27,2026-08-21,6138.78,6138.78,2026-08-21,Paid-OnTime
3856,465,1,2023-12-09,2214.29,2214.29,2023-12-09,Paid-OnTime
3857,465,2,2024-01-09,2214.29,2214.29,2024-01-15,Paid-Late
3858,465,3,2024-02-09,2214.29,2214.29,2024-02-09,Paid-OnTime
3859,465,4,2024-03-09,2214.29,2214.29,2024-03-09,Paid-OnTime
3860,465,5,2024-04-09,2214.29,2214.29,2024-04-09,Paid-OnTime
3861,465,6,2024-05-09,2214.29,2214.29,2024-05-09,Paid-OnTime
3862,465,7,2024-06-09,2214.29,2214.29,2024-06-09,Paid-OnTime
3863,465,8,2024-07-09,2214.29,2214.29,2024-07-09,Paid-OnTime
3864,465,9,2024-08-09,2214.29,2214.29,2024-08-09,Paid-OnTime
3865,465,10,2024-09-09,2214.29,2214.29,2024-09-09,Paid-OnTime
3866,465,11,2024-10-09,2214.29,2214.29,2024-10-09,Paid-OnTime
3867,465,12,2024-11-09,2214.29,2214.29,2024-11-09,Paid-OnTime
3868,465,13,2024-12-09,2214.29,0.0,,Missed
3869,465,14,2025-01-09,2214.29,0.0,,Missed
3870,465,15,2025-02-09,2214.29,0.0,,Missed
3871,465,16,2025-03-09,2214.29,2214.29,2025-03-09,Paid-OnTime
3872,465,17,2025-04-09,2214.29,2214.29,2025-04-09,Paid-OnTime
3873,465,18,2025-05-09,2214.29,2214.29,2025-05-09,Paid-OnTime
3874,465,19,2025-06-09,2214.29,2214.29,2025-06-09,Paid-OnTime
3875,465,20,2025-07-09,2214.29,2214.29,2025-07-09,Paid-OnTime
3876,465,21,2025-08-09,2214.29,2214.29,2025-08-09,Paid-OnTime
3877,465,22,2025-09-09,2214.29,2214.29,2025-09-09,Paid-OnTime
3878,465,23,2025-10-09,2214.29,2214.29,2025-10-09,Paid-OnTime
3879,465,24,2025-11-09,2214.29,2214.29,2025-11-09,Paid-OnTime
3880,465,25,2025-12-09,2214.29,2214.29,2025-12-09,Paid-OnTime
3881,465,26,2026-01-09,2214.29,2214.29,2026-01-09,Paid-OnTime
3882,465,27,2026-02-09,2214.29,2214.29,2026-02-09,Paid-OnTime
3883,465,28,2026-03-09,2214.29,2214.29,2026-03-09,Paid-OnTime
3884,465,29,2026-04-09,2214.29,2214.29,2026-04-09,Paid-OnTime
3885,465,30,2026-05-09,2214.29,2214.29,2026-05-09,Paid-OnTime
3886,465,31,2026-06-09,2214.29,2214.29,2026-06-09,Paid-OnTime
3887,465,32,2026-07-09,2214.29,2214.29,2026-07-09,Paid-OnTime
3888,465,33,2026-08-09,2214.29,2214.29,2026-08-09,Paid-OnTime
3889,466,1,2026-05-17,6220.0,6220.0,2026-05-17,Paid-OnTime
3890,466,2,2026-06-17,6220.0,6220.0,2026-06-17,Paid-OnTime
3891,466,3,2026-07-17,6220.0,6220.0,2026-07-17,Paid-OnTime
3892,466,4,2026-08-17,6220.0,6220.0,2026-08-17,Paid-OnTime
3893,467,1,2026-08-09,8560.0,8560.0,2026-08-09,Paid-OnTime
3894,468,1,2022-03-21,13000.0,13000.0,2022-03-21,Paid-OnTime
3895,468,2,2022-04-21,13000.0,13000.0,2022-04-21,Paid-OnTime
3896,468,3,2022-05-21,13000.0,0.0,,Missed
3897,468,4,2022-06-21,13000.0,0.0,,Missed
3898,469,1,2023-08-18,16833.33,16833.33,2023-08-18,Paid-OnTime
3899,469,2,2023-09-18,16833.33,16833.33,2023-09-18,Paid-OnTime
3900,469,3,2023-10-18,16833.33,16833.33,2023-10-18,Paid-OnTime
3901,470,1,2026-08-25,4785.71,4785.71,2026-08-25,Paid-OnTime
3902,471,1,2026-08-12,1350.0,1350.0,2026-08-12,Paid-OnTime
3903,472,1,2023-01-28,1750.0,1750.0,2023-01-28,Paid-OnTime
3904,472,2,2023-02-28,1750.0,1750.0,2023-02-28,Paid-OnTime
3905,473,1,2025-09-07,6154.17,6154.17,2025-09-15,Paid-Late
3906,473,2,2025-10-07,6154.17,6154.17,2025-10-07,Paid-OnTime
3907,473,3,2025-11-07,6154.17,6154.17,2025-11-07,Paid-OnTime
3908,473,4,2025-12-07,6154.17,6154.17,2025-12-07,Paid-OnTime
3909,473,5,2026-01-07,6154.17,6154.17,2026-01-07,Paid-OnTime
3910,473,6,2026-02-07,6154.17,6154.17,2026-02-07,Paid-OnTime
3911,473,7,2026-03-07,6154.17,6154.17,2026-03-16,Paid-Late
3912,473,8,2026-04-07,6154.17,6154.17,2026-04-07,Paid-OnTime
3913,473,9,2026-05-07,6154.17,6154.17,2026-05-07,Paid-OnTime
3914,473,10,2026-06-07,6154.17,6154.17,2026-06-07,Paid-OnTime
3915,473,11,2026-07-07,6154.17,6154.17,2026-07-07,Paid-OnTime
3916,473,12,2026-08-07,6154.17,6154.17,2026-08-07,Paid-OnTime
3917,474,1,2025-07-02,5000.0,5000.0,2025-07-02,Paid-OnTime
3918,474,2,2025-08-02,5000.0,5000.0,2025-08-02,Paid-OnTime
3919,475,1,2022-02-07,1733.33,1733.33,2022-02-07,Paid-OnTime
3920,475,2,2022-03-07,1733.33,1733.33,2022-03-07,Paid-OnTime
3921,475,3,2022-04-07,1733.33,1733.33,2022-04-07,Paid-OnTime
3922,475,4,2022-05-07,1733.33,1733.33,2022-05-07,Paid-OnTime
3923,475,5,2022-06-07,1733.33,1733.33,2022-06-07,Paid-OnTime
3924,475,6,2022-07-07,1733.33,1733.33,2022-07-07,Paid-OnTime
3925,476,1,2025-05-25,3730.77,3730.77,2025-05-25,Paid-OnTime
3926,476,2,2025-06-25,3730.77,3730.77,2025-06-25,Paid-OnTime
3927,476,3,2025-07-25,3730.77,3730.77,2025-07-25,Paid-OnTime
3928,476,4,2025-08-25,3730.77,3730.77,2025-08-25,Paid-OnTime
3929,476,5,2025-09-25,3730.77,3730.77,2025-09-25,Paid-OnTime
3930,476,6,2025-10-25,3730.77,3730.77,2025-10-25,Paid-OnTime
3931,476,7,2025-11-25,3730.77,3730.77,2025-11-25,Paid-OnTime
3932,476,8,2025-12-25,3730.77,3730.77,2025-12-25,Paid-OnTime
3933,476,9,2026-01-25,3730.77,3730.77,2026-01-25,Paid-OnTime
3934,476,10,2026-02-25,3730.77,3730.77,2026-02-25,Paid-OnTime
3935,476,11,2026-03-25,3730.77,3730.77,2026-03-25,Paid-OnTime
3936,476,12,2026-04-25,3730.77,3730.77,2026-04-25,Paid-OnTime
3937,476,13,2026-05-25,3730.77,3730.77,2026-05-25,Paid-OnTime
3938,477,1,2025-04-03,3250.0,3250.0,2025-04-03,Paid-OnTime
3939,477,2,2025-05-03,3250.0,3250.0,2025-05-03,Paid-OnTime
3940,477,3,2025-06-03,3250.0,3250.0,2025-06-03,Paid-OnTime
3941,477,4,2025-07-03,3250.0,3250.0,2025-07-03,Paid-OnTime
3942,477,5,2025-08-03,3250.0,0.0,,Missed
3943,477,6,2025-09-03,3250.0,0.0,,Missed
3944,477,7,2025-10-03,3250.0,927.02,2025-10-26,Partial
3945,477,8,2025-11-03,3250.0,0.0,,Missed
3946,477,9,2025-12-03,3250.0,1758.28,2025-12-17,Partial
3947,477,10,2026-01-03,3250.0,0.0,,Missed
3948,477,11,2026-02-03,3250.0,1468.62,2026-02-16,Partial
3949,477,12,2026-03-03,3250.0,0.0,,Missed
3950,478,1,2024-11-24,1016.67,1016.67,2024-11-24,Paid-OnTime
3951,478,2,2024-12-24,1016.67,1016.67,2024-12-24,Paid-OnTime
3952,478,3,2025-01-24,1016.67,1016.67,2025-01-24,Paid-OnTime
3953,478,4,2025-02-24,1016.67,1016.67,2025-02-24,Paid-OnTime
3954,478,5,2025-03-24,1016.67,1016.67,2025-03-24,Paid-OnTime
3955,478,6,2025-04-24,1016.67,1016.67,2025-04-24,Paid-OnTime
3956,478,7,2025-05-24,1016.67,1016.67,2025-05-28,Paid-Late
3957,478,8,2025-06-24,1016.67,1016.67,2025-06-24,Paid-OnTime
3958,478,9,2025-07-24,1016.67,1016.67,2025-07-24,Paid-OnTime
3959,478,10,2025-08-24,1016.67,1016.67,2025-09-02,Paid-Late
3960,478,11,2025-09-24,1016.67,1016.67,2025-09-24,Paid-OnTime
3961,478,12,2025-10-24,1016.67,1016.67,2025-10-24,Paid-OnTime
3962,479,1,2024-02-04,1025.0,1025.0,2024-02-04,Paid-OnTime
3963,479,2,2024-03-04,1025.0,1025.0,2024-03-04,Paid-OnTime
3964,479,3,2024-04-04,1025.0,1025.0,2024-04-04,Paid-OnTime
3965,479,4,2024-05-04,1025.0,1025.0,2024-05-04,Paid-OnTime
3966,479,5,2024-06-04,1025.0,1025.0,2024-06-04,Paid-OnTime
3967,479,6,2024-07-04,1025.0,1025.0,2024-07-04,Paid-OnTime
3968,479,7,2024-08-04,1025.0,1025.0,2024-08-04,Paid-OnTime
3969,479,8,2024-09-04,1025.0,1025.0,2024-09-04,Paid-OnTime
3970,479,9,2024-10-04,1025.0,1025.0,2024-10-04,Paid-OnTime
3971,479,10,2024-11-04,1025.0,1025.0,2024-11-04,Paid-OnTime
3972,479,11,2024-12-04,1025.0,1025.0,2024-12-04,Paid-OnTime
3973,479,12,2025-01-04,1025.0,1025.0,2025-01-10,Paid-Late
3974,480,1,2024-06-22,47800.0,47800.0,2024-06-27,Paid-Late
3975,480,2,2024-07-22,47800.0,47800.0,2024-07-22,Paid-OnTime
3976,481,1,2025-01-09,8105.08,8105.08,2025-01-09,Paid-OnTime
3977,481,2,2025-02-09,8105.08,8105.08,2025-02-09,Paid-OnTime
3978,481,3,2025-03-09,8105.08,8105.08,2025-03-09,Paid-OnTime
3979,481,4,2025-04-09,8105.08,8105.08,2025-04-09,Paid-OnTime
3980,481,5,2025-05-09,8105.08,8105.08,2025-05-09,Paid-OnTime
3981,481,6,2025-06-09,8105.08,8105.08,2025-06-14,Paid-Late
3982,481,7,2025-07-09,8105.08,8105.08,2025-07-09,Paid-OnTime
3983,481,8,2025-08-09,8105.08,8105.08,2025-08-09,Paid-OnTime
3984,481,9,2025-09-09,8105.08,8105.08,2025-09-09,Paid-OnTime
3985,481,10,2025-10-09,8105.08,8105.08,2025-10-09,Paid-OnTime
3986,481,11,2025-11-09,8105.08,8105.08,2025-11-09,Paid-OnTime
3987,481,12,2025-12-09,8105.08,0.0,,Missed
3988,481,13,2026-01-09,8105.08,0.0,,Missed
3989,481,14,2026-02-09,8105.08,1641.05,2026-02-19,Partial
3990,481,15,2026-03-09,8105.08,0.0,,Missed
3991,481,16,2026-04-09,8105.08,0.0,,Missed
3992,481,17,2026-05-09,8105.08,4452.85,2026-05-29,Partial
3993,481,18,2026-06-09,8105.08,4990.08,2026-06-21,Partial
3994,481,19,2026-07-09,8105.08,2009.35,2026-07-18,Partial
3995,481,20,2026-08-09,8105.08,0.0,,Missed
3996,482,1,2024-06-19,2275.0,2275.0,2024-06-19,Paid-OnTime
3997,482,2,2024-07-19,2275.0,2275.0,2024-07-19,Paid-OnTime
3998,482,3,2024-08-19,2275.0,2275.0,2024-08-19,Paid-OnTime
3999,482,4,2024-09-19,2275.0,2275.0,2024-09-19,Paid-OnTime
4000,483,1,2025-12-03,10060.0,10060.0,2025-12-03,Paid-OnTime
4001,483,2,2026-01-03,10060.0,10060.0,2026-01-03,Paid-OnTime
4002,483,3,2026-02-03,10060.0,10060.0,2026-02-03,Paid-OnTime
4003,483,4,2026-03-03,10060.0,10060.0,2026-03-03,Paid-OnTime
4004,483,5,2026-04-03,10060.0,10060.0,2026-04-03,Paid-OnTime
4005,484,1,2023-10-28,2950.0,2950.0,2023-10-28,Paid-OnTime
4006,484,2,2023-11-28,2950.0,2950.0,2023-11-28,Paid-OnTime
4007,484,3,2023-12-28,2950.0,2950.0,2023-12-28,Paid-OnTime
4008,484,4,2024-01-28,2950.0,2950.0,2024-01-28,Paid-OnTime
4009,484,5,2024-02-28,2950.0,2950.0,2024-02-28,Paid-OnTime
4010,484,6,2024-03-28,2950.0,2950.0,2024-03-28,Paid-OnTime
4011,484,7,2024-04-28,2950.0,2950.0,2024-04-28,Paid-OnTime
4012,484,8,2024-05-28,2950.0,2950.0,2024-05-28,Paid-OnTime
4013,484,9,2024-06-28,2950.0,2950.0,2024-06-28,Paid-OnTime
4014,484,10,2024-07-28,2950.0,2950.0,2024-07-28,Paid-OnTime
4015,484,11,2024-08-28,2950.0,2950.0,2024-08-28,Paid-OnTime
4016,484,12,2024-09-28,2950.0,2950.0,2024-09-28,Paid-OnTime
4017,485,1,2024-03-26,2185.71,2185.71,2024-03-26,Paid-OnTime
4018,485,2,2024-04-26,2185.71,2185.71,2024-04-26,Paid-OnTime
4019,485,3,2024-05-26,2185.71,2185.71,2024-05-26,Paid-OnTime
4020,485,4,2024-06-26,2185.71,2185.71,2024-06-26,Paid-OnTime
4021,485,5,2024-07-26,2185.71,2185.71,2024-07-26,Paid-OnTime
4022,485,6,2024-08-26,2185.71,2185.71,2024-08-26,Paid-OnTime
4023,485,7,2024-09-26,2185.71,2185.71,2024-09-26,Paid-OnTime
4024,487,1,2023-02-02,27750.0,27750.0,2023-02-02,Paid-OnTime
4025,487,2,2023-03-02,27750.0,27750.0,2023-03-02,Paid-OnTime
4026,488,1,2026-06-18,12038.78,12038.78,2026-06-18,Paid-OnTime
4027,488,2,2026-07-18,12038.78,12038.78,2026-07-18,Paid-OnTime
4028,488,3,2026-08-18,12038.78,12038.78,2026-08-18,Paid-OnTime
4029,489,1,2026-03-01,2733.33,2733.33,2026-03-01,Paid-OnTime
4030,489,2,2026-04-01,2733.33,0.0,,Missed
4031,489,3,2026-05-01,2733.33,1272.73,2026-05-18,Partial
4032,489,4,2026-06-01,2733.33,0.0,,Missed
4033,489,5,2026-07-01,2733.33,1802.32,2026-07-22,Partial
4034,489,6,2026-08-01,2733.33,2733.33,2026-08-05,Paid-Late
4035,490,1,2026-02-25,1527.27,1527.27,2026-02-25,Paid-OnTime
4036,490,2,2026-03-25,1527.27,1527.27,2026-03-25,Paid-OnTime
4037,490,3,2026-04-25,1527.27,1527.27,2026-04-25,Paid-OnTime
4038,490,4,2026-05-25,1527.27,1527.27,2026-05-25,Paid-OnTime
4039,490,5,2026-06-25,1527.27,1527.27,2026-06-25,Paid-OnTime
4040,490,6,2026-07-25,1527.27,1527.27,2026-07-25,Paid-OnTime
4041,490,7,2026-08-25,1527.27,1527.27,2026-08-25,Paid-OnTime
4042,491,1,2025-04-15,6633.33,6633.33,2025-04-15,Paid-OnTime
4043,491,2,2025-05-15,6633.33,6633.33,2025-05-15,Paid-OnTime
4044,491,3,2025-06-15,6633.33,6633.33,2025-06-25,Paid-Late
4045,492,1,2026-07-04,5133.33,5133.33,2026-07-04,Paid-OnTime
4046,492,2,2026-08-04,5133.33,5133.33,2026-08-04,Paid-OnTime
4047,493,1,2023-02-07,4140.0,4140.0,2023-02-07,Paid-OnTime
4048,493,2,2023-03-07,4140.0,4140.0,2023-03-07,Paid-OnTime
4049,493,3,2023-04-07,4140.0,4140.0,2023-04-07,Paid-OnTime
4050,493,4,2023-05-07,4140.0,4140.0,2023-05-07,Paid-OnTime
4051,493,5,2023-06-07,4140.0,4140.0,2023-06-07,Paid-OnTime
4052,494,1,2023-04-28,543.48,543.48,2023-04-28,Paid-OnTime
4053,494,2,2023-05-28,543.48,543.48,2023-05-28,Paid-OnTime
4054,494,3,2023-06-28,543.48,543.48,2023-06-28,Paid-OnTime
4055,494,4,2023-07-28,543.48,543.48,2023-07-28,Paid-OnTime
4056,494,5,2023-08-28,543.48,543.48,2023-08-28,Paid-OnTime
4057,494,6,2023-09-28,543.48,543.48,2023-09-28,Paid-OnTime
4058,494,7,2023-10-28,543.48,543.48,2023-10-28,Paid-OnTime
4059,494,8,2023-11-28,543.48,543.48,2023-11-28,Paid-OnTime
4060,494,9,2023-12-28,543.48,543.48,2024-01-05,Paid-Late
4061,494,10,2024-01-28,543.48,543.48,2024-01-28,Paid-OnTime
4062,494,11,2024-02-28,543.48,543.48,2024-02-28,Paid-OnTime
4063,494,12,2024-03-28,543.48,543.48,2024-03-28,Paid-OnTime
4064,494,13,2024-04-28,543.48,543.48,2024-04-28,Paid-OnTime
4065,494,14,2024-05-28,543.48,543.48,2024-05-28,Paid-OnTime
4066,494,15,2024-06-28,543.48,543.48,2024-06-28,Paid-OnTime
4067,494,16,2024-07-28,543.48,543.48,2024-07-28,Paid-OnTime
4068,494,17,2024-08-28,543.48,543.48,2024-08-28,Paid-OnTime
4069,494,18,2024-09-28,543.48,543.48,2024-09-28,Paid-OnTime
4070,494,19,2024-10-28,543.48,543.48,2024-10-28,Paid-OnTime
4071,494,20,2024-11-28,543.48,543.48,2024-11-28,Paid-OnTime
4072,494,21,2024-12-28,543.48,543.48,2024-12-28,Paid-OnTime
4073,494,22,2025-01-28,543.48,543.48,2025-01-28,Paid-OnTime
4074,494,23,2025-02-28,543.48,543.48,2025-02-28,Paid-OnTime
4075,495,1,2026-08-04,1558.33,1558.33,2026-08-04,Paid-OnTime
4076,496,1,2025-08-03,6933.33,6933.33,2025-08-03,Paid-OnTime
4077,496,2,2025-09-03,6933.33,6933.33,2025-09-10,Paid-Late
4078,496,3,2025-10-03,6933.33,6933.33,2025-10-03,Paid-OnTime
4079,497,1,2025-12-26,1791.8,1791.8,2025-12-26,Paid-OnTime
4080,497,2,2026-01-26,1791.8,1791.8,2026-01-26,Paid-OnTime
4081,497,3,2026-02-26,1791.8,1791.8,2026-02-26,Paid-OnTime
4082,497,4,2026-03-26,1791.8,1791.8,2026-03-26,Paid-OnTime
4083,497,5,2026-04-26,1791.8,1791.8,2026-04-26,Paid-OnTime
4084,497,6,2026-05-26,1791.8,1791.8,2026-05-26,Paid-OnTime
4085,497,7,2026-06-26,1791.8,1791.8,2026-06-26,Paid-OnTime
4086,497,8,2026-07-26,1791.8,1791.8,2026-07-26,Paid-OnTime
4087,497,9,2026-08-26,1791.8,1791.8,2026-08-26,Paid-OnTime
4088,498,1,2026-05-27,4508.33,4508.33,2026-05-27,Paid-OnTime
4089,498,2,2026-06-27,4508.33,4508.33,2026-06-27,Paid-OnTime
4090,498,3,2026-07-27,4508.33,4508.33,2026-07-27,Paid-OnTime
4091,498,4,2026-08-27,4508.33,4508.33,2026-08-27,Paid-OnTime
4092,499,1,2024-11-10,2983.33,2983.33,2024-11-10,Paid-OnTime
4093,499,2,2024-12-10,2983.33,2983.33,2024-12-10,Paid-OnTime
4094,499,3,2025-01-10,2983.33,1616.0,2025-01-18,Partial
4095,499,4,2025-02-10,2983.33,1519.82,2025-02-19,Partial
4096,499,5,2025-03-10,2983.33,0.0,,Missed
4097,499,6,2025-04-10,2983.33,0.0,,Missed
4098,500,1,2024-02-28,4620.0,4620.0,2024-02-28,Paid-OnTime
4099,500,2,2024-03-28,4620.0,4620.0,2024-03-28,Paid-OnTime
4100,500,3,2024-04-28,4620.0,4620.0,2024-04-28,Paid-OnTime
4101,500,4,2024-05-28,4620.0,4620.0,2024-05-28,Paid-OnTime
4102,500,5,2024-06-28,4620.0,4620.0,2024-06-28,Paid-OnTime
4103,502,1,2026-08-23,1333.33,1333.33,2026-08-23,Paid-OnTime
4104,503,1,2024-11-21,1639.34,1639.34,2024-11-21,Paid-OnTime
4105,503,2,2024-12-21,1639.34,1639.34,2024-12-21,Paid-OnTime
4106,503,3,2025-01-21,1639.34,1639.34,2025-01-21,Paid-OnTime
4107,503,4,2025-02-21,1639.34,1639.34,2025-02-21,Paid-OnTime
4108,503,5,2025-03-21,1639.34,1639.34,2025-03-24,Paid-Late
4109,503,6,2025-04-21,1639.34,1639.34,2025-04-21,Paid-OnTime
4110,503,7,2025-05-21,1639.34,1639.34,2025-05-21,Paid-OnTime
4111,503,8,2025-06-21,1639.34,1639.34,2025-06-21,Paid-OnTime
4112,503,9,2025-07-21,1639.34,1639.34,2025-07-21,Paid-OnTime
4113,503,10,2025-08-21,1639.34,1639.34,2025-08-21,Paid-OnTime
4114,503,11,2025-09-21,1639.34,1639.34,2025-09-21,Paid-OnTime
4115,503,12,2025-10-21,1639.34,1639.34,2025-10-21,Paid-OnTime
4116,503,13,2025-11-21,1639.34,1639.34,2025-11-21,Paid-OnTime
4117,503,14,2025-12-21,1639.34,1639.34,2025-12-21,Paid-OnTime
4118,503,15,2026-01-21,1639.34,1639.34,2026-01-21,Paid-OnTime
4119,503,16,2026-02-21,1639.34,1639.34,2026-02-21,Paid-OnTime
4120,503,17,2026-03-21,1639.34,1639.34,2026-03-21,Paid-OnTime
4121,503,18,2026-04-21,1639.34,1639.34,2026-04-21,Paid-OnTime
4122,503,19,2026-05-21,1639.34,1639.34,2026-05-21,Paid-OnTime
4123,503,20,2026-06-21,1639.34,1639.34,2026-06-21,Paid-OnTime
4124,503,21,2026-07-21,1639.34,1639.34,2026-07-21,Paid-OnTime
4125,503,22,2026-08-21,1639.34,1639.34,2026-08-21,Paid-OnTime
4126,504,1,2026-07-21,1160.0,1160.0,2026-07-21,Paid-OnTime
4127,504,2,2026-08-21,1160.0,1160.0,2026-08-21,Paid-OnTime
4128,505,1,2024-02-21,4600.0,4600.0,2024-02-21,Paid-OnTime
4129,505,2,2024-03-21,4600.0,0.0,,Missed
4130,505,3,2024-04-21,4600.0,0.0,,Missed
4131,506,1,2026-01-03,4066.67,4066.67,2026-01-03,Paid-OnTime
4132,506,2,2026-02-03,4066.67,4066.67,2026-02-03,Paid-OnTime
4133,506,3,2026-03-03,4066.67,4066.67,2026-03-03,Paid-OnTime
4134,507,1,2026-02-01,1883.33,1883.33,2026-02-01,Paid-OnTime
4135,507,2,2026-03-01,1883.33,1883.33,2026-03-01,Paid-OnTime
4136,507,3,2026-04-01,1883.33,1883.33,2026-04-01,Paid-OnTime
4137,507,4,2026-05-01,1883.33,1883.33,2026-05-01,Paid-OnTime
4138,507,5,2026-06-01,1883.33,1883.33,2026-06-01,Paid-OnTime
4139,507,6,2026-07-01,1883.33,1883.33,2026-07-01,Paid-OnTime
4140,508,1,2024-03-26,4129.17,4129.17,2024-03-26,Paid-OnTime
4141,508,2,2024-04-26,4129.17,4129.17,2024-04-26,Paid-OnTime
4142,508,3,2024-05-26,4129.17,4129.17,2024-05-26,Paid-OnTime
4143,508,4,2024-06-26,4129.17,4129.17,2024-06-26,Paid-OnTime
4144,508,5,2024-07-26,4129.17,4129.17,2024-07-26,Paid-OnTime
4145,508,6,2024-08-26,4129.17,4129.17,2024-08-26,Paid-OnTime
4146,508,7,2024-09-26,4129.17,4129.17,2024-09-26,Paid-OnTime
4147,508,8,2024-10-26,4129.17,4129.17,2024-10-26,Paid-OnTime
4148,508,9,2024-11-26,4129.17,4129.17,2024-11-26,Paid-OnTime
4149,508,10,2024-12-26,4129.17,4129.17,2024-12-26,Paid-OnTime
4150,508,11,2025-01-26,4129.17,4129.17,2025-01-26,Paid-OnTime
4151,508,12,2025-02-26,4129.17,4129.17,2025-02-26,Paid-OnTime
4152,508,13,2025-03-26,4129.17,4129.17,2025-03-26,Paid-OnTime
4153,508,14,2025-04-26,4129.17,4129.17,2025-04-26,Paid-OnTime
4154,508,15,2025-05-26,4129.17,4129.17,2025-05-26,Paid-OnTime
4155,508,16,2025-06-26,4129.17,4129.17,2025-06-26,Paid-OnTime
4156,508,17,2025-07-26,4129.17,4129.17,2025-07-26,Paid-OnTime
4157,508,18,2025-08-26,4129.17,4129.17,2025-08-26,Paid-OnTime
4158,508,19,2025-09-26,4129.17,4129.17,2025-09-26,Paid-OnTime
4159,508,20,2025-10-26,4129.17,4129.17,2025-10-26,Paid-OnTime
4160,508,21,2025-11-26,4129.17,4129.17,2025-11-30,Paid-Late
4161,508,22,2025-12-26,4129.17,4129.17,2025-12-26,Paid-OnTime
4162,508,23,2026-01-26,4129.17,4129.17,2026-01-26,Paid-OnTime
4163,508,24,2026-02-26,4129.17,4129.17,2026-02-26,Paid-OnTime
4164,509,1,2026-03-01,4100.0,4100.0,2026-03-01,Paid-OnTime
4165,509,2,2026-04-01,4100.0,4100.0,2026-04-01,Paid-OnTime
4166,509,3,2026-05-01,4100.0,4100.0,2026-05-01,Paid-OnTime
4167,509,4,2026-06-01,4100.0,4100.0,2026-06-01,Paid-OnTime
4168,509,5,2026-07-01,4100.0,4100.0,2026-07-01,Paid-OnTime
4169,510,1,2026-04-28,4280.0,4280.0,2026-04-28,Paid-OnTime
4170,510,2,2026-05-28,4280.0,4280.0,2026-05-28,Paid-OnTime
4171,510,3,2026-06-28,4280.0,4280.0,2026-06-28,Paid-OnTime
4172,510,4,2026-07-28,4280.0,4280.0,2026-07-28,Paid-OnTime
4173,510,5,2026-08-28,4280.0,4280.0,2026-08-28,Paid-OnTime
4174,511,1,2022-08-18,5083.33,5083.33,2022-08-18,Paid-OnTime
4175,511,2,2022-09-18,5083.33,5083.33,2022-09-18,Paid-OnTime
4176,511,3,2022-10-18,5083.33,1467.64,2022-11-11,Partial
4177,511,4,2022-11-18,5083.33,1178.49,2022-11-27,Partial
4178,511,5,2022-12-18,5083.33,2229.76,2022-12-26,Partial
4179,511,6,2023-01-18,5083.33,0.0,,Missed
4180,512,1,2026-03-01,2550.0,2550.0,2026-03-01,Paid-OnTime
4181,512,2,2026-04-01,2550.0,2550.0,2026-04-01,Paid-OnTime
4182,512,3,2026-05-01,2550.0,2550.0,2026-05-01,Paid-OnTime
4183,512,4,2026-06-01,2550.0,2550.0,2026-06-01,Paid-OnTime
4184,512,5,2026-07-01,2550.0,2550.0,2026-07-01,Paid-OnTime
4185,512,6,2026-08-01,2550.0,2550.0,2026-08-01,Paid-OnTime
4186,513,1,2023-06-28,5343.33,5343.33,2023-06-28,Paid-OnTime
4187,513,2,2023-07-28,5343.33,5343.33,2023-07-28,Paid-OnTime
4188,513,3,2023-08-28,5343.33,5343.33,2023-08-28,Paid-OnTime
4189,513,4,2023-09-28,5343.33,5343.33,2023-09-28,Paid-OnTime
4190,513,5,2023-10-28,5343.33,5343.33,2023-10-28,Paid-OnTime
4191,513,6,2023-11-28,5343.33,5343.33,2023-11-28,Paid-OnTime
4192,513,7,2023-12-28,5343.33,5343.33,2023-12-28,Paid-OnTime
4193,513,8,2024-01-28,5343.33,5343.33,2024-01-28,Paid-OnTime
4194,513,9,2024-02-28,5343.33,5343.33,2024-02-28,Paid-OnTime
4195,513,10,2024-03-28,5343.33,5343.33,2024-04-07,Paid-Late
4196,513,11,2024-04-28,5343.33,5343.33,2024-04-28,Paid-OnTime
4197,513,12,2024-05-28,5343.33,5343.33,2024-05-28,Paid-OnTime
4198,513,13,2024-06-28,5343.33,5343.33,2024-06-28,Paid-OnTime
4199,513,14,2024-07-28,5343.33,5343.33,2024-07-28,Paid-OnTime
4200,513,15,2024-08-28,5343.33,5343.33,2024-08-28,Paid-OnTime
4201,513,16,2024-09-28,5343.33,5343.33,2024-09-28,Paid-OnTime
4202,513,17,2024-10-28,5343.33,5343.33,2024-10-28,Paid-OnTime
4203,513,18,2024-11-28,5343.33,5343.33,2024-11-28,Paid-OnTime
4204,513,19,2024-12-28,5343.33,5343.33,2024-12-28,Paid-OnTime
4205,513,20,2025-01-28,5343.33,5343.33,2025-01-28,Paid-OnTime
4206,513,21,2025-02-28,5343.33,5343.33,2025-02-28,Paid-OnTime
4207,513,22,2025-03-28,5343.33,5343.33,2025-03-28,Paid-OnTime
4208,513,23,2025-04-28,5343.33,5343.33,2025-04-28,Paid-OnTime
4209,513,24,2025-05-28,5343.33,5343.33,2025-05-28,Paid-OnTime
4210,513,25,2025-06-28,5343.33,5343.33,2025-06-28,Paid-OnTime
4211,513,26,2025-07-28,5343.33,5343.33,2025-07-28,Paid-OnTime
4212,513,27,2025-08-28,5343.33,5343.33,2025-08-28,Paid-OnTime
4213,513,28,2025-09-28,5343.33,5343.33,2025-09-28,Paid-OnTime
4214,513,29,2025-10-28,5343.33,5343.33,2025-10-28,Paid-OnTime
4215,513,30,2025-11-28,5343.33,5343.33,2025-11-28,Paid-OnTime
4216,513,31,2025-12-28,5343.33,5343.33,2025-12-28,Paid-OnTime
4217,513,32,2026-01-28,5343.33,5343.33,2026-01-28,Paid-OnTime
4218,513,33,2026-02-28,5343.33,5343.33,2026-02-28,Paid-OnTime
4219,513,34,2026-03-28,5343.33,0.0,,Missed
4220,513,35,2026-04-28,5343.33,0.0,,Missed
4221,513,36,2026-05-28,5343.33,0.0,,Missed
4222,513,37,2026-06-28,5343.33,0.0,,Missed
4223,513,38,2026-07-28,5343.33,5343.33,2026-07-28,Paid-OnTime
4224,513,39,2026-08-28,5343.33,5343.33,2026-08-28,Paid-OnTime
4225,514,1,2025-12-23,33200.0,33200.0,2025-12-23,Paid-OnTime
4226,514,2,2026-01-23,33200.0,33200.0,2026-01-23,Paid-OnTime
4227,515,1,2026-02-07,1525.0,1525.0,2026-02-07,Paid-OnTime
4228,515,2,2026-03-07,1525.0,1525.0,2026-03-07,Paid-OnTime
4229,515,3,2026-04-07,1525.0,1525.0,2026-04-07,Paid-OnTime
4230,515,4,2026-05-07,1525.0,1525.0,2026-05-07,Paid-OnTime
4231,515,5,2026-06-07,1525.0,1525.0,2026-06-07,Paid-OnTime
4232,515,6,2026-07-07,1525.0,1525.0,2026-07-07,Paid-OnTime
4233,515,7,2026-08-07,1525.0,1525.0,2026-08-07,Paid-OnTime
4234,516,1,2024-06-09,36850.0,36850.0,2024-06-09,Paid-OnTime
4235,516,2,2024-07-09,36850.0,36850.0,2024-07-09,Paid-OnTime
4236,517,1,2024-09-24,4825.0,4825.0,2024-09-24,Paid-OnTime
4237,517,2,2024-10-24,4825.0,4825.0,2024-10-24,Paid-OnTime
4238,517,3,2024-11-24,4825.0,1232.86,2024-12-03,Partial
4239,517,4,2024-12-24,4825.0,0.0,,Missed
4240,518,1,2024-06-01,1850.0,1850.0,2024-06-01,Paid-OnTime
4241,518,2,2024-07-01,1850.0,0.0,,Missed
4242,518,3,2024-08-01,1850.0,1175.42,2024-08-16,Partial
4243,518,4,2024-09-01,1850.0,0.0,,Missed
4244,519,1,2024-09-17,2336.36,2336.36,2024-09-17,Paid-OnTime
4245,519,2,2024-10-17,2336.36,2336.36,2024-10-17,Paid-OnTime
4246,519,3,2024-11-17,2336.36,2336.36,2024-11-17,Paid-OnTime
4247,519,4,2024-12-17,2336.36,2336.36,2024-12-21,Paid-Late
4248,519,5,2025-01-17,2336.36,2336.36,2025-01-17,Paid-OnTime
4249,519,6,2025-02-17,2336.36,2336.36,2025-02-17,Paid-OnTime
4250,519,7,2025-03-17,2336.36,2336.36,2025-03-17,Paid-OnTime
4251,519,8,2025-04-17,2336.36,2336.36,2025-04-17,Paid-OnTime
4252,519,9,2025-05-17,2336.36,2336.36,2025-05-17,Paid-OnTime
4253,519,10,2025-06-17,2336.36,2336.36,2025-06-17,Paid-OnTime
4254,519,11,2025-07-17,2336.36,2336.36,2025-07-17,Paid-OnTime
4255,520,1,2024-07-14,96200.0,96200.0,2024-07-14,Paid-OnTime
4256,521,1,2025-07-15,2266.67,2266.67,2025-07-15,Paid-OnTime
4257,521,2,2025-08-15,2266.67,2266.67,2025-08-15,Paid-OnTime
4258,521,3,2025-09-15,2266.67,2266.67,2025-09-15,Paid-OnTime
4259,521,4,2025-10-15,2266.67,2266.67,2025-10-15,Paid-OnTime
4260,521,5,2025-11-15,2266.67,2266.67,2025-11-15,Paid-OnTime
4261,521,6,2025-12-15,2266.67,2266.67,2025-12-15,Paid-OnTime
4262,521,7,2026-01-15,2266.67,2266.67,2026-01-15,Paid-OnTime
4263,521,8,2026-02-15,2266.67,2266.67,2026-02-15,Paid-OnTime
4264,521,9,2026-03-15,2266.67,2266.67,2026-03-15,Paid-OnTime
4265,521,10,2026-04-15,2266.67,2266.67,2026-04-15,Paid-OnTime
4266,521,11,2026-05-15,2266.67,2266.67,2026-05-15,Paid-OnTime
4267,521,12,2026-06-15,2266.67,2266.67,2026-06-15,Paid-OnTime
4268,522,1,2026-04-14,2527.27,2527.27,2026-04-14,Paid-OnTime
4269,522,2,2026-05-14,2527.27,2527.27,2026-05-14,Paid-OnTime
4270,522,3,2026-06-14,2527.27,2527.27,2026-06-14,Paid-OnTime
4271,522,4,2026-07-14,2527.27,2527.27,2026-07-14,Paid-OnTime
4272,522,5,2026-08-14,2527.27,2527.27,2026-08-14,Paid-OnTime
4273,523,1,2023-09-25,13100.0,13100.0,2023-09-25,Paid-OnTime
4274,523,2,2023-10-25,13100.0,6106.99,2023-11-19,Partial
4275,523,3,2023-11-25,13100.0,6382.57,2023-12-11,Partial
4276,524,1,2026-08-24,1300.0,1300.0,2026-08-27,Paid-Late
4277,525,1,2022-06-22,12272.22,12272.22,2022-06-22,Paid-OnTime
4278,525,2,2022-07-22,12272.22,12272.22,2022-07-22,Paid-OnTime
4279,525,3,2022-08-22,12272.22,12272.22,2022-08-22,Paid-OnTime
4280,525,4,2022-09-22,12272.22,12272.22,2022-09-22,Paid-OnTime
4281,525,5,2022-10-22,12272.22,12272.22,2022-10-22,Paid-OnTime
4282,525,6,2022-11-22,12272.22,12272.22,2022-11-22,Paid-OnTime
4283,525,7,2022-12-22,12272.22,12272.22,2023-01-01,Paid-Late
4284,525,8,2023-01-22,12272.22,12272.22,2023-01-22,Paid-OnTime
4285,525,9,2023-02-22,12272.22,12272.22,2023-02-22,Paid-OnTime
4286,525,10,2023-03-22,12272.22,12272.22,2023-03-28,Paid-Late
4287,525,11,2023-04-22,12272.22,12272.22,2023-04-22,Paid-OnTime
4288,525,12,2023-05-22,12272.22,12272.22,2023-05-22,Paid-OnTime
4289,525,13,2023-06-22,12272.22,12272.22,2023-06-22,Paid-OnTime
4290,525,14,2023-07-22,12272.22,12272.22,2023-07-22,Paid-OnTime
4291,525,15,2023-08-22,12272.22,12272.22,2023-08-22,Paid-OnTime
4292,525,16,2023-09-22,12272.22,12272.22,2023-09-22,Paid-OnTime
4293,525,17,2023-10-22,12272.22,12272.22,2023-10-22,Paid-OnTime
4294,525,18,2023-11-22,12272.22,12272.22,2023-11-22,Paid-OnTime
4295,525,19,2023-12-22,12272.22,12272.22,2023-12-22,Paid-OnTime
4296,525,20,2024-01-22,12272.22,12272.22,2024-01-22,Paid-OnTime
4297,525,21,2024-02-22,12272.22,12272.22,2024-02-22,Paid-OnTime
4298,525,22,2024-03-22,12272.22,12272.22,2024-03-22,Paid-OnTime
4299,525,23,2024-04-22,12272.22,12272.22,2024-04-22,Paid-OnTime
4300,525,24,2024-05-22,12272.22,12272.22,2024-05-22,Paid-OnTime
4301,525,25,2024-06-22,12272.22,12272.22,2024-06-22,Paid-OnTime
4302,525,26,2024-07-22,12272.22,12272.22,2024-07-22,Paid-OnTime
4303,525,27,2024-08-22,12272.22,12272.22,2024-08-22,Paid-OnTime
4304,525,28,2024-09-22,12272.22,12272.22,2024-09-22,Paid-OnTime
4305,525,29,2024-10-22,12272.22,12272.22,2024-10-22,Paid-OnTime
4306,525,30,2024-11-22,12272.22,12272.22,2024-11-22,Paid-OnTime
4307,525,31,2024-12-22,12272.22,12272.22,2024-12-22,Paid-OnTime
4308,525,32,2025-01-22,12272.22,12272.22,2025-01-22,Paid-OnTime
4309,525,33,2025-02-22,12272.22,12272.22,2025-02-22,Paid-OnTime
4310,525,34,2025-03-22,12272.22,12272.22,2025-03-22,Paid-OnTime
4311,525,35,2025-04-22,12272.22,12272.22,2025-05-01,Paid-Late
4312,525,36,2025-05-22,12272.22,12272.22,2025-05-22,Paid-OnTime
4313,526,1,2026-05-28,4400.0,4400.0,2026-05-28,Paid-OnTime
4314,526,2,2026-06-28,4400.0,4400.0,2026-06-28,Paid-OnTime
4315,526,3,2026-07-28,4400.0,4400.0,2026-08-04,Paid-Late
4316,526,4,2026-08-28,4400.0,4400.0,2026-08-28,Paid-OnTime
4317,527,1,2023-06-25,58600.0,58600.0,2023-06-25,Paid-OnTime
4318,528,1,2022-06-06,4100.0,4100.0,2022-06-06,Paid-OnTime
4319,528,2,2022-07-06,4100.0,4100.0,2022-07-06,Paid-OnTime
4320,528,3,2022-08-06,4100.0,4100.0,2022-08-06,Paid-OnTime
4321,528,4,2022-09-06,4100.0,4100.0,2022-09-06,Paid-OnTime
4322,529,1,2026-03-28,2159.02,2159.02,2026-03-28,Paid-OnTime
4323,529,2,2026-04-28,2159.02,2159.02,2026-04-28,Paid-OnTime
4324,529,3,2026-05-28,2159.02,2159.02,2026-05-28,Paid-OnTime
4325,529,4,2026-06-28,2159.02,2159.02,2026-06-28,Paid-OnTime
4326,529,5,2026-07-28,2159.02,2159.02,2026-07-28,Paid-OnTime
4327,529,6,2026-08-28,2159.02,2159.02,2026-08-28,Paid-OnTime
4328,530,1,2022-11-23,4700.0,4700.0,2022-11-23,Paid-OnTime
4329,530,2,2022-12-23,4700.0,4700.0,2022-12-23,Paid-OnTime
4330,531,1,2024-01-16,13800.0,13800.0,2024-01-16,Paid-OnTime
4331,532,1,2026-02-25,1569.23,1569.23,2026-03-07,Paid-Late
4332,532,2,2026-03-25,1569.23,1569.23,2026-03-25,Paid-OnTime
4333,532,3,2026-04-25,1569.23,1569.23,2026-04-25,Paid-OnTime
4334,532,4,2026-05-25,1569.23,1569.23,2026-05-25,Paid-OnTime
4335,532,5,2026-06-25,1569.23,1569.23,2026-06-25,Paid-OnTime
4336,532,6,2026-07-25,1569.23,1569.23,2026-07-25,Paid-OnTime
4337,532,7,2026-08-25,1569.23,1569.23,2026-08-25,Paid-OnTime
4338,533,1,2026-04-14,915.38,915.38,2026-04-14,Paid-OnTime
4339,533,2,2026-05-14,915.38,312.28,2026-06-07,Partial
4340,533,3,2026-06-14,915.38,0.0,,Missed
4341,533,4,2026-07-14,915.38,0.0,,Missed
4342,533,5,2026-08-14,915.38,0.0,,Missed
4343,534,1,2022-10-27,3200.0,3200.0,2022-10-27,Paid-OnTime
4344,534,2,2022-11-27,3200.0,3200.0,2022-12-06,Paid-Late
4345,534,3,2022-12-27,3200.0,3200.0,2022-12-27,Paid-OnTime
4346,535,1,2022-02-28,5688.14,5688.14,2022-02-28,Paid-OnTime
4347,535,2,2022-03-28,5688.14,5688.14,2022-03-28,Paid-OnTime
4348,535,3,2022-04-28,5688.14,5688.14,2022-04-28,Paid-OnTime
4349,535,4,2022-05-28,5688.14,5688.14,2022-05-28,Paid-OnTime
4350,535,5,2022-06-28,5688.14,5688.14,2022-06-28,Paid-OnTime
4351,535,6,2022-07-28,5688.14,5688.14,2022-07-28,Paid-OnTime
4352,535,7,2022-08-28,5688.14,5688.14,2022-08-28,Paid-OnTime
4353,535,8,2022-09-28,5688.14,5688.14,2022-09-28,Paid-OnTime
4354,535,9,2022-10-28,5688.14,5688.14,2022-10-28,Paid-OnTime
4355,535,10,2022-11-28,5688.14,5688.14,2022-11-28,Paid-OnTime
4356,535,11,2022-12-28,5688.14,5688.14,2022-12-28,Paid-OnTime
4357,535,12,2023-01-28,5688.14,5688.14,2023-01-28,Paid-OnTime
4358,535,13,2023-02-28,5688.14,5688.14,2023-02-28,Paid-OnTime
4359,535,14,2023-03-28,5688.14,5688.14,2023-03-28,Paid-OnTime
4360,535,15,2023-04-28,5688.14,5688.14,2023-04-28,Paid-OnTime
4361,535,16,2023-05-28,5688.14,5688.14,2023-05-28,Paid-OnTime
4362,535,17,2023-06-28,5688.14,5688.14,2023-06-28,Paid-OnTime
4363,535,18,2023-07-28,5688.14,5688.14,2023-07-28,Paid-OnTime
4364,535,19,2023-08-28,5688.14,5688.14,2023-08-28,Paid-OnTime
4365,535,20,2023-09-28,5688.14,5688.14,2023-09-28,Paid-OnTime
4366,535,21,2023-10-28,5688.14,5688.14,2023-10-28,Paid-OnTime
4367,535,22,2023-11-28,5688.14,5688.14,2023-11-28,Paid-OnTime
4368,535,23,2023-12-28,5688.14,5688.14,2023-12-28,Paid-OnTime
4369,535,24,2024-01-28,5688.14,5688.14,2024-01-28,Paid-OnTime
4370,535,25,2024-02-28,5688.14,5688.14,2024-02-28,Paid-OnTime
4371,535,26,2024-03-28,5688.14,5688.14,2024-03-28,Paid-OnTime
4372,535,27,2024-04-28,5688.14,1496.63,2024-05-10,Partial
4373,535,28,2024-05-28,5688.14,1479.71,2024-06-11,Partial
4374,535,29,2024-06-28,5688.14,1373.59,2024-07-19,Partial
4375,535,30,2024-07-28,5688.14,1702.68,2024-08-13,Partial
4376,535,31,2024-08-28,5688.14,0.0,,Missed
4377,535,32,2024-09-28,5688.14,5688.14,2024-09-28,Paid-OnTime
4378,535,33,2024-10-28,5688.14,5688.14,2024-10-28,Paid-OnTime
4379,535,34,2024-11-28,5688.14,5688.14,2024-11-28,Paid-OnTime
4380,535,35,2024-12-28,5688.14,5688.14,2024-12-28,Paid-OnTime
4381,535,36,2025-01-28,5688.14,5688.14,2025-01-28,Paid-OnTime
4382,535,37,2025-02-28,5688.14,5688.14,2025-02-28,Paid-OnTime
4383,535,38,2025-03-28,5688.14,5688.14,2025-03-28,Paid-OnTime
4384,535,39,2025-04-28,5688.14,5688.14,2025-04-28,Paid-OnTime
4385,535,40,2025-05-28,5688.14,5688.14,2025-05-28,Paid-OnTime
4386,535,41,2025-06-28,5688.14,5688.14,2025-06-28,Paid-OnTime
4387,535,42,2025-07-28,5688.14,5688.14,2025-07-28,Paid-OnTime
4388,535,43,2025-08-28,5688.14,5688.14,2025-08-28,Paid-OnTime
4389,535,44,2025-09-28,5688.14,5688.14,2025-09-28,Paid-OnTime
4390,535,45,2025-10-28,5688.14,5688.14,2025-10-28,Paid-OnTime
4391,535,46,2025-11-28,5688.14,5688.14,2025-12-07,Paid-Late
4392,535,47,2025-12-28,5688.14,5688.14,2025-12-28,Paid-OnTime
4393,535,48,2026-01-28,5688.14,5688.14,2026-01-28,Paid-OnTime
4394,535,49,2026-02-28,5688.14,5688.14,2026-02-28,Paid-OnTime
4395,535,50,2026-03-28,5688.14,5688.14,2026-03-28,Paid-OnTime
4396,535,51,2026-04-28,5688.14,5688.14,2026-04-28,Paid-OnTime
4397,535,52,2026-05-28,5688.14,5688.14,2026-05-28,Paid-OnTime
4398,535,53,2026-06-28,5688.14,5688.14,2026-06-28,Paid-OnTime
4399,535,54,2026-07-28,5688.14,5688.14,2026-08-04,Paid-Late
4400,535,55,2026-08-28,5688.14,5688.14,2026-08-28,Paid-OnTime
4401,536,1,2025-01-14,7637.5,7637.5,2025-01-14,Paid-OnTime
4402,536,2,2025-02-14,7637.5,7637.5,2025-02-14,Paid-OnTime
4403,536,3,2025-03-14,7637.5,7637.5,2025-03-14,Paid-OnTime
4404,536,4,2025-04-14,7637.5,7637.5,2025-04-14,Paid-OnTime
4405,536,5,2025-05-14,7637.5,7637.5,2025-05-14,Paid-OnTime
4406,536,6,2025-06-14,7637.5,7637.5,2025-06-14,Paid-OnTime
4407,536,7,2025-07-14,7637.5,7637.5,2025-07-14,Paid-OnTime
4408,536,8,2025-08-14,7637.5,7637.5,2025-08-14,Paid-OnTime
4409,536,9,2025-09-14,7637.5,0.0,,Missed
4410,536,10,2025-10-14,7637.5,2107.36,2025-11-02,Partial
4411,536,11,2025-11-14,7637.5,0.0,,Missed
4412,536,12,2025-12-14,7637.5,0.0,,Missed
4413,536,13,2026-01-14,7637.5,0.0,,Missed
4414,536,14,2026-02-14,7637.5,4277.03,2026-02-27,Partial
4415,536,15,2026-03-14,7637.5,1683.96,2026-03-27,Partial
4416,536,16,2026-04-14,7637.5,0.0,,Missed
4417,536,17,2026-05-14,7637.5,0.0,,Missed
4418,536,18,2026-06-14,7637.5,0.0,,Missed
4419,536,19,2026-07-14,7637.5,4167.92,2026-08-03,Partial
4420,536,20,2026-08-14,7637.5,2385.32,2026-08-22,Partial
4421,537,1,2025-10-23,7116.67,7116.67,2025-10-23,Paid-OnTime
4422,537,2,2025-11-23,7116.67,7116.67,2025-11-23,Paid-OnTime
4423,537,3,2025-12-23,7116.67,7116.67,2025-12-23,Paid-OnTime
4424,537,4,2026-01-23,7116.67,7116.67,2026-01-23,Paid-OnTime
4425,537,5,2026-02-23,7116.67,7116.67,2026-02-23,Paid-OnTime
4426,537,6,2026-03-23,7116.67,7116.67,2026-03-23,Paid-OnTime
4427,538,1,2024-06-02,27200.0,27200.0,2024-06-02,Paid-OnTime
4428,538,2,2024-07-02,27200.0,0.0,,Missed
4429,538,3,2024-08-02,27200.0,0.0,,Missed
4430,539,1,2025-06-17,12500.0,12500.0,2025-06-17,Paid-OnTime
4431,539,2,2025-07-17,12500.0,12500.0,2025-07-17,Paid-OnTime
4432,539,3,2025-08-17,12500.0,12500.0,2025-08-17,Paid-OnTime
4433,540,1,2026-05-01,3733.33,3733.33,2026-05-01,Paid-OnTime
4434,540,2,2026-06-01,3733.33,3733.33,2026-06-01,Paid-OnTime
4435,540,3,2026-07-01,3733.33,3733.33,2026-07-01,Paid-OnTime
4436,540,4,2026-08-01,3733.33,3733.33,2026-08-10,Paid-Late
4437,541,1,2024-07-03,4575.0,4575.0,2024-07-03,Paid-OnTime
4438,541,2,2024-08-03,4575.0,4575.0,2024-08-03,Paid-OnTime
4439,541,3,2024-09-03,4575.0,4575.0,2024-09-03,Paid-OnTime
4440,541,4,2024-10-03,4575.0,4575.0,2024-10-03,Paid-OnTime
4441,542,1,2023-07-04,5566.67,5566.67,2023-07-04,Paid-OnTime
4442,542,2,2023-08-04,5566.67,5566.67,2023-08-04,Paid-OnTime
4443,542,3,2023-09-04,5566.67,5566.67,2023-09-14,Paid-Late
4444,543,1,2026-07-14,2245.45,2245.45,2026-07-14,Paid-OnTime
4445,543,2,2026-08-14,2245.45,2245.45,2026-08-14,Paid-OnTime
4446,544,1,2024-03-11,5800.0,5800.0,2024-03-11,Paid-OnTime
4447,544,2,2024-04-11,5800.0,5800.0,2024-04-11,Paid-OnTime
4448,544,3,2024-05-11,5800.0,5800.0,2024-05-11,Paid-OnTime
4449,545,1,2026-02-18,65700.0,65700.0,2026-02-18,Paid-OnTime
4450,546,1,2023-03-19,5800.0,5800.0,2023-03-19,Paid-OnTime
4451,546,2,2023-04-19,5800.0,5800.0,2023-04-19,Paid-OnTime
4452,546,3,2023-05-19,5800.0,5800.0,2023-05-19,Paid-OnTime
4453,547,1,2024-06-26,3978.26,3978.26,2024-06-26,Paid-OnTime
4454,547,2,2024-07-26,3978.26,3978.26,2024-07-26,Paid-OnTime
4455,547,3,2024-08-26,3978.26,3978.26,2024-08-26,Paid-OnTime
4456,547,4,2024-09-26,3978.26,3978.26,2024-09-26,Paid-OnTime
4457,547,5,2024-10-26,3978.26,3978.26,2024-10-26,Paid-OnTime
4458,547,6,2024-11-26,3978.26,3978.26,2024-11-26,Paid-OnTime
4459,547,7,2024-12-26,3978.26,3978.26,2024-12-26,Paid-OnTime
4460,547,8,2025-01-26,3978.26,3978.26,2025-01-26,Paid-OnTime
4461,547,9,2025-02-26,3978.26,3978.26,2025-02-26,Paid-OnTime
4462,547,10,2025-03-26,3978.26,3978.26,2025-03-26,Paid-OnTime
4463,547,11,2025-04-26,3978.26,3978.26,2025-04-26,Paid-OnTime
4464,547,12,2025-05-26,3978.26,3978.26,2025-05-26,Paid-OnTime
4465,547,13,2025-06-26,3978.26,3978.26,2025-06-26,Paid-OnTime
4466,547,14,2025-07-26,3978.26,3978.26,2025-07-26,Paid-OnTime
4467,547,15,2025-08-26,3978.26,3978.26,2025-08-26,Paid-OnTime
4468,547,16,2025-09-26,3978.26,3978.26,2025-09-26,Paid-OnTime
4469,547,17,2025-10-26,3978.26,3978.26,2025-10-26,Paid-OnTime
4470,547,18,2025-11-26,3978.26,3978.26,2025-11-26,Paid-OnTime
4471,547,19,2025-12-26,3978.26,3978.26,2025-12-26,Paid-OnTime
4472,547,20,2026-01-26,3978.26,3978.26,2026-01-26,Paid-OnTime
4473,547,21,2026-02-26,3978.26,3978.26,2026-02-26,Paid-OnTime
4474,547,22,2026-03-26,3978.26,3978.26,2026-03-26,Paid-OnTime
4475,547,23,2026-04-26,3978.26,3978.26,2026-04-26,Paid-OnTime
4476,548,1,2024-11-09,1200.0,1200.0,2024-11-09,Paid-OnTime
4477,548,2,2024-12-09,1200.0,0.0,,Missed
4478,548,3,2025-01-09,1200.0,0.0,,Missed
4479,548,4,2025-02-09,1200.0,0.0,,Missed
4480,549,1,2025-12-04,3880.0,3880.0,2025-12-04,Paid-OnTime
4481,549,2,2026-01-04,3880.0,3880.0,2026-01-04,Paid-OnTime
4482,549,3,2026-02-04,3880.0,3880.0,2026-02-04,Paid-OnTime
4483,549,4,2026-03-04,3880.0,3880.0,2026-03-04,Paid-OnTime
4484,549,5,2026-04-04,3880.0,3880.0,2026-04-04,Paid-OnTime
4485,550,1,2025-12-20,7566.67,7566.67,2025-12-20,Paid-OnTime
4486,550,2,2026-01-20,7566.67,7566.67,2026-01-20,Paid-OnTime
4487,550,3,2026-02-20,7566.67,7566.67,2026-02-20,Paid-OnTime
4488,551,1,2025-02-01,1300.0,1300.0,2025-02-01,Paid-OnTime
4489,551,2,2025-03-01,1300.0,405.58,2025-03-14,Partial
4490,551,3,2025-04-01,1300.0,0.0,,Missed
4491,552,1,2022-06-13,720.0,720.0,2022-06-13,Paid-OnTime
4492,552,2,2022-07-13,720.0,720.0,2022-07-13,Paid-OnTime
4493,552,3,2022-08-13,720.0,720.0,2022-08-13,Paid-OnTime
4494,552,4,2022-09-13,720.0,720.0,2022-09-13,Paid-OnTime
4495,552,5,2022-10-13,720.0,720.0,2022-10-13,Paid-OnTime
4496,553,1,2026-03-19,4460.0,4460.0,2026-03-19,Paid-OnTime
4497,553,2,2026-04-19,4460.0,4460.0,2026-04-19,Paid-OnTime
4498,553,3,2026-05-19,4460.0,4460.0,2026-05-19,Paid-OnTime
4499,553,4,2026-06-19,4460.0,4460.0,2026-06-19,Paid-OnTime
4500,553,5,2026-07-19,4460.0,4460.0,2026-07-19,Paid-OnTime
4501,554,1,2023-05-22,4872.0,4872.0,2023-05-22,Paid-OnTime
4502,554,2,2023-06-22,4872.0,4872.0,2023-06-22,Paid-OnTime
4503,554,3,2023-07-22,4872.0,4872.0,2023-07-22,Paid-OnTime
4504,554,4,2023-08-22,4872.0,4872.0,2023-08-22,Paid-OnTime
4505,554,5,2023-09-22,4872.0,4872.0,2023-09-22,Paid-OnTime
4506,554,6,2023-10-22,4872.0,4872.0,2023-10-22,Paid-OnTime
4507,554,7,2023-11-22,4872.0,4872.0,2023-11-22,Paid-OnTime
4508,554,8,2023-12-22,4872.0,4872.0,2023-12-22,Paid-OnTime
4509,554,9,2024-01-22,4872.0,4872.0,2024-01-22,Paid-OnTime
4510,554,10,2024-02-22,4872.0,4872.0,2024-02-22,Paid-OnTime
4511,554,11,2024-03-22,4872.0,4872.0,2024-03-22,Paid-OnTime
4512,554,12,2024-04-22,4872.0,4872.0,2024-04-22,Paid-OnTime
4513,554,13,2024-05-22,4872.0,4872.0,2024-05-22,Paid-OnTime
4514,554,14,2024-06-22,4872.0,4872.0,2024-06-22,Paid-OnTime
4515,554,15,2024-07-22,4872.0,4872.0,2024-07-22,Paid-OnTime
4516,554,16,2024-08-22,4872.0,4872.0,2024-08-22,Paid-OnTime
4517,554,17,2024-09-22,4872.0,4872.0,2024-09-22,Paid-OnTime
4518,554,18,2024-10-22,4872.0,4872.0,2024-10-22,Paid-OnTime
4519,554,19,2024-11-22,4872.0,4872.0,2024-12-02,Paid-Late
4520,554,20,2024-12-22,4872.0,4872.0,2024-12-22,Paid-OnTime
4521,554,21,2025-01-22,4872.0,4872.0,2025-01-22,Paid-OnTime
4522,554,22,2025-02-22,4872.0,4872.0,2025-02-22,Paid-OnTime
4523,554,23,2025-03-22,4872.0,4872.0,2025-03-22,Paid-OnTime
4524,554,24,2025-04-22,4872.0,4872.0,2025-04-22,Paid-OnTime
4525,554,25,2025-05-22,4872.0,4872.0,2025-05-22,Paid-OnTime
4526,555,1,2024-09-28,17200.0,17200.0,2024-09-28,Paid-OnTime
4527,555,2,2024-10-28,17200.0,17200.0,2024-10-28,Paid-OnTime
4528,555,3,2024-11-28,17200.0,17200.0,2024-11-28,Paid-OnTime
4529,556,1,2025-08-20,3438.98,3438.98,2025-08-23,Paid-Late
4530,556,2,2025-09-20,3438.98,3438.98,2025-09-20,Paid-OnTime
4531,556,3,2025-10-20,3438.98,3438.98,2025-10-20,Paid-OnTime
4532,556,4,2025-11-20,3438.98,3438.98,2025-11-20,Paid-OnTime
4533,556,5,2025-12-20,3438.98,3438.98,2025-12-20,Paid-OnTime
4534,556,6,2026-01-20,3438.98,3438.98,2026-01-20,Paid-OnTime
4535,556,7,2026-02-20,3438.98,3438.98,2026-02-20,Paid-OnTime
4536,556,8,2026-03-20,3438.98,3438.98,2026-03-29,Paid-Late
4537,556,9,2026-04-20,3438.98,3438.98,2026-04-20,Paid-OnTime
4538,556,10,2026-05-20,3438.98,3438.98,2026-05-20,Paid-OnTime
4539,556,11,2026-06-20,3438.98,3438.98,2026-06-20,Paid-OnTime
4540,556,12,2026-07-20,3438.98,3438.98,2026-07-20,Paid-OnTime
4541,556,13,2026-08-20,3438.98,3438.98,2026-08-20,Paid-OnTime
4542,557,1,2024-01-09,4018.18,4018.18,2024-01-09,Paid-OnTime
4543,557,2,2024-02-09,4018.18,4018.18,2024-02-09,Paid-OnTime
4544,557,3,2024-03-09,4018.18,4018.18,2024-03-09,Paid-OnTime
4545,557,4,2024-04-09,4018.18,4018.18,2024-04-09,Paid-OnTime
4546,557,5,2024-05-09,4018.18,4018.18,2024-05-09,Paid-OnTime
4547,557,6,2024-06-09,4018.18,4018.18,2024-06-09,Paid-OnTime
4548,557,7,2024-07-09,4018.18,4018.18,2024-07-09,Paid-OnTime
4549,557,8,2024-08-09,4018.18,4018.18,2024-08-12,Paid-Late
4550,557,9,2024-09-09,4018.18,4018.18,2024-09-09,Paid-OnTime
4551,557,10,2024-10-09,4018.18,4018.18,2024-10-09,Paid-OnTime
4552,557,11,2024-11-09,4018.18,4018.18,2024-11-09,Paid-OnTime
4553,558,1,2023-11-01,1300.0,1300.0,2023-11-01,Paid-OnTime
4554,558,2,2023-12-01,1300.0,1300.0,2023-12-01,Paid-OnTime
4555,558,3,2024-01-01,1300.0,1300.0,2024-01-01,Paid-OnTime
4556,559,1,2023-12-22,7798.33,7798.33,2023-12-22,Paid-OnTime
4557,559,2,2024-01-22,7798.33,7798.33,2024-01-22,Paid-OnTime
4558,559,3,2024-02-22,7798.33,7798.33,2024-02-22,Paid-OnTime
4559,559,4,2024-03-22,7798.33,7798.33,2024-03-22,Paid-OnTime
4560,559,5,2024-04-22,7798.33,7798.33,2024-04-22,Paid-OnTime
4561,559,6,2024-05-22,7798.33,7798.33,2024-05-22,Paid-OnTime
4562,559,7,2024-06-22,7798.33,7798.33,2024-06-22,Paid-OnTime
4563,559,8,2024-07-22,7798.33,7798.33,2024-07-22,Paid-OnTime
4564,559,9,2024-08-22,7798.33,7798.33,2024-08-22,Paid-OnTime
4565,559,10,2024-09-22,7798.33,7798.33,2024-09-22,Paid-OnTime
4566,559,11,2024-10-22,7798.33,7798.33,2024-10-22,Paid-OnTime
4567,559,12,2024-11-22,7798.33,7798.33,2024-11-22,Paid-OnTime
4568,559,13,2024-12-22,7798.33,7798.33,2024-12-22,Paid-OnTime
4569,559,14,2025-01-22,7798.33,7798.33,2025-01-22,Paid-OnTime
4570,559,15,2025-02-22,7798.33,7798.33,2025-02-22,Paid-OnTime
4571,559,16,2025-03-22,7798.33,7798.33,2025-03-22,Paid-OnTime
4572,559,17,2025-04-22,7798.33,7798.33,2025-04-22,Paid-OnTime
4573,559,18,2025-05-22,7798.33,7798.33,2025-05-22,Paid-OnTime
4574,559,19,2025-06-22,7798.33,7798.33,2025-06-22,Paid-OnTime
4575,559,20,2025-07-22,7798.33,7798.33,2025-07-22,Paid-OnTime
4576,559,21,2025-08-22,7798.33,7798.33,2025-08-22,Paid-OnTime
4577,559,22,2025-09-22,7798.33,7798.33,2025-09-22,Paid-OnTime
4578,559,23,2025-10-22,7798.33,7798.33,2025-10-22,Paid-OnTime
4579,559,24,2025-11-22,7798.33,7798.33,2025-11-22,Paid-OnTime
4580,559,25,2025-12-22,7798.33,7798.33,2025-12-22,Paid-OnTime
4581,559,26,2026-01-22,7798.33,7798.33,2026-01-22,Paid-OnTime
4582,559,27,2026-02-22,7798.33,7798.33,2026-02-22,Paid-OnTime
4583,559,28,2026-03-22,7798.33,7798.33,2026-03-22,Paid-OnTime
4584,559,29,2026-04-22,7798.33,7798.33,2026-04-22,Paid-OnTime
4585,559,30,2026-05-22,7798.33,7798.33,2026-05-22,Paid-OnTime
4586,559,31,2026-06-22,7798.33,7798.33,2026-06-22,Paid-OnTime
4587,559,32,2026-07-22,7798.33,7798.33,2026-07-22,Paid-OnTime
4588,559,33,2026-08-22,7798.33,7798.33,2026-08-22,Paid-OnTime
4589,561,1,2026-07-18,1275.0,1275.0,2026-07-21,Paid-Late
4590,561,2,2026-08-18,1275.0,1275.0,2026-08-25,Paid-Late
4591,562,1,2025-02-06,3827.27,3827.27,2025-02-06,Paid-OnTime
4592,562,2,2025-03-06,3827.27,3827.27,2025-03-06,Paid-OnTime
4593,562,3,2025-04-06,3827.27,3827.27,2025-04-06,Paid-OnTime
4594,562,4,2025-05-06,3827.27,3827.27,2025-05-06,Paid-OnTime
4595,562,5,2025-06-06,3827.27,3827.27,2025-06-12,Paid-Late
4596,562,6,2025-07-06,3827.27,3827.27,2025-07-06,Paid-OnTime
4597,562,7,2025-08-06,3827.27,3827.27,2025-08-06,Paid-OnTime
4598,562,8,2025-09-06,3827.27,3827.27,2025-09-06,Paid-OnTime
4599,562,9,2025-10-06,3827.27,3827.27,2025-10-06,Paid-OnTime
4600,562,10,2025-11-06,3827.27,3827.27,2025-11-06,Paid-OnTime
4601,562,11,2025-12-06,3827.27,3827.27,2025-12-06,Paid-OnTime
4602,563,1,2025-07-09,840.0,840.0,2025-07-09,Paid-OnTime
4603,563,2,2025-08-09,840.0,840.0,2025-08-09,Paid-OnTime
4604,563,3,2025-09-09,840.0,840.0,2025-09-09,Paid-OnTime
4605,563,4,2025-10-09,840.0,840.0,2025-10-09,Paid-OnTime
4606,563,5,2025-11-09,840.0,840.0,2025-11-09,Paid-OnTime
4607,564,1,2024-04-09,3683.05,3683.05,2024-04-09,Paid-OnTime
4608,564,2,2024-05-09,3683.05,3683.05,2024-05-09,Paid-OnTime
4609,564,3,2024-06-09,3683.05,3683.05,2024-06-09,Paid-OnTime
4610,564,4,2024-07-09,3683.05,3683.05,2024-07-09,Paid-OnTime
4611,564,5,2024-08-09,3683.05,3683.05,2024-08-09,Paid-OnTime
4612,564,6,2024-09-09,3683.05,0.0,,Missed
4613,564,7,2024-10-09,3683.05,2419.28,2024-10-27,Partial
4614,564,8,2024-11-09,3683.05,0.0,,Missed
4615,564,9,2024-12-09,3683.05,1203.3,2024-12-14,Partial
4616,564,10,2025-01-09,3683.05,0.0,,Missed
4617,564,11,2025-02-09,3683.05,0.0,,Missed
4618,564,12,2025-03-09,3683.05,0.0,,Missed
4619,564,13,2025-04-09,3683.05,3683.05,2025-04-09,Paid-OnTime
4620,564,14,2025-05-09,3683.05,3683.05,2025-05-09,Paid-OnTime
4621,564,15,2025-06-09,3683.05,3683.05,2025-06-09,Paid-OnTime
4622,564,16,2025-07-09,3683.05,3683.05,2025-07-09,Paid-OnTime
4623,564,17,2025-08-09,3683.05,3683.05,2025-08-09,Paid-OnTime
4624,564,18,2025-09-09,3683.05,3683.05,2025-09-09,Paid-OnTime
4625,564,19,2025-10-09,3683.05,3683.05,2025-10-09,Paid-OnTime
4626,564,20,2025-11-09,3683.05,3683.05,2025-11-09,Paid-OnTime
4627,564,21,2025-12-09,3683.05,3683.05,2025-12-09,Paid-OnTime
4628,564,22,2026-01-09,3683.05,3683.05,2026-01-09,Paid-OnTime
4629,564,23,2026-02-09,3683.05,3683.05,2026-02-09,Paid-OnTime
4630,564,24,2026-03-09,3683.05,3683.05,2026-03-09,Paid-OnTime
4631,564,25,2026-04-09,3683.05,3683.05,2026-04-09,Paid-OnTime
4632,564,26,2026-05-09,3683.05,3683.05,2026-05-09,Paid-OnTime
4633,564,27,2026-06-09,3683.05,3683.05,2026-06-09,Paid-OnTime
4634,564,28,2026-07-09,3683.05,3683.05,2026-07-09,Paid-OnTime
4635,564,29,2026-08-09,3683.05,3683.05,2026-08-09,Paid-OnTime
4636,565,1,2022-09-12,1181.82,1181.82,2022-09-12,Paid-OnTime
4637,565,2,2022-10-12,1181.82,1181.82,2022-10-12,Paid-OnTime
4638,565,3,2022-11-12,1181.82,1181.82,2022-11-12,Paid-OnTime
4639,565,4,2022-12-12,1181.82,1181.82,2022-12-12,Paid-OnTime
4640,565,5,2023-01-12,1181.82,1181.82,2023-01-12,Paid-OnTime
4641,565,6,2023-02-12,1181.82,1181.82,2023-02-12,Paid-OnTime
4642,565,7,2023-03-12,1181.82,1181.82,2023-03-12,Paid-OnTime
4643,565,8,2023-04-12,1181.82,1181.82,2023-04-18,Paid-Late
4644,565,9,2023-05-12,1181.82,1181.82,2023-05-12,Paid-OnTime
4645,565,10,2023-06-12,1181.82,1181.82,2023-06-12,Paid-OnTime
4646,565,11,2023-07-12,1181.82,1181.82,2023-07-15,Paid-Late
4647,566,1,2023-06-28,8100.0,8100.0,2023-06-28,Paid-OnTime
4648,566,2,2023-07-28,8100.0,8100.0,2023-07-28,Paid-OnTime
4649,566,3,2023-08-28,8100.0,8100.0,2023-08-28,Paid-OnTime
4650,567,1,2025-08-08,1827.27,1827.27,2025-08-08,Paid-OnTime
4651,567,2,2025-09-08,1827.27,1827.27,2025-09-08,Paid-OnTime
4652,567,3,2025-10-08,1827.27,1827.27,2025-10-08,Paid-OnTime
4653,567,4,2025-11-08,1827.27,1827.27,2025-11-08,Paid-OnTime
4654,567,5,2025-12-08,1827.27,1827.27,2025-12-08,Paid-OnTime
4655,567,6,2026-01-08,1827.27,1827.27,2026-01-08,Paid-OnTime
4656,567,7,2026-02-08,1827.27,1827.27,2026-02-08,Paid-OnTime
4657,567,8,2026-03-08,1827.27,1827.27,2026-03-08,Paid-OnTime
4658,567,9,2026-04-08,1827.27,0.0,,Missed
4659,567,10,2026-05-08,1827.27,659.33,2026-05-14,Partial
4660,567,11,2026-06-08,1827.27,0.0,,Missed
4661,569,1,2025-02-22,6900.0,6900.0,2025-02-22,Paid-OnTime
4662,570,1,2024-08-13,2800.0,2800.0,2024-08-13,Paid-OnTime
4663,570,2,2024-09-13,2800.0,2800.0,2024-09-13,Paid-OnTime
4664,570,3,2024-10-13,2800.0,2800.0,2024-10-13,Paid-OnTime
4665,570,4,2024-11-13,2800.0,2800.0,2024-11-13,Paid-OnTime
4666,570,5,2024-12-13,2800.0,2800.0,2024-12-13,Paid-OnTime
4667,570,6,2025-01-13,2800.0,2800.0,2025-01-13,Paid-OnTime
4668,570,7,2025-02-13,2800.0,2800.0,2025-02-13,Paid-OnTime
4669,571,1,2023-05-04,3580.0,3580.0,2023-05-04,Paid-OnTime
4670,571,2,2023-06-04,3580.0,3580.0,2023-06-04,Paid-OnTime
4671,571,3,2023-07-04,3580.0,3580.0,2023-07-04,Paid-OnTime
4672,571,4,2023-08-04,3580.0,3580.0,2023-08-04,Paid-OnTime
4673,571,5,2023-09-04,3580.0,3580.0,2023-09-04,Paid-OnTime
4674,572,1,2024-08-28,3083.33,3083.33,2024-08-28,Paid-OnTime
4675,572,2,2024-09-28,3083.33,3083.33,2024-09-28,Paid-OnTime
4676,572,3,2024-10-28,3083.33,3083.33,2024-10-28,Paid-OnTime
4677,572,4,2024-11-28,3083.33,3083.33,2024-11-28,Paid-OnTime
4678,572,5,2024-12-28,3083.33,3083.33,2024-12-28,Paid-OnTime
4679,572,6,2025-01-28,3083.33,3083.33,2025-01-28,Paid-OnTime
4680,572,7,2025-02-28,3083.33,3083.33,2025-02-28,Paid-OnTime
4681,572,8,2025-03-28,3083.33,0.0,,Missed
4682,572,9,2025-04-28,3083.33,0.0,,Missed
4683,572,10,2025-05-28,3083.33,0.0,,Missed
4684,572,11,2025-06-28,3083.33,1825.53,2025-07-14,Partial
4685,572,12,2025-07-28,3083.33,1461.82,2025-08-15,Partial
4686,573,1,2023-04-14,1133.33,1133.33,2023-04-14,Paid-OnTime
4687,573,2,2023-05-14,1133.33,1133.33,2023-05-14,Paid-OnTime
4688,573,3,2023-06-14,1133.33,1133.33,2023-06-14,Paid-OnTime
4689,573,4,2023-07-14,1133.33,1133.33,2023-07-14,Paid-OnTime
4690,573,5,2023-08-14,1133.33,1133.33,2023-08-14,Paid-OnTime
4691,573,6,2023-09-14,1133.33,1133.33,2023-09-14,Paid-OnTime
4692,574,1,2025-10-12,7866.67,7866.67,2025-10-18,Paid-Late
4693,574,2,2025-11-12,7866.67,7866.67,2025-11-12,Paid-OnTime
4694,574,3,2025-12-12,7866.67,7866.67,2025-12-12,Paid-OnTime
4695,574,4,2026-01-12,7866.67,7866.67,2026-01-12,Paid-OnTime
4696,574,5,2026-02-12,7866.67,7866.67,2026-02-12,Paid-OnTime
4697,574,6,2026-03-12,7866.67,7866.67,2026-03-12,Paid-OnTime
4698,575,1,2023-11-11,1341.67,1341.67,2023-11-11,Paid-OnTime
4699,575,2,2023-12-11,1341.67,1341.67,2023-12-11,Paid-OnTime
4700,575,3,2024-01-11,1341.67,1341.67,2024-01-11,Paid-OnTime
4701,575,4,2024-02-11,1341.67,1341.67,2024-02-11,Paid-OnTime
4702,575,5,2024-03-11,1341.67,1341.67,2024-03-11,Paid-OnTime
4703,575,6,2024-04-11,1341.67,1341.67,2024-04-15,Paid-Late
4704,575,7,2024-05-11,1341.67,1341.67,2024-05-11,Paid-OnTime
4705,575,8,2024-06-11,1341.67,1341.67,2024-06-11,Paid-OnTime
4706,575,9,2024-07-11,1341.67,1341.67,2024-07-14,Paid-Late
4707,575,10,2024-08-11,1341.67,1341.67,2024-08-11,Paid-OnTime
4708,575,11,2024-09-11,1341.67,1341.67,2024-09-11,Paid-OnTime
4709,575,12,2024-10-11,1341.67,1341.67,2024-10-11,Paid-OnTime
4710,576,1,2024-09-11,1709.09,1709.09,2024-09-11,Paid-OnTime
4711,576,2,2024-10-11,1709.09,1709.09,2024-10-11,Paid-OnTime
4712,576,3,2024-11-11,1709.09,1709.09,2024-11-11,Paid-OnTime
4713,576,4,2024-12-11,1709.09,1709.09,2024-12-11,Paid-OnTime
4714,576,5,2025-01-11,1709.09,1709.09,2025-01-11,Paid-OnTime
4715,576,6,2025-02-11,1709.09,1709.09,2025-02-11,Paid-OnTime
4716,576,7,2025-03-11,1709.09,1709.09,2025-03-11,Paid-OnTime
4717,576,8,2025-04-11,1709.09,1709.09,2025-04-11,Paid-OnTime
4718,576,9,2025-05-11,1709.09,1709.09,2025-05-11,Paid-OnTime
4719,576,10,2025-06-11,1709.09,1709.09,2025-06-11,Paid-OnTime
4720,576,11,2025-07-11,1709.09,1709.09,2025-07-11,Paid-OnTime
4721,577,1,2025-03-24,7920.0,7920.0,2025-03-24,Paid-OnTime
4722,577,2,2025-04-24,7920.0,0.0,,Missed
4723,577,3,2025-05-24,7920.0,0.0,,Missed
4724,577,4,2025-06-24,7920.0,0.0,,Missed
4725,577,5,2025-07-24,7920.0,3019.04,2025-08-12,Partial
4726,578,1,2024-08-05,5840.0,5840.0,2024-08-05,Paid-OnTime
4727,578,2,2024-09-05,5840.0,5840.0,2024-09-05,Paid-OnTime
4728,578,3,2024-10-05,5840.0,5840.0,2024-10-05,Paid-OnTime
4729,578,4,2024-11-05,5840.0,5840.0,2024-11-05,Paid-OnTime
4730,578,5,2024-12-05,5840.0,5840.0,2024-12-05,Paid-OnTime
4731,579,1,2022-12-03,5960.0,5960.0,2022-12-03,Paid-OnTime
4732,579,2,2023-01-03,5960.0,5960.0,2023-01-03,Paid-OnTime
4733,579,3,2023-02-03,5960.0,5960.0,2023-02-03,Paid-OnTime
4734,579,4,2023-03-03,5960.0,5960.0,2023-03-03,Paid-OnTime
4735,579,5,2023-04-03,5960.0,5960.0,2023-04-03,Paid-OnTime
4736,580,1,2024-11-10,5589.83,5589.83,2024-11-10,Paid-OnTime
4737,580,2,2024-12-10,5589.83,5589.83,2024-12-10,Paid-OnTime
4738,580,3,2025-01-10,5589.83,5589.83,2025-01-10,Paid-OnTime
4739,580,4,2025-02-10,5589.83,5589.83,2025-02-10,Paid-OnTime
4740,580,5,2025-03-10,5589.83,5589.83,2025-03-10,Paid-OnTime
4741,580,6,2025-04-10,5589.83,5589.83,2025-04-18,Paid-Late
4742,580,7,2025-05-10,5589.83,5589.83,2025-05-10,Paid-OnTime
4743,580,8,2025-06-10,5589.83,5589.83,2025-06-10,Paid-OnTime
4744,580,9,2025-07-10,5589.83,5589.83,2025-07-10,Paid-OnTime
4745,580,10,2025-08-10,5589.83,5589.83,2025-08-10,Paid-OnTime
4746,580,11,2025-09-10,5589.83,5589.83,2025-09-10,Paid-OnTime
4747,580,12,2025-10-10,5589.83,5589.83,2025-10-10,Paid-OnTime
4748,580,13,2025-11-10,5589.83,5589.83,2025-11-20,Paid-Late
4749,580,14,2025-12-10,5589.83,5589.83,2025-12-10,Paid-OnTime
4750,580,15,2026-01-10,5589.83,5589.83,2026-01-10,Paid-OnTime
4751,580,16,2026-02-10,5589.83,5589.83,2026-02-13,Paid-Late
4752,580,17,2026-03-10,5589.83,5589.83,2026-03-10,Paid-OnTime
4753,580,18,2026-04-10,5589.83,5589.83,2026-04-19,Paid-Late
4754,580,19,2026-05-10,5589.83,5589.83,2026-05-10,Paid-OnTime
4755,580,20,2026-06-10,5589.83,5589.83,2026-06-10,Paid-OnTime
4756,580,21,2026-07-10,5589.83,5589.83,2026-07-10,Paid-OnTime
4757,580,22,2026-08-10,5589.83,5589.83,2026-08-10,Paid-OnTime
4758,581,1,2024-01-02,18966.67,18966.67,2024-01-02,Paid-OnTime
4759,581,2,2024-02-02,18966.67,18966.67,2024-02-02,Paid-OnTime
4760,581,3,2024-03-02,18966.67,18966.67,2024-03-02,Paid-OnTime
4761,582,1,2023-08-28,8260.0,8260.0,2023-08-28,Paid-OnTime
4762,582,2,2023-09-28,8260.0,8260.0,2023-09-28,Paid-OnTime
4763,582,3,2023-10-28,8260.0,0.0,,Missed
4764,582,4,2023-11-28,8260.0,0.0,,Missed
4765,582,5,2023-12-28,8260.0,8260.0,2023-12-28,Paid-OnTime
4766,583,1,2026-04-08,1218.18,1218.18,2026-04-08,Paid-OnTime
4767,583,2,2026-05-08,1218.18,1218.18,2026-05-08,Paid-OnTime
4768,583,3,2026-06-08,1218.18,360.97,2026-06-19,Partial
4769,583,4,2026-07-08,1218.18,0.0,,Missed
4770,583,5,2026-08-08,1218.18,1218.18,2026-08-08,Paid-OnTime
4771,584,1,2024-01-19,2216.67,2216.67,2024-01-19,Paid-OnTime
4772,584,2,2024-02-19,2216.67,2216.67,2024-02-19,Paid-OnTime
4773,584,3,2024-03-19,2216.67,0.0,,Missed
4774,584,4,2024-04-19,2216.67,0.0,,Missed
4775,584,5,2024-05-19,2216.67,0.0,,Missed
4776,584,6,2024-06-19,2216.67,2216.67,2024-06-19,Paid-OnTime
4777,585,1,2025-11-28,2950.0,2950.0,2025-11-28,Paid-OnTime
4778,585,2,2025-12-28,2950.0,2950.0,2025-12-28,Paid-OnTime
4779,585,3,2026-01-28,2950.0,2950.0,2026-01-28,Paid-OnTime
4780,585,4,2026-02-28,2950.0,2950.0,2026-02-28,Paid-OnTime
4781,585,5,2026-03-28,2950.0,1247.75,2026-04-04,Partial
4782,585,6,2026-04-28,2950.0,1429.57,2026-05-13,Partial
4783,586,1,2023-11-04,5000.0,5000.0,2023-11-12,Paid-Late
4784,586,2,2023-12-04,5000.0,5000.0,2023-12-04,Paid-OnTime
4785,586,3,2024-01-04,5000.0,5000.0,2024-01-04,Paid-OnTime
4786,586,4,2024-02-04,5000.0,5000.0,2024-02-04,Paid-OnTime
4787,587,1,2026-04-17,858.33,858.33,2026-04-17,Paid-OnTime
4788,587,2,2026-05-17,858.33,858.33,2026-05-17,Paid-OnTime
4789,587,3,2026-06-17,858.33,858.33,2026-06-17,Paid-OnTime
4790,587,4,2026-07-17,858.33,858.33,2026-07-17,Paid-OnTime
4791,587,5,2026-08-17,858.33,858.33,2026-08-17,Paid-OnTime
4792,588,1,2024-02-21,12125.0,12125.0,2024-02-21,Paid-OnTime
4793,588,2,2024-03-21,12125.0,0.0,,Missed
4794,588,3,2024-04-21,12125.0,5755.3,2024-05-03,Partial
4795,588,4,2024-05-21,12125.0,3393.91,2024-05-27,Partial
4796,589,1,2023-10-23,815.38,815.38,2023-10-23,Paid-OnTime
4797,589,2,2023-11-23,815.38,815.38,2023-11-23,Paid-OnTime
4798,589,3,2023-12-23,815.38,815.38,2023-12-23,Paid-OnTime
4799,589,4,2024-01-23,815.38,815.38,2024-01-23,Paid-OnTime
4800,589,5,2024-02-23,815.38,815.38,2024-02-23,Paid-OnTime
4801,589,6,2024-03-23,815.38,815.38,2024-03-23,Paid-OnTime
4802,589,7,2024-04-23,815.38,815.38,2024-04-23,Paid-OnTime
4803,589,8,2024-05-23,815.38,815.38,2024-05-23,Paid-OnTime
4804,589,9,2024-06-23,815.38,815.38,2024-06-23,Paid-OnTime
4805,589,10,2024-07-23,815.38,815.38,2024-07-23,Paid-OnTime
4806,589,11,2024-08-23,815.38,815.38,2024-08-23,Paid-OnTime
4807,589,12,2024-09-23,815.38,815.38,2024-09-23,Paid-OnTime
4808,589,13,2024-10-23,815.38,815.38,2024-10-23,Paid-OnTime
4809,590,1,2024-08-04,3957.14,3957.14,2024-08-04,Paid-OnTime
4810,590,2,2024-09-04,3957.14,3957.14,2024-09-04,Paid-OnTime
4811,590,3,2024-10-04,3957.14,3957.14,2024-10-04,Paid-OnTime
4812,590,4,2024-11-04,3957.14,3957.14,2024-11-04,Paid-OnTime
4813,590,5,2024-12-04,3957.14,3957.14,2024-12-04,Paid-OnTime
4814,590,6,2025-01-04,3957.14,3957.14,2025-01-04,Paid-OnTime
4815,590,7,2025-02-04,3957.14,3957.14,2025-02-04,Paid-OnTime
4816,591,1,2025-11-07,8300.0,8300.0,2025-11-07,Paid-OnTime
4817,591,2,2025-12-07,8300.0,8300.0,2025-12-07,Paid-OnTime
4818,592,1,2023-05-03,2608.33,2608.33,2023-05-03,Paid-OnTime
4819,592,2,2023-06-03,2608.33,2608.33,2023-06-03,Paid-OnTime
4820,592,3,2023-07-03,2608.33,2608.33,2023-07-03,Paid-OnTime
4821,592,4,2023-08-03,2608.33,2608.33,2023-08-03,Paid-OnTime
4822,592,5,2023-09-03,2608.33,2608.33,2023-09-03,Paid-OnTime
4823,592,6,2023-10-03,2608.33,2608.33,2023-10-03,Paid-OnTime
4824,592,7,2023-11-03,2608.33,2608.33,2023-11-03,Paid-OnTime
4825,592,8,2023-12-03,2608.33,2608.33,2023-12-03,Paid-OnTime
4826,592,9,2024-01-03,2608.33,598.64,2024-01-15,Partial
4827,592,10,2024-02-03,2608.33,0.0,,Missed
4828,592,11,2024-03-03,2608.33,0.0,,Missed
4829,592,12,2024-04-03,2608.33,0.0,,Missed
4830,593,1,2025-06-08,6708.16,6708.16,2025-06-08,Paid-OnTime
4831,593,2,2025-07-08,6708.16,6708.16,2025-07-08,Paid-OnTime
4832,593,3,2025-08-08,6708.16,6708.16,2025-08-08,Paid-OnTime
4833,593,4,2025-09-08,6708.16,6708.16,2025-09-08,Paid-OnTime
4834,593,5,2025-10-08,6708.16,6708.16,2025-10-08,Paid-OnTime
4835,593,6,2025-11-08,6708.16,6708.16,2025-11-08,Paid-OnTime
4836,593,7,2025-12-08,6708.16,6708.16,2025-12-15,Paid-Late
4837,593,8,2026-01-08,6708.16,6708.16,2026-01-08,Paid-OnTime
4838,593,9,2026-02-08,6708.16,6708.16,2026-02-08,Paid-OnTime
4839,593,10,2026-03-08,6708.16,6708.16,2026-03-17,Paid-Late
4840,593,11,2026-04-08,6708.16,6708.16,2026-04-08,Paid-OnTime
4841,593,12,2026-05-08,6708.16,6708.16,2026-05-08,Paid-OnTime
4842,593,13,2026-06-08,6708.16,6708.16,2026-06-08,Paid-OnTime
4843,593,14,2026-07-08,6708.16,6708.16,2026-07-08,Paid-OnTime
4844,593,15,2026-08-08,6708.16,6708.16,2026-08-08,Paid-OnTime
4845,594,1,2024-08-22,9912.5,9912.5,2024-08-22,Paid-OnTime
4846,594,2,2024-09-22,9912.5,9912.5,2024-09-22,Paid-OnTime
4847,594,3,2024-10-22,9912.5,9912.5,2024-10-25,Paid-Late
4848,594,4,2024-11-22,9912.5,9912.5,2024-11-22,Paid-OnTime
4849,594,5,2024-12-22,9912.5,9912.5,2024-12-22,Paid-OnTime
4850,594,6,2025-01-22,9912.5,9912.5,2025-01-22,Paid-OnTime
4851,594,7,2025-02-22,9912.5,9912.5,2025-02-22,Paid-OnTime
4852,594,8,2025-03-22,9912.5,9912.5,2025-03-22,Paid-OnTime
4853,594,9,2025-04-22,9912.5,9912.5,2025-04-22,Paid-OnTime
4854,594,10,2025-05-22,9912.5,9912.5,2025-05-22,Paid-OnTime
4855,594,11,2025-06-22,9912.5,9912.5,2025-06-22,Paid-OnTime
4856,594,12,2025-07-22,9912.5,9912.5,2025-07-22,Paid-OnTime
4857,594,13,2025-08-22,9912.5,9912.5,2025-08-22,Paid-OnTime
4858,594,14,2025-09-22,9912.5,9912.5,2025-09-22,Paid-OnTime
4859,594,15,2025-10-22,9912.5,9912.5,2025-10-29,Paid-Late
4860,594,16,2025-11-22,9912.5,9912.5,2025-11-22,Paid-OnTime
4861,594,17,2025-12-22,9912.5,9912.5,2025-12-22,Paid-OnTime
4862,594,18,2026-01-22,9912.5,9912.5,2026-01-25,Paid-Late
4863,594,19,2026-02-22,9912.5,9912.5,2026-02-22,Paid-OnTime
4864,594,20,2026-03-22,9912.5,9912.5,2026-03-22,Paid-OnTime
4865,594,21,2026-04-22,9912.5,9912.5,2026-04-22,Paid-OnTime
4866,594,22,2026-05-22,9912.5,9912.5,2026-05-22,Paid-OnTime
4867,594,23,2026-06-22,9912.5,9912.5,2026-06-22,Paid-OnTime
4868,594,24,2026-07-22,9912.5,9912.5,2026-07-22,Paid-OnTime
4869,594,25,2026-08-22,9912.5,9912.5,2026-08-22,Paid-OnTime
4870,595,1,2025-01-20,51800.0,51800.0,2025-01-20,Paid-OnTime
4871,596,1,2025-12-23,5950.0,5950.0,2025-12-23,Paid-OnTime
4872,596,2,2026-01-23,5950.0,5950.0,2026-01-23,Paid-OnTime
4873,598,1,2023-12-05,1150.0,1150.0,2023-12-05,Paid-OnTime
4874,598,2,2024-01-05,1150.0,1150.0,2024-01-05,Paid-OnTime
4875,598,3,2024-02-05,1150.0,1150.0,2024-02-05,Paid-OnTime
4876,598,4,2024-03-05,1150.0,1150.0,2024-03-05,Paid-OnTime
4877,598,5,2024-04-05,1150.0,1150.0,2024-04-05,Paid-OnTime
4878,598,6,2024-05-05,1150.0,1150.0,2024-05-05,Paid-OnTime
4879,599,1,2023-09-17,483.33,483.33,2023-09-17,Paid-OnTime
4880,599,2,2023-10-17,483.33,483.33,2023-10-17,Paid-OnTime
4881,599,3,2023-11-17,483.33,483.33,2023-11-23,Paid-Late
4882,599,4,2023-12-17,483.33,483.33,2023-12-17,Paid-OnTime
4883,599,5,2024-01-17,483.33,483.33,2024-01-21,Paid-Late
4884,599,6,2024-02-17,483.33,483.33,2024-02-17,Paid-OnTime
4885,599,7,2024-03-17,483.33,483.33,2024-03-17,Paid-OnTime
4886,599,8,2024-04-17,483.33,483.33,2024-04-17,Paid-OnTime
4887,599,9,2024-05-17,483.33,483.33,2024-05-17,Paid-OnTime
4888,599,10,2024-06-17,483.33,483.33,2024-06-17,Paid-OnTime
4889,599,11,2024-07-17,483.33,483.33,2024-07-17,Paid-OnTime
4890,599,12,2024-08-17,483.33,483.33,2024-08-17,Paid-OnTime
4891,600,1,2025-07-04,3816.67,3816.67,2025-07-04,Paid-OnTime
4892,600,2,2025-08-04,3816.67,3816.67,2025-08-04,Paid-OnTime
4893,600,3,2025-09-04,3816.67,3816.67,2025-09-04,Paid-OnTime
4894,600,4,2025-10-04,3816.67,3816.67,2025-10-04,Paid-OnTime
4895,600,5,2025-11-04,3816.67,3816.67,2025-11-04,Paid-OnTime
4896,600,6,2025-12-04,3816.67,3816.67,2025-12-04,Paid-OnTime
4897,600,7,2026-01-04,3816.67,3816.67,2026-01-04,Paid-OnTime
4898,600,8,2026-02-04,3816.67,3816.67,2026-02-04,Paid-OnTime
4899,600,9,2026-03-04,3816.67,3816.67,2026-03-04,Paid-OnTime
4900,600,10,2026-04-04,3816.67,3816.67,2026-04-04,Paid-OnTime
4901,600,11,2026-05-04,3816.67,0.0,,Missed
4902,600,12,2026-06-04,3816.67,2352.84,2026-06-15,Partial
4903,601,1,2022-05-22,7880.0,7880.0,2022-05-22,Paid-OnTime
4904,601,2,2022-06-22,7880.0,7880.0,2022-06-22,Paid-OnTime
4905,601,3,2022-07-22,7880.0,7880.0,2022-07-22,Paid-OnTime
4906,601,4,2022-08-22,7880.0,7880.0,2022-08-22,Paid-OnTime
4907,601,5,2022-09-22,7880.0,7880.0,2022-09-22,Paid-OnTime
4908,602,1,2026-02-14,3116.67,3116.67,2026-02-14,Paid-OnTime
4909,602,2,2026-03-14,3116.67,3116.67,2026-03-14,Paid-OnTime
4910,602,3,2026-04-14,3116.67,3116.67,2026-04-14,Paid-OnTime
4911,602,4,2026-05-14,3116.67,3116.67,2026-05-14,Paid-OnTime
4912,602,5,2026-06-14,3116.67,3116.67,2026-06-14,Paid-OnTime
4913,602,6,2026-07-14,3116.67,3116.67,2026-07-14,Paid-OnTime
4914,602,7,2026-08-14,3116.67,3116.67,2026-08-14,Paid-OnTime
4915,603,1,2022-02-01,3940.0,3940.0,2022-02-01,Paid-OnTime
4916,603,2,2022-03-01,3940.0,3940.0,2022-03-01,Paid-OnTime
4917,603,3,2022-04-01,3940.0,3940.0,2022-04-01,Paid-OnTime
4918,603,4,2022-05-01,3940.0,3940.0,2022-05-01,Paid-OnTime
4919,603,5,2022-06-01,3940.0,3940.0,2022-06-01,Paid-OnTime
4920,604,1,2024-06-19,11450.0,11450.0,2024-06-19,Paid-OnTime
4921,604,2,2024-07-19,11450.0,11450.0,2024-07-19,Paid-OnTime
4922,604,3,2024-08-19,11450.0,11450.0,2024-08-23,Paid-Late
4923,604,4,2024-09-19,11450.0,11450.0,2024-09-19,Paid-OnTime
4924,605,1,2025-08-27,31833.33,31833.33,2025-08-27,Paid-OnTime
4925,605,2,2025-09-27,31833.33,31833.33,2025-09-27,Paid-OnTime
4926,605,3,2025-10-27,31833.33,31833.33,2025-10-27,Paid-OnTime
4927,606,1,2026-08-06,1884.62,1884.62,2026-08-06,Paid-OnTime
4928,607,1,2025-12-17,25500.0,25500.0,2025-12-17,Paid-OnTime
4929,609,1,2026-06-26,9640.0,9640.0,2026-06-26,Paid-OnTime
4930,609,2,2026-07-26,9640.0,9640.0,2026-07-26,Paid-OnTime
4931,609,3,2026-08-26,9640.0,9640.0,2026-08-26,Paid-OnTime
4932,610,1,2025-09-24,8850.0,8850.0,2025-09-24,Paid-OnTime
4933,610,2,2025-10-24,8850.0,8850.0,2025-10-24,Paid-OnTime
4934,613,1,2026-02-22,3900.0,3900.0,2026-02-22,Paid-OnTime
4935,613,2,2026-03-22,3900.0,3900.0,2026-03-22,Paid-OnTime
4936,614,1,2025-11-15,850.0,850.0,2025-11-15,Paid-OnTime
4937,614,2,2025-12-15,850.0,850.0,2025-12-15,Paid-OnTime
4938,614,3,2026-01-15,850.0,850.0,2026-01-15,Paid-OnTime
4939,614,4,2026-02-15,850.0,850.0,2026-02-15,Paid-OnTime
4940,614,5,2026-03-15,850.0,850.0,2026-03-15,Paid-OnTime
4941,614,6,2026-04-15,850.0,850.0,2026-04-15,Paid-OnTime
4942,614,7,2026-05-15,850.0,850.0,2026-05-15,Paid-OnTime
4943,614,8,2026-06-15,850.0,850.0,2026-06-15,Paid-OnTime
4944,614,9,2026-07-15,850.0,850.0,2026-07-15,Paid-OnTime
4945,614,10,2026-08-15,850.0,850.0,2026-08-15,Paid-OnTime
4946,615,1,2022-04-28,2316.67,2316.67,2022-04-28,Paid-OnTime
4947,615,2,2022-05-28,2316.67,2316.67,2022-05-28,Paid-OnTime
4948,615,3,2022-06-28,2316.67,2316.67,2022-06-28,Paid-OnTime
4949,615,4,2022-07-28,2316.67,2316.67,2022-07-28,Paid-OnTime
4950,615,5,2022-08-28,2316.67,2316.67,2022-08-28,Paid-OnTime
4951,615,6,2022-09-28,2316.67,2316.67,2022-09-28,Paid-OnTime
4952,615,7,2022-10-28,2316.67,2316.67,2022-10-28,Paid-OnTime
4953,615,8,2022-11-28,2316.67,2316.67,2022-11-28,Paid-OnTime
4954,615,9,2022-12-28,2316.67,2316.67,2022-12-28,Paid-OnTime
4955,615,10,2023-01-28,2316.67,2316.67,2023-01-28,Paid-OnTime
4956,615,11,2023-02-28,2316.67,2316.67,2023-02-28,Paid-OnTime
4957,615,12,2023-03-28,2316.67,2316.67,2023-03-28,Paid-OnTime
4958,616,1,2024-12-28,8828.57,8828.57,2024-12-28,Paid-OnTime
4959,616,2,2025-01-28,8828.57,8828.57,2025-01-28,Paid-OnTime
4960,616,3,2025-02-28,8828.57,8828.57,2025-02-28,Paid-OnTime
4961,616,4,2025-03-28,8828.57,8828.57,2025-03-28,Paid-OnTime
4962,616,5,2025-04-28,8828.57,8828.57,2025-04-28,Paid-OnTime
4963,616,6,2025-05-28,8828.57,8828.57,2025-05-28,Paid-OnTime
4964,616,7,2025-06-28,8828.57,8828.57,2025-06-28,Paid-OnTime
4965,616,8,2025-07-28,8828.57,8828.57,2025-07-28,Paid-OnTime
4966,616,9,2025-08-28,8828.57,8828.57,2025-08-28,Paid-OnTime
4967,616,10,2025-09-28,8828.57,8828.57,2025-09-28,Paid-OnTime
4968,616,11,2025-10-28,8828.57,8828.57,2025-10-28,Paid-OnTime
4969,616,12,2025-11-28,8828.57,8828.57,2025-11-28,Paid-OnTime
4970,616,13,2025-12-28,8828.57,8828.57,2025-12-28,Paid-OnTime
4971,616,14,2026-01-28,8828.57,8828.57,2026-01-28,Paid-OnTime
4972,616,15,2026-02-28,8828.57,8828.57,2026-02-28,Paid-OnTime
4973,616,16,2026-03-28,8828.57,8828.57,2026-03-28,Paid-OnTime
4974,616,17,2026-04-28,8828.57,8828.57,2026-04-28,Paid-OnTime
4975,616,18,2026-05-28,8828.57,8828.57,2026-05-28,Paid-OnTime
4976,616,19,2026-06-28,8828.57,8828.57,2026-06-28,Paid-OnTime
4977,616,20,2026-07-28,8828.57,8828.57,2026-07-28,Paid-OnTime
4978,616,21,2026-08-28,8828.57,8828.57,2026-08-28,Paid-OnTime
4979,617,1,2023-10-20,4680.0,4680.0,2023-10-20,Paid-OnTime
4980,617,2,2023-11-20,4680.0,4680.0,2023-11-27,Paid-Late
4981,617,3,2023-12-20,4680.0,4680.0,2023-12-20,Paid-OnTime
4982,617,4,2024-01-20,4680.0,0.0,,Missed
4983,617,5,2024-02-20,4680.0,0.0,,Missed
4984,618,1,2025-05-14,20900.0,20900.0,2025-05-14,Paid-OnTime
4985,618,2,2025-06-14,20900.0,20900.0,2025-06-14,Paid-OnTime
4986,619,1,2025-07-01,4260.0,4260.0,2025-07-01,Paid-OnTime
4987,619,2,2025-08-01,4260.0,4260.0,2025-08-01,Paid-OnTime
4988,619,3,2025-09-01,4260.0,4260.0,2025-09-01,Paid-OnTime
4989,619,4,2025-10-01,4260.0,4260.0,2025-10-01,Paid-OnTime
4990,619,5,2025-11-01,4260.0,4260.0,2025-11-01,Paid-OnTime
4991,620,1,2025-05-17,10680.0,10680.0,2025-05-17,Paid-OnTime
4992,620,2,2025-06-17,10680.0,10680.0,2025-06-17,Paid-OnTime
4993,620,3,2025-07-17,10680.0,10680.0,2025-07-17,Paid-OnTime
4994,620,4,2025-08-17,10680.0,10680.0,2025-08-17,Paid-OnTime
4995,620,5,2025-09-17,10680.0,10680.0,2025-09-17,Paid-OnTime
4996,621,1,2024-08-20,24454.17,24454.17,2024-08-27,Paid-Late
4997,621,2,2024-09-20,24454.17,24454.17,2024-09-20,Paid-OnTime
4998,621,3,2024-10-20,24454.17,24454.17,2024-10-20,Paid-OnTime
4999,621,4,2024-11-20,24454.17,24454.17,2024-11-20,Paid-OnTime
5000,621,5,2024-12-20,24454.17,24454.17,2024-12-20,Paid-OnTime
5001,621,6,2025-01-20,24454.17,24454.17,2025-01-20,Paid-OnTime
5002,621,7,2025-02-20,24454.17,24454.17,2025-02-20,Paid-OnTime
5003,621,8,2025-03-20,24454.17,24454.17,2025-03-20,Paid-OnTime
5004,621,9,2025-04-20,24454.17,24454.17,2025-04-20,Paid-OnTime
5005,621,10,2025-05-20,24454.17,24454.17,2025-05-30,Paid-Late
5006,621,11,2025-06-20,24454.17,24454.17,2025-06-20,Paid-OnTime
5007,621,12,2025-07-20,24454.17,24454.17,2025-07-20,Paid-OnTime
5008,621,13,2025-08-20,24454.17,24454.17,2025-08-20,Paid-OnTime
5009,621,14,2025-09-20,24454.17,24454.17,2025-09-20,Paid-OnTime
5010,621,15,2025-10-20,24454.17,24454.17,2025-10-20,Paid-OnTime
5011,621,16,2025-11-20,24454.17,24454.17,2025-11-20,Paid-OnTime
5012,621,17,2025-12-20,24454.17,24454.17,2025-12-20,Paid-OnTime
5013,621,18,2026-01-20,24454.17,24454.17,2026-01-20,Paid-OnTime
5014,621,19,2026-02-20,24454.17,24454.17,2026-02-20,Paid-OnTime
5015,621,20,2026-03-20,24454.17,24454.17,2026-03-20,Paid-OnTime
5016,621,21,2026-04-20,24454.17,24454.17,2026-04-20,Paid-OnTime
5017,621,22,2026-05-20,24454.17,24454.17,2026-05-20,Paid-OnTime
5018,621,23,2026-06-20,24454.17,24454.17,2026-06-20,Paid-OnTime
5019,621,24,2026-07-20,24454.17,24454.17,2026-07-28,Paid-Late
5020,621,25,2026-08-20,24454.17,24454.17,2026-08-20,Paid-OnTime
5021,622,1,2022-06-02,2683.33,2683.33,2022-06-02,Paid-OnTime
5022,622,2,2022-07-02,2683.33,2683.33,2022-07-07,Paid-Late
5023,622,3,2022-08-02,2683.33,2683.33,2022-08-02,Paid-OnTime
5024,622,4,2022-09-02,2683.33,2683.33,2022-09-02,Paid-OnTime
5025,622,5,2022-10-02,2683.33,2683.33,2022-10-02,Paid-OnTime
5026,622,6,2022-11-02,2683.33,2683.33,2022-11-02,Paid-OnTime
5027,622,7,2022-12-02,2683.33,2683.33,2022-12-02,Paid-OnTime
5028,622,8,2023-01-02,2683.33,2683.33,2023-01-02,Paid-OnTime
5029,622,9,2023-02-02,2683.33,2683.33,2023-02-02,Paid-OnTime
5030,622,10,2023-03-02,2683.33,2683.33,2023-03-02,Paid-OnTime
5031,622,11,2023-04-02,2683.33,2683.33,2023-04-02,Paid-OnTime
5032,622,12,2023-05-02,2683.33,2683.33,2023-05-02,Paid-OnTime
5033,623,1,2024-07-16,2150.0,2150.0,2024-07-16,Paid-OnTime
5034,623,2,2024-08-16,2150.0,2150.0,2024-08-25,Paid-Late
5035,623,3,2024-09-16,2150.0,2150.0,2024-09-16,Paid-OnTime
5036,623,4,2024-10-16,2150.0,0.0,,Missed
5037,623,5,2024-11-16,2150.0,0.0,,Missed
5038,623,6,2024-12-16,2150.0,0.0,,Missed
5039,624,1,2024-04-26,2175.0,2175.0,2024-04-26,Paid-OnTime
5040,624,2,2024-05-26,2175.0,2175.0,2024-05-26,Paid-OnTime
5041,624,3,2024-06-26,2175.0,2175.0,2024-06-26,Paid-OnTime
5042,624,4,2024-07-26,2175.0,2175.0,2024-07-26,Paid-OnTime
5043,625,1,2024-05-24,4350.0,4350.0,2024-05-31,Paid-Late
5044,625,2,2024-06-24,4350.0,4350.0,2024-06-24,Paid-OnTime
5045,627,1,2023-02-22,2625.0,2625.0,2023-02-22,Paid-OnTime
5046,627,2,2023-03-22,2625.0,2625.0,2023-03-22,Paid-OnTime
5047,627,3,2023-04-22,2625.0,2625.0,2023-04-22,Paid-OnTime
5048,627,4,2023-05-22,2625.0,2625.0,2023-05-22,Paid-OnTime
5049,628,1,2025-04-08,5260.0,5260.0,2025-04-08,Paid-OnTime
5050,628,2,2025-05-08,5260.0,5260.0,2025-05-08,Paid-OnTime
5051,628,3,2025-06-08,5260.0,5260.0,2025-06-08,Paid-OnTime
5052,628,4,2025-07-08,5260.0,5260.0,2025-07-08,Paid-OnTime
5053,628,5,2025-08-08,5260.0,5260.0,2025-08-08,Paid-OnTime
5054,629,1,2025-06-12,4445.83,4445.83,2025-06-12,Paid-OnTime
5055,629,2,2025-07-12,4445.83,4445.83,2025-07-20,Paid-Late
5056,629,3,2025-08-12,4445.83,4445.83,2025-08-12,Paid-OnTime
5057,629,4,2025-09-12,4445.83,4445.83,2025-09-12,Paid-OnTime
5058,629,5,2025-10-12,4445.83,4445.83,2025-10-12,Paid-OnTime
5059,629,6,2025-11-12,4445.83,4445.83,2025-11-12,Paid-OnTime
5060,629,7,2025-12-12,4445.83,4445.83,2025-12-12,Paid-OnTime
5061,629,8,2026-01-12,4445.83,4445.83,2026-01-12,Paid-OnTime
5062,629,9,2026-02-12,4445.83,4445.83,2026-02-12,Paid-OnTime
5063,629,10,2026-03-12,4445.83,4445.83,2026-03-12,Paid-OnTime
5064,629,11,2026-04-12,4445.83,4445.83,2026-04-12,Paid-OnTime
5065,629,12,2026-05-12,4445.83,4445.83,2026-05-12,Paid-OnTime
5066,629,13,2026-06-12,4445.83,4445.83,2026-06-12,Paid-OnTime
5067,629,14,2026-07-12,4445.83,4445.83,2026-07-12,Paid-OnTime
5068,629,15,2026-08-12,4445.83,4445.83,2026-08-12,Paid-OnTime
5069,630,1,2026-06-11,78400.0,78400.0,2026-06-11,Paid-OnTime
5070,631,1,2026-08-11,1300.0,1300.0,2026-08-11,Paid-OnTime
5071,632,1,2024-09-20,3857.14,3857.14,2024-09-20,Paid-OnTime
5072,632,2,2024-10-20,3857.14,3857.14,2024-10-20,Paid-OnTime
5073,632,3,2024-11-20,3857.14,3857.14,2024-11-20,Paid-OnTime
5074,632,4,2024-12-20,3857.14,3857.14,2024-12-20,Paid-OnTime
5075,632,5,2025-01-20,3857.14,3857.14,2025-01-20,Paid-OnTime
5076,632,6,2025-02-20,3857.14,3857.14,2025-02-20,Paid-OnTime
5077,632,7,2025-03-20,3857.14,3857.14,2025-03-20,Paid-OnTime
5078,634,1,2025-09-28,3066.67,3066.67,2025-09-28,Paid-OnTime
5079,634,2,2025-10-28,3066.67,3066.67,2025-10-28,Paid-OnTime
5080,634,3,2025-11-28,3066.67,3066.67,2025-11-28,Paid-OnTime
5081,634,4,2025-12-28,3066.67,3066.67,2025-12-28,Paid-OnTime
5082,634,5,2026-01-28,3066.67,3066.67,2026-01-28,Paid-OnTime
5083,634,6,2026-02-28,3066.67,1978.85,2026-03-09,Partial
5084,634,7,2026-03-28,3066.67,904.62,2026-04-13,Partial
5085,634,8,2026-04-28,3066.67,0.0,,Missed
5086,634,9,2026-05-28,3066.67,1956.76,2026-06-22,Partial
5087,634,10,2026-06-28,3066.67,0.0,,Missed
5088,634,11,2026-07-28,3066.67,0.0,,Missed
5089,634,12,2026-08-28,3066.67,1130.64,2026-09-22,Partial
5090,635,1,2024-04-13,11100.0,11100.0,2024-04-13,Paid-OnTime
5091,635,2,2024-05-13,11100.0,11100.0,2024-05-13,Paid-OnTime
5092,635,3,2024-06-13,11100.0,11100.0,2024-06-13,Paid-OnTime
5093,635,4,2024-07-13,11100.0,11100.0,2024-07-13,Paid-OnTime
5094,636,1,2023-07-06,3400.0,3400.0,2023-07-06,Paid-OnTime
5095,636,2,2023-08-06,3400.0,3400.0,2023-08-06,Paid-OnTime
5096,636,3,2023-09-06,3400.0,3400.0,2023-09-06,Paid-OnTime
5097,637,1,2025-08-10,5298.33,5298.33,2025-08-10,Paid-OnTime
5098,637,2,2025-09-10,5298.33,5298.33,2025-09-10,Paid-OnTime
5099,637,3,2025-10-10,5298.33,5298.33,2025-10-10,Paid-OnTime
5100,637,4,2025-11-10,5298.33,5298.33,2025-11-10,Paid-OnTime
5101,637,5,2025-12-10,5298.33,5298.33,2025-12-10,Paid-OnTime
5102,637,6,2026-01-10,5298.33,5298.33,2026-01-10,Paid-OnTime
5103,637,7,2026-02-10,5298.33,5298.33,2026-02-10,Paid-OnTime
5104,637,8,2026-03-10,5298.33,5298.33,2026-03-10,Paid-OnTime
5105,637,9,2026-04-10,5298.33,5298.33,2026-04-10,Paid-OnTime
5106,637,10,2026-05-10,5298.33,5298.33,2026-05-10,Paid-OnTime
5107,637,11,2026-06-10,5298.33,5298.33,2026-06-10,Paid-OnTime
5108,637,12,2026-07-10,5298.33,5298.33,2026-07-10,Paid-OnTime
5109,637,13,2026-08-10,5298.33,5298.33,2026-08-10,Paid-OnTime
5110,638,1,2023-09-06,2100.0,2100.0,2023-09-06,Paid-OnTime
5111,638,2,2023-10-06,2100.0,2100.0,2023-10-06,Paid-OnTime
5112,638,3,2023-11-06,2100.0,2100.0,2023-11-06,Paid-OnTime
5113,639,1,2025-03-07,1484.62,1484.62,2025-03-07,Paid-OnTime
5114,639,2,2025-04-07,1484.62,1484.62,2025-04-07,Paid-OnTime
5115,639,3,2025-05-07,1484.62,1484.62,2025-05-07,Paid-OnTime
5116,639,4,2025-06-07,1484.62,1484.62,2025-06-07,Paid-OnTime
5117,639,5,2025-07-07,1484.62,1484.62,2025-07-07,Paid-OnTime
5118,639,6,2025-08-07,1484.62,1484.62,2025-08-07,Paid-OnTime
5119,639,7,2025-09-07,1484.62,1484.62,2025-09-07,Paid-OnTime
5120,639,8,2025-10-07,1484.62,1484.62,2025-10-07,Paid-OnTime
5121,639,9,2025-11-07,1484.62,1484.62,2025-11-07,Paid-OnTime
5122,639,10,2025-12-07,1484.62,1484.62,2025-12-07,Paid-OnTime
5123,639,11,2026-01-07,1484.62,1484.62,2026-01-07,Paid-OnTime
5124,639,12,2026-02-07,1484.62,1484.62,2026-02-07,Paid-OnTime
5125,639,13,2026-03-07,1484.62,1484.62,2026-03-07,Paid-OnTime
5126,640,1,2025-08-04,1633.33,1633.33,2025-08-04,Paid-OnTime
5127,640,2,2025-09-04,1633.33,1633.33,2025-09-04,Paid-OnTime
5128,640,3,2025-10-04,1633.33,1633.33,2025-10-04,Paid-OnTime
5129,640,4,2025-11-04,1633.33,1633.33,2025-11-04,Paid-OnTime
5130,640,5,2025-12-04,1633.33,1633.33,2025-12-04,Paid-OnTime
5131,640,6,2026-01-04,1633.33,1633.33,2026-01-04,Paid-OnTime
5132,641,1,2026-03-22,12950.0,12950.0,2026-03-22,Paid-OnTime
5133,641,2,2026-04-22,12950.0,12950.0,2026-04-22,Paid-OnTime
5134,641,3,2026-05-22,12950.0,0.0,,Missed
5135,641,4,2026-06-22,12950.0,0.0,,Missed
5136,642,1,2024-05-09,1866.67,1866.67,2024-05-09,Paid-OnTime
5137,642,2,2024-06-09,1866.67,1866.67,2024-06-09,Paid-OnTime
5138,642,3,2024-07-09,1866.67,1866.67,2024-07-15,Paid-Late
5139,642,4,2024-08-09,1866.67,1866.67,2024-08-09,Paid-OnTime
5140,642,5,2024-09-09,1866.67,1866.67,2024-09-09,Paid-OnTime
5141,642,6,2024-10-09,1866.67,1866.67,2024-10-09,Paid-OnTime
5142,642,7,2024-11-09,1866.67,1866.67,2024-11-17,Paid-Late
5143,642,8,2024-12-09,1866.67,1866.67,2024-12-09,Paid-OnTime
5144,642,9,2025-01-09,1866.67,1866.67,2025-01-18,Paid-Late
5145,642,10,2025-02-09,1866.67,1866.67,2025-02-09,Paid-OnTime
5146,642,11,2025-03-09,1866.67,1866.67,2025-03-09,Paid-OnTime
5147,642,12,2025-04-09,1866.67,1866.67,2025-04-09,Paid-OnTime
5148,642,13,2025-05-09,1866.67,1866.67,2025-05-09,Paid-OnTime
5149,642,14,2025-06-09,1866.67,1866.67,2025-06-09,Paid-OnTime
5150,642,15,2025-07-09,1866.67,1866.67,2025-07-09,Paid-OnTime
5151,642,16,2025-08-09,1866.67,1866.67,2025-08-09,Paid-OnTime
5152,642,17,2025-09-09,1866.67,1866.67,2025-09-09,Paid-OnTime
5153,642,18,2025-10-09,1866.67,1866.67,2025-10-09,Paid-OnTime
5154,642,19,2025-11-09,1866.67,1866.67,2025-11-09,Paid-OnTime
5155,642,20,2025-12-09,1866.67,1866.67,2025-12-09,Paid-OnTime
5156,642,21,2026-01-09,1866.67,1866.67,2026-01-09,Paid-OnTime
5157,642,22,2026-02-09,1866.67,1866.67,2026-02-09,Paid-OnTime
5158,642,23,2026-03-09,1866.67,1866.67,2026-03-09,Paid-OnTime
5159,642,24,2026-04-09,1866.67,1866.67,2026-04-09,Paid-OnTime
5160,643,1,2023-05-14,72200.0,72200.0,2023-05-14,Paid-OnTime
5161,644,1,2024-11-05,31166.67,31166.67,2024-11-05,Paid-OnTime
5162,644,2,2024-12-05,31166.67,0.0,,Missed
5163,644,3,2025-01-05,31166.67,0.0,,Missed
5164,645,1,2024-09-21,6050.0,6050.0,2024-09-21,Paid-OnTime
5165,645,2,2024-10-21,6050.0,6050.0,2024-10-21,Paid-OnTime
5166,645,3,2024-11-21,6050.0,6050.0,2024-11-21,Paid-OnTime
5167,645,4,2024-12-21,6050.0,6050.0,2024-12-21,Paid-OnTime
5168,645,5,2025-01-21,6050.0,6050.0,2025-01-21,Paid-OnTime
5169,645,6,2025-02-21,6050.0,6050.0,2025-02-21,Paid-OnTime
5170,645,7,2025-03-21,6050.0,6050.0,2025-03-21,Paid-OnTime
5171,645,8,2025-04-21,6050.0,6050.0,2025-04-21,Paid-OnTime
5172,645,9,2025-05-21,6050.0,6050.0,2025-05-21,Paid-OnTime
5173,645,10,2025-06-21,6050.0,6050.0,2025-06-21,Paid-OnTime
5174,645,11,2025-07-21,6050.0,6050.0,2025-07-21,Paid-OnTime
5175,645,12,2025-08-21,6050.0,6050.0,2025-08-21,Paid-OnTime
5176,646,1,2025-05-06,7900.0,7900.0,2025-05-09,Paid-Late
5177,646,2,2025-06-06,7900.0,7900.0,2025-06-06,Paid-OnTime
5178,647,1,2022-12-16,28000.0,28000.0,2022-12-16,Paid-OnTime
5179,648,1,2024-08-20,2718.18,2718.18,2024-08-20,Paid-OnTime
5180,648,2,2024-09-20,2718.18,0.0,,Missed
5181,648,3,2024-10-20,2718.18,0.0,,Missed
5182,648,4,2024-11-20,2718.18,0.0,,Missed
5183,648,5,2024-12-20,2718.18,1328.47,2025-01-06,Partial
5184,648,6,2025-01-20,2718.18,1255.08,2025-02-07,Partial
5185,648,7,2025-02-20,2718.18,0.0,,Missed
5186,648,8,2025-03-20,2718.18,715.21,2025-03-26,Partial
5187,648,9,2025-04-20,2718.18,0.0,,Missed
5188,648,10,2025-05-20,2718.18,0.0,,Missed
5189,648,11,2025-06-20,2718.18,0.0,,Missed
5190,649,1,2024-05-24,20350.0,20350.0,2024-05-24,Paid-OnTime
5191,649,2,2024-06-24,20350.0,20350.0,2024-06-24,Paid-OnTime
5192,650,1,2024-08-16,3658.33,3658.33,2024-08-16,Paid-OnTime
5193,650,2,2024-09-16,3658.33,3658.33,2024-09-16,Paid-OnTime
5194,650,3,2024-10-16,3658.33,3658.33,2024-10-16,Paid-OnTime
5195,650,4,2024-11-16,3658.33,3658.33,2024-11-22,Paid-Late
5196,650,5,2024-12-16,3658.33,3658.33,2024-12-16,Paid-OnTime
5197,650,6,2025-01-16,3658.33,3658.33,2025-01-16,Paid-OnTime
5198,650,7,2025-02-16,3658.33,3658.33,2025-02-16,Paid-OnTime
5199,650,8,2025-03-16,3658.33,3658.33,2025-03-16,Paid-OnTime
5200,650,9,2025-04-16,3658.33,3658.33,2025-04-16,Paid-OnTime
5201,650,10,2025-05-16,3658.33,3658.33,2025-05-16,Paid-OnTime
5202,650,11,2025-06-16,3658.33,3658.33,2025-06-16,Paid-OnTime
5203,650,12,2025-07-16,3658.33,3658.33,2025-07-16,Paid-OnTime
