population,member_id,period,contribution_status
Treatment,316,2025-03-31,Missed
Treatment,316,2025-04-30,Met
Treatment,338,2024-12-31,Met
Treatment,53,2025-12-31,Met
Treatment,5,2026-07-31,Met
Treatment,67,2025-01-31,Missed
Treatment,67,2025-02-28,Met
Treatment,29,2023-04-30,Met
Treatment,60,2025-09-30,Met
Treatment,87,2024-12-31,Met
Treatment,302,2026-05-31,Missed
Treatment,302,2026-06-30,Met
Treatment,109,2025-07-31,Missed
Treatment,207,2025-03-31,Missed
Treatment,207,2025-04-30,Met
Treatment,284,2026-05-31,Met
Treatment,284,2026-06-30,Met
Treatment,41,2023-10-31,Missed
Treatment,41,2023-11-30,Met
Treatment,301,2026-04-30,Below-Target
Treatment,324,2025-03-31,Below-Target
Treatment,324,2025-04-30,Below-Target
Treatment,319,2024-12-31,Met
Treatment,259,2023-10-31,Met
Treatment,259,2023-11-30,Met
Treatment,49,2023-10-31,Missed
Treatment,49,2023-11-30,Met
Treatment,166,2024-03-31,Below-Target
Treatment,166,2024-04-30,Met
Treatment,213,2023-12-31,Missed
Treatment,160,2024-05-31,Missed
Treatment,160,2024-06-30,Met
Treatment,294,2023-04-30,Below-Target
Treatment,214,2026-07-31,Met
Treatment,71,2024-03-31,Missed
Treatment,71,2024-04-30,Below-Target
Treatment,260,2026-05-31,Missed
Treatment,260,2026-06-30,Met
Treatment,186,2025-12-31,Below-Target
Treatment,291,2024-12-31,Met
Treatment,33,2024-07-31,Met
Treatment,47,2026-05-31,Below-Target
Treatment,47,2026-06-30,Met
Treatment,181,2026-03-31,Below-Target
Treatment,181,2026-04-30,Missed
Treatment,205,2026-07-31,Met
Treatment,213,2026-07-31,Met
Treatment,301,2026-03-31,Below-Target
Treatment,301,2026-04-30,Below-Target
Treatment,51,2024-08-31,Missed
Treatment,51,2024-09-30,Missed
Treatment,175,2025-03-31,Missed
Treatment,175,2025-04-30,Below-Target
Treatment,313,2024-04-30,Below-Target
Treatment,216,2025-09-30,Missed
Treatment,284,2025-05-31,Below-Target
Treatment,284,2025-06-30,Met
Treatment,108,2025-05-31,Below-Target
Treatment,108,2025-06-30,Met
Treatment,54,2023-01-31,Below-Target
Treatment,54,2023-02-28,Met
Treatment,114,2025-12-31,Met
Treatment,64,2025-04-30,Below-Target
Treatment,341,2023-12-31,Met
Treatment,205,2026-07-31,Met
Treatment,152,2024-12-31,Below-Target
Treatment,304,2024-08-31,Missed
Treatment,304,2024-09-30,Met
Treatment,44,2026-04-30,Met
Treatment,258,2023-01-31,Missed
Treatment,258,2023-02-28,Met
Treatment,187,2024-07-31,Missed
Treatment,221,2024-10-31,Below-Target
Treatment,221,2024-11-30,Met
Treatment,279,2026-03-31,Below-Target
Treatment,279,2026-04-30,Met
Treatment,79,2024-03-31,Below-Target
Treatment,79,2024-04-30,Met
Treatment,38,2025-01-31,Missed
Treatment,38,2025-02-28,Met
Treatment,274,2026-07-31,Met
Treatment,22,2025-01-31,Below-Target
Treatment,22,2025-02-28,Below-Target
Treatment,181,2025-01-31,Below-Target
Treatment,181,2025-02-28,Met
Treatment,266,2024-03-31,Met
Treatment,266,2024-04-30,Met
Treatment,66,2023-01-31,Met
Treatment,66,2023-02-28,Met
Treatment,297,2024-08-31,Below-Target
Treatment,297,2024-09-30,Met
Treatment,286,2025-10-31,Missed
Treatment,286,2025-11-30,Met
Treatment,66,2024-10-31,Below-Target
Treatment,66,2024-11-30,Met
Treatment,42,2025-10-31,Below-Target
Treatment,42,2025-11-30,Met
Treatment,49,2024-12-31,Met
Treatment,92,2025-07-31,Missed
Treatment,306,2025-12-31,Met
Treatment,26,2026-03-31,Below-Target
Treatment,26,2026-04-30,Met
Treatment,116,2024-12-31,Met
Treatment,24,2024-10-31,Missed
Treatment,24,2024-11-30,Met
Treatment,212,2024-05-31,Met
Treatment,212,2024-06-30,Below-Target
Treatment,11,2023-09-30,Below-Target
Treatment,50,2026-04-30,Missed
Treatment,102,2024-03-31,Missed
Treatment,102,2024-04-30,Met
Treatment,305,2025-08-31,Below-Target
Treatment,305,2025-09-30,Below-Target
Treatment,183,2024-07-31,Met
Treatment,227,2024-12-31,Met
Treatment,260,2025-01-31,Met
Treatment,260,2025-02-28,Met
Treatment,170,2024-08-31,Missed
Treatment,170,2024-09-30,Below-Target
Treatment,33,2026-03-31,Below-Target
Treatment,33,2026-04-30,Met
Treatment,317,2025-03-31,Missed
Treatment,317,2025-04-30,Met
Treatment,161,2023-12-31,Met
Treatment,319,2026-04-30,Below-Target
Treatment,37,2023-12-31,Below-Target
Treatment,310,2024-09-30,Met
Treatment,305,2026-01-31,Met
Treatment,305,2026-02-28,Met
Treatment,228,2026-04-30,Met
Treatment,284,2024-12-31,Below-Target
Treatment,143,2024-08-31,Below-Target
Treatment,143,2024-09-30,Met
Matched Comparison,2,2023-01-31,Met
Matched Comparison,2,2023-03-31,Missed
Matched Comparison,2,2023-04-30,Missed
Matched Comparison,2,2023-05-31,Met
Matched Comparison,2,2023-09-30,Met
Matched Comparison,2,2023-10-31,Met
Matched Comparison,2,2023-12-31,Met
Matched Comparison,2,2024-01-31,Below-Target
Matched Comparison,2,2024-03-31,Met
Matched Comparison,2,2024-04-30,Met
Matched Comparison,2,2024-05-31,Met
Matched Comparison,2,2024-07-31,Met
Matched Comparison,2,2024-08-31,Met
Matched Comparison,2,2024-09-30,Met
Matched Comparison,2,2024-10-31,Missed
Matched Comparison,2,2024-12-31,Met
Matched Comparison,2,2025-01-31,Below-Target
Matched Comparison,2,2025-03-31,Met
Matched Comparison,2,2025-04-30,Met
Matched Comparison,2,2025-05-31,Met
Matched Comparison,2,2025-07-31,Below-Target
Matched Comparison,2,2025-08-31,Met
Matched Comparison,2,2025-09-30,Missed
Matched Comparison,2,2025-10-31,Met
Matched Comparison,2,2025-12-31,Below-Target
Matched Comparison,2,2026-01-31,Met
Matched Comparison,2,2026-03-31,Met
Matched Comparison,2,2026-04-30,Met
Matched Comparison,2,2026-05-31,Met
Matched Comparison,2,2026-07-31,Met
Matched Comparison,3,2025-09-30,Met
Matched Comparison,3,2025-10-31,Met
Matched Comparison,3,2025-12-31,Met
Matched Comparison,3,2026-01-31,Met
Matched Comparison,3,2026-03-31,Missed
Matched Comparison,3,2026-04-30,Met
Matched Comparison,3,2026-05-31,Below-Target
Matched Comparison,3,2026-07-31,Met
Matched Comparison,4,2023-01-31,Met
Matched Comparison,4,2023-03-31,Met
Matched Comparison,4,2023-04-30,Met
Matched Comparison,4,2023-05-31,Met
Matched Comparison,4,2023-09-30,Met
Matched Comparison,4,2023-10-31,Below-Target
Matched Comparison,4,2023-12-31,Met
Matched Comparison,4,2024-01-31,Met
Matched Comparison,4,2024-03-31,Met
Matched Comparison,4,2024-04-30,Met
Matched Comparison,4,2024-05-31,Met
Matched Comparison,4,2024-07-31,Below-Target
Matched Comparison,4,2024-08-31,Met
Matched Comparison,4,2024-09-30,Met
Matched Comparison,4,2024-10-31,Met
Matched Comparison,4,2024-12-31,Met
Matched Comparison,4,2025-01-31,Met
Matched Comparison,4,2025-03-31,Missed
Matched Comparison,4,2025-04-30,Below-Target
Matched Comparison,4,2025-05-31,Met
Matched Comparison,4,2025-07-31,Met
Matched Comparison,4,2025-08-31,Met
Matched Comparison,4,2025-09-30,Met
Matched Comparison,4,2025-10-31,Met
Matched Comparison,4,2025-12-31,Met
Matched Comparison,4,2026-01-31,Met
Matched Comparison,4,2026-03-31,Met
Matched Comparison,4,2026-04-30,Met
Matched Comparison,4,2026-05-31,Met
Matched Comparison,4,2026-07-31,Missed
Matched Comparison,6,2023-12-31,Met
Matched Comparison,6,2024-01-31,Missed
Matched Comparison,6,2024-03-31,Met
Matched Comparison,6,2024-04-30,Met
Matched Comparison,6,2024-05-31,Met
Matched Comparison,6,2024-07-31,Below-Target
Matched Comparison,6,2024-08-31,Below-Target
Matched Comparison,6,2024-09-30,Met
Matched Comparison,6,2024-10-31,Met
Matched Comparison,6,2024-12-31,Below-Target
Matched Comparison,6,2025-01-31,Met
Matched Comparison,6,2025-03-31,Below-Target
Matched Comparison,6,2025-04-30,Below-Target
Matched Comparison,6,2025-05-31,Met
Matched Comparison,6,2025-07-31,Met
Matched Comparison,6,2025-08-31,Met
Matched Comparison,6,2025-09-30,Below-Target
Matched Comparison,6,2025-10-31,Met
Matched Comparison,6,2025-12-31,Met
Matched Comparison,6,2026-01-31,Met
Matched Comparison,6,2026-03-31,Met
Matched Comparison,6,2026-04-30,Met
Matched Comparison,6,2026-05-31,Met
Matched Comparison,6,2026-07-31,Met
Matched Comparison,7,2023-01-31,Met
Matched Comparison,7,2023-03-31,Missed
Matched Comparison,7,2023-04-30,Met
Matched Comparison,7,2023-05-31,Met
Matched Comparison,7,2023-09-30,Met
Matched Comparison,7,2023-10-31,Met
Matched Comparison,7,2023-12-31,Met
Matched Comparison,7,2024-01-31,Met
Matched Comparison,7,2024-03-31,Met
Matched Comparison,7,2024-04-30,Met
Matched Comparison,7,2024-05-31,Met
Matched Comparison,7,2024-07-31,Met
Matched Comparison,7,2024-08-31,Below-Target
Matched Comparison,7,2024-09-30,Met
Matched Comparison,7,2024-10-31,Met
Matched Comparison,7,2024-12-31,Met
Matched Comparison,7,2025-01-31,Missed
Matched Comparison,7,2025-03-31,Met
Matched Comparison,7,2025-04-30,Met
Matched Comparison,7,2025-05-31,Below-Target
Matched Comparison,7,2025-07-31,Met
Matched Comparison,7,2025-08-31,Met
Matched Comparison,7,2025-09-30,Met
Matched Comparison,7,2025-10-31,Met
Matched Comparison,7,2025-12-31,Met
Matched Comparison,7,2026-01-31,Met
Matched Comparison,7,2026-03-31,Met
Matched Comparison,7,2026-04-30,Met
Matched Comparison,7,2026-05-31,Met
Matched Comparison,7,2026-07-31,Met
Matched Comparison,8,2026-07-31,Met
Matched Comparison,9,2023-09-30,Missed
Matched Comparison,9,2023-10-31,Met
Matched Comparison,9,2023-12-31,Met
Matched Comparison,9,2024-01-31,Met
Matched Comparison,9,2024-03-31,Met
Matched Comparison,9,2024-04-30,Missed
Matched Comparison,9,2024-05-31,Met
Matched Comparison,9,2024-07-31,Met
Matched Comparison,9,2024-08-31,Met
Matched Comparison,9,2024-09-30,Met
Matched Comparison,9,2024-10-31,Met
Matched Comparison,9,2024-12-31,Below-Target
Matched Comparison,9,2025-01-31,Met
Matched Comparison,9,2025-03-31,Met
Matched Comparison,9,2025-04-30,Met
Matched Comparison,9,2025-05-31,Met
Matched Comparison,9,2025-07-31,Met
Matched Comparison,9,2025-08-31,Met
Matched Comparison,9,2025-09-30,Met
Matched Comparison,9,2025-10-31,Below-Target
Matched Comparison,9,2025-12-31,Met
Matched Comparison,9,2026-01-31,Met
Matched Comparison,9,2026-03-31,Met
Matched Comparison,9,2026-04-30,Met
Matched Comparison,9,2026-05-31,Met
Matched Comparison,9,2026-07-31,Below-Target
Matched Comparison,10,2023-01-31,Below-Target
Matched Comparison,10,2023-03-31,Met
Matched Comparison,10,2023-04-30,Met
Matched Comparison,10,2023-05-31,Met
Matched Comparison,10,2023-09-30,Met
Matched Comparison,10,2023-10-31,Met
Matched Comparison,10,2023-12-31,Met
Matched Comparison,10,2024-01-31,Met
Matched Comparison,10,2024-03-31,Met
Matched Comparison,10,2024-04-30,Met
Matched Comparison,10,2024-05-31,Met
Matched Comparison,10,2024-07-31,Met
Matched Comparison,10,2024-08-31,Met
Matched Comparison,10,2024-09-30,Met
Matched Comparison,10,2024-10-31,Met
Matched Comparison,10,2024-12-31,Below-Target
Matched Comparison,10,2025-01-31,Met
Matched Comparison,10,2025-03-31,Met
Matched Comparison,10,2025-04-30,Met
Matched Comparison,10,2025-05-31,Met
Matched Comparison,10,2025-07-31,Met
Matched Comparison,10,2025-08-31,Below-Target
Matched Comparison,10,2025-09-30,Met
Matched Comparison,10,2025-10-31,Met
Matched Comparison,10,2025-12-31,Met
Matched Comparison,10,2026-01-31,Met
Matched Comparison,10,2026-03-31,Met
Matched Comparison,10,2026-04-30,Below-Target
Matched Comparison,10,2026-05-31,Met
Matched Comparison,10,2026-07-31,Met
Matched Comparison,12,2023-01-31,Met
Matched Comparison,12,2023-03-31,Met
Matched Comparison,12,2023-04-30,Met
Matched Comparison,12,2023-05-31,Met
Matched Comparison,12,2023-09-30,Met
Matched Comparison,12,2023-10-31,Met
Matched Comparison,12,2023-12-31,Met
Matched Comparison,12,2024-01-31,Met
Matched Comparison,12,2024-03-31,Met
Matched Comparison,12,2024-04-30,Below-Target
Matched Comparison,12,2024-05-31,Met
Matched Comparison,12,2024-07-31,Met
Matched Comparison,12,2024-08-31,Met
Matched Comparison,12,2024-09-30,Met
Matched Comparison,12,2024-10-31,Met
Matched Comparison,12,2024-12-31,Met
Matched Comparison,12,2025-01-31,Met
Matched Comparison,12,2025-03-31,Below-Target
Matched Comparison,12,2025-04-30,Missed
Matched Comparison,12,2025-05-31,Met
Matched Comparison,12,2025-07-31,Missed
Matched Comparison,12,2025-08-31,Met
Matched Comparison,12,2025-09-30,Met
Matched Comparison,12,2025-10-31,Met
Matched Comparison,12,2025-12-31,Met
Matched Comparison,12,2026-01-31,Met
Matched Comparison,12,2026-03-31,Below-Target
Matched Comparison,12,2026-04-30,Below-Target
Matched Comparison,12,2026-05-31,Below-Target
Matched Comparison,12,2026-07-31,Met
Matched Comparison,15,2023-01-31,Met
Matched Comparison,15,2023-03-31,Met
Matched Comparison,15,2023-04-30,Met
Matched Comparison,15,2023-05-31,Met
Matched Comparison,15,2023-09-30,Met
Matched Comparison,15,2023-10-31,Met
Matched Comparison,15,2023-12-31,Met
Matched Comparison,15,2024-01-31,Met
Matched Comparison,15,2024-03-31,Met
Matched Comparison,15,2024-04-30,Met
Matched Comparison,15,2024-05-31,Met
Matched Comparison,15,2024-07-31,Met
Matched Comparison,15,2024-08-31,Met
Matched Comparison,15,2024-09-30,Below-Target
Matched Comparison,15,2024-10-31,Met
Matched Comparison,15,2024-12-31,Met
Matched Comparison,15,2025-01-31,Met
Matched Comparison,15,2025-03-31,Below-Target
Matched Comparison,15,2025-04-30,Missed
Matched Comparison,15,2025-05-31,Met
Matched Comparison,15,2025-07-31,Met
Matched Comparison,15,2025-08-31,Met
Matched Comparison,15,2025-09-30,Met
Matched Comparison,15,2025-10-31,Met
Matched Comparison,15,2025-12-31,Missed
Matched Comparison,15,2026-01-31,Met
Matched Comparison,15,2026-03-31,Met
Matched Comparison,15,2026-04-30,Below-Target
Matched Comparison,15,2026-05-31,Met
Matched Comparison,15,2026-07-31,Met
Matched Comparison,16,2026-03-31,Met
Matched Comparison,16,2026-04-30,Met
Matched Comparison,16,2026-05-31,Below-Target
Matched Comparison,16,2026-07-31,Met
Matched Comparison,17,2023-01-31,Met
Matched Comparison,17,2023-03-31,Met
Matched Comparison,17,2023-04-30,Met
Matched Comparison,17,2023-05-31,Met
Matched Comparison,17,2023-09-30,Met
Matched Comparison,17,2023-10-31,Met
Matched Comparison,17,2023-12-31,Met
Matched Comparison,17,2024-01-31,Met
Matched Comparison,17,2024-03-31,Met
Matched Comparison,17,2024-04-30,Below-Target
Matched Comparison,17,2024-05-31,Met
Matched Comparison,17,2024-07-31,Met
Matched Comparison,17,2024-08-31,Met
Matched Comparison,17,2024-09-30,Met
Matched Comparison,17,2024-10-31,Met
Matched Comparison,17,2024-12-31,Met
Matched Comparison,17,2025-01-31,Met
Matched Comparison,17,2025-03-31,Met
Matched Comparison,17,2025-04-30,Met
Matched Comparison,17,2025-05-31,Below-Target
Matched Comparison,17,2025-07-31,Met
Matched Comparison,17,2025-08-31,Met
Matched Comparison,17,2025-09-30,Met
Matched Comparison,17,2025-10-31,Met
Matched Comparison,17,2025-12-31,Met
Matched Comparison,17,2026-01-31,Met
Matched Comparison,17,2026-03-31,Met
Matched Comparison,17,2026-04-30,Met
Matched Comparison,17,2026-05-31,Met
Matched Comparison,17,2026-07-31,Met
Matched Comparison,18,2026-07-31,Met
Matched Comparison,19,2023-01-31,Met
Matched Comparison,19,2023-03-31,Met
Matched Comparison,19,2023-04-30,Met
Matched Comparison,19,2023-05-31,Missed
Matched Comparison,19,2023-09-30,Met
Matched Comparison,19,2023-10-31,Met
Matched Comparison,19,2023-12-31,Met
Matched Comparison,19,2024-01-31,Met
Matched Comparison,19,2024-03-31,Below-Target
Matched Comparison,19,2024-04-30,Met
Matched Comparison,19,2024-05-31,Missed
Matched Comparison,19,2024-07-31,Met
Matched Comparison,19,2024-08-31,Met
Matched Comparison,19,2024-09-30,Missed
Matched Comparison,19,2024-10-31,Met
Matched Comparison,19,2024-12-31,Met
Matched Comparison,19,2025-01-31,Met
Matched Comparison,19,2025-03-31,Below-Target
Matched Comparison,19,2025-04-30,Missed
Matched Comparison,19,2025-05-31,Met
Matched Comparison,19,2025-07-31,Met
Matched Comparison,19,2025-08-31,Met
Matched Comparison,19,2025-09-30,Below-Target
Matched Comparison,19,2025-10-31,Met
Matched Comparison,19,2025-12-31,Met
Matched Comparison,19,2026-01-31,Met
Matched Comparison,19,2026-03-31,Missed
Matched Comparison,19,2026-04-30,Below-Target
Matched Comparison,19,2026-05-31,Met
Matched Comparison,19,2026-07-31,Met
Matched Comparison,20,2023-01-31,Met
Matched Comparison,20,2023-03-31,Met
Matched Comparison,20,2023-04-30,Met
Matched Comparison,20,2023-05-31,Below-Target
Matched Comparison,20,2023-09-30,Met
Matched Comparison,20,2023-10-31,Met
Matched Comparison,20,2023-12-31,Met
Matched Comparison,20,2024-01-31,Met
Matched Comparison,20,2024-03-31,Met
Matched Comparison,20,2024-04-30,Missed
Matched Comparison,20,2024-05-31,Met
Matched Comparison,20,2024-07-31,Below-Target
Matched Comparison,20,2024-08-31,Below-Target
Matched Comparison,20,2024-09-30,Met
Matched Comparison,20,2024-10-31,Met
Matched Comparison,20,2024-12-31,Met
Matched Comparison,20,2025-01-31,Met
Matched Comparison,20,2025-03-31,Met
Matched Comparison,20,2025-04-30,Met
Matched Comparison,20,2025-05-31,Met
Matched Comparison,20,2025-07-31,Below-Target
Matched Comparison,20,2025-08-31,Met
Matched Comparison,20,2025-09-30,Met
Matched Comparison,20,2025-10-31,Below-Target
Matched Comparison,20,2025-12-31,Below-Target
Matched Comparison,20,2026-01-31,Met
Matched Comparison,20,2026-03-31,Met
Matched Comparison,20,2026-04-30,Met
Matched Comparison,20,2026-05-31,Met
Matched Comparison,20,2026-07-31,Met
Matched Comparison,21,2023-01-31,Met
Matched Comparison,21,2023-03-31,Met
Matched Comparison,21,2023-04-30,Met
Matched Comparison,21,2023-05-31,Missed
Matched Comparison,21,2023-09-30,Met
Matched Comparison,21,2023-10-31,Below-Target
Matched Comparison,21,2023-12-31,Met
Matched Comparison,21,2024-01-31,Met
Matched Comparison,21,2024-03-31,Met
Matched Comparison,21,2024-04-30,Met
Matched Comparison,21,2024-05-31,Met
Matched Comparison,21,2024-07-31,Met
Matched Comparison,21,2024-08-31,Met
Matched Comparison,21,2024-09-30,Below-Target
Matched Comparison,21,2024-10-31,Met
Matched Comparison,21,2024-12-31,Met
Matched Comparison,21,2025-01-31,Met
Matched Comparison,21,2025-03-31,Met
Matched Comparison,21,2025-04-30,Met
Matched Comparison,21,2025-05-31,Met
Matched Comparison,21,2025-07-31,Met
Matched Comparison,21,2025-08-31,Met
Matched Comparison,21,2025-09-30,Below-Target
Matched Comparison,21,2025-10-31,Met
Matched Comparison,21,2025-12-31,Met
Matched Comparison,21,2026-01-31,Met
Matched Comparison,21,2026-03-31,Below-Target
Matched Comparison,21,2026-04-30,Met
Matched Comparison,21,2026-05-31,Met
Matched Comparison,21,2026-07-31,Met
Matched Comparison,23,2023-01-31,Met
Matched Comparison,23,2023-03-31,Met
Matched Comparison,23,2023-04-30,Met
Matched Comparison,23,2023-05-31,Met
Matched Comparison,23,2023-09-30,Met
Matched Comparison,23,2023-10-31,Met
Matched Comparison,23,2023-12-31,Met
Matched Comparison,23,2024-01-31,Met
Matched Comparison,23,2024-03-31,Met
Matched Comparison,23,2024-04-30,Met
Matched Comparison,23,2024-05-31,Met
Matched Comparison,23,2024-07-31,Met
Matched Comparison,23,2024-08-31,Met
Matched Comparison,23,2024-09-30,Below-Target
Matched Comparison,23,2024-10-31,Met
Matched Comparison,23,2024-12-31,Met
Matched Comparison,23,2025-01-31,Met
Matched Comparison,23,2025-03-31,Met
Matched Comparison,23,2025-04-30,Below-Target
Matched Comparison,23,2025-05-31,Below-Target
Matched Comparison,23,2025-07-31,Met
Matched Comparison,23,2025-08-31,Met
Matched Comparison,23,2025-09-30,Missed
Matched Comparison,23,2025-10-31,Below-Target
Matched Comparison,23,2025-12-31,Met
Matched Comparison,23,2026-01-31,Met
Matched Comparison,23,2026-03-31,Met
Matched Comparison,23,2026-04-30,Met
Matched Comparison,23,2026-05-31,Met
Matched Comparison,23,2026-07-31,Met
Matched Comparison,25,2023-01-31,Met
Matched Comparison,25,2023-03-31,Missed
Matched Comparison,25,2023-04-30,Below-Target
Matched Comparison,25,2023-05-31,Met
Matched Comparison,25,2023-09-30,Missed
Matched Comparison,25,2023-10-31,Met
Matched Comparison,25,2023-12-31,Met
Matched Comparison,25,2024-01-31,Met
Matched Comparison,25,2024-03-31,Met
Matched Comparison,25,2024-04-30,Met
Matched Comparison,25,2024-05-31,Met
Matched Comparison,25,2024-07-31,Missed
Matched Comparison,25,2024-08-31,Below-Target
Matched Comparison,25,2024-09-30,Met
Matched Comparison,25,2024-10-31,Met
Matched Comparison,25,2024-12-31,Below-Target
Matched Comparison,25,2025-01-31,Below-Target
Matched Comparison,25,2025-03-31,Met
Matched Comparison,25,2025-04-30,Met
Matched Comparison,25,2025-05-31,Met
Matched Comparison,25,2025-07-31,Below-Target
Matched Comparison,25,2025-08-31,Met
Matched Comparison,25,2025-09-30,Met
Matched Comparison,25,2025-10-31,Met
Matched Comparison,25,2025-12-31,Met
Matched Comparison,25,2026-01-31,Met
Matched Comparison,25,2026-03-31,Met
Matched Comparison,25,2026-04-30,Met
Matched Comparison,25,2026-05-31,Met
Matched Comparison,25,2026-07-31,Met
Matched Comparison,27,2023-01-31,Below-Target
Matched Comparison,27,2023-03-31,Met
Matched Comparison,27,2023-04-30,Met
Matched Comparison,27,2023-05-31,Met
Matched Comparison,27,2023-09-30,Below-Target
Matched Comparison,27,2023-10-31,Met
Matched Comparison,27,2023-12-31,Met
Matched Comparison,27,2024-01-31,Met
Matched Comparison,27,2024-03-31,Met
Matched Comparison,27,2024-04-30,Met
Matched Comparison,27,2024-05-31,Met
Matched Comparison,27,2024-07-31,Met
Matched Comparison,27,2024-08-31,Met
Matched Comparison,27,2024-09-30,Below-Target
Matched Comparison,27,2024-10-31,Met
Matched Comparison,27,2024-12-31,Met
Matched Comparison,27,2025-01-31,Met
Matched Comparison,27,2025-03-31,Met
Matched Comparison,27,2025-04-30,Met
Matched Comparison,27,2025-05-31,Met
Matched Comparison,27,2025-07-31,Missed
Matched Comparison,27,2025-08-31,Met
Matched Comparison,27,2025-09-30,Met
Matched Comparison,27,2025-10-31,Met
Matched Comparison,27,2025-12-31,Met
Matched Comparison,27,2026-01-31,Met
Matched Comparison,27,2026-03-31,Below-Target
Matched Comparison,27,2026-04-30,Missed
Matched Comparison,27,2026-05-31,Met
Matched Comparison,27,2026-07-31,Met
Matched Comparison,28,2023-04-30,Below-Target
Matched Comparison,28,2023-05-31,Met
Matched Comparison,28,2023-09-30,Met
Matched Comparison,28,2023-10-31,Met
Matched Comparison,28,2023-12-31,Met
Matched Comparison,28,2024-01-31,Met
Matched Comparison,28,2024-03-31,Met
Matched Comparison,28,2024-04-30,Met
Matched Comparison,28,2024-05-31,Met
Matched Comparison,28,2024-07-31,Met
Matched Comparison,28,2024-08-31,Met
Matched Comparison,28,2024-09-30,Met
Matched Comparison,28,2024-10-31,Met
Matched Comparison,28,2024-12-31,Met
Matched Comparison,28,2025-01-31,Below-Target
Matched Comparison,28,2025-03-31,Met
Matched Comparison,28,2025-04-30,Met
Matched Comparison,28,2025-05-31,Met
Matched Comparison,28,2025-07-31,Met
Matched Comparison,28,2025-08-31,Met
Matched Comparison,28,2025-09-30,Met
Matched Comparison,28,2025-10-31,Met
Matched Comparison,28,2025-12-31,Met
Matched Comparison,28,2026-01-31,Met
Matched Comparison,28,2026-03-31,Met
Matched Comparison,28,2026-04-30,Met
Matched Comparison,28,2026-05-31,Met
Matched Comparison,28,2026-07-31,Met
Matched Comparison,30,2026-05-31,Met
Matched Comparison,30,2026-07-31,Below-Target
Matched Comparison,31,2023-01-31,Met
Matched Comparison,31,2023-03-31,Met
Matched Comparison,31,2023-04-30,Met
Matched Comparison,31,2023-05-31,Met
Matched Comparison,31,2023-09-30,Met
Matched Comparison,31,2023-10-31,Below-Target
Matched Comparison,31,2023-12-31,Met
Matched Comparison,31,2024-01-31,Met
Matched Comparison,31,2024-03-31,Met
Matched Comparison,31,2024-04-30,Met
Matched Comparison,31,2024-05-31,Met
Matched Comparison,31,2024-07-31,Met
Matched Comparison,31,2024-08-31,Below-Target
Matched Comparison,31,2024-09-30,Met
Matched Comparison,31,2024-10-31,Met
Matched Comparison,31,2024-12-31,Met
Matched Comparison,31,2025-01-31,Met
Matched Comparison,31,2025-03-31,Met
Matched Comparison,31,2025-04-30,Met
Matched Comparison,31,2025-05-31,Met
Matched Comparison,31,2025-07-31,Met
Matched Comparison,31,2025-08-31,Met
Matched Comparison,31,2025-09-30,Met
Matched Comparison,31,2025-10-31,Met
Matched Comparison,31,2025-12-31,Met
Matched Comparison,31,2026-01-31,Met
Matched Comparison,31,2026-03-31,Met
Matched Comparison,31,2026-04-30,Met
Matched Comparison,31,2026-05-31,Met
Matched Comparison,31,2026-07-31,Met
Matched Comparison,32,2023-01-31,Met
Matched Comparison,32,2023-03-31,Met
Matched Comparison,32,2023-04-30,Met
Matched Comparison,32,2023-05-31,Below-Target
Matched Comparison,32,2023-09-30,Below-Target
Matched Comparison,32,2023-10-31,Met
Matched Comparison,32,2023-12-31,Met
Matched Comparison,32,2024-01-31,Missed
Matched Comparison,32,2024-03-31,Met
Matched Comparison,32,2024-04-30,Below-Target
Matched Comparison,32,2024-05-31,Met
Matched Comparison,32,2024-07-31,Met
Matched Comparison,32,2024-08-31,Met
Matched Comparison,32,2024-09-30,Met
Matched Comparison,32,2024-10-31,Met
Matched Comparison,32,2024-12-31,Met
Matched Comparison,32,2025-01-31,Missed
Matched Comparison,32,2025-03-31,Met
Matched Comparison,32,2025-04-30,Met
Matched Comparison,32,2025-05-31,Met
Matched Comparison,32,2025-07-31,Met
Matched Comparison,32,2025-08-31,Met
Matched Comparison,32,2025-09-30,Met
Matched Comparison,32,2025-10-31,Met
Matched Comparison,32,2025-12-31,Met
Matched Comparison,32,2026-01-31,Met
Matched Comparison,32,2026-03-31,Met
Matched Comparison,32,2026-04-30,Below-Target
Matched Comparison,32,2026-05-31,Met
Matched Comparison,32,2026-07-31,Below-Target
Matched Comparison,34,2023-01-31,Met
Matched Comparison,34,2023-03-31,Met
Matched Comparison,34,2023-04-30,Below-Target
Matched Comparison,34,2023-05-31,Below-Target
Matched Comparison,34,2023-09-30,Met
Matched Comparison,34,2023-10-31,Met
Matched Comparison,34,2023-12-31,Met
Matched Comparison,34,2024-01-31,Below-Target
Matched Comparison,34,2024-03-31,Met
Matched Comparison,34,2024-04-30,Met
Matched Comparison,34,2024-05-31,Met
Matched Comparison,34,2024-07-31,Met
Matched Comparison,34,2024-08-31,Met
Matched Comparison,34,2024-09-30,Met
Matched Comparison,34,2024-10-31,Below-Target
Matched Comparison,34,2024-12-31,Met
Matched Comparison,34,2025-01-31,Met
Matched Comparison,34,2025-03-31,Met
Matched Comparison,34,2025-04-30,Met
Matched Comparison,34,2025-05-31,Below-Target
Matched Comparison,34,2025-07-31,Met
Matched Comparison,34,2025-08-31,Met
Matched Comparison,34,2025-09-30,Met
Matched Comparison,34,2025-10-31,Met
Matched Comparison,34,2025-12-31,Met
Matched Comparison,34,2026-01-31,Met
Matched Comparison,34,2026-03-31,Met
Matched Comparison,34,2026-04-30,Met
Matched Comparison,34,2026-05-31,Met
Matched Comparison,34,2026-07-31,Below-Target
Matched Comparison,35,2023-01-31,Met
Matched Comparison,35,2023-03-31,Met
Matched Comparison,35,2023-04-30,Below-Target
Matched Comparison,35,2023-05-31,Below-Target
Matched Comparison,35,2023-09-30,Met
Matched Comparison,35,2023-10-31,Met
Matched Comparison,35,2023-12-31,Met
Matched Comparison,35,2024-01-31,Met
Matched Comparison,35,2024-03-31,Met
Matched Comparison,35,2024-04-30,Met
Matched Comparison,35,2024-05-31,Met
Matched Comparison,35,2024-07-31,Met
Matched Comparison,35,2024-08-31,Met
Matched Comparison,35,2024-09-30,Met
Matched Comparison,35,2024-10-31,Met
Matched Comparison,35,2024-12-31,Met
Matched Comparison,35,2025-01-31,Met
Matched Comparison,35,2025-03-31,Met
Matched Comparison,35,2025-04-30,Met
Matched Comparison,35,2025-05-31,Below-Target
Matched Comparison,35,2025-07-31,Missed
Matched Comparison,35,2025-08-31,Below-Target
Matched Comparison,35,2025-09-30,Met
Matched Comparison,35,2025-10-31,Met
Matched Comparison,35,2025-12-31,Met
Matched Comparison,35,2026-01-31,Below-Target
Matched Comparison,35,2026-03-31,Met
Matched Comparison,35,2026-04-30,Met
Matched Comparison,35,2026-05-31,Met
Matched Comparison,35,2026-07-31,Met
Matched Comparison,36,2023-01-31,Met
Matched Comparison,36,2023-03-31,Below-Target
Matched Comparison,36,2023-04-30,Met
Matched Comparison,36,2023-05-31,Met
Matched Comparison,36,2023-09-30,Met
Matched Comparison,36,2023-10-31,Missed
Matched Comparison,36,2023-12-31,Met
Matched Comparison,36,2024-01-31,Met
Matched Comparison,36,2024-03-31,Below-Target
Matched Comparison,36,2024-04-30,Met
Matched Comparison,36,2024-05-31,Missed
Matched Comparison,36,2024-07-31,Met
Matched Comparison,36,2024-08-31,Below-Target
Matched Comparison,36,2024-09-30,Met
Matched Comparison,36,2024-10-31,Met
Matched Comparison,36,2024-12-31,Met
Matched Comparison,36,2025-01-31,Met
Matched Comparison,36,2025-03-31,Met
Matched Comparison,36,2025-04-30,Met
Matched Comparison,36,2025-05-31,Met
Matched Comparison,36,2025-07-31,Missed
Matched Comparison,36,2025-08-31,Met
Matched Comparison,36,2025-09-30,Met
Matched Comparison,36,2025-10-31,Missed
Matched Comparison,36,2025-12-31,Below-Target
Matched Comparison,36,2026-01-31,Met
Matched Comparison,36,2026-03-31,Below-Target
Matched Comparison,36,2026-04-30,Met
Matched Comparison,36,2026-05-31,Below-Target
Matched Comparison,36,2026-07-31,Met
Matched Comparison,39,2023-01-31,Met
Matched Comparison,39,2023-03-31,Met
Matched Comparison,39,2023-04-30,Met
Matched Comparison,39,2023-05-31,Met
Matched Comparison,39,2023-09-30,Met
Matched Comparison,39,2023-10-31,Below-Target
Matched Comparison,39,2023-12-31,Met
Matched Comparison,39,2024-01-31,Met
Matched Comparison,39,2024-03-31,Met
Matched Comparison,39,2024-04-30,Met
Matched Comparison,39,2024-05-31,Met
Matched Comparison,39,2024-07-31,Met
Matched Comparison,39,2024-08-31,Met
Matched Comparison,39,2024-09-30,Met
Matched Comparison,39,2024-10-31,Met
Matched Comparison,39,2024-12-31,Met
Matched Comparison,39,2025-01-31,Below-Target
Matched Comparison,39,2025-03-31,Met
Matched Comparison,39,2025-04-30,Below-Target
Matched Comparison,39,2025-05-31,Met
Matched Comparison,39,2025-07-31,Below-Target
Matched Comparison,39,2025-08-31,Met
Matched Comparison,39,2025-09-30,Met
Matched Comparison,39,2025-10-31,Met
Matched Comparison,39,2025-12-31,Met
Matched Comparison,39,2026-01-31,Below-Target
Matched Comparison,39,2026-03-31,Below-Target
Matched Comparison,39,2026-04-30,Below-Target
Matched Comparison,39,2026-05-31,Met
Matched Comparison,39,2026-07-31,Met
Matched Comparison,40,2023-01-31,Below-Target
Matched Comparison,40,2023-03-31,Met
Matched Comparison,40,2023-04-30,Below-Target
Matched Comparison,40,2023-05-31,Met
Matched Comparison,40,2023-09-30,Met
Matched Comparison,40,2023-10-31,Met
Matched Comparison,40,2023-12-31,Below-Target
Matched Comparison,40,2024-01-31,Below-Target
Matched Comparison,40,2024-03-31,Met
Matched Comparison,40,2024-04-30,Met
Matched Comparison,40,2024-05-31,Below-Target
Matched Comparison,40,2024-07-31,Met
Matched Comparison,40,2024-08-31,Met
Matched Comparison,40,2024-09-30,Met
Matched Comparison,40,2024-10-31,Met
Matched Comparison,40,2024-12-31,Met
Matched Comparison,40,2025-01-31,Met
Matched Comparison,40,2025-03-31,Met
Matched Comparison,40,2025-04-30,Met
Matched Comparison,40,2025-05-31,Missed
Matched Comparison,40,2025-07-31,Met
Matched Comparison,40,2025-08-31,Met
Matched Comparison,40,2025-09-30,Met
Matched Comparison,40,2025-10-31,Met
Matched Comparison,40,2025-12-31,Met
Matched Comparison,40,2026-01-31,Met
Matched Comparison,40,2026-03-31,Met
Matched Comparison,40,2026-04-30,Below-Target
Matched Comparison,40,2026-05-31,Met
Matched Comparison,40,2026-07-31,Met
Matched Comparison,43,2026-03-31,Met
Matched Comparison,43,2026-04-30,Met
Matched Comparison,43,2026-05-31,Met
Matched Comparison,43,2026-07-31,Met
Matched Comparison,45,2023-01-31,Met
Matched Comparison,45,2023-03-31,Met
Matched Comparison,45,2023-04-30,Met
Matched Comparison,45,2023-05-31,Met
Matched Comparison,45,2023-09-30,Met
Matched Comparison,45,2023-10-31,Met
Matched Comparison,45,2023-12-31,Missed
Matched Comparison,45,2024-01-31,Met
Matched Comparison,45,2024-03-31,Met
Matched Comparison,45,2024-04-30,Below-Target
Matched Comparison,45,2024-05-31,Met
Matched Comparison,45,2024-07-31,Met
Matched Comparison,45,2024-08-31,Below-Target
Matched Comparison,45,2024-09-30,Met
Matched Comparison,45,2024-10-31,Below-Target
Matched Comparison,45,2024-12-31,Met
Matched Comparison,45,2025-01-31,Met
Matched Comparison,45,2025-03-31,Met
Matched Comparison,45,2025-04-30,Missed
Matched Comparison,45,2025-05-31,Below-Target
Matched Comparison,45,2025-07-31,Met
Matched Comparison,45,2025-08-31,Below-Target
Matched Comparison,45,2025-09-30,Met
Matched Comparison,45,2025-10-31,Missed
Matched Comparison,45,2025-12-31,Met
Matched Comparison,45,2026-01-31,Met
Matched Comparison,45,2026-03-31,Met
Matched Comparison,45,2026-04-30,Met
Matched Comparison,45,2026-05-31,Met
Matched Comparison,45,2026-07-31,Met
Matched Comparison,46,2023-01-31,Met
Matched Comparison,46,2023-03-31,Met
Matched Comparison,46,2023-04-30,Met
Matched Comparison,46,2023-05-31,Met
Matched Comparison,46,2023-09-30,Met
Matched Comparison,46,2023-10-31,Met
Matched Comparison,46,2023-12-31,Met
Matched Comparison,46,2024-01-31,Met
Matched Comparison,46,2024-03-31,Below-Target
Matched Comparison,46,2024-04-30,Met
Matched Comparison,46,2024-05-31,Met
Matched Comparison,46,2024-07-31,Missed
Matched Comparison,46,2024-08-31,Met
Matched Comparison,46,2024-09-30,Met
Matched Comparison,46,2024-10-31,Met
Matched Comparison,46,2024-12-31,Met
Matched Comparison,46,2025-01-31,Below-Target
Matched Comparison,46,2025-03-31,Missed
Matched Comparison,46,2025-04-30,Met
Matched Comparison,46,2025-05-31,Met
Matched Comparison,46,2025-07-31,Met
Matched Comparison,46,2025-08-31,Met
Matched Comparison,46,2025-09-30,Met
Matched Comparison,46,2025-10-31,Met
Matched Comparison,46,2025-12-31,Met
Matched Comparison,46,2026-01-31,Met
Matched Comparison,46,2026-03-31,Met
Matched Comparison,46,2026-04-30,Met
Matched Comparison,46,2026-05-31,Met
Matched Comparison,46,2026-07-31,Met
Matched Comparison,48,2024-12-31,Met
Matched Comparison,48,2025-01-31,Met
Matched Comparison,48,2025-03-31,Met
Matched Comparison,48,2025-04-30,Met
Matched Comparison,48,2025-05-31,Met
Matched Comparison,48,2025-07-31,Met
Matched Comparison,48,2025-08-31,Met
Matched Comparison,48,2025-09-30,Met
Matched Comparison,48,2025-10-31,Met
Matched Comparison,48,2025-12-31,Below-Target
Matched Comparison,48,2026-01-31,Met
Matched Comparison,48,2026-03-31,Met
Matched Comparison,48,2026-04-30,Below-Target
Matched Comparison,48,2026-05-31,Met
Matched Comparison,48,2026-07-31,Met
Matched Comparison,52,2023-01-31,Met
Matched Comparison,52,2023-03-31,Met
Matched Comparison,52,2023-04-30,Met
Matched Comparison,52,2023-05-31,Met
Matched Comparison,52,2023-09-30,Met
Matched Comparison,52,2023-10-31,Met
Matched Comparison,52,2023-12-31,Met
Matched Comparison,52,2024-01-31,Met
Matched Comparison,52,2024-03-31,Met
Matched Comparison,52,2024-04-30,Met
Matched Comparison,52,2024-05-31,Met
Matched Comparison,52,2024-07-31,Met
Matched Comparison,52,2024-08-31,Met
Matched Comparison,52,2024-09-30,Met
Matched Comparison,52,2024-10-31,Below-Target
Matched Comparison,52,2024-12-31,Met
Matched Comparison,52,2025-01-31,Met
Matched Comparison,52,2025-03-31,Met
Matched Comparison,52,2025-04-30,Met
Matched Comparison,52,2025-05-31,Met
Matched Comparison,52,2025-07-31,Met
Matched Comparison,52,2025-08-31,Met
Matched Comparison,52,2025-09-30,Met
Matched Comparison,52,2025-10-31,Met
Matched Comparison,52,2025-12-31,Met
Matched Comparison,52,2026-01-31,Met
Matched Comparison,52,2026-03-31,Met
Matched Comparison,52,2026-04-30,Below-Target
Matched Comparison,52,2026-05-31,Met
Matched Comparison,52,2026-07-31,Met
Matched Comparison,55,2023-09-30,Met
Matched Comparison,55,2023-10-31,Met
Matched Comparison,55,2023-12-31,Missed
Matched Comparison,55,2024-01-31,Met
Matched Comparison,55,2024-03-31,Met
Matched Comparison,55,2024-04-30,Missed
Matched Comparison,55,2024-05-31,Met
Matched Comparison,55,2024-07-31,Met
Matched Comparison,55,2024-08-31,Met
Matched Comparison,55,2024-09-30,Below-Target
Matched Comparison,55,2024-10-31,Met
Matched Comparison,55,2024-12-31,Below-Target
Matched Comparison,55,2025-01-31,Met
Matched Comparison,55,2025-03-31,Below-Target
Matched Comparison,55,2025-04-30,Met
Matched Comparison,55,2025-05-31,Met
Matched Comparison,55,2025-07-31,Met
Matched Comparison,55,2025-08-31,Met
Matched Comparison,55,2025-09-30,Met
Matched Comparison,55,2025-10-31,Met
Matched Comparison,55,2025-12-31,Met
Matched Comparison,55,2026-01-31,Met
Matched Comparison,55,2026-03-31,Met
Matched Comparison,55,2026-04-30,Met
Matched Comparison,55,2026-05-31,Below-Target
Matched Comparison,55,2026-07-31,Met
Matched Comparison,56,2023-01-31,Met
Matched Comparison,56,2023-03-31,Below-Target
Matched Comparison,56,2023-04-30,Met
Matched Comparison,56,2023-05-31,Met
Matched Comparison,56,2023-09-30,Met
Matched Comparison,56,2023-10-31,Met
Matched Comparison,56,2023-12-31,Met
Matched Comparison,56,2024-01-31,Met
Matched Comparison,56,2024-03-31,Met
Matched Comparison,56,2024-04-30,Met
Matched Comparison,56,2024-05-31,Met
Matched Comparison,56,2024-07-31,Met
Matched Comparison,56,2024-08-31,Met
Matched Comparison,56,2024-09-30,Met
Matched Comparison,56,2024-10-31,Met
Matched Comparison,56,2024-12-31,Met
Matched Comparison,56,2025-01-31,Below-Target
Matched Comparison,56,2025-03-31,Below-Target
Matched Comparison,56,2025-04-30,Met
Matched Comparison,56,2025-05-31,Met
Matched Comparison,56,2025-07-31,Met
Matched Comparison,56,2025-08-31,Met
Matched Comparison,56,2025-09-30,Met
Matched Comparison,56,2025-10-31,Met
Matched Comparison,56,2025-12-31,Met
Matched Comparison,56,2026-01-31,Met
Matched Comparison,56,2026-03-31,Met
Matched Comparison,56,2026-04-30,Met
Matched Comparison,56,2026-05-31,Met
Matched Comparison,56,2026-07-31,Met
Matched Comparison,59,2023-01-31,Met
Matched Comparison,59,2023-03-31,Met
Matched Comparison,59,2023-04-30,Met
Matched Comparison,59,2023-05-31,Below-Target
Matched Comparison,59,2023-09-30,Met
Matched Comparison,59,2023-10-31,Met
Matched Comparison,59,2023-12-31,Below-Target
Matched Comparison,59,2024-01-31,Met
Matched Comparison,59,2024-03-31,Below-Target
Matched Comparison,59,2024-04-30,Met
Matched Comparison,59,2024-05-31,Met
Matched Comparison,59,2024-07-31,Met
Matched Comparison,59,2024-08-31,Met
Matched Comparison,59,2024-09-30,Met
Matched Comparison,59,2024-10-31,Met
Matched Comparison,59,2024-12-31,Met
Matched Comparison,59,2025-01-31,Met
Matched Comparison,59,2025-03-31,Below-Target
Matched Comparison,59,2025-04-30,Below-Target
Matched Comparison,59,2025-05-31,Below-Target
Matched Comparison,59,2025-07-31,Met
Matched Comparison,59,2025-08-31,Met
Matched Comparison,59,2025-09-30,Met
Matched Comparison,59,2025-10-31,Met
Matched Comparison,59,2025-12-31,Met
Matched Comparison,59,2026-01-31,Met
Matched Comparison,59,2026-03-31,Met
Matched Comparison,59,2026-04-30,Met
Matched Comparison,59,2026-05-31,Met
Matched Comparison,59,2026-07-31,Met
Matched Comparison,62,2023-01-31,Met
Matched Comparison,62,2023-03-31,Below-Target
Matched Comparison,62,2023-04-30,Met
Matched Comparison,62,2023-05-31,Met
Matched Comparison,62,2023-09-30,Met
Matched Comparison,62,2023-10-31,Met
Matched Comparison,62,2023-12-31,Met
Matched Comparison,62,2024-01-31,Met
Matched Comparison,62,2024-03-31,Met
Matched Comparison,62,2024-04-30,Met
Matched Comparison,62,2024-05-31,Met
Matched Comparison,62,2024-07-31,Met
Matched Comparison,62,2024-08-31,Met
Matched Comparison,62,2024-09-30,Met
Matched Comparison,62,2024-10-31,Met
Matched Comparison,62,2024-12-31,Met
Matched Comparison,62,2025-01-31,Met
Matched Comparison,62,2025-03-31,Met
Matched Comparison,62,2025-04-30,Met
Matched Comparison,62,2025-05-31,Met
Matched Comparison,62,2025-07-31,Met
Matched Comparison,62,2025-08-31,Below-Target
Matched Comparison,62,2025-09-30,Met
Matched Comparison,62,2025-10-31,Below-Target
Matched Comparison,62,2025-12-31,Met
Matched Comparison,62,2026-01-31,Below-Target
Matched Comparison,62,2026-03-31,Met
Matched Comparison,62,2026-04-30,Met
Matched Comparison,62,2026-05-31,Below-Target
Matched Comparison,62,2026-07-31,Met
Matched Comparison,63,2025-12-31,Met
Matched Comparison,63,2026-01-31,Met
Matched Comparison,63,2026-03-31,Met
Matched Comparison,63,2026-04-30,Met
Matched Comparison,63,2026-05-31,Met
Matched Comparison,63,2026-07-31,Below-Target
Matched Comparison,65,2023-01-31,Met
Matched Comparison,65,2023-03-31,Met
Matched Comparison,65,2023-04-30,Met
Matched Comparison,65,2023-05-31,Met
Matched Comparison,65,2023-09-30,Below-Target
Matched Comparison,65,2023-10-31,Below-Target
Matched Comparison,65,2023-12-31,Met
Matched Comparison,65,2024-01-31,Met
Matched Comparison,65,2024-03-31,Met
Matched Comparison,65,2024-04-30,Below-Target
Matched Comparison,65,2024-05-31,Met
Matched Comparison,65,2024-07-31,Met
Matched Comparison,65,2024-08-31,Met
Matched Comparison,65,2024-09-30,Met
Matched Comparison,65,2024-10-31,Met
Matched Comparison,65,2024-12-31,Met
Matched Comparison,65,2025-01-31,Met
Matched Comparison,65,2025-03-31,Met
Matched Comparison,65,2025-04-30,Below-Target
Matched Comparison,65,2025-05-31,Met
Matched Comparison,65,2025-07-31,Met
Matched Comparison,65,2025-08-31,Met
Matched Comparison,65,2025-09-30,Met
Matched Comparison,65,2025-10-31,Met
Matched Comparison,65,2025-12-31,Below-Target
Matched Comparison,65,2026-01-31,Met
Matched Comparison,65,2026-03-31,Met
Matched Comparison,65,2026-04-30,Met
Matched Comparison,65,2026-05-31,Met
Matched Comparison,65,2026-07-31,Met
Matched Comparison,69,2023-01-31,Met
Matched Comparison,69,2023-03-31,Met
Matched Comparison,69,2023-04-30,Met
Matched Comparison,69,2023-05-31,Met
Matched Comparison,69,2023-09-30,Met
Matched Comparison,69,2023-10-31,Met
Matched Comparison,69,2023-12-31,Met
Matched Comparison,69,2024-01-31,Met
Matched Comparison,69,2024-03-31,Met
Matched Comparison,69,2024-04-30,Missed
Matched Comparison,69,2024-05-31,Met
Matched Comparison,69,2024-07-31,Met
Matched Comparison,69,2024-08-31,Met
Matched Comparison,69,2024-09-30,Met
Matched Comparison,69,2024-10-31,Met
Matched Comparison,69,2024-12-31,Met
Matched Comparison,69,2025-01-31,Met
Matched Comparison,69,2025-03-31,Below-Target
Matched Comparison,69,2025-04-30,Met
Matched Comparison,69,2025-05-31,Met
Matched Comparison,69,2025-07-31,Met
Matched Comparison,69,2025-08-31,Met
Matched Comparison,69,2025-09-30,Met
Matched Comparison,69,2025-10-31,Met
Matched Comparison,69,2025-12-31,Below-Target
Matched Comparison,69,2026-01-31,Met
Matched Comparison,69,2026-03-31,Below-Target
Matched Comparison,69,2026-04-30,Missed
Matched Comparison,69,2026-05-31,Met
Matched Comparison,69,2026-07-31,Met
Matched Comparison,70,2023-09-30,Met
Matched Comparison,70,2023-10-31,Met
Matched Comparison,70,2023-12-31,Missed
Matched Comparison,70,2024-01-31,Met
Matched Comparison,70,2024-03-31,Met
Matched Comparison,70,2024-04-30,Met
Matched Comparison,70,2024-05-31,Met
Matched Comparison,70,2024-07-31,Met
Matched Comparison,70,2024-08-31,Below-Target
Matched Comparison,70,2024-09-30,Met
Matched Comparison,70,2024-10-31,Below-Target
Matched Comparison,70,2024-12-31,Met
Matched Comparison,70,2025-01-31,Met
Matched Comparison,70,2025-03-31,Met
Matched Comparison,70,2025-04-30,Met
Matched Comparison,70,2025-05-31,Met
Matched Comparison,70,2025-07-31,Met
Matched Comparison,70,2025-08-31,Met
Matched Comparison,70,2025-09-30,Met
Matched Comparison,70,2025-10-31,Met
Matched Comparison,70,2025-12-31,Met
Matched Comparison,70,2026-01-31,Below-Target
Matched Comparison,70,2026-03-31,Below-Target
Matched Comparison,70,2026-04-30,Met
Matched Comparison,70,2026-05-31,Met
Matched Comparison,70,2026-07-31,Met
Matched Comparison,72,2023-01-31,Below-Target
Matched Comparison,72,2023-03-31,Met
Matched Comparison,72,2023-04-30,Met
Matched Comparison,72,2023-05-31,Met
Matched Comparison,72,2023-09-30,Met
Matched Comparison,72,2023-10-31,Met
Matched Comparison,72,2023-12-31,Met
Matched Comparison,72,2024-01-31,Below-Target
Matched Comparison,72,2024-03-31,Met
Matched Comparison,72,2024-04-30,Met
Matched Comparison,72,2024-05-31,Below-Target
Matched Comparison,72,2024-07-31,Met
Matched Comparison,72,2024-08-31,Met
Matched Comparison,72,2024-09-30,Met
Matched Comparison,72,2024-10-31,Met
Matched Comparison,72,2024-12-31,Met
Matched Comparison,72,2025-01-31,Met
Matched Comparison,72,2025-03-31,Met
Matched Comparison,72,2025-04-30,Met
Matched Comparison,72,2025-05-31,Met
Matched Comparison,72,2025-07-31,Met
Matched Comparison,72,2025-08-31,Met
Matched Comparison,72,2025-09-30,Below-Target
Matched Comparison,72,2025-10-31,Met
Matched Comparison,72,2025-12-31,Met
Matched Comparison,72,2026-01-31,Below-Target
Matched Comparison,72,2026-03-31,Met
Matched Comparison,72,2026-04-30,Below-Target
Matched Comparison,72,2026-05-31,Below-Target
Matched Comparison,72,2026-07-31,Met
Matched Comparison,73,2023-01-31,Met
Matched Comparison,73,2023-03-31,Missed
Matched Comparison,73,2023-04-30,Met
Matched Comparison,73,2023-05-31,Met
Matched Comparison,73,2023-09-30,Missed
Matched Comparison,73,2023-10-31,Missed
Matched Comparison,73,2023-12-31,Met
Matched Comparison,73,2024-01-31,Below-Target
Matched Comparison,73,2024-03-31,Met
Matched Comparison,73,2024-04-30,Met
Matched Comparison,73,2024-05-31,Below-Target
Matched Comparison,73,2024-07-31,Below-Target
Matched Comparison,73,2024-08-31,Met
Matched Comparison,73,2024-09-30,Met
Matched Comparison,73,2024-10-31,Met
Matched Comparison,73,2024-12-31,Met
Matched Comparison,73,2025-01-31,Met
Matched Comparison,73,2025-03-31,Met
Matched Comparison,73,2025-04-30,Met
Matched Comparison,73,2025-05-31,Missed
Matched Comparison,73,2025-07-31,Met
Matched Comparison,73,2025-08-31,Met
Matched Comparison,73,2025-09-30,Met
Matched Comparison,73,2025-10-31,Below-Target
Matched Comparison,73,2025-12-31,Met
Matched Comparison,73,2026-01-31,Met
Matched Comparison,73,2026-03-31,Met
Matched Comparison,73,2026-04-30,Met
Matched Comparison,73,2026-05-31,Met
Matched Comparison,73,2026-07-31,Met
Matched Comparison,74,2023-04-30,Below-Target
Matched Comparison,74,2023-05-31,Met
Matched Comparison,74,2023-09-30,Met
Matched Comparison,74,2023-10-31,Met
Matched Comparison,74,2023-12-31,Met
Matched Comparison,74,2024-01-31,Met
Matched Comparison,74,2024-03-31,Met
Matched Comparison,74,2024-04-30,Met
Matched Comparison,74,2024-05-31,Met
Matched Comparison,74,2024-07-31,Met
Matched Comparison,74,2024-08-31,Missed
Matched Comparison,74,2024-09-30,Below-Target
Matched Comparison,74,2024-10-31,Met
Matched Comparison,74,2024-12-31,Met
Matched Comparison,74,2025-01-31,Missed
Matched Comparison,74,2025-03-31,Met
Matched Comparison,74,2025-04-30,Missed
Matched Comparison,74,2025-05-31,Met
Matched Comparison,74,2025-07-31,Below-Target
Matched Comparison,74,2025-08-31,Met
Matched Comparison,74,2025-09-30,Met
Matched Comparison,74,2025-10-31,Met
Matched Comparison,74,2025-12-31,Below-Target
Matched Comparison,74,2026-01-31,Met
Matched Comparison,74,2026-03-31,Missed
Matched Comparison,74,2026-04-30,Met
Matched Comparison,74,2026-05-31,Met
Matched Comparison,74,2026-07-31,Met
Matched Comparison,75,2023-01-31,Met
Matched Comparison,75,2023-03-31,Met
Matched Comparison,75,2023-04-30,Met
Matched Comparison,75,2023-05-31,Met
Matched Comparison,75,2023-09-30,Met
Matched Comparison,75,2023-10-31,Met
Matched Comparison,75,2023-12-31,Below-Target
Matched Comparison,75,2024-01-31,Met
Matched Comparison,75,2024-03-31,Met
Matched Comparison,75,2024-04-30,Met
Matched Comparison,75,2024-05-31,Below-Target
Matched Comparison,75,2024-07-31,Below-Target
Matched Comparison,75,2024-08-31,Met
Matched Comparison,75,2024-09-30,Met
Matched Comparison,75,2024-10-31,Met
Matched Comparison,75,2024-12-31,Met
Matched Comparison,75,2025-01-31,Met
Matched Comparison,75,2025-03-31,Met
Matched Comparison,75,2025-04-30,Met
Matched Comparison,75,2025-05-31,Met
Matched Comparison,75,2025-07-31,Met
Matched Comparison,75,2025-08-31,Met
Matched Comparison,75,2025-09-30,Met
Matched Comparison,75,2025-10-31,Met
Matched Comparison,75,2025-12-31,Met
Matched Comparison,75,2026-01-31,Below-Target
Matched Comparison,75,2026-03-31,Met
Matched Comparison,75,2026-04-30,Met
Matched Comparison,75,2026-05-31,Met
Matched Comparison,75,2026-07-31,Met
Matched Comparison,76,2025-03-31,Met
Matched Comparison,76,2025-04-30,Met
Matched Comparison,76,2025-05-31,Met
Matched Comparison,76,2025-07-31,Met
Matched Comparison,76,2025-08-31,Met
Matched Comparison,76,2025-09-30,Met
Matched Comparison,76,2025-10-31,Met
Matched Comparison,76,2025-12-31,Below-Target
Matched Comparison,76,2026-01-31,Below-Target
Matched Comparison,76,2026-03-31,Missed
Matched Comparison,76,2026-04-30,Met
Matched Comparison,76,2026-05-31,Met
Matched Comparison,76,2026-07-31,Met
Matched Comparison,80,2023-01-31,Met
Matched Comparison,80,2023-03-31,Below-Target
Matched Comparison,80,2023-04-30,Met
Matched Comparison,80,2023-05-31,Met
Matched Comparison,80,2023-09-30,Met
Matched Comparison,80,2023-10-31,Met
Matched Comparison,80,2023-12-31,Met
Matched Comparison,80,2024-01-31,Met
Matched Comparison,80,2024-03-31,Met
Matched Comparison,80,2024-04-30,Met
Matched Comparison,80,2024-05-31,Below-Target
Matched Comparison,80,2024-07-31,Met
Matched Comparison,80,2024-08-31,Met
Matched Comparison,80,2024-09-30,Met
Matched Comparison,80,2024-10-31,Met
Matched Comparison,80,2024-12-31,Met
Matched Comparison,80,2025-01-31,Met
Matched Comparison,80,2025-03-31,Met
Matched Comparison,80,2025-04-30,Met
Matched Comparison,80,2025-05-31,Missed
Matched Comparison,80,2025-07-31,Met
Matched Comparison,80,2025-08-31,Met
Matched Comparison,80,2025-09-30,Met
Matched Comparison,80,2025-10-31,Met
Matched Comparison,80,2025-12-31,Met
Matched Comparison,80,2026-01-31,Below-Target
Matched Comparison,80,2026-03-31,Met
Matched Comparison,80,2026-04-30,Met
Matched Comparison,80,2026-05-31,Below-Target
Matched Comparison,80,2026-07-31,Met
Matched Comparison,81,2023-01-31,Met
Matched Comparison,81,2023-03-31,Met
Matched Comparison,81,2023-04-30,Met
Matched Comparison,81,2023-05-31,Met
Matched Comparison,81,2023-09-30,Missed
Matched Comparison,81,2023-10-31,Met
Matched Comparison,81,2023-12-31,Met
Matched Comparison,81,2024-01-31,Met
Matched Comparison,81,2024-03-31,Met
Matched Comparison,81,2024-04-30,Met
Matched Comparison,81,2024-05-31,Met
Matched Comparison,81,2024-07-31,Met
Matched Comparison,81,2024-08-31,Met
Matched Comparison,81,2024-09-30,Met
Matched Comparison,81,2024-10-31,Met
Matched Comparison,81,2024-12-31,Met
Matched Comparison,81,2025-01-31,Met
Matched Comparison,81,2025-03-31,Met
Matched Comparison,81,2025-04-30,Met
Matched Comparison,81,2025-05-31,Met
Matched Comparison,81,2025-07-31,Met
Matched Comparison,81,2025-08-31,Met
Matched Comparison,81,2025-09-30,Met
Matched Comparison,81,2025-10-31,Met
Matched Comparison,81,2025-12-31,Met
Matched Comparison,81,2026-01-31,Met
Matched Comparison,81,2026-03-31,Met
Matched Comparison,81,2026-04-30,Met
Matched Comparison,81,2026-05-31,Met
Matched Comparison,81,2026-07-31,Met
Matched Comparison,83,2023-01-31,Met
Matched Comparison,83,2023-03-31,Met
Matched Comparison,83,2023-04-30,Met
Matched Comparison,83,2023-05-31,Met
Matched Comparison,83,2023-09-30,Met
Matched Comparison,83,2023-10-31,Met
Matched Comparison,83,2023-12-31,Met
Matched Comparison,83,2024-01-31,Met
Matched Comparison,83,2024-03-31,Met
Matched Comparison,83,2024-04-30,Met
Matched Comparison,83,2024-05-31,Met
Matched Comparison,83,2024-07-31,Met
Matched Comparison,83,2024-08-31,Met
Matched Comparison,83,2024-09-30,Met
Matched Comparison,83,2024-10-31,Met
Matched Comparison,83,2024-12-31,Met
Matched Comparison,83,2025-01-31,Met
Matched Comparison,83,2025-03-31,Below-Target
Matched Comparison,83,2025-04-30,Met
Matched Comparison,83,2025-05-31,Met
Matched Comparison,83,2025-07-31,Met
Matched Comparison,83,2025-08-31,Met
Matched Comparison,83,2025-09-30,Below-Target
Matched Comparison,83,2025-10-31,Met
Matched Comparison,83,2025-12-31,Met
Matched Comparison,83,2026-01-31,Met
Matched Comparison,83,2026-03-31,Met
Matched Comparison,83,2026-04-30,Met
Matched Comparison,83,2026-05-31,Met
Matched Comparison,83,2026-07-31,Met
Matched Comparison,85,2024-12-31,Met
Matched Comparison,85,2025-01-31,Met
Matched Comparison,85,2025-03-31,Met
Matched Comparison,85,2025-04-30,Met
Matched Comparison,85,2025-05-31,Met
Matched Comparison,85,2025-07-31,Met
Matched Comparison,85,2025-08-31,Met
Matched Comparison,85,2025-09-30,Met
Matched Comparison,85,2025-10-31,Met
Matched Comparison,85,2025-12-31,Below-Target
Matched Comparison,85,2026-01-31,Met
Matched Comparison,85,2026-03-31,Missed
Matched Comparison,85,2026-04-30,Below-Target
Matched Comparison,85,2026-05-31,Met
Matched Comparison,85,2026-07-31,Met
Matched Comparison,86,2023-01-31,Missed
Matched Comparison,86,2023-03-31,Met
Matched Comparison,86,2023-04-30,Met
Matched Comparison,86,2023-05-31,Missed
Matched Comparison,86,2023-09-30,Below-Target
Matched Comparison,86,2023-10-31,Met
Matched Comparison,86,2023-12-31,Met
Matched Comparison,86,2024-01-31,Met
Matched Comparison,86,2024-03-31,Met
Matched Comparison,86,2024-04-30,Met
Matched Comparison,86,2024-05-31,Below-Target
Matched Comparison,86,2024-07-31,Met
Matched Comparison,86,2024-08-31,Met
Matched Comparison,86,2024-09-30,Met
Matched Comparison,86,2024-10-31,Met
Matched Comparison,86,2024-12-31,Met
Matched Comparison,86,2025-01-31,Met
Matched Comparison,86,2025-03-31,Met
Matched Comparison,86,2025-04-30,Below-Target
Matched Comparison,86,2025-05-31,Met
Matched Comparison,86,2025-07-31,Met
Matched Comparison,86,2025-08-31,Met
Matched Comparison,86,2025-09-30,Met
Matched Comparison,86,2025-10-31,Met
Matched Comparison,86,2025-12-31,Met
Matched Comparison,86,2026-01-31,Met
Matched Comparison,86,2026-03-31,Below-Target
Matched Comparison,86,2026-04-30,Met
Matched Comparison,86,2026-05-31,Met
Matched Comparison,86,2026-07-31,Met
Matched Comparison,88,2023-01-31,Met
Matched Comparison,88,2023-03-31,Met
Matched Comparison,88,2023-04-30,Met
Matched Comparison,88,2023-05-31,Below-Target
Matched Comparison,88,2023-09-30,Met
Matched Comparison,88,2023-10-31,Met
Matched Comparison,88,2023-12-31,Met
Matched Comparison,88,2024-01-31,Below-Target
Matched Comparison,88,2024-03-31,Met
Matched Comparison,88,2024-04-30,Met
Matched Comparison,88,2024-05-31,Met
Matched Comparison,88,2024-07-31,Missed
Matched Comparison,88,2024-08-31,Below-Target
Matched Comparison,88,2024-09-30,Met
Matched Comparison,88,2024-10-31,Below-Target
Matched Comparison,88,2024-12-31,Below-Target
Matched Comparison,88,2025-01-31,Below-Target
Matched Comparison,88,2025-03-31,Met
Matched Comparison,88,2025-04-30,Met
Matched Comparison,88,2025-05-31,Met
Matched Comparison,88,2025-07-31,Met
Matched Comparison,88,2025-08-31,Met
Matched Comparison,88,2025-09-30,Met
Matched Comparison,88,2025-10-31,Met
Matched Comparison,88,2025-12-31,Met
Matched Comparison,88,2026-01-31,Met
Matched Comparison,88,2026-03-31,Missed
Matched Comparison,88,2026-04-30,Missed
Matched Comparison,88,2026-05-31,Met
Matched Comparison,88,2026-07-31,Met
Matched Comparison,89,2023-01-31,Met
Matched Comparison,89,2023-03-31,Met
Matched Comparison,89,2023-04-30,Met
Matched Comparison,89,2023-05-31,Met
Matched Comparison,89,2023-09-30,Met
Matched Comparison,89,2023-10-31,Below-Target
Matched Comparison,89,2023-12-31,Below-Target
Matched Comparison,89,2024-01-31,Met
Matched Comparison,89,2024-03-31,Below-Target
Matched Comparison,89,2024-04-30,Met
Matched Comparison,89,2024-05-31,Met
Matched Comparison,89,2024-07-31,Met
Matched Comparison,89,2024-08-31,Below-Target
Matched Comparison,89,2024-09-30,Met
Matched Comparison,89,2024-10-31,Met
Matched Comparison,89,2024-12-31,Met
Matched Comparison,89,2025-01-31,Met
Matched Comparison,89,2025-03-31,Met
Matched Comparison,89,2025-04-30,Missed
Matched Comparison,89,2025-05-31,Met
Matched Comparison,89,2025-07-31,Met
Matched Comparison,89,2025-08-31,Met
Matched Comparison,89,2025-09-30,Below-Target
Matched Comparison,89,2025-10-31,Met
Matched Comparison,89,2025-12-31,Met
Matched Comparison,89,2026-01-31,Met
Matched Comparison,89,2026-03-31,Met
Matched Comparison,89,2026-04-30,Met
Matched Comparison,89,2026-05-31,Met
Matched Comparison,89,2026-07-31,Met
Matched Comparison,91,2023-01-31,Met
Matched Comparison,91,2023-03-31,Below-Target
Matched Comparison,91,2023-04-30,Met
Matched Comparison,91,2023-05-31,Met
Matched Comparison,91,2023-09-30,Below-Target
Matched Comparison,91,2023-10-31,Met
Matched Comparison,91,2023-12-31,Met
Matched Comparison,91,2024-01-31,Below-Target
Matched Comparison,91,2024-03-31,Met
Matched Comparison,91,2024-04-30,Met
Matched Comparison,91,2024-05-31,Met
Matched Comparison,91,2024-07-31,Met
Matched Comparison,91,2024-08-31,Met
Matched Comparison,91,2024-09-30,Below-Target
Matched Comparison,91,2024-10-31,Met
Matched Comparison,91,2024-12-31,Met
Matched Comparison,91,2025-01-31,Below-Target
Matched Comparison,91,2025-03-31,Met
Matched Comparison,91,2025-04-30,Met
Matched Comparison,91,2025-05-31,Met
Matched Comparison,91,2025-07-31,Met
Matched Comparison,91,2025-08-31,Met
Matched Comparison,91,2025-09-30,Below-Target
Matched Comparison,91,2025-10-31,Met
Matched Comparison,91,2025-12-31,Met
Matched Comparison,91,2026-01-31,Met
Matched Comparison,91,2026-03-31,Missed
Matched Comparison,91,2026-04-30,Met
Matched Comparison,91,2026-05-31,Met
Matched Comparison,91,2026-07-31,Below-Target
Matched Comparison,93,2023-01-31,Met
Matched Comparison,93,2023-03-31,Below-Target
Matched Comparison,93,2023-04-30,Met
Matched Comparison,93,2023-05-31,Met
Matched Comparison,93,2023-09-30,Met
Matched Comparison,93,2023-10-31,Missed
Matched Comparison,93,2023-12-31,Below-Target
Matched Comparison,93,2024-01-31,Met
Matched Comparison,93,2024-03-31,Missed
Matched Comparison,93,2024-04-30,Met
Matched Comparison,93,2024-05-31,Met
Matched Comparison,93,2024-07-31,Below-Target
Matched Comparison,93,2024-08-31,Met
Matched Comparison,93,2024-09-30,Met
Matched Comparison,93,2024-10-31,Met
Matched Comparison,93,2024-12-31,Below-Target
Matched Comparison,93,2025-01-31,Met
Matched Comparison,93,2025-03-31,Met
Matched Comparison,93,2025-04-30,Met
Matched Comparison,93,2025-05-31,Met
Matched Comparison,93,2025-07-31,Met
Matched Comparison,93,2025-08-31,Met
Matched Comparison,93,2025-09-30,Met
Matched Comparison,93,2025-10-31,Met
Matched Comparison,93,2025-12-31,Met
Matched Comparison,93,2026-01-31,Met
Matched Comparison,93,2026-03-31,Met
Matched Comparison,93,2026-04-30,Met
Matched Comparison,93,2026-05-31,Met
Matched Comparison,93,2026-07-31,Met
Matched Comparison,96,2023-01-31,Met
Matched Comparison,96,2023-03-31,Met
Matched Comparison,96,2023-04-30,Met
Matched Comparison,96,2023-05-31,Missed
Matched Comparison,96,2023-09-30,Met
Matched Comparison,96,2023-10-31,Met
Matched Comparison,96,2023-12-31,Met
Matched Comparison,96,2024-01-31,Met
Matched Comparison,96,2024-03-31,Met
Matched Comparison,96,2024-04-30,Met
Matched Comparison,96,2024-05-31,Met
Matched Comparison,96,2024-07-31,Met
Matched Comparison,96,2024-08-31,Met
Matched Comparison,96,2024-09-30,Met
Matched Comparison,96,2024-10-31,Met
Matched Comparison,96,2024-12-31,Met
Matched Comparison,96,2025-01-31,Met
Matched Comparison,96,2025-03-31,Met
Matched Comparison,96,2025-04-30,Below-Target
Matched Comparison,96,2025-05-31,Met
Matched Comparison,96,2025-07-31,Below-Target
Matched Comparison,96,2025-08-31,Met
Matched Comparison,96,2025-09-30,Met
Matched Comparison,96,2025-10-31,Met
Matched Comparison,96,2025-12-31,Met
Matched Comparison,96,2026-01-31,Met
Matched Comparison,96,2026-03-31,Met
Matched Comparison,96,2026-04-30,Met
Matched Comparison,96,2026-05-31,Below-Target
Matched Comparison,96,2026-07-31,Met
Matched Comparison,97,2023-01-31,Below-Target
Matched Comparison,97,2023-03-31,Met
Matched Comparison,97,2023-04-30,Missed
Matched Comparison,97,2023-05-31,Met
Matched Comparison,97,2023-09-30,Met
Matched Comparison,97,2023-10-31,Met
Matched Comparison,97,2023-12-31,Below-Target
Matched Comparison,97,2024-01-31,Missed
Matched Comparison,97,2024-03-31,Met
Matched Comparison,97,2024-04-30,Met
Matched Comparison,97,2024-05-31,Met
Matched Comparison,97,2024-07-31,Met
Matched Comparison,97,2024-08-31,Met
Matched Comparison,97,2024-09-30,Met
Matched Comparison,97,2024-10-31,Met
Matched Comparison,97,2024-12-31,Met
Matched Comparison,97,2025-01-31,Met
Matched Comparison,97,2025-03-31,Met
Matched Comparison,97,2025-04-30,Met
Matched Comparison,97,2025-05-31,Met
Matched Comparison,97,2025-07-31,Met
Matched Comparison,97,2025-08-31,Met
Matched Comparison,97,2025-09-30,Met
Matched Comparison,97,2025-10-31,Met
Matched Comparison,97,2025-12-31,Met
Matched Comparison,97,2026-01-31,Met
Matched Comparison,97,2026-03-31,Met
Matched Comparison,97,2026-04-30,Met
Matched Comparison,97,2026-05-31,Below-Target
Matched Comparison,97,2026-07-31,Met
Matched Comparison,98,2023-01-31,Met
Matched Comparison,98,2023-03-31,Met
Matched Comparison,98,2023-04-30,Met
Matched Comparison,98,2023-05-31,Below-Target
Matched Comparison,98,2023-09-30,Met
Matched Comparison,98,2023-10-31,Missed
Matched Comparison,98,2023-12-31,Met
Matched Comparison,98,2024-01-31,Met
Matched Comparison,98,2024-03-31,Met
Matched Comparison,98,2024-04-30,Met
Matched Comparison,98,2024-05-31,Met
Matched Comparison,98,2024-07-31,Met
Matched Comparison,98,2024-08-31,Missed
Matched Comparison,98,2024-09-30,Met
Matched Comparison,98,2024-10-31,Met
Matched Comparison,98,2024-12-31,Met
Matched Comparison,98,2025-01-31,Missed
Matched Comparison,98,2025-03-31,Met
Matched Comparison,98,2025-04-30,Met
Matched Comparison,98,2025-05-31,Met
Matched Comparison,98,2025-07-31,Met
Matched Comparison,98,2025-08-31,Met
Matched Comparison,98,2025-09-30,Met
Matched Comparison,98,2025-10-31,Met
Matched Comparison,98,2025-12-31,Met
Matched Comparison,98,2026-01-31,Missed
Matched Comparison,98,2026-03-31,Met
Matched Comparison,98,2026-04-30,Met
Matched Comparison,98,2026-05-31,Met
Matched Comparison,98,2026-07-31,Met
Matched Comparison,100,2023-01-31,Below-Target
Matched Comparison,100,2023-03-31,Met
Matched Comparison,100,2023-04-30,Met
Matched Comparison,100,2023-05-31,Below-Target
Matched Comparison,100,2023-09-30,Met
Matched Comparison,100,2023-10-31,Missed
Matched Comparison,100,2023-12-31,Met
Matched Comparison,100,2024-01-31,Met
Matched Comparison,100,2024-03-31,Below-Target
Matched Comparison,100,2024-04-30,Met
Matched Comparison,100,2024-05-31,Met
Matched Comparison,100,2024-07-31,Met
Matched Comparison,100,2024-08-31,Met
Matched Comparison,100,2024-09-30,Met
Matched Comparison,100,2024-10-31,Met
Matched Comparison,100,2024-12-31,Met
Matched Comparison,100,2025-01-31,Met
Matched Comparison,100,2025-03-31,Below-Target
Matched Comparison,100,2025-04-30,Met
Matched Comparison,100,2025-05-31,Met
Matched Comparison,100,2025-07-31,Met
Matched Comparison,100,2025-08-31,Below-Target
Matched Comparison,100,2025-09-30,Met
Matched Comparison,100,2025-10-31,Met
Matched Comparison,100,2025-12-31,Below-Target
Matched Comparison,100,2026-01-31,Met
Matched Comparison,100,2026-03-31,Met
Matched Comparison,100,2026-04-30,Met
Matched Comparison,100,2026-05-31,Met
Matched Comparison,100,2026-07-31,Met
Matched Comparison,103,2023-01-31,Met
Matched Comparison,103,2023-03-31,Met
Matched Comparison,103,2023-04-30,Met
Matched Comparison,103,2023-05-31,Met
Matched Comparison,103,2023-09-30,Met
Matched Comparison,103,2023-10-31,Met
Matched Comparison,103,2023-12-31,Met
Matched Comparison,103,2024-01-31,Met
Matched Comparison,103,2024-03-31,Met
Matched Comparison,103,2024-04-30,Met
Matched Comparison,103,2024-05-31,Met
Matched Comparison,103,2024-07-31,Below-Target
Matched Comparison,103,2024-08-31,Met
Matched Comparison,103,2024-09-30,Below-Target
Matched Comparison,103,2024-10-31,Met
Matched Comparison,103,2024-12-31,Met
Matched Comparison,103,2025-01-31,Below-Target
Matched Comparison,103,2025-03-31,Below-Target
Matched Comparison,103,2025-04-30,Met
Matched Comparison,103,2025-05-31,Met
Matched Comparison,103,2025-07-31,Met
Matched Comparison,103,2025-08-31,Below-Target
Matched Comparison,103,2025-09-30,Met
Matched Comparison,103,2025-10-31,Met
Matched Comparison,103,2025-12-31,Met
Matched Comparison,103,2026-01-31,Met
Matched Comparison,103,2026-03-31,Below-Target
Matched Comparison,103,2026-04-30,Met
Matched Comparison,103,2026-05-31,Met
Matched Comparison,103,2026-07-31,Met
Matched Comparison,104,2023-01-31,Met
Matched Comparison,104,2023-03-31,Met
Matched Comparison,104,2023-04-30,Met
Matched Comparison,104,2023-05-31,Met
Matched Comparison,104,2023-09-30,Met
Matched Comparison,104,2023-10-31,Met
Matched Comparison,104,2023-12-31,Below-Target
Matched Comparison,104,2024-01-31,Met
Matched Comparison,104,2024-03-31,Met
Matched Comparison,104,2024-04-30,Met
Matched Comparison,104,2024-05-31,Met
Matched Comparison,104,2024-07-31,Met
Matched Comparison,104,2024-08-31,Met
Matched Comparison,104,2024-09-30,Met
Matched Comparison,104,2024-10-31,Met
Matched Comparison,104,2024-12-31,Met
Matched Comparison,104,2025-01-31,Met
Matched Comparison,104,2025-03-31,Below-Target
Matched Comparison,104,2025-04-30,Met
Matched Comparison,104,2025-05-31,Met
Matched Comparison,104,2025-07-31,Met
Matched Comparison,104,2025-08-31,Missed
Matched Comparison,104,2025-09-30,Met
Matched Comparison,104,2025-10-31,Met
Matched Comparison,104,2025-12-31,Met
Matched Comparison,104,2026-01-31,Met
Matched Comparison,104,2026-03-31,Below-Target
Matched Comparison,104,2026-04-30,Met
Matched Comparison,104,2026-05-31,Met
Matched Comparison,104,2026-07-31,Met
Matched Comparison,105,2023-01-31,Met
Matched Comparison,105,2023-03-31,Below-Target
Matched Comparison,105,2023-04-30,Met
Matched Comparison,105,2023-05-31,Below-Target
Matched Comparison,105,2023-09-30,Met
Matched Comparison,105,2023-10-31,Met
Matched Comparison,105,2023-12-31,Met
Matched Comparison,105,2024-01-31,Below-Target
Matched Comparison,105,2024-03-31,Met
Matched Comparison,105,2024-04-30,Met
Matched Comparison,105,2024-05-31,Met
Matched Comparison,105,2024-07-31,Met
Matched Comparison,105,2024-08-31,Met
Matched Comparison,105,2024-09-30,Met
Matched Comparison,105,2024-10-31,Met
Matched Comparison,105,2024-12-31,Met
Matched Comparison,105,2025-01-31,Met
Matched Comparison,105,2025-03-31,Met
Matched Comparison,105,2025-04-30,Met
Matched Comparison,105,2025-05-31,Met
Matched Comparison,105,2025-07-31,Met
Matched Comparison,105,2025-08-31,Met
Matched Comparison,105,2025-09-30,Below-Target
Matched Comparison,105,2025-10-31,Met
Matched Comparison,105,2025-12-31,Met
Matched Comparison,105,2026-01-31,Met
Matched Comparison,105,2026-03-31,Met
Matched Comparison,105,2026-04-30,Met
Matched Comparison,105,2026-05-31,Met
Matched Comparison,105,2026-07-31,Below-Target
Matched Comparison,106,2023-01-31,Met
Matched Comparison,106,2023-03-31,Met
Matched Comparison,106,2023-04-30,Below-Target
Matched Comparison,106,2023-05-31,Met
Matched Comparison,106,2023-09-30,Below-Target
Matched Comparison,106,2023-10-31,Met
Matched Comparison,106,2023-12-31,Below-Target
Matched Comparison,106,2024-01-31,Met
Matched Comparison,106,2024-03-31,Met
Matched Comparison,106,2024-04-30,Met
Matched Comparison,106,2024-05-31,Met
Matched Comparison,106,2024-07-31,Met
Matched Comparison,106,2024-08-31,Met
Matched Comparison,106,2024-09-30,Below-Target
Matched Comparison,106,2024-10-31,Met
Matched Comparison,106,2024-12-31,Met
Matched Comparison,106,2025-01-31,Met
Matched Comparison,106,2025-03-31,Met
Matched Comparison,106,2025-04-30,Met
Matched Comparison,106,2025-05-31,Met
Matched Comparison,106,2025-07-31,Met
Matched Comparison,106,2025-08-31,Met
Matched Comparison,106,2025-09-30,Below-Target
Matched Comparison,106,2025-10-31,Met
Matched Comparison,106,2025-12-31,Missed
Matched Comparison,106,2026-01-31,Missed
Matched Comparison,106,2026-03-31,Met
Matched Comparison,106,2026-04-30,Met
Matched Comparison,106,2026-05-31,Met
Matched Comparison,106,2026-07-31,Met
Matched Comparison,110,2023-01-31,Met
Matched Comparison,110,2023-03-31,Met
Matched Comparison,110,2023-04-30,Met
Matched Comparison,110,2023-05-31,Met
Matched Comparison,110,2023-09-30,Met
Matched Comparison,110,2023-10-31,Met
Matched Comparison,110,2023-12-31,Met
Matched Comparison,110,2024-01-31,Met
Matched Comparison,110,2024-03-31,Below-Target
Matched Comparison,110,2024-04-30,Met
Matched Comparison,110,2024-05-31,Below-Target
Matched Comparison,110,2024-07-31,Met
Matched Comparison,110,2024-08-31,Met
Matched Comparison,110,2024-09-30,Met
Matched Comparison,110,2024-10-31,Met
Matched Comparison,110,2024-12-31,Met
Matched Comparison,110,2025-01-31,Met
Matched Comparison,110,2025-03-31,Met
Matched Comparison,110,2025-04-30,Met
Matched Comparison,110,2025-05-31,Met
Matched Comparison,110,2025-07-31,Met
Matched Comparison,110,2025-08-31,Met
Matched Comparison,110,2025-09-30,Below-Target
Matched Comparison,110,2025-10-31,Met
Matched Comparison,110,2025-12-31,Below-Target
Matched Comparison,110,2026-01-31,Met
Matched Comparison,110,2026-03-31,Met
Matched Comparison,110,2026-04-30,Met
Matched Comparison,110,2026-05-31,Met
Matched Comparison,110,2026-07-31,Met
Matched Comparison,111,2025-03-31,Met
Matched Comparison,111,2025-04-30,Met
Matched Comparison,111,2025-05-31,Met
Matched Comparison,111,2025-07-31,Below-Target
Matched Comparison,111,2025-08-31,Met
Matched Comparison,111,2025-09-30,Met
Matched Comparison,111,2025-10-31,Met
Matched Comparison,111,2025-12-31,Met
Matched Comparison,111,2026-01-31,Met
Matched Comparison,111,2026-03-31,Missed
Matched Comparison,111,2026-04-30,Met
Matched Comparison,111,2026-05-31,Missed
Matched Comparison,111,2026-07-31,Met
Matched Comparison,112,2023-01-31,Met
Matched Comparison,112,2023-03-31,Met
Matched Comparison,112,2023-04-30,Missed
Matched Comparison,112,2023-05-31,Met
Matched Comparison,112,2023-09-30,Met
Matched Comparison,112,2023-10-31,Met
Matched Comparison,112,2023-12-31,Met
Matched Comparison,112,2024-01-31,Met
Matched Comparison,112,2024-03-31,Below-Target
Matched Comparison,112,2024-04-30,Met
Matched Comparison,112,2024-05-31,Met
Matched Comparison,112,2024-07-31,Met
Matched Comparison,112,2024-08-31,Met
Matched Comparison,112,2024-09-30,Met
Matched Comparison,112,2024-10-31,Met
Matched Comparison,112,2024-12-31,Below-Target
Matched Comparison,112,2025-01-31,Met
Matched Comparison,112,2025-03-31,Below-Target
Matched Comparison,112,2025-04-30,Met
Matched Comparison,112,2025-05-31,Below-Target
Matched Comparison,112,2025-07-31,Below-Target
Matched Comparison,112,2025-08-31,Below-Target
Matched Comparison,112,2025-09-30,Met
Matched Comparison,112,2025-10-31,Met
Matched Comparison,112,2025-12-31,Met
Matched Comparison,112,2026-01-31,Met
Matched Comparison,112,2026-03-31,Met
Matched Comparison,112,2026-04-30,Met
Matched Comparison,112,2026-05-31,Met
Matched Comparison,112,2026-07-31,Met
Matched Comparison,113,2023-01-31,Met
Matched Comparison,113,2023-03-31,Met
Matched Comparison,113,2023-04-30,Below-Target
Matched Comparison,113,2023-05-31,Met
Matched Comparison,113,2023-09-30,Below-Target
Matched Comparison,113,2023-10-31,Met
Matched Comparison,113,2023-12-31,Met
Matched Comparison,113,2024-01-31,Met
Matched Comparison,113,2024-03-31,Met
Matched Comparison,113,2024-04-30,Met
Matched Comparison,113,2024-05-31,Met
Matched Comparison,113,2024-07-31,Met
Matched Comparison,113,2024-08-31,Met
Matched Comparison,113,2024-09-30,Met
Matched Comparison,113,2024-10-31,Met
Matched Comparison,113,2024-12-31,Met
Matched Comparison,113,2025-01-31,Missed
Matched Comparison,113,2025-03-31,Missed
Matched Comparison,113,2025-04-30,Met
Matched Comparison,113,2025-05-31,Below-Target
Matched Comparison,113,2025-07-31,Met
Matched Comparison,113,2025-08-31,Missed
Matched Comparison,113,2025-09-30,Met
Matched Comparison,113,2025-10-31,Met
Matched Comparison,113,2025-12-31,Met
Matched Comparison,113,2026-01-31,Met
Matched Comparison,113,2026-03-31,Met
Matched Comparison,113,2026-04-30,Met
Matched Comparison,113,2026-05-31,Met
Matched Comparison,113,2026-07-31,Met
Matched Comparison,115,2023-01-31,Met
Matched Comparison,115,2023-03-31,Met
Matched Comparison,115,2023-04-30,Met
Matched Comparison,115,2023-05-31,Met
Matched Comparison,115,2023-09-30,Below-Target
Matched Comparison,115,2023-10-31,Met
Matched Comparison,115,2023-12-31,Met
Matched Comparison,115,2024-01-31,Met
Matched Comparison,115,2024-03-31,Met
Matched Comparison,115,2024-04-30,Met
Matched Comparison,115,2024-05-31,Met
Matched Comparison,115,2024-07-31,Met
Matched Comparison,115,2024-08-31,Met
Matched Comparison,115,2024-09-30,Met
Matched Comparison,115,2024-10-31,Met
Matched Comparison,115,2024-12-31,Met
Matched Comparison,115,2025-01-31,Below-Target
Matched Comparison,115,2025-03-31,Met
Matched Comparison,115,2025-04-30,Met
Matched Comparison,115,2025-05-31,Met
Matched Comparison,115,2025-07-31,Met
Matched Comparison,115,2025-08-31,Met
Matched Comparison,115,2025-09-30,Met
Matched Comparison,115,2025-10-31,Below-Target
Matched Comparison,115,2025-12-31,Below-Target
Matched Comparison,115,2026-01-31,Met
Matched Comparison,115,2026-03-31,Met
Matched Comparison,115,2026-04-30,Met
Matched Comparison,115,2026-05-31,Met
Matched Comparison,115,2026-07-31,Met
Matched Comparison,118,2024-01-31,Met
Matched Comparison,118,2024-03-31,Below-Target
Matched Comparison,118,2024-04-30,Met
Matched Comparison,118,2024-05-31,Below-Target
Matched Comparison,118,2024-07-31,Met
Matched Comparison,118,2024-08-31,Below-Target
Matched Comparison,118,2024-09-30,Met
Matched Comparison,118,2024-10-31,Met
Matched Comparison,118,2024-12-31,Met
Matched Comparison,118,2025-01-31,Met
Matched Comparison,118,2025-03-31,Met
Matched Comparison,118,2025-04-30,Met
Matched Comparison,118,2025-05-31,Met
Matched Comparison,118,2025-07-31,Met
Matched Comparison,118,2025-08-31,Met
Matched Comparison,118,2025-09-30,Below-Target
Matched Comparison,118,2025-10-31,Below-Target
Matched Comparison,118,2025-12-31,Met
Matched Comparison,118,2026-01-31,Met
Matched Comparison,118,2026-03-31,Met
Matched Comparison,118,2026-04-30,Met
Matched Comparison,118,2026-05-31,Met
Matched Comparison,118,2026-07-31,Met
Matched Comparison,120,2023-01-31,Met
Matched Comparison,120,2023-03-31,Met
Matched Comparison,120,2023-04-30,Met
Matched Comparison,120,2023-05-31,Met
Matched Comparison,120,2023-09-30,Met
Matched Comparison,120,2023-10-31,Met
Matched Comparison,120,2023-12-31,Met
Matched Comparison,120,2024-01-31,Below-Target
Matched Comparison,120,2024-03-31,Missed
Matched Comparison,120,2024-04-30,Met
Matched Comparison,120,2024-05-31,Met
Matched Comparison,120,2024-07-31,Met
Matched Comparison,120,2024-08-31,Met
Matched Comparison,120,2024-09-30,Met
Matched Comparison,120,2024-10-31,Met
Matched Comparison,120,2024-12-31,Met
Matched Comparison,120,2025-01-31,Met
Matched Comparison,120,2025-03-31,Met
Matched Comparison,120,2025-04-30,Met
Matched Comparison,120,2025-05-31,Met
Matched Comparison,120,2025-07-31,Met
Matched Comparison,120,2025-08-31,Met
Matched Comparison,120,2025-09-30,Met
Matched Comparison,120,2025-10-31,Met
Matched Comparison,120,2025-12-31,Met
Matched Comparison,120,2026-01-31,Met
Matched Comparison,120,2026-03-31,Missed
Matched Comparison,120,2026-04-30,Met
Matched Comparison,120,2026-05-31,Below-Target
Matched Comparison,120,2026-07-31,Met
Matched Comparison,121,2024-12-31,Missed
Matched Comparison,121,2025-01-31,Met
Matched Comparison,121,2025-03-31,Met
Matched Comparison,121,2025-04-30,Met
Matched Comparison,121,2025-05-31,Met
Matched Comparison,121,2025-07-31,Missed
Matched Comparison,121,2025-08-31,Met
Matched Comparison,121,2025-09-30,Met
Matched Comparison,121,2025-10-31,Met
Matched Comparison,121,2025-12-31,Met
Matched Comparison,121,2026-01-31,Missed
Matched Comparison,121,2026-03-31,Met
Matched Comparison,121,2026-04-30,Met
Matched Comparison,121,2026-05-31,Met
Matched Comparison,121,2026-07-31,Met
Matched Comparison,122,2023-01-31,Met
Matched Comparison,122,2023-03-31,Met
Matched Comparison,122,2023-04-30,Met
Matched Comparison,122,2023-05-31,Below-Target
Matched Comparison,122,2023-09-30,Met
Matched Comparison,122,2023-10-31,Met
Matched Comparison,122,2023-12-31,Met
Matched Comparison,122,2024-01-31,Met
Matched Comparison,122,2024-03-31,Met
Matched Comparison,122,2024-04-30,Below-Target
Matched Comparison,122,2024-05-31,Met
Matched Comparison,122,2024-07-31,Met
Matched Comparison,122,2024-08-31,Met
Matched Comparison,122,2024-09-30,Met
Matched Comparison,122,2024-10-31,Met
Matched Comparison,122,2024-12-31,Met
Matched Comparison,122,2025-01-31,Met
Matched Comparison,122,2025-03-31,Met
Matched Comparison,122,2025-04-30,Met
Matched Comparison,122,2025-05-31,Met
Matched Comparison,122,2025-07-31,Met
Matched Comparison,122,2025-08-31,Met
Matched Comparison,122,2025-09-30,Met
Matched Comparison,122,2025-10-31,Below-Target
Matched Comparison,122,2025-12-31,Below-Target
Matched Comparison,122,2026-01-31,Met
Matched Comparison,122,2026-03-31,Met
Matched Comparison,122,2026-04-30,Met
Matched Comparison,122,2026-05-31,Met
Matched Comparison,122,2026-07-31,Met
Matched Comparison,124,2023-01-31,Below-Target
Matched Comparison,124,2023-03-31,Met
Matched Comparison,124,2023-04-30,Met
Matched Comparison,124,2023-05-31,Met
Matched Comparison,124,2023-09-30,Met
Matched Comparison,124,2023-10-31,Met
Matched Comparison,124,2023-12-31,Met
Matched Comparison,124,2024-01-31,Met
Matched Comparison,124,2024-03-31,Met
Matched Comparison,124,2024-04-30,Below-Target
Matched Comparison,124,2024-05-31,Met
Matched Comparison,124,2024-07-31,Met
Matched Comparison,124,2024-08-31,Met
Matched Comparison,124,2024-09-30,Met
Matched Comparison,124,2024-10-31,Below-Target
Matched Comparison,124,2024-12-31,Met
Matched Comparison,124,2025-01-31,Met
Matched Comparison,124,2025-03-31,Met
Matched Comparison,124,2025-04-30,Missed
Matched Comparison,124,2025-05-31,Below-Target
Matched Comparison,124,2025-07-31,Met
Matched Comparison,124,2025-08-31,Met
Matched Comparison,124,2025-09-30,Below-Target
Matched Comparison,124,2025-10-31,Met
Matched Comparison,124,2025-12-31,Met
Matched Comparison,124,2026-01-31,Below-Target
Matched Comparison,124,2026-03-31,Met
Matched Comparison,124,2026-04-30,Met
Matched Comparison,124,2026-05-31,Met
Matched Comparison,124,2026-07-31,Met
Matched Comparison,126,2024-05-31,Met
Matched Comparison,126,2024-07-31,Met
Matched Comparison,126,2024-08-31,Met
Matched Comparison,126,2024-09-30,Met
Matched Comparison,126,2024-10-31,Met
Matched Comparison,126,2024-12-31,Met
Matched Comparison,126,2025-01-31,Met
Matched Comparison,126,2025-03-31,Met
Matched Comparison,126,2025-04-30,Met
Matched Comparison,126,2025-05-31,Met
Matched Comparison,126,2025-07-31,Met
Matched Comparison,126,2025-08-31,Met
Matched Comparison,126,2025-09-30,Met
Matched Comparison,126,2025-10-31,Missed
Matched Comparison,126,2025-12-31,Below-Target
Matched Comparison,126,2026-01-31,Met
Matched Comparison,126,2026-03-31,Met
Matched Comparison,126,2026-04-30,Met
Matched Comparison,126,2026-05-31,Met
Matched Comparison,126,2026-07-31,Met
Matched Comparison,128,2023-01-31,Below-Target
Matched Comparison,128,2023-03-31,Met
Matched Comparison,128,2023-04-30,Met
Matched Comparison,128,2023-05-31,Below-Target
Matched Comparison,128,2023-09-30,Met
Matched Comparison,128,2023-10-31,Met
Matched Comparison,128,2023-12-31,Met
Matched Comparison,128,2024-01-31,Met
Matched Comparison,128,2024-03-31,Met
Matched Comparison,128,2024-04-30,Met
Matched Comparison,128,2024-05-31,Met
Matched Comparison,128,2024-07-31,Met
Matched Comparison,128,2024-08-31,Met
Matched Comparison,128,2024-09-30,Below-Target
Matched Comparison,128,2024-10-31,Met
Matched Comparison,128,2024-12-31,Met
Matched Comparison,128,2025-01-31,Met
Matched Comparison,128,2025-03-31,Below-Target
Matched Comparison,128,2025-04-30,Met
Matched Comparison,128,2025-05-31,Met
Matched Comparison,128,2025-07-31,Below-Target
Matched Comparison,128,2025-08-31,Below-Target
Matched Comparison,128,2025-09-30,Met
Matched Comparison,128,2025-10-31,Met
Matched Comparison,128,2025-12-31,Met
Matched Comparison,128,2026-01-31,Met
Matched Comparison,128,2026-03-31,Met
Matched Comparison,128,2026-04-30,Met
Matched Comparison,128,2026-05-31,Met
Matched Comparison,128,2026-07-31,Met
Matched Comparison,130,2026-03-31,Met
Matched Comparison,130,2026-04-30,Met
Matched Comparison,130,2026-05-31,Met
Matched Comparison,130,2026-07-31,Met
Matched Comparison,131,2023-01-31,Met
Matched Comparison,131,2023-03-31,Met
Matched Comparison,131,2023-04-30,Met
Matched Comparison,131,2023-05-31,Below-Target
Matched Comparison,131,2023-09-30,Below-Target
Matched Comparison,131,2023-10-31,Met
Matched Comparison,131,2023-12-31,Met
Matched Comparison,131,2024-01-31,Met
Matched Comparison,131,2024-03-31,Met
Matched Comparison,131,2024-04-30,Met
Matched Comparison,131,2024-05-31,Met
Matched Comparison,131,2024-07-31,Met
Matched Comparison,131,2024-08-31,Met
Matched Comparison,131,2024-09-30,Met
Matched Comparison,131,2024-10-31,Met
Matched Comparison,131,2024-12-31,Met
Matched Comparison,131,2025-01-31,Met
Matched Comparison,131,2025-03-31,Met
Matched Comparison,131,2025-04-30,Met
Matched Comparison,131,2025-05-31,Met
Matched Comparison,131,2025-07-31,Below-Target
Matched Comparison,131,2025-08-31,Met
Matched Comparison,131,2025-09-30,Met
Matched Comparison,131,2025-10-31,Below-Target
Matched Comparison,131,2025-12-31,Met
Matched Comparison,131,2026-01-31,Met
Matched Comparison,131,2026-03-31,Below-Target
Matched Comparison,131,2026-04-30,Met
Matched Comparison,131,2026-05-31,Met
Matched Comparison,131,2026-07-31,Met
Matched Comparison,133,2023-01-31,Met
Matched Comparison,133,2023-03-31,Met
Matched Comparison,133,2023-04-30,Met
Matched Comparison,133,2023-05-31,Met
Matched Comparison,133,2023-09-30,Met
Matched Comparison,133,2023-10-31,Below-Target
Matched Comparison,133,2023-12-31,Below-Target
Matched Comparison,133,2024-01-31,Met
Matched Comparison,133,2024-03-31,Met
Matched Comparison,133,2024-04-30,Met
Matched Comparison,133,2024-05-31,Met
Matched Comparison,133,2024-07-31,Met
Matched Comparison,133,2024-08-31,Met
Matched Comparison,133,2024-09-30,Met
Matched Comparison,133,2024-10-31,Met
Matched Comparison,133,2024-12-31,Met
Matched Comparison,133,2025-01-31,Met
Matched Comparison,133,2025-03-31,Met
Matched Comparison,133,2025-04-30,Met
Matched Comparison,133,2025-05-31,Met
Matched Comparison,133,2025-07-31,Met
Matched Comparison,133,2025-08-31,Met
Matched Comparison,133,2025-09-30,Met
Matched Comparison,133,2025-10-31,Met
Matched Comparison,133,2025-12-31,Below-Target
Matched Comparison,133,2026-01-31,Met
Matched Comparison,133,2026-03-31,Met
Matched Comparison,133,2026-04-30,Met
Matched Comparison,133,2026-05-31,Met
Matched Comparison,133,2026-07-31,Met
Matched Comparison,134,2026-07-31,Met
Matched Comparison,136,2023-01-31,Met
Matched Comparison,136,2023-03-31,Met
Matched Comparison,136,2023-04-30,Met
Matched Comparison,136,2023-05-31,Met
Matched Comparison,136,2023-09-30,Below-Target
Matched Comparison,136,2023-10-31,Met
Matched Comparison,136,2023-12-31,Met
Matched Comparison,136,2024-01-31,Below-Target
Matched Comparison,136,2024-03-31,Met
Matched Comparison,136,2024-04-30,Met
Matched Comparison,136,2024-05-31,Met
Matched Comparison,136,2024-07-31,Below-Target
Matched Comparison,136,2024-08-31,Met
Matched Comparison,136,2024-09-30,Below-Target
Matched Comparison,136,2024-10-31,Below-Target
Matched Comparison,136,2024-12-31,Missed
Matched Comparison,136,2025-01-31,Met
Matched Comparison,136,2025-03-31,Met
Matched Comparison,136,2025-04-30,Met
Matched Comparison,136,2025-05-31,Met
Matched Comparison,136,2025-07-31,Met
Matched Comparison,136,2025-08-31,Met
Matched Comparison,136,2025-09-30,Missed
Matched Comparison,136,2025-10-31,Met
Matched Comparison,136,2025-12-31,Met
Matched Comparison,136,2026-01-31,Met
Matched Comparison,136,2026-03-31,Met
Matched Comparison,136,2026-04-30,Met
Matched Comparison,136,2026-05-31,Met
Matched Comparison,136,2026-07-31,Met
Matched Comparison,137,2023-01-31,Below-Target
Matched Comparison,137,2023-03-31,Met
Matched Comparison,137,2023-04-30,Met
Matched Comparison,137,2023-05-31,Met
Matched Comparison,137,2023-09-30,Missed
Matched Comparison,137,2023-10-31,Met
Matched Comparison,137,2023-12-31,Met
Matched Comparison,137,2024-01-31,Met
Matched Comparison,137,2024-03-31,Met
Matched Comparison,137,2024-04-30,Met
Matched Comparison,137,2024-05-31,Below-Target
Matched Comparison,137,2024-07-31,Met
Matched Comparison,137,2024-08-31,Met
Matched Comparison,137,2024-09-30,Met
Matched Comparison,137,2024-10-31,Met
Matched Comparison,137,2024-12-31,Met
Matched Comparison,137,2025-01-31,Met
Matched Comparison,137,2025-03-31,Met
Matched Comparison,137,2025-04-30,Met
Matched Comparison,137,2025-05-31,Met
Matched Comparison,137,2025-07-31,Met
Matched Comparison,137,2025-08-31,Met
Matched Comparison,137,2025-09-30,Met
Matched Comparison,137,2025-10-31,Met
Matched Comparison,137,2025-12-31,Met
Matched Comparison,137,2026-01-31,Met
Matched Comparison,137,2026-03-31,Met
Matched Comparison,137,2026-04-30,Met
Matched Comparison,137,2026-05-31,Met
Matched Comparison,137,2026-07-31,Below-Target
Matched Comparison,138,2023-01-31,Met
Matched Comparison,138,2023-03-31,Missed
Matched Comparison,138,2023-04-30,Met
Matched Comparison,138,2023-05-31,Met
Matched Comparison,138,2023-09-30,Met
Matched Comparison,138,2023-10-31,Met
Matched Comparison,138,2023-12-31,Met
Matched Comparison,138,2024-01-31,Met
Matched Comparison,138,2024-03-31,Met
Matched Comparison,138,2024-04-30,Below-Target
Matched Comparison,138,2024-05-31,Met
Matched Comparison,138,2024-07-31,Met
Matched Comparison,138,2024-08-31,Met
Matched Comparison,138,2024-09-30,Met
Matched Comparison,138,2024-10-31,Met
Matched Comparison,138,2024-12-31,Met
Matched Comparison,138,2025-01-31,Met
Matched Comparison,138,2025-03-31,Met
Matched Comparison,138,2025-04-30,Met
Matched Comparison,138,2025-05-31,Met
Matched Comparison,138,2025-07-31,Met
Matched Comparison,138,2025-08-31,Met
Matched Comparison,138,2025-09-30,Met
Matched Comparison,138,2025-10-31,Met
Matched Comparison,138,2025-12-31,Met
Matched Comparison,138,2026-01-31,Met
Matched Comparison,138,2026-03-31,Met
Matched Comparison,138,2026-04-30,Met
Matched Comparison,138,2026-05-31,Met
Matched Comparison,138,2026-07-31,Missed
Matched Comparison,140,2023-01-31,Met
Matched Comparison,140,2023-03-31,Met
Matched Comparison,140,2023-04-30,Below-Target
Matched Comparison,140,2023-05-31,Below-Target
Matched Comparison,140,2023-09-30,Met
Matched Comparison,140,2023-10-31,Met
Matched Comparison,140,2023-12-31,Below-Target
Matched Comparison,140,2024-01-31,Met
Matched Comparison,140,2024-03-31,Below-Target
Matched Comparison,140,2024-04-30,Met
Matched Comparison,140,2024-05-31,Below-Target
Matched Comparison,140,2024-07-31,Met
Matched Comparison,140,2024-08-31,Missed
Matched Comparison,140,2024-09-30,Met
Matched Comparison,140,2024-10-31,Missed
Matched Comparison,140,2024-12-31,Met
Matched Comparison,140,2025-01-31,Below-Target
Matched Comparison,140,2025-03-31,Met
Matched Comparison,140,2025-04-30,Below-Target
Matched Comparison,140,2025-05-31,Met
Matched Comparison,140,2025-07-31,Below-Target
Matched Comparison,140,2025-08-31,Missed
Matched Comparison,140,2025-09-30,Met
Matched Comparison,140,2025-10-31,Met
Matched Comparison,140,2025-12-31,Met
Matched Comparison,140,2026-01-31,Met
Matched Comparison,140,2026-03-31,Met
Matched Comparison,140,2026-04-30,Met
Matched Comparison,140,2026-05-31,Met
Matched Comparison,140,2026-07-31,Below-Target
Matched Comparison,141,2025-03-31,Below-Target
Matched Comparison,141,2025-04-30,Met
Matched Comparison,141,2025-05-31,Missed
Matched Comparison,141,2025-07-31,Met
Matched Comparison,141,2025-08-31,Met
Matched Comparison,141,2025-09-30,Below-Target
Matched Comparison,141,2025-10-31,Met
Matched Comparison,141,2025-12-31,Met
Matched Comparison,141,2026-01-31,Met
Matched Comparison,141,2026-03-31,Met
Matched Comparison,141,2026-04-30,Met
Matched Comparison,141,2026-05-31,Met
Matched Comparison,141,2026-07-31,Missed
Matched Comparison,142,2023-01-31,Met
Matched Comparison,142,2023-03-31,Below-Target
Matched Comparison,142,2023-04-30,Below-Target
Matched Comparison,142,2023-05-31,Met
Matched Comparison,142,2023-09-30,Below-Target
Matched Comparison,142,2023-10-31,Met
Matched Comparison,142,2023-12-31,Below-Target
Matched Comparison,142,2024-01-31,Met
Matched Comparison,142,2024-03-31,Met
Matched Comparison,142,2024-04-30,Met
Matched Comparison,142,2024-05-31,Below-Target
Matched Comparison,142,2024-07-31,Met
Matched Comparison,142,2024-08-31,Met
Matched Comparison,142,2024-09-30,Met
Matched Comparison,142,2024-10-31,Met
Matched Comparison,142,2024-12-31,Met
Matched Comparison,142,2025-01-31,Met
Matched Comparison,142,2025-03-31,Met
Matched Comparison,142,2025-04-30,Met
Matched Comparison,142,2025-05-31,Met
Matched Comparison,142,2025-07-31,Met
Matched Comparison,142,2025-08-31,Met
Matched Comparison,142,2025-09-30,Met
Matched Comparison,142,2025-10-31,Met
Matched Comparison,142,2025-12-31,Met
Matched Comparison,142,2026-01-31,Met
Matched Comparison,142,2026-03-31,Below-Target
Matched Comparison,142,2026-04-30,Met
Matched Comparison,142,2026-05-31,Met
Matched Comparison,142,2026-07-31,Below-Target
Matched Comparison,144,2023-01-31,Met
Matched Comparison,144,2023-03-31,Below-Target
Matched Comparison,144,2023-04-30,Met
Matched Comparison,144,2023-05-31,Met
Matched Comparison,144,2023-09-30,Met
Matched Comparison,144,2023-10-31,Met
Matched Comparison,144,2023-12-31,Met
Matched Comparison,144,2024-01-31,Met
Matched Comparison,144,2024-03-31,Met
Matched Comparison,144,2024-04-30,Met
Matched Comparison,144,2024-05-31,Met
Matched Comparison,144,2024-07-31,Met
Matched Comparison,144,2024-08-31,Met
Matched Comparison,144,2024-09-30,Below-Target
Matched Comparison,144,2024-10-31,Met
Matched Comparison,144,2024-12-31,Met
Matched Comparison,144,2025-01-31,Met
Matched Comparison,144,2025-03-31,Met
Matched Comparison,144,2025-04-30,Met
Matched Comparison,144,2025-05-31,Met
Matched Comparison,144,2025-07-31,Met
Matched Comparison,144,2025-08-31,Met
Matched Comparison,144,2025-09-30,Met
Matched Comparison,144,2025-10-31,Met
Matched Comparison,144,2025-12-31,Met
Matched Comparison,144,2026-01-31,Below-Target
Matched Comparison,144,2026-03-31,Met
Matched Comparison,144,2026-04-30,Met
Matched Comparison,144,2026-05-31,Met
Matched Comparison,144,2026-07-31,Met
Matched Comparison,146,2026-01-31,Met
Matched Comparison,146,2026-03-31,Met
Matched Comparison,146,2026-04-30,Missed
Matched Comparison,146,2026-05-31,Met
Matched Comparison,146,2026-07-31,Met
Matched Comparison,147,2023-01-31,Below-Target
Matched Comparison,147,2023-03-31,Below-Target
Matched Comparison,147,2023-04-30,Met
Matched Comparison,147,2023-05-31,Missed
Matched Comparison,147,2023-09-30,Met
Matched Comparison,147,2023-10-31,Met
Matched Comparison,147,2023-12-31,Met
Matched Comparison,147,2024-01-31,Met
Matched Comparison,147,2024-03-31,Met
Matched Comparison,147,2024-04-30,Met
Matched Comparison,147,2024-05-31,Missed
Matched Comparison,147,2024-07-31,Met
Matched Comparison,147,2024-08-31,Met
Matched Comparison,147,2024-09-30,Met
Matched Comparison,147,2024-10-31,Below-Target
Matched Comparison,147,2024-12-31,Met
Matched Comparison,147,2025-01-31,Met
Matched Comparison,147,2025-03-31,Met
Matched Comparison,147,2025-04-30,Met
Matched Comparison,147,2025-05-31,Met
Matched Comparison,147,2025-07-31,Missed
Matched Comparison,147,2025-08-31,Met
Matched Comparison,147,2025-09-30,Met
Matched Comparison,147,2025-10-31,Met
Matched Comparison,147,2025-12-31,Met
Matched Comparison,147,2026-01-31,Met
Matched Comparison,147,2026-03-31,Met
Matched Comparison,147,2026-04-30,Met
Matched Comparison,147,2026-05-31,Met
Matched Comparison,147,2026-07-31,Met
Matched Comparison,148,2023-01-31,Met
Matched Comparison,148,2023-03-31,Met
Matched Comparison,148,2023-04-30,Met
Matched Comparison,148,2023-05-31,Met
Matched Comparison,148,2023-09-30,Met
Matched Comparison,148,2023-10-31,Met
Matched Comparison,148,2023-12-31,Met
Matched Comparison,148,2024-01-31,Met
Matched Comparison,148,2024-03-31,Below-Target
Matched Comparison,148,2024-04-30,Met
Matched Comparison,148,2024-05-31,Below-Target
Matched Comparison,148,2024-07-31,Met
Matched Comparison,148,2024-08-31,Below-Target
Matched Comparison,148,2024-09-30,Met
Matched Comparison,148,2024-10-31,Met
Matched Comparison,148,2024-12-31,Met
Matched Comparison,148,2025-01-31,Met
Matched Comparison,148,2025-03-31,Missed
Matched Comparison,148,2025-04-30,Met
Matched Comparison,148,2025-05-31,Met
Matched Comparison,148,2025-07-31,Met
Matched Comparison,148,2025-08-31,Met
Matched Comparison,148,2025-09-30,Met
Matched Comparison,148,2025-10-31,Met
Matched Comparison,148,2025-12-31,Met
Matched Comparison,148,2026-01-31,Met
Matched Comparison,148,2026-03-31,Met
Matched Comparison,148,2026-04-30,Met
Matched Comparison,148,2026-05-31,Below-Target
Matched Comparison,148,2026-07-31,Met
Matched Comparison,149,2023-01-31,Below-Target
Matched Comparison,149,2023-03-31,Met
Matched Comparison,149,2023-04-30,Met
Matched Comparison,149,2023-05-31,Met
Matched Comparison,149,2023-09-30,Met
Matched Comparison,149,2023-10-31,Met
Matched Comparison,149,2023-12-31,Below-Target
Matched Comparison,149,2024-01-31,Met
Matched Comparison,149,2024-03-31,Below-Target
Matched Comparison,149,2024-04-30,Met
Matched Comparison,149,2024-05-31,Below-Target
Matched Comparison,149,2024-07-31,Met
Matched Comparison,149,2024-08-31,Below-Target
Matched Comparison,149,2024-09-30,Below-Target
Matched Comparison,149,2024-10-31,Met
Matched Comparison,149,2024-12-31,Met
Matched Comparison,149,2025-01-31,Met
Matched Comparison,149,2025-03-31,Met
Matched Comparison,149,2025-04-30,Met
Matched Comparison,149,2025-05-31,Met
Matched Comparison,149,2025-07-31,Met
Matched Comparison,149,2025-08-31,Below-Target
Matched Comparison,149,2025-09-30,Met
Matched Comparison,149,2025-10-31,Met
Matched Comparison,149,2025-12-31,Below-Target
Matched Comparison,149,2026-01-31,Met
Matched Comparison,149,2026-03-31,Met
Matched Comparison,149,2026-04-30,Met
Matched Comparison,149,2026-05-31,Met
Matched Comparison,149,2026-07-31,Met
Matched Comparison,150,2023-01-31,Met
Matched Comparison,150,2023-03-31,Met
Matched Comparison,150,2023-04-30,Below-Target
Matched Comparison,150,2023-05-31,Met
Matched Comparison,150,2023-09-30,Met
Matched Comparison,150,2023-10-31,Met
Matched Comparison,150,2023-12-31,Met
Matched Comparison,150,2024-01-31,Met
Matched Comparison,150,2024-03-31,Met
Matched Comparison,150,2024-04-30,Met
Matched Comparison,150,2024-05-31,Met
Matched Comparison,150,2024-07-31,Met
Matched Comparison,150,2024-08-31,Met
Matched Comparison,150,2024-09-30,Met
Matched Comparison,150,2024-10-31,Met
Matched Comparison,150,2024-12-31,Met
Matched Comparison,150,2025-01-31,Met
Matched Comparison,150,2025-03-31,Met
Matched Comparison,150,2025-04-30,Below-Target
Matched Comparison,150,2025-05-31,Below-Target
Matched Comparison,150,2025-07-31,Met
Matched Comparison,150,2025-08-31,Met
Matched Comparison,150,2025-09-30,Met
Matched Comparison,150,2025-10-31,Met
Matched Comparison,150,2025-12-31,Missed
Matched Comparison,150,2026-01-31,Met
Matched Comparison,150,2026-03-31,Met
Matched Comparison,150,2026-04-30,Met
Matched Comparison,150,2026-05-31,Met
Matched Comparison,150,2026-07-31,Missed
Matched Comparison,151,2025-03-31,Met
Matched Comparison,151,2025-04-30,Met
Matched Comparison,151,2025-05-31,Met
Matched Comparison,151,2025-07-31,Met
Matched Comparison,151,2025-08-31,Missed
Matched Comparison,151,2025-09-30,Met
Matched Comparison,151,2025-10-31,Met
Matched Comparison,151,2025-12-31,Met
Matched Comparison,151,2026-01-31,Below-Target
Matched Comparison,151,2026-03-31,Met
Matched Comparison,151,2026-04-30,Met
Matched Comparison,151,2026-05-31,Missed
Matched Comparison,151,2026-07-31,Met
Matched Comparison,153,2023-01-31,Below-Target
Matched Comparison,153,2023-03-31,Met
Matched Comparison,153,2023-04-30,Met
Matched Comparison,153,2023-05-31,Met
Matched Comparison,153,2023-09-30,Met
Matched Comparison,153,2023-10-31,Met
Matched Comparison,153,2023-12-31,Met
Matched Comparison,153,2024-01-31,Below-Target
Matched Comparison,153,2024-03-31,Met
Matched Comparison,153,2024-04-30,Met
Matched Comparison,153,2024-05-31,Met
Matched Comparison,153,2024-07-31,Met
Matched Comparison,153,2024-08-31,Met
Matched Comparison,153,2024-09-30,Met
Matched Comparison,153,2024-10-31,Missed
Matched Comparison,153,2024-12-31,Met
Matched Comparison,153,2025-01-31,Met
Matched Comparison,153,2025-03-31,Below-Target
Matched Comparison,153,2025-04-30,Met
Matched Comparison,153,2025-05-31,Met
Matched Comparison,153,2025-07-31,Met
Matched Comparison,153,2025-08-31,Met
Matched Comparison,153,2025-09-30,Met
Matched Comparison,153,2025-10-31,Met
Matched Comparison,153,2025-12-31,Met
Matched Comparison,153,2026-01-31,Met
Matched Comparison,153,2026-03-31,Below-Target
Matched Comparison,153,2026-04-30,Met
Matched Comparison,153,2026-05-31,Below-Target
Matched Comparison,153,2026-07-31,Met
Matched Comparison,155,2026-07-31,Met
Matched Comparison,156,2023-01-31,Met
Matched Comparison,156,2023-03-31,Met
Matched Comparison,156,2023-04-30,Missed
Matched Comparison,156,2023-05-31,Met
Matched Comparison,156,2023-09-30,Met
Matched Comparison,156,2023-10-31,Met
Matched Comparison,156,2023-12-31,Met
Matched Comparison,156,2024-01-31,Met
Matched Comparison,156,2024-03-31,Below-Target
Matched Comparison,156,2024-04-30,Met
Matched Comparison,156,2024-05-31,Met
Matched Comparison,156,2024-07-31,Met
Matched Comparison,156,2024-08-31,Below-Target
Matched Comparison,156,2024-09-30,Met
Matched Comparison,156,2024-10-31,Below-Target
Matched Comparison,156,2024-12-31,Met
Matched Comparison,156,2025-01-31,Met
Matched Comparison,156,2025-03-31,Below-Target
Matched Comparison,156,2025-04-30,Missed
Matched Comparison,156,2025-05-31,Met
Matched Comparison,156,2025-07-31,Met
Matched Comparison,156,2025-08-31,Met
Matched Comparison,156,2025-09-30,Met
Matched Comparison,156,2025-10-31,Met
Matched Comparison,156,2025-12-31,Met
Matched Comparison,156,2026-01-31,Met
Matched Comparison,156,2026-03-31,Met
Matched Comparison,156,2026-04-30,Met
Matched Comparison,156,2026-05-31,Met
Matched Comparison,156,2026-07-31,Met
Matched Comparison,157,2023-01-31,Met
Matched Comparison,157,2023-03-31,Met
Matched Comparison,157,2023-04-30,Met
Matched Comparison,157,2023-05-31,Met
Matched Comparison,157,2023-09-30,Met
Matched Comparison,157,2023-10-31,Met
Matched Comparison,157,2023-12-31,Met
Matched Comparison,157,2024-01-31,Met
Matched Comparison,157,2024-03-31,Met
Matched Comparison,157,2024-04-30,Below-Target
Matched Comparison,157,2024-05-31,Missed
Matched Comparison,157,2024-07-31,Met
Matched Comparison,157,2024-08-31,Met
Matched Comparison,157,2024-09-30,Met
Matched Comparison,157,2024-10-31,Met
Matched Comparison,157,2024-12-31,Met
Matched Comparison,157,2025-01-31,Missed
Matched Comparison,157,2025-03-31,Met
Matched Comparison,157,2025-04-30,Met
Matched Comparison,157,2025-05-31,Met
Matched Comparison,157,2025-07-31,Met
Matched Comparison,157,2025-08-31,Below-Target
Matched Comparison,157,2025-09-30,Met
Matched Comparison,157,2025-10-31,Below-Target
Matched Comparison,157,2025-12-31,Below-Target
Matched Comparison,157,2026-01-31,Met
Matched Comparison,157,2026-03-31,Below-Target
Matched Comparison,157,2026-04-30,Met
Matched Comparison,157,2026-05-31,Below-Target
Matched Comparison,157,2026-07-31,Met
Matched Comparison,158,2023-01-31,Met
Matched Comparison,158,2023-03-31,Met
Matched Comparison,158,2023-04-30,Below-Target
Matched Comparison,158,2023-05-31,Met
Matched Comparison,158,2023-09-30,Met
Matched Comparison,158,2023-10-31,Met
Matched Comparison,158,2023-12-31,Missed
Matched Comparison,158,2024-01-31,Met
Matched Comparison,158,2024-03-31,Met
Matched Comparison,158,2024-04-30,Below-Target
Matched Comparison,158,2024-05-31,Met
Matched Comparison,158,2024-07-31,Below-Target
Matched Comparison,158,2024-08-31,Below-Target
Matched Comparison,158,2024-09-30,Met
Matched Comparison,158,2024-10-31,Met
Matched Comparison,158,2024-12-31,Met
Matched Comparison,158,2025-01-31,Met
Matched Comparison,158,2025-03-31,Missed
Matched Comparison,158,2025-04-30,Met
Matched Comparison,158,2025-05-31,Met
Matched Comparison,158,2025-07-31,Met
Matched Comparison,158,2025-08-31,Met
Matched Comparison,158,2025-09-30,Missed
Matched Comparison,158,2025-10-31,Met
Matched Comparison,158,2025-12-31,Met
Matched Comparison,158,2026-01-31,Met
Matched Comparison,158,2026-03-31,Below-Target
Matched Comparison,158,2026-04-30,Met
Matched Comparison,158,2026-05-31,Met
Matched Comparison,158,2026-07-31,Met
Matched Comparison,164,2023-01-31,Met
Matched Comparison,164,2023-03-31,Below-Target
Matched Comparison,164,2023-04-30,Met
Matched Comparison,164,2023-05-31,Met
Matched Comparison,164,2023-09-30,Met
Matched Comparison,164,2023-10-31,Below-Target
Matched Comparison,164,2023-12-31,Below-Target
Matched Comparison,164,2024-01-31,Met
Matched Comparison,164,2024-03-31,Met
Matched Comparison,164,2024-04-30,Met
Matched Comparison,164,2024-05-31,Met
Matched Comparison,164,2024-07-31,Met
Matched Comparison,164,2024-08-31,Met
Matched Comparison,164,2024-09-30,Met
Matched Comparison,164,2024-10-31,Missed
Matched Comparison,164,2024-12-31,Met
Matched Comparison,164,2025-01-31,Met
Matched Comparison,164,2025-03-31,Met
Matched Comparison,164,2025-04-30,Met
Matched Comparison,164,2025-05-31,Met
Matched Comparison,164,2025-07-31,Met
Matched Comparison,164,2025-08-31,Met
Matched Comparison,164,2025-09-30,Met
Matched Comparison,164,2025-10-31,Met
Matched Comparison,164,2025-12-31,Met
Matched Comparison,164,2026-01-31,Below-Target
Matched Comparison,164,2026-03-31,Met
Matched Comparison,164,2026-04-30,Met
Matched Comparison,164,2026-05-31,Met
Matched Comparison,164,2026-07-31,Met
Matched Comparison,167,2023-01-31,Met
Matched Comparison,167,2023-03-31,Met
Matched Comparison,167,2023-04-30,Met
Matched Comparison,167,2023-05-31,Met
Matched Comparison,167,2023-09-30,Met
Matched Comparison,167,2023-10-31,Met
Matched Comparison,167,2023-12-31,Met
Matched Comparison,167,2024-01-31,Missed
Matched Comparison,167,2024-03-31,Met
Matched Comparison,167,2024-04-30,Met
Matched Comparison,167,2024-05-31,Met
Matched Comparison,167,2024-07-31,Missed
Matched Comparison,167,2024-08-31,Met
Matched Comparison,167,2024-09-30,Met
Matched Comparison,167,2024-10-31,Met
Matched Comparison,167,2024-12-31,Met
Matched Comparison,167,2025-01-31,Below-Target
Matched Comparison,167,2025-03-31,Met
Matched Comparison,167,2025-04-30,Below-Target
Matched Comparison,167,2025-05-31,Met
Matched Comparison,167,2025-07-31,Met
Matched Comparison,167,2025-08-31,Met
Matched Comparison,167,2025-09-30,Met
Matched Comparison,167,2025-10-31,Met
Matched Comparison,167,2025-12-31,Met
Matched Comparison,167,2026-01-31,Met
Matched Comparison,167,2026-03-31,Met
Matched Comparison,167,2026-04-30,Below-Target
Matched Comparison,167,2026-05-31,Met
Matched Comparison,167,2026-07-31,Met
Matched Comparison,168,2023-01-31,Met
Matched Comparison,168,2023-03-31,Met
Matched Comparison,168,2023-04-30,Met
Matched Comparison,168,2023-05-31,Below-Target
Matched Comparison,168,2023-09-30,Met
Matched Comparison,168,2023-10-31,Met
Matched Comparison,168,2023-12-31,Met
Matched Comparison,168,2024-01-31,Met
Matched Comparison,168,2024-03-31,Met
Matched Comparison,168,2024-04-30,Below-Target
Matched Comparison,168,2024-05-31,Met
Matched Comparison,168,2024-07-31,Met
Matched Comparison,168,2024-08-31,Met
Matched Comparison,168,2024-09-30,Below-Target
Matched Comparison,168,2024-10-31,Met
Matched Comparison,168,2024-12-31,Met
Matched Comparison,168,2025-01-31,Met
Matched Comparison,168,2025-03-31,Met
Matched Comparison,168,2025-04-30,Met
Matched Comparison,168,2025-05-31,Below-Target
Matched Comparison,168,2025-07-31,Met
Matched Comparison,168,2025-08-31,Below-Target
Matched Comparison,168,2025-09-30,Below-Target
Matched Comparison,168,2025-10-31,Met
Matched Comparison,168,2025-12-31,Met
Matched Comparison,168,2026-01-31,Met
Matched Comparison,168,2026-03-31,Met
Matched Comparison,168,2026-04-30,Met
Matched Comparison,168,2026-05-31,Met
Matched Comparison,168,2026-07-31,Met
Matched Comparison,171,2023-01-31,Met
Matched Comparison,171,2023-03-31,Missed
Matched Comparison,171,2023-04-30,Met
Matched Comparison,171,2023-05-31,Met
Matched Comparison,171,2023-09-30,Met
Matched Comparison,171,2023-10-31,Met
Matched Comparison,171,2023-12-31,Met
Matched Comparison,171,2024-01-31,Below-Target
Matched Comparison,171,2024-03-31,Met
Matched Comparison,171,2024-04-30,Met
Matched Comparison,171,2024-05-31,Met
Matched Comparison,171,2024-07-31,Met
Matched Comparison,171,2024-08-31,Met
Matched Comparison,171,2024-09-30,Below-Target
Matched Comparison,171,2024-10-31,Met
Matched Comparison,171,2024-12-31,Below-Target
Matched Comparison,171,2025-01-31,Below-Target
Matched Comparison,171,2025-03-31,Met
Matched Comparison,171,2025-04-30,Met
Matched Comparison,171,2025-05-31,Met
Matched Comparison,171,2025-07-31,Met
Matched Comparison,171,2025-08-31,Met
Matched Comparison,171,2025-09-30,Met
Matched Comparison,171,2025-10-31,Below-Target
Matched Comparison,171,2025-12-31,Met
Matched Comparison,171,2026-01-31,Met
Matched Comparison,171,2026-03-31,Below-Target
Matched Comparison,171,2026-04-30,Met
Matched Comparison,171,2026-05-31,Met
Matched Comparison,171,2026-07-31,Met
Matched Comparison,172,2023-01-31,Met
Matched Comparison,172,2023-03-31,Met
Matched Comparison,172,2023-04-30,Met
Matched Comparison,172,2023-05-31,Met
Matched Comparison,172,2023-09-30,Met
Matched Comparison,172,2023-10-31,Met
Matched Comparison,172,2023-12-31,Met
Matched Comparison,172,2024-01-31,Met
Matched Comparison,172,2024-03-31,Met
Matched Comparison,172,2024-04-30,Met
Matched Comparison,172,2024-05-31,Met
Matched Comparison,172,2024-07-31,Missed
Matched Comparison,172,2024-08-31,Met
Matched Comparison,172,2024-09-30,Met
Matched Comparison,172,2024-10-31,Below-Target
Matched Comparison,172,2024-12-31,Met
Matched Comparison,172,2025-01-31,Below-Target
Matched Comparison,172,2025-03-31,Met
Matched Comparison,172,2025-04-30,Met
Matched Comparison,172,2025-05-31,Below-Target
Matched Comparison,172,2025-07-31,Met
Matched Comparison,172,2025-08-31,Met
Matched Comparison,172,2025-09-30,Met
Matched Comparison,172,2025-10-31,Met
Matched Comparison,172,2025-12-31,Met
Matched Comparison,172,2026-01-31,Met
Matched Comparison,172,2026-03-31,Met
Matched Comparison,172,2026-04-30,Met
Matched Comparison,172,2026-05-31,Met
Matched Comparison,172,2026-07-31,Met
Matched Comparison,174,2024-01-31,Below-Target
Matched Comparison,174,2024-03-31,Met
Matched Comparison,174,2024-04-30,Met
Matched Comparison,174,2024-05-31,Met
Matched Comparison,174,2024-07-31,Met
Matched Comparison,174,2024-08-31,Met
Matched Comparison,174,2024-09-30,Met
Matched Comparison,174,2024-10-31,Below-Target
Matched Comparison,174,2024-12-31,Met
Matched Comparison,174,2025-01-31,Met
Matched Comparison,174,2025-03-31,Met
Matched Comparison,174,2025-04-30,Met
Matched Comparison,174,2025-05-31,Met
Matched Comparison,174,2025-07-31,Met
Matched Comparison,174,2025-08-31,Below-Target
Matched Comparison,174,2025-09-30,Met
Matched Comparison,174,2025-10-31,Met
Matched Comparison,174,2025-12-31,Met
Matched Comparison,174,2026-01-31,Missed
Matched Comparison,174,2026-03-31,Met
Matched Comparison,174,2026-04-30,Met
Matched Comparison,174,2026-05-31,Missed
Matched Comparison,174,2026-07-31,Below-Target
Matched Comparison,176,2023-01-31,Met
Matched Comparison,176,2023-03-31,Met
Matched Comparison,176,2023-04-30,Met
Matched Comparison,176,2023-05-31,Met
Matched Comparison,176,2023-09-30,Met
Matched Comparison,176,2023-10-31,Met
Matched Comparison,176,2023-12-31,Met
Matched Comparison,176,2024-01-31,Below-Target
Matched Comparison,176,2024-03-31,Met
Matched Comparison,176,2024-04-30,Met
Matched Comparison,176,2024-05-31,Met
Matched Comparison,176,2024-07-31,Met
Matched Comparison,176,2024-08-31,Met
Matched Comparison,176,2024-09-30,Met
Matched Comparison,176,2024-10-31,Met
Matched Comparison,176,2024-12-31,Met
Matched Comparison,176,2025-01-31,Met
Matched Comparison,176,2025-03-31,Below-Target
Matched Comparison,176,2025-04-30,Met
Matched Comparison,176,2025-05-31,Met
Matched Comparison,176,2025-07-31,Met
Matched Comparison,176,2025-08-31,Met
Matched Comparison,176,2025-09-30,Below-Target
Matched Comparison,176,2025-10-31,Missed
Matched Comparison,176,2025-12-31,Met
Matched Comparison,176,2026-01-31,Met
Matched Comparison,176,2026-03-31,Met
Matched Comparison,176,2026-04-30,Met
Matched Comparison,176,2026-05-31,Met
Matched Comparison,176,2026-07-31,Met
Matched Comparison,177,2023-01-31,Missed
Matched Comparison,177,2023-03-31,Met
Matched Comparison,177,2023-04-30,Met
Matched Comparison,177,2023-05-31,Met
Matched Comparison,177,2023-09-30,Met
Matched Comparison,177,2023-10-31,Met
Matched Comparison,177,2023-12-31,Met
Matched Comparison,177,2024-01-31,Met
Matched Comparison,177,2024-03-31,Below-Target
Matched Comparison,177,2024-04-30,Met
Matched Comparison,177,2024-05-31,Met
Matched Comparison,177,2024-07-31,Met
Matched Comparison,177,2024-08-31,Met
Matched Comparison,177,2024-09-30,Met
Matched Comparison,177,2024-10-31,Met
Matched Comparison,177,2024-12-31,Met
Matched Comparison,177,2025-01-31,Met
Matched Comparison,177,2025-03-31,Met
Matched Comparison,177,2025-04-30,Met
Matched Comparison,177,2025-05-31,Met
Matched Comparison,177,2025-07-31,Met
Matched Comparison,177,2025-08-31,Met
Matched Comparison,177,2025-09-30,Met
Matched Comparison,177,2025-10-31,Met
Matched Comparison,177,2025-12-31,Met
Matched Comparison,177,2026-01-31,Met
Matched Comparison,177,2026-03-31,Missed
Matched Comparison,177,2026-04-30,Below-Target
Matched Comparison,177,2026-05-31,Met
Matched Comparison,177,2026-07-31,Met
Matched Comparison,178,2023-01-31,Met
Matched Comparison,178,2023-03-31,Met
Matched Comparison,178,2023-04-30,Met
Matched Comparison,178,2023-05-31,Met
Matched Comparison,178,2023-09-30,Met
Matched Comparison,178,2023-10-31,Met
Matched Comparison,178,2023-12-31,Below-Target
Matched Comparison,178,2024-01-31,Below-Target
Matched Comparison,178,2024-03-31,Met
Matched Comparison,178,2024-04-30,Met
Matched Comparison,178,2024-05-31,Met
Matched Comparison,178,2024-07-31,Met
Matched Comparison,178,2024-08-31,Met
Matched Comparison,178,2024-09-30,Met
Matched Comparison,178,2024-10-31,Met
Matched Comparison,178,2024-12-31,Met
Matched Comparison,178,2025-01-31,Met
Matched Comparison,178,2025-03-31,Met
Matched Comparison,178,2025-04-30,Missed
Matched Comparison,178,2025-05-31,Met
Matched Comparison,178,2025-07-31,Met
Matched Comparison,178,2025-08-31,Below-Target
Matched Comparison,178,2025-09-30,Met
Matched Comparison,178,2025-10-31,Met
Matched Comparison,178,2025-12-31,Met
Matched Comparison,178,2026-01-31,Met
Matched Comparison,178,2026-03-31,Met
Matched Comparison,178,2026-04-30,Met
Matched Comparison,178,2026-05-31,Met
Matched Comparison,178,2026-07-31,Met
Matched Comparison,180,2023-01-31,Met
Matched Comparison,180,2023-03-31,Met
Matched Comparison,180,2023-04-30,Met
Matched Comparison,180,2023-05-31,Met
Matched Comparison,180,2023-09-30,Met
Matched Comparison,180,2023-10-31,Met
Matched Comparison,180,2023-12-31,Met
Matched Comparison,180,2024-01-31,Met
Matched Comparison,180,2024-03-31,Met
Matched Comparison,180,2024-04-30,Met
Matched Comparison,180,2024-05-31,Met
Matched Comparison,180,2024-07-31,Met
Matched Comparison,180,2024-08-31,Met
Matched Comparison,180,2024-09-30,Met
Matched Comparison,180,2024-10-31,Met
Matched Comparison,180,2024-12-31,Below-Target
Matched Comparison,180,2025-01-31,Below-Target
Matched Comparison,180,2025-03-31,Met
Matched Comparison,180,2025-04-30,Met
Matched Comparison,180,2025-05-31,Met
Matched Comparison,180,2025-07-31,Met
Matched Comparison,180,2025-08-31,Met
Matched Comparison,180,2025-09-30,Met
Matched Comparison,180,2025-10-31,Met
Matched Comparison,180,2025-12-31,Met
Matched Comparison,180,2026-01-31,Met
Matched Comparison,180,2026-03-31,Below-Target
Matched Comparison,180,2026-04-30,Met
Matched Comparison,180,2026-05-31,Met
Matched Comparison,180,2026-07-31,Below-Target
Matched Comparison,185,2025-01-31,Met
Matched Comparison,185,2025-03-31,Met
Matched Comparison,185,2025-04-30,Met
Matched Comparison,185,2025-05-31,Met
Matched Comparison,185,2025-07-31,Met
Matched Comparison,185,2025-08-31,Met
Matched Comparison,185,2025-09-30,Met
Matched Comparison,185,2025-10-31,Met
Matched Comparison,185,2025-12-31,Met
Matched Comparison,185,2026-01-31,Met
Matched Comparison,185,2026-03-31,Met
Matched Comparison,185,2026-04-30,Below-Target
Matched Comparison,185,2026-05-31,Met
Matched Comparison,185,2026-07-31,Below-Target
Matched Comparison,188,2023-01-31,Met
Matched Comparison,188,2023-03-31,Met
Matched Comparison,188,2023-04-30,Below-Target
Matched Comparison,188,2023-05-31,Below-Target
Matched Comparison,188,2023-09-30,Met
Matched Comparison,188,2023-10-31,Met
Matched Comparison,188,2023-12-31,Missed
Matched Comparison,188,2024-01-31,Met
Matched Comparison,188,2024-03-31,Met
Matched Comparison,188,2024-04-30,Met
Matched Comparison,188,2024-05-31,Below-Target
Matched Comparison,188,2024-07-31,Met
Matched Comparison,188,2024-08-31,Below-Target
Matched Comparison,188,2024-09-30,Below-Target
Matched Comparison,188,2024-10-31,Below-Target
Matched Comparison,188,2024-12-31,Met
Matched Comparison,188,2025-01-31,Met
Matched Comparison,188,2025-03-31,Met
Matched Comparison,188,2025-04-30,Below-Target
Matched Comparison,188,2025-05-31,Met
Matched Comparison,188,2025-07-31,Missed
Matched Comparison,188,2025-08-31,Met
Matched Comparison,188,2025-09-30,Met
Matched Comparison,188,2025-10-31,Met
Matched Comparison,188,2025-12-31,Met
Matched Comparison,188,2026-01-31,Met
Matched Comparison,188,2026-03-31,Met
Matched Comparison,188,2026-04-30,Below-Target
Matched Comparison,188,2026-05-31,Met
Matched Comparison,188,2026-07-31,Met
Matched Comparison,190,2023-01-31,Below-Target
Matched Comparison,190,2023-03-31,Missed
Matched Comparison,190,2023-04-30,Met
Matched Comparison,190,2023-05-31,Met
Matched Comparison,190,2023-09-30,Met
Matched Comparison,190,2023-10-31,Met
Matched Comparison,190,2023-12-31,Met
Matched Comparison,190,2024-01-31,Met
Matched Comparison,190,2024-03-31,Met
Matched Comparison,190,2024-04-30,Met
Matched Comparison,190,2024-05-31,Met
Matched Comparison,190,2024-07-31,Met
Matched Comparison,190,2024-08-31,Missed
Matched Comparison,190,2024-09-30,Met
Matched Comparison,190,2024-10-31,Met
Matched Comparison,190,2024-12-31,Met
Matched Comparison,190,2025-01-31,Missed
Matched Comparison,190,2025-03-31,Met
Matched Comparison,190,2025-04-30,Met
Matched Comparison,190,2025-05-31,Met
Matched Comparison,190,2025-07-31,Met
Matched Comparison,190,2025-08-31,Met
Matched Comparison,190,2025-09-30,Met
Matched Comparison,190,2025-10-31,Met
Matched Comparison,190,2025-12-31,Met
Matched Comparison,190,2026-01-31,Below-Target
Matched Comparison,190,2026-03-31,Met
Matched Comparison,190,2026-04-30,Below-Target
Matched Comparison,190,2026-05-31,Met
Matched Comparison,190,2026-07-31,Met
Matched Comparison,191,2025-04-30,Met
Matched Comparison,191,2025-05-31,Met
Matched Comparison,191,2025-07-31,Met
Matched Comparison,191,2025-08-31,Met
Matched Comparison,191,2025-09-30,Below-Target
Matched Comparison,191,2025-10-31,Met
Matched Comparison,191,2025-12-31,Met
Matched Comparison,191,2026-01-31,Met
Matched Comparison,191,2026-03-31,Met
Matched Comparison,191,2026-04-30,Met
Matched Comparison,191,2026-05-31,Met
Matched Comparison,191,2026-07-31,Below-Target
Matched Comparison,192,2023-01-31,Met
Matched Comparison,192,2023-03-31,Met
Matched Comparison,192,2023-04-30,Met
Matched Comparison,192,2023-05-31,Below-Target
Matched Comparison,192,2023-09-30,Below-Target
Matched Comparison,192,2023-10-31,Met
Matched Comparison,192,2023-12-31,Met
Matched Comparison,192,2024-01-31,Met
Matched Comparison,192,2024-03-31,Below-Target
Matched Comparison,192,2024-04-30,Met
Matched Comparison,192,2024-05-31,Below-Target
Matched Comparison,192,2024-07-31,Met
Matched Comparison,192,2024-08-31,Met
Matched Comparison,192,2024-09-30,Met
Matched Comparison,192,2024-10-31,Met
Matched Comparison,192,2024-12-31,Met
Matched Comparison,192,2025-01-31,Met
Matched Comparison,192,2025-03-31,Met
Matched Comparison,192,2025-04-30,Below-Target
Matched Comparison,192,2025-05-31,Met
Matched Comparison,192,2025-07-31,Met
Matched Comparison,192,2025-08-31,Met
Matched Comparison,192,2025-09-30,Met
Matched Comparison,192,2025-10-31,Below-Target
Matched Comparison,192,2025-12-31,Met
Matched Comparison,192,2026-01-31,Met
Matched Comparison,192,2026-03-31,Met
Matched Comparison,192,2026-04-30,Met
Matched Comparison,192,2026-05-31,Met
Matched Comparison,192,2026-07-31,Missed
Matched Comparison,193,2023-01-31,Met
Matched Comparison,193,2023-03-31,Met
Matched Comparison,193,2023-04-30,Met
Matched Comparison,193,2023-05-31,Met
Matched Comparison,193,2023-09-30,Met
Matched Comparison,193,2023-10-31,Met
Matched Comparison,193,2023-12-31,Met
Matched Comparison,193,2024-01-31,Met
Matched Comparison,193,2024-03-31,Met
Matched Comparison,193,2024-04-30,Met
Matched Comparison,193,2024-05-31,Met
Matched Comparison,193,2024-07-31,Met
Matched Comparison,193,2024-08-31,Met
Matched Comparison,193,2024-09-30,Met
Matched Comparison,193,2024-10-31,Met
Matched Comparison,193,2024-12-31,Met
Matched Comparison,193,2025-01-31,Met
Matched Comparison,193,2025-03-31,Missed
Matched Comparison,193,2025-04-30,Met
Matched Comparison,193,2025-05-31,Met
Matched Comparison,193,2025-07-31,Met
Matched Comparison,193,2025-08-31,Met
Matched Comparison,193,2025-09-30,Met
Matched Comparison,193,2025-10-31,Missed
Matched Comparison,193,2025-12-31,Met
Matched Comparison,193,2026-01-31,Met
Matched Comparison,193,2026-03-31,Met
Matched Comparison,193,2026-04-30,Met
Matched Comparison,193,2026-05-31,Met
Matched Comparison,193,2026-07-31,Met
Matched Comparison,194,2023-01-31,Met
Matched Comparison,194,2023-03-31,Met
Matched Comparison,194,2023-04-30,Met
Matched Comparison,194,2023-05-31,Met
Matched Comparison,194,2023-09-30,Met
Matched Comparison,194,2023-10-31,Met
Matched Comparison,194,2023-12-31,Met
Matched Comparison,194,2024-01-31,Met
Matched Comparison,194,2024-03-31,Met
Matched Comparison,194,2024-04-30,Met
Matched Comparison,194,2024-05-31,Met
Matched Comparison,194,2024-07-31,Below-Target
Matched Comparison,194,2024-08-31,Met
Matched Comparison,194,2024-09-30,Met
Matched Comparison,194,2024-10-31,Met
Matched Comparison,194,2024-12-31,Met
Matched Comparison,194,2025-01-31,Met
Matched Comparison,194,2025-03-31,Met
Matched Comparison,194,2025-04-30,Met
Matched Comparison,194,2025-05-31,Below-Target
Matched Comparison,194,2025-07-31,Met
Matched Comparison,194,2025-08-31,Met
Matched Comparison,194,2025-09-30,Met
Matched Comparison,194,2025-10-31,Met
Matched Comparison,194,2025-12-31,Met
Matched Comparison,194,2026-01-31,Met
Matched Comparison,194,2026-03-31,Met
Matched Comparison,194,2026-04-30,Met
Matched Comparison,194,2026-05-31,Met
Matched Comparison,194,2026-07-31,Met
Matched Comparison,196,2023-01-31,Met
Matched Comparison,196,2023-03-31,Met
Matched Comparison,196,2023-04-30,Met
Matched Comparison,196,2023-05-31,Met
Matched Comparison,196,2023-09-30,Met
Matched Comparison,196,2023-10-31,Missed
Matched Comparison,196,2023-12-31,Met
Matched Comparison,196,2024-01-31,Met
Matched Comparison,196,2024-03-31,Met
Matched Comparison,196,2024-04-30,Met
Matched Comparison,196,2024-05-31,Met
Matched Comparison,196,2024-07-31,Met
Matched Comparison,196,2024-08-31,Met
Matched Comparison,196,2024-09-30,Met
Matched Comparison,196,2024-10-31,Below-Target
Matched Comparison,196,2024-12-31,Met
Matched Comparison,196,2025-01-31,Met
Matched Comparison,196,2025-03-31,Met
Matched Comparison,196,2025-04-30,Met
Matched Comparison,196,2025-05-31,Below-Target
Matched Comparison,196,2025-07-31,Met
Matched Comparison,196,2025-08-31,Met
Matched Comparison,196,2025-09-30,Below-Target
Matched Comparison,196,2025-10-31,Met
Matched Comparison,196,2025-12-31,Missed
Matched Comparison,196,2026-01-31,Met
Matched Comparison,196,2026-03-31,Met
Matched Comparison,196,2026-04-30,Met
Matched Comparison,196,2026-05-31,Missed
Matched Comparison,196,2026-07-31,Met
Matched Comparison,197,2023-01-31,Met
Matched Comparison,197,2023-03-31,Below-Target
Matched Comparison,197,2023-04-30,Met
Matched Comparison,197,2023-05-31,Met
Matched Comparison,197,2023-09-30,Met
Matched Comparison,197,2023-10-31,Met
Matched Comparison,197,2023-12-31,Met
Matched Comparison,197,2024-01-31,Met
Matched Comparison,197,2024-03-31,Met
Matched Comparison,197,2024-04-30,Met
Matched Comparison,197,2024-05-31,Met
Matched Comparison,197,2024-07-31,Met
Matched Comparison,197,2024-08-31,Below-Target
Matched Comparison,197,2024-09-30,Met
Matched Comparison,197,2024-10-31,Met
Matched Comparison,197,2024-12-31,Met
Matched Comparison,197,2025-01-31,Met
Matched Comparison,197,2025-03-31,Met
Matched Comparison,197,2025-04-30,Met
Matched Comparison,197,2025-05-31,Below-Target
Matched Comparison,197,2025-07-31,Met
Matched Comparison,197,2025-08-31,Met
Matched Comparison,197,2025-09-30,Met
Matched Comparison,197,2025-10-31,Met
Matched Comparison,197,2025-12-31,Met
Matched Comparison,197,2026-01-31,Met
Matched Comparison,197,2026-03-31,Met
Matched Comparison,197,2026-04-30,Missed
Matched Comparison,197,2026-05-31,Met
Matched Comparison,197,2026-07-31,Met
Matched Comparison,198,2023-01-31,Met
Matched Comparison,198,2023-03-31,Met
Matched Comparison,198,2023-04-30,Met
Matched Comparison,198,2023-05-31,Met
Matched Comparison,198,2023-09-30,Met
Matched Comparison,198,2023-10-31,Met
Matched Comparison,198,2023-12-31,Met
Matched Comparison,198,2024-01-31,Met
Matched Comparison,198,2024-03-31,Below-Target
Matched Comparison,198,2024-04-30,Missed
Matched Comparison,198,2024-05-31,Missed
Matched Comparison,198,2024-07-31,Met
Matched Comparison,198,2024-08-31,Met
Matched Comparison,198,2024-09-30,Met
Matched Comparison,198,2024-10-31,Met
Matched Comparison,198,2024-12-31,Below-Target
Matched Comparison,198,2025-01-31,Met
Matched Comparison,198,2025-03-31,Below-Target
Matched Comparison,198,2025-04-30,Met
Matched Comparison,198,2025-05-31,Met
Matched Comparison,198,2025-07-31,Met
Matched Comparison,198,2025-08-31,Below-Target
Matched Comparison,198,2025-09-30,Missed
Matched Comparison,198,2025-10-31,Met
Matched Comparison,198,2025-12-31,Missed
Matched Comparison,198,2026-01-31,Met
Matched Comparison,198,2026-03-31,Met
Matched Comparison,198,2026-04-30,Below-Target
Matched Comparison,198,2026-05-31,Met
Matched Comparison,198,2026-07-31,Below-Target
Matched Comparison,199,2023-01-31,Met
Matched Comparison,199,2023-03-31,Below-Target
Matched Comparison,199,2023-04-30,Met
Matched Comparison,199,2023-05-31,Met
Matched Comparison,199,2023-09-30,Met
Matched Comparison,199,2023-10-31,Met
Matched Comparison,199,2023-12-31,Met
Matched Comparison,199,2024-01-31,Met
Matched Comparison,199,2024-03-31,Met
Matched Comparison,199,2024-04-30,Met
Matched Comparison,199,2024-05-31,Below-Target
Matched Comparison,199,2024-07-31,Below-Target
Matched Comparison,199,2024-08-31,Met
Matched Comparison,199,2024-09-30,Met
Matched Comparison,199,2024-10-31,Met
Matched Comparison,199,2024-12-31,Met
Matched Comparison,199,2025-01-31,Met
Matched Comparison,199,2025-03-31,Below-Target
Matched Comparison,199,2025-04-30,Met
Matched Comparison,199,2025-05-31,Met
Matched Comparison,199,2025-07-31,Met
Matched Comparison,199,2025-08-31,Met
Matched Comparison,199,2025-09-30,Below-Target
Matched Comparison,199,2025-10-31,Met
Matched Comparison,199,2025-12-31,Met
Matched Comparison,199,2026-01-31,Met
Matched Comparison,199,2026-03-31,Met
Matched Comparison,199,2026-04-30,Met
Matched Comparison,199,2026-05-31,Met
Matched Comparison,199,2026-07-31,Below-Target
Matched Comparison,200,2023-01-31,Met
Matched Comparison,200,2023-03-31,Missed
Matched Comparison,200,2023-04-30,Met
Matched Comparison,200,2023-05-31,Met
Matched Comparison,200,2023-09-30,Met
Matched Comparison,200,2023-10-31,Met
Matched Comparison,200,2023-12-31,Met
Matched Comparison,200,2024-01-31,Met
Matched Comparison,200,2024-03-31,Below-Target
Matched Comparison,200,2024-04-30,Met
Matched Comparison,200,2024-05-31,Met
Matched Comparison,200,2024-07-31,Met
Matched Comparison,200,2024-08-31,Below-Target
Matched Comparison,200,2024-09-30,Met
Matched Comparison,200,2024-10-31,Below-Target
Matched Comparison,200,2024-12-31,Met
Matched Comparison,200,2025-01-31,Below-Target
Matched Comparison,200,2025-03-31,Met
Matched Comparison,200,2025-04-30,Met
Matched Comparison,200,2025-05-31,Below-Target
Matched Comparison,200,2025-07-31,Below-Target
Matched Comparison,200,2025-08-31,Met
Matched Comparison,200,2025-09-30,Met
Matched Comparison,200,2025-10-31,Met
Matched Comparison,200,2025-12-31,Met
Matched Comparison,200,2026-01-31,Met
Matched Comparison,200,2026-03-31,Below-Target
Matched Comparison,200,2026-04-30,Below-Target
Matched Comparison,200,2026-05-31,Met
Matched Comparison,200,2026-07-31,Below-Target
Matched Comparison,201,2023-01-31,Below-Target
Matched Comparison,201,2023-03-31,Met
Matched Comparison,201,2023-04-30,Met
Matched Comparison,201,2023-05-31,Met
Matched Comparison,201,2023-09-30,Met
Matched Comparison,201,2023-10-31,Met
Matched Comparison,201,2023-12-31,Met
Matched Comparison,201,2024-01-31,Below-Target
Matched Comparison,201,2024-03-31,Met
Matched Comparison,201,2024-04-30,Met
Matched Comparison,201,2024-05-31,Met
Matched Comparison,201,2024-07-31,Below-Target
Matched Comparison,201,2024-08-31,Met
Matched Comparison,201,2024-09-30,Met
Matched Comparison,201,2024-10-31,Met
Matched Comparison,201,2024-12-31,Met
Matched Comparison,201,2025-01-31,Met
Matched Comparison,201,2025-03-31,Below-Target
Matched Comparison,201,2025-04-30,Met
Matched Comparison,201,2025-05-31,Met
Matched Comparison,201,2025-07-31,Met
Matched Comparison,201,2025-08-31,Met
Matched Comparison,201,2025-09-30,Met
Matched Comparison,201,2025-10-31,Met
Matched Comparison,201,2025-12-31,Met
Matched Comparison,201,2026-01-31,Met
Matched Comparison,201,2026-03-31,Met
Matched Comparison,201,2026-04-30,Met
Matched Comparison,201,2026-05-31,Below-Target
Matched Comparison,201,2026-07-31,Met
Matched Comparison,202,2023-01-31,Met
Matched Comparison,202,2023-03-31,Met
Matched Comparison,202,2023-04-30,Met
Matched Comparison,202,2023-05-31,Met
Matched Comparison,202,2023-09-30,Below-Target
Matched Comparison,202,2023-10-31,Met
Matched Comparison,202,2023-12-31,Below-Target
Matched Comparison,202,2024-01-31,Below-Target
Matched Comparison,202,2024-03-31,Met
Matched Comparison,202,2024-04-30,Met
Matched Comparison,202,2024-05-31,Met
Matched Comparison,202,2024-07-31,Met
Matched Comparison,202,2024-08-31,Met
Matched Comparison,202,2024-09-30,Met
Matched Comparison,202,2024-10-31,Met
Matched Comparison,202,2024-12-31,Met
Matched Comparison,202,2025-01-31,Below-Target
Matched Comparison,202,2025-03-31,Below-Target
Matched Comparison,202,2025-04-30,Met
Matched Comparison,202,2025-05-31,Met
Matched Comparison,202,2025-07-31,Met
Matched Comparison,202,2025-08-31,Missed
Matched Comparison,202,2025-09-30,Met
Matched Comparison,202,2025-10-31,Met
Matched Comparison,202,2025-12-31,Below-Target
Matched Comparison,202,2026-01-31,Met
Matched Comparison,202,2026-03-31,Below-Target
Matched Comparison,202,2026-04-30,Met
Matched Comparison,202,2026-05-31,Met
Matched Comparison,202,2026-07-31,Met
Matched Comparison,204,2023-01-31,Met
Matched Comparison,204,2023-03-31,Missed
Matched Comparison,204,2023-04-30,Met
Matched Comparison,204,2023-05-31,Missed
Matched Comparison,204,2023-09-30,Met
Matched Comparison,204,2023-10-31,Met
Matched Comparison,204,2023-12-31,Met
Matched Comparison,204,2024-01-31,Met
Matched Comparison,204,2024-03-31,Met
Matched Comparison,204,2024-04-30,Met
Matched Comparison,204,2024-05-31,Met
Matched Comparison,204,2024-07-31,Met
Matched Comparison,204,2024-08-31,Met
Matched Comparison,204,2024-09-30,Missed
Matched Comparison,204,2024-10-31,Below-Target
Matched Comparison,204,2024-12-31,Met
Matched Comparison,204,2025-01-31,Met
Matched Comparison,204,2025-03-31,Met
Matched Comparison,204,2025-04-30,Met
Matched Comparison,204,2025-05-31,Met
Matched Comparison,204,2025-07-31,Met
Matched Comparison,204,2025-08-31,Met
Matched Comparison,204,2025-09-30,Met
Matched Comparison,204,2025-10-31,Met
Matched Comparison,204,2025-12-31,Met
Matched Comparison,204,2026-01-31,Met
Matched Comparison,204,2026-03-31,Met
Matched Comparison,204,2026-04-30,Missed
Matched Comparison,204,2026-05-31,Below-Target
Matched Comparison,204,2026-07-31,Met
Matched Comparison,206,2023-03-31,Met
Matched Comparison,206,2023-04-30,Met
Matched Comparison,206,2023-05-31,Met
Matched Comparison,206,2023-09-30,Met
Matched Comparison,206,2023-10-31,Met
Matched Comparison,206,2023-12-31,Met
Matched Comparison,206,2024-01-31,Met
Matched Comparison,206,2024-03-31,Met
Matched Comparison,206,2024-04-30,Met
Matched Comparison,206,2024-05-31,Met
Matched Comparison,206,2024-07-31,Met
Matched Comparison,206,2024-08-31,Met
Matched Comparison,206,2024-09-30,Missed
Matched Comparison,206,2024-10-31,Met
Matched Comparison,206,2024-12-31,Below-Target
Matched Comparison,206,2025-01-31,Met
Matched Comparison,206,2025-03-31,Met
Matched Comparison,206,2025-04-30,Met
Matched Comparison,206,2025-05-31,Met
Matched Comparison,206,2025-07-31,Below-Target
Matched Comparison,206,2025-08-31,Below-Target
Matched Comparison,206,2025-09-30,Met
Matched Comparison,206,2025-10-31,Below-Target
Matched Comparison,206,2025-12-31,Met
Matched Comparison,206,2026-01-31,Met
Matched Comparison,206,2026-03-31,Met
Matched Comparison,206,2026-04-30,Met
Matched Comparison,206,2026-05-31,Met
Matched Comparison,206,2026-07-31,Met
Matched Comparison,209,2023-01-31,Met
Matched Comparison,209,2023-03-31,Below-Target
Matched Comparison,209,2023-04-30,Met
Matched Comparison,209,2023-05-31,Met
Matched Comparison,209,2023-09-30,Met
Matched Comparison,209,2023-10-31,Below-Target
Matched Comparison,209,2023-12-31,Missed
Matched Comparison,209,2024-01-31,Met
Matched Comparison,209,2024-03-31,Met
Matched Comparison,209,2024-04-30,Met
Matched Comparison,209,2024-05-31,Below-Target
Matched Comparison,209,2024-07-31,Met
Matched Comparison,209,2024-08-31,Below-Target
Matched Comparison,209,2024-09-30,Met
Matched Comparison,209,2024-10-31,Met
Matched Comparison,209,2024-12-31,Met
Matched Comparison,209,2025-01-31,Met
Matched Comparison,209,2025-03-31,Met
Matched Comparison,209,2025-04-30,Below-Target
Matched Comparison,209,2025-05-31,Met
Matched Comparison,209,2025-07-31,Met
Matched Comparison,209,2025-08-31,Met
Matched Comparison,209,2025-09-30,Met
Matched Comparison,209,2025-10-31,Below-Target
Matched Comparison,209,2025-12-31,Met
Matched Comparison,209,2026-01-31,Met
Matched Comparison,209,2026-03-31,Met
Matched Comparison,209,2026-04-30,Below-Target
Matched Comparison,209,2026-05-31,Met
Matched Comparison,209,2026-07-31,Met
Matched Comparison,210,2024-09-30,Met
Matched Comparison,210,2024-10-31,Met
Matched Comparison,210,2024-12-31,Below-Target
Matched Comparison,210,2025-01-31,Met
Matched Comparison,210,2025-03-31,Met
Matched Comparison,210,2025-04-30,Met
Matched Comparison,210,2025-05-31,Met
Matched Comparison,210,2025-07-31,Met
Matched Comparison,210,2025-08-31,Met
Matched Comparison,210,2025-09-30,Met
Matched Comparison,210,2025-10-31,Met
Matched Comparison,210,2025-12-31,Below-Target
Matched Comparison,210,2026-01-31,Met
Matched Comparison,210,2026-03-31,Met
Matched Comparison,210,2026-04-30,Met
Matched Comparison,210,2026-05-31,Met
Matched Comparison,210,2026-07-31,Met
Matched Comparison,211,2023-01-31,Below-Target
Matched Comparison,211,2023-03-31,Met
Matched Comparison,211,2023-04-30,Met
Matched Comparison,211,2023-05-31,Met
Matched Comparison,211,2023-09-30,Met
Matched Comparison,211,2023-10-31,Below-Target
Matched Comparison,211,2023-12-31,Met
Matched Comparison,211,2024-01-31,Met
Matched Comparison,211,2024-03-31,Met
Matched Comparison,211,2024-04-30,Met
Matched Comparison,211,2024-05-31,Met
Matched Comparison,211,2024-07-31,Met
Matched Comparison,211,2024-08-31,Met
Matched Comparison,211,2024-09-30,Met
Matched Comparison,211,2024-10-31,Met
Matched Comparison,211,2024-12-31,Met
Matched Comparison,211,2025-01-31,Met
Matched Comparison,211,2025-03-31,Met
Matched Comparison,211,2025-04-30,Met
Matched Comparison,211,2025-05-31,Met
Matched Comparison,211,2025-07-31,Met
Matched Comparison,211,2025-08-31,Met
Matched Comparison,211,2025-09-30,Met
Matched Comparison,211,2025-10-31,Met
Matched Comparison,211,2025-12-31,Met
Matched Comparison,211,2026-01-31,Met
Matched Comparison,211,2026-03-31,Met
Matched Comparison,211,2026-04-30,Met
Matched Comparison,211,2026-05-31,Met
Matched Comparison,211,2026-07-31,Met
Matched Comparison,217,2023-03-31,Met
Matched Comparison,217,2023-04-30,Met
Matched Comparison,217,2023-05-31,Met
Matched Comparison,217,2023-09-30,Met
Matched Comparison,217,2023-10-31,Met
Matched Comparison,217,2023-12-31,Met
Matched Comparison,217,2024-01-31,Below-Target
Matched Comparison,217,2024-03-31,Met
Matched Comparison,217,2024-04-30,Below-Target
Matched Comparison,217,2024-05-31,Met
Matched Comparison,217,2024-07-31,Below-Target
Matched Comparison,217,2024-08-31,Missed
Matched Comparison,217,2024-09-30,Met
Matched Comparison,217,2024-10-31,Met
Matched Comparison,217,2024-12-31,Met
Matched Comparison,217,2025-01-31,Met
Matched Comparison,217,2025-03-31,Met
Matched Comparison,217,2025-04-30,Met
Matched Comparison,217,2025-05-31,Met
Matched Comparison,217,2025-07-31,Met
Matched Comparison,217,2025-08-31,Met
Matched Comparison,217,2025-09-30,Met
Matched Comparison,217,2025-10-31,Met
Matched Comparison,217,2025-12-31,Met
Matched Comparison,217,2026-01-31,Met
Matched Comparison,217,2026-03-31,Missed
Matched Comparison,217,2026-04-30,Met
Matched Comparison,217,2026-05-31,Met
Matched Comparison,217,2026-07-31,Met
Matched Comparison,218,2023-01-31,Met
Matched Comparison,218,2023-03-31,Met
Matched Comparison,218,2023-04-30,Met
Matched Comparison,218,2023-05-31,Met
Matched Comparison,218,2023-09-30,Met
Matched Comparison,218,2023-10-31,Met
Matched Comparison,218,2023-12-31,Met
Matched Comparison,218,2024-01-31,Met
Matched Comparison,218,2024-03-31,Met
Matched Comparison,218,2024-04-30,Met
Matched Comparison,218,2024-05-31,Met
Matched Comparison,218,2024-07-31,Met
Matched Comparison,218,2024-08-31,Met
Matched Comparison,218,2024-09-30,Met
Matched Comparison,218,2024-10-31,Met
Matched Comparison,218,2024-12-31,Met
Matched Comparison,218,2025-01-31,Met
Matched Comparison,218,2025-03-31,Met
Matched Comparison,218,2025-04-30,Met
Matched Comparison,218,2025-05-31,Missed
Matched Comparison,218,2025-07-31,Met
Matched Comparison,218,2025-08-31,Met
Matched Comparison,218,2025-09-30,Met
Matched Comparison,218,2025-10-31,Met
Matched Comparison,218,2025-12-31,Met
Matched Comparison,218,2026-01-31,Met
Matched Comparison,218,2026-03-31,Met
Matched Comparison,218,2026-04-30,Met
Matched Comparison,218,2026-05-31,Met
Matched Comparison,218,2026-07-31,Met
Matched Comparison,219,2023-01-31,Met
Matched Comparison,219,2023-03-31,Met
Matched Comparison,219,2023-04-30,Met
Matched Comparison,219,2023-05-31,Met
Matched Comparison,219,2023-09-30,Below-Target
Matched Comparison,219,2023-10-31,Met
Matched Comparison,219,2023-12-31,Met
Matched Comparison,219,2024-01-31,Met
Matched Comparison,219,2024-03-31,Met
Matched Comparison,219,2024-04-30,Met
Matched Comparison,219,2024-05-31,Met
Matched Comparison,219,2024-07-31,Met
Matched Comparison,219,2024-08-31,Met
Matched Comparison,219,2024-09-30,Met
Matched Comparison,219,2024-10-31,Met
Matched Comparison,219,2024-12-31,Met
Matched Comparison,219,2025-01-31,Met
Matched Comparison,219,2025-03-31,Met
Matched Comparison,219,2025-04-30,Below-Target
Matched Comparison,219,2025-05-31,Met
Matched Comparison,219,2025-07-31,Met
Matched Comparison,219,2025-08-31,Met
Matched Comparison,219,2025-09-30,Met
Matched Comparison,219,2025-10-31,Met
Matched Comparison,219,2025-12-31,Met
Matched Comparison,219,2026-01-31,Met
Matched Comparison,219,2026-03-31,Met
Matched Comparison,219,2026-04-30,Met
Matched Comparison,219,2026-05-31,Met
Matched Comparison,219,2026-07-31,Below-Target
Matched Comparison,220,2023-01-31,Met
Matched Comparison,220,2023-03-31,Met
Matched Comparison,220,2023-04-30,Below-Target
Matched Comparison,220,2023-05-31,Met
Matched Comparison,220,2023-09-30,Below-Target
Matched Comparison,220,2023-10-31,Met
Matched Comparison,220,2023-12-31,Met
Matched Comparison,220,2024-01-31,Met
Matched Comparison,220,2024-03-31,Met
Matched Comparison,220,2024-04-30,Met
Matched Comparison,220,2024-05-31,Met
Matched Comparison,220,2024-07-31,Met
Matched Comparison,220,2024-08-31,Met
Matched Comparison,220,2024-09-30,Missed
Matched Comparison,220,2024-10-31,Met
Matched Comparison,220,2024-12-31,Met
Matched Comparison,220,2025-01-31,Met
Matched Comparison,220,2025-03-31,Met
Matched Comparison,220,2025-04-30,Missed
Matched Comparison,220,2025-05-31,Met
Matched Comparison,220,2025-07-31,Met
Matched Comparison,220,2025-08-31,Met
Matched Comparison,220,2025-09-30,Met
Matched Comparison,220,2025-10-31,Met
Matched Comparison,220,2025-12-31,Met
Matched Comparison,220,2026-01-31,Below-Target
Matched Comparison,220,2026-03-31,Met
Matched Comparison,220,2026-04-30,Met
Matched Comparison,220,2026-05-31,Met
Matched Comparison,220,2026-07-31,Below-Target
Matched Comparison,222,2023-01-31,Met
Matched Comparison,222,2023-03-31,Met
Matched Comparison,222,2023-04-30,Missed
Matched Comparison,222,2023-05-31,Met
Matched Comparison,222,2023-09-30,Below-Target
Matched Comparison,222,2023-10-31,Below-Target
Matched Comparison,222,2023-12-31,Below-Target
Matched Comparison,222,2024-01-31,Met
Matched Comparison,222,2024-03-31,Met
Matched Comparison,222,2024-04-30,Met
Matched Comparison,222,2024-05-31,Met
Matched Comparison,222,2024-07-31,Met
Matched Comparison,222,2024-08-31,Met
Matched Comparison,222,2024-09-30,Met
Matched Comparison,222,2024-10-31,Met
Matched Comparison,222,2024-12-31,Met
Matched Comparison,222,2025-01-31,Met
Matched Comparison,222,2025-03-31,Met
Matched Comparison,222,2025-04-30,Met
Matched Comparison,222,2025-05-31,Met
Matched Comparison,222,2025-07-31,Met
Matched Comparison,222,2025-08-31,Met
Matched Comparison,222,2025-09-30,Met
Matched Comparison,222,2025-10-31,Met
Matched Comparison,222,2025-12-31,Below-Target
Matched Comparison,222,2026-01-31,Met
Matched Comparison,222,2026-03-31,Met
Matched Comparison,222,2026-04-30,Met
Matched Comparison,222,2026-05-31,Missed
Matched Comparison,222,2026-07-31,Met
Matched Comparison,223,2023-01-31,Met
Matched Comparison,223,2023-03-31,Met
Matched Comparison,223,2023-04-30,Met
Matched Comparison,223,2023-05-31,Met
Matched Comparison,223,2023-09-30,Met
Matched Comparison,223,2023-10-31,Met
Matched Comparison,223,2023-12-31,Met
Matched Comparison,223,2024-01-31,Met
Matched Comparison,223,2024-03-31,Met
Matched Comparison,223,2024-04-30,Missed
Matched Comparison,223,2024-05-31,Met
Matched Comparison,223,2024-07-31,Met
Matched Comparison,223,2024-08-31,Met
Matched Comparison,223,2024-09-30,Met
Matched Comparison,223,2024-10-31,Met
Matched Comparison,223,2024-12-31,Met
Matched Comparison,223,2025-01-31,Below-Target
Matched Comparison,223,2025-03-31,Met
Matched Comparison,223,2025-04-30,Met
Matched Comparison,223,2025-05-31,Below-Target
Matched Comparison,223,2025-07-31,Met
Matched Comparison,223,2025-08-31,Met
Matched Comparison,223,2025-09-30,Below-Target
Matched Comparison,223,2025-10-31,Met
Matched Comparison,223,2025-12-31,Met
Matched Comparison,223,2026-01-31,Below-Target
Matched Comparison,223,2026-03-31,Met
Matched Comparison,223,2026-04-30,Met
Matched Comparison,223,2026-05-31,Missed
Matched Comparison,223,2026-07-31,Met
Matched Comparison,224,2023-01-31,Below-Target
Matched Comparison,224,2023-03-31,Met
Matched Comparison,224,2023-04-30,Met
Matched Comparison,224,2023-05-31,Met
Matched Comparison,224,2023-09-30,Below-Target
Matched Comparison,224,2023-10-31,Met
Matched Comparison,224,2023-12-31,Missed
Matched Comparison,224,2024-01-31,Missed
Matched Comparison,224,2024-03-31,Met
Matched Comparison,224,2024-04-30,Met
Matched Comparison,224,2024-05-31,Below-Target
Matched Comparison,224,2024-07-31,Met
Matched Comparison,224,2024-08-31,Met
Matched Comparison,224,2024-09-30,Met
Matched Comparison,224,2024-10-31,Met
Matched Comparison,224,2024-12-31,Met
Matched Comparison,224,2025-01-31,Met
Matched Comparison,224,2025-03-31,Met
Matched Comparison,224,2025-04-30,Met
Matched Comparison,224,2025-05-31,Met
Matched Comparison,224,2025-07-31,Met
Matched Comparison,224,2025-08-31,Met
Matched Comparison,224,2025-09-30,Below-Target
Matched Comparison,224,2025-10-31,Met
Matched Comparison,224,2025-12-31,Met
Matched Comparison,224,2026-01-31,Met
Matched Comparison,224,2026-03-31,Met
Matched Comparison,224,2026-04-30,Below-Target
Matched Comparison,224,2026-05-31,Met
Matched Comparison,224,2026-07-31,Missed
Matched Comparison,225,2023-01-31,Missed
Matched Comparison,225,2023-03-31,Met
Matched Comparison,225,2023-04-30,Met
Matched Comparison,225,2023-05-31,Met
Matched Comparison,225,2023-09-30,Met
Matched Comparison,225,2023-10-31,Met
Matched Comparison,225,2023-12-31,Met
Matched Comparison,225,2024-01-31,Below-Target
Matched Comparison,225,2024-03-31,Met
Matched Comparison,225,2024-04-30,Met
Matched Comparison,225,2024-05-31,Met
Matched Comparison,225,2024-07-31,Met
Matched Comparison,225,2024-08-31,Met
Matched Comparison,225,2024-09-30,Met
Matched Comparison,225,2024-10-31,Met
Matched Comparison,225,2024-12-31,Met
Matched Comparison,225,2025-01-31,Met
Matched Comparison,225,2025-03-31,Met
Matched Comparison,225,2025-04-30,Met
Matched Comparison,225,2025-05-31,Met
Matched Comparison,225,2025-07-31,Met
Matched Comparison,225,2025-08-31,Met
Matched Comparison,225,2025-09-30,Met
Matched Comparison,225,2025-10-31,Met
Matched Comparison,225,2025-12-31,Met
Matched Comparison,225,2026-01-31,Met
Matched Comparison,225,2026-03-31,Met
Matched Comparison,225,2026-04-30,Met
Matched Comparison,225,2026-05-31,Met
Matched Comparison,225,2026-07-31,Met
Matched Comparison,226,2023-01-31,Met
Matched Comparison,226,2023-03-31,Met
Matched Comparison,226,2023-04-30,Below-Target
Matched Comparison,226,2023-05-31,Met
Matched Comparison,226,2023-09-30,Met
Matched Comparison,226,2023-10-31,Missed
Matched Comparison,226,2023-12-31,Below-Target
Matched Comparison,226,2024-01-31,Met
Matched Comparison,226,2024-03-31,Met
Matched Comparison,226,2024-04-30,Met
Matched Comparison,226,2024-05-31,Met
Matched Comparison,226,2024-07-31,Met
Matched Comparison,226,2024-08-31,Missed
Matched Comparison,226,2024-09-30,Met
Matched Comparison,226,2024-10-31,Met
Matched Comparison,226,2024-12-31,Below-Target
Matched Comparison,226,2025-01-31,Missed
Matched Comparison,226,2025-03-31,Met
Matched Comparison,226,2025-04-30,Missed
Matched Comparison,226,2025-05-31,Met
Matched Comparison,226,2025-07-31,Met
Matched Comparison,226,2025-08-31,Met
Matched Comparison,226,2025-09-30,Met
Matched Comparison,226,2025-10-31,Missed
Matched Comparison,226,2025-12-31,Met
Matched Comparison,226,2026-01-31,Met
Matched Comparison,226,2026-03-31,Met
Matched Comparison,226,2026-04-30,Met
Matched Comparison,226,2026-05-31,Met
Matched Comparison,226,2026-07-31,Met
Matched Comparison,230,2023-01-31,Met
Matched Comparison,230,2023-03-31,Below-Target
Matched Comparison,230,2023-04-30,Met
Matched Comparison,230,2023-05-31,Met
Matched Comparison,230,2023-09-30,Met
Matched Comparison,230,2023-10-31,Met
Matched Comparison,230,2023-12-31,Below-Target
Matched Comparison,230,2024-01-31,Met
Matched Comparison,230,2024-03-31,Met
Matched Comparison,230,2024-04-30,Below-Target
Matched Comparison,230,2024-05-31,Met
Matched Comparison,230,2024-07-31,Below-Target
Matched Comparison,230,2024-08-31,Met
Matched Comparison,230,2024-09-30,Met
Matched Comparison,230,2024-10-31,Met
Matched Comparison,230,2024-12-31,Met
Matched Comparison,230,2025-01-31,Below-Target
Matched Comparison,230,2025-03-31,Met
Matched Comparison,230,2025-04-30,Met
Matched Comparison,230,2025-05-31,Met
Matched Comparison,230,2025-07-31,Met
Matched Comparison,230,2025-08-31,Met
Matched Comparison,230,2025-09-30,Met
Matched Comparison,230,2025-10-31,Met
Matched Comparison,230,2025-12-31,Met
Matched Comparison,230,2026-01-31,Below-Target
Matched Comparison,230,2026-03-31,Met
Matched Comparison,230,2026-04-30,Met
Matched Comparison,230,2026-05-31,Met
Matched Comparison,230,2026-07-31,Met
Matched Comparison,231,2023-01-31,Met
Matched Comparison,231,2023-03-31,Met
Matched Comparison,231,2023-04-30,Met
Matched Comparison,231,2023-05-31,Met
Matched Comparison,231,2023-09-30,Below-Target
Matched Comparison,231,2023-10-31,Met
Matched Comparison,231,2023-12-31,Below-Target
Matched Comparison,231,2024-01-31,Below-Target
Matched Comparison,231,2024-03-31,Met
Matched Comparison,231,2024-04-30,Met
Matched Comparison,231,2024-05-31,Below-Target
Matched Comparison,231,2024-07-31,Met
Matched Comparison,231,2024-08-31,Met
Matched Comparison,231,2024-09-30,Met
Matched Comparison,231,2024-10-31,Met
Matched Comparison,231,2024-12-31,Met
Matched Comparison,231,2025-01-31,Met
Matched Comparison,231,2025-03-31,Met
Matched Comparison,231,2025-04-30,Met
Matched Comparison,231,2025-05-31,Met
Matched Comparison,231,2025-07-31,Met
Matched Comparison,231,2025-08-31,Met
Matched Comparison,231,2025-09-30,Met
Matched Comparison,231,2025-10-31,Met
Matched Comparison,231,2025-12-31,Met
Matched Comparison,231,2026-01-31,Below-Target
Matched Comparison,231,2026-03-31,Below-Target
Matched Comparison,231,2026-04-30,Met
Matched Comparison,231,2026-05-31,Met
Matched Comparison,231,2026-07-31,Met
Matched Comparison,232,2023-01-31,Met
Matched Comparison,232,2023-03-31,Met
Matched Comparison,232,2023-04-30,Below-Target
Matched Comparison,232,2023-05-31,Met
Matched Comparison,232,2023-09-30,Met
Matched Comparison,232,2023-10-31,Below-Target
Matched Comparison,232,2023-12-31,Met
Matched Comparison,232,2024-01-31,Met
Matched Comparison,232,2024-03-31,Met
Matched Comparison,232,2024-04-30,Below-Target
Matched Comparison,232,2024-05-31,Met
Matched Comparison,232,2024-07-31,Met
Matched Comparison,232,2024-08-31,Below-Target
Matched Comparison,232,2024-09-30,Met
Matched Comparison,232,2024-10-31,Met
Matched Comparison,232,2024-12-31,Met
Matched Comparison,232,2025-01-31,Met
Matched Comparison,232,2025-03-31,Met
Matched Comparison,232,2025-04-30,Below-Target
Matched Comparison,232,2025-05-31,Met
Matched Comparison,232,2025-07-31,Met
Matched Comparison,232,2025-08-31,Met
Matched Comparison,232,2025-09-30,Met
Matched Comparison,232,2025-10-31,Met
Matched Comparison,232,2025-12-31,Met
Matched Comparison,232,2026-01-31,Met
Matched Comparison,232,2026-03-31,Met
Matched Comparison,232,2026-04-30,Below-Target
Matched Comparison,232,2026-05-31,Met
Matched Comparison,232,2026-07-31,Below-Target
Matched Comparison,233,2023-01-31,Met
Matched Comparison,233,2023-03-31,Met
Matched Comparison,233,2023-04-30,Met
Matched Comparison,233,2023-05-31,Met
Matched Comparison,233,2023-09-30,Met
Matched Comparison,233,2023-10-31,Met
Matched Comparison,233,2023-12-31,Met
Matched Comparison,233,2024-01-31,Met
Matched Comparison,233,2024-03-31,Missed
Matched Comparison,233,2024-04-30,Met
Matched Comparison,233,2024-05-31,Met
Matched Comparison,233,2024-07-31,Missed
Matched Comparison,233,2024-08-31,Met
Matched Comparison,233,2024-09-30,Below-Target
Matched Comparison,233,2024-10-31,Met
Matched Comparison,233,2024-12-31,Met
Matched Comparison,233,2025-01-31,Below-Target
Matched Comparison,233,2025-03-31,Met
Matched Comparison,233,2025-04-30,Met
Matched Comparison,233,2025-05-31,Met
Matched Comparison,233,2025-07-31,Met
Matched Comparison,233,2025-08-31,Met
Matched Comparison,233,2025-09-30,Met
Matched Comparison,233,2025-10-31,Met
Matched Comparison,233,2025-12-31,Below-Target
Matched Comparison,233,2026-01-31,Met
Matched Comparison,233,2026-03-31,Met
Matched Comparison,233,2026-04-30,Met
Matched Comparison,233,2026-05-31,Met
Matched Comparison,233,2026-07-31,Below-Target
Matched Comparison,235,2023-01-31,Below-Target
Matched Comparison,235,2023-03-31,Met
Matched Comparison,235,2023-04-30,Met
Matched Comparison,235,2023-05-31,Met
Matched Comparison,235,2023-09-30,Met
Matched Comparison,235,2023-10-31,Below-Target
Matched Comparison,235,2023-12-31,Met
Matched Comparison,235,2024-01-31,Met
Matched Comparison,235,2024-03-31,Met
Matched Comparison,235,2024-04-30,Met
Matched Comparison,235,2024-05-31,Met
Matched Comparison,235,2024-07-31,Met
Matched Comparison,235,2024-08-31,Met
Matched Comparison,235,2024-09-30,Below-Target
Matched Comparison,235,2024-10-31,Met
Matched Comparison,235,2024-12-31,Met
Matched Comparison,235,2025-01-31,Met
Matched Comparison,235,2025-03-31,Met
Matched Comparison,235,2025-04-30,Met
Matched Comparison,235,2025-05-31,Met
Matched Comparison,235,2025-07-31,Met
Matched Comparison,235,2025-08-31,Met
Matched Comparison,235,2025-09-30,Met
Matched Comparison,235,2025-10-31,Met
Matched Comparison,235,2025-12-31,Met
Matched Comparison,235,2026-01-31,Met
Matched Comparison,235,2026-03-31,Met
Matched Comparison,235,2026-04-30,Met
Matched Comparison,235,2026-05-31,Met
Matched Comparison,235,2026-07-31,Met
Matched Comparison,237,2023-01-31,Met
Matched Comparison,237,2023-03-31,Met
Matched Comparison,237,2023-04-30,Met
Matched Comparison,237,2023-05-31,Met
Matched Comparison,237,2023-09-30,Met
Matched Comparison,237,2023-10-31,Met
Matched Comparison,237,2023-12-31,Met
Matched Comparison,237,2024-01-31,Met
Matched Comparison,237,2024-03-31,Met
Matched Comparison,237,2024-04-30,Below-Target
Matched Comparison,237,2024-05-31,Met
Matched Comparison,237,2024-07-31,Met
Matched Comparison,237,2024-08-31,Met
Matched Comparison,237,2024-09-30,Met
Matched Comparison,237,2024-10-31,Met
Matched Comparison,237,2024-12-31,Below-Target
Matched Comparison,237,2025-01-31,Met
Matched Comparison,237,2025-03-31,Met
Matched Comparison,237,2025-04-30,Met
Matched Comparison,237,2025-05-31,Met
Matched Comparison,237,2025-07-31,Met
Matched Comparison,237,2025-08-31,Met
Matched Comparison,237,2025-09-30,Met
Matched Comparison,237,2025-10-31,Met
Matched Comparison,237,2025-12-31,Met
Matched Comparison,237,2026-01-31,Met
Matched Comparison,237,2026-03-31,Below-Target
Matched Comparison,237,2026-04-30,Below-Target
Matched Comparison,237,2026-05-31,Met
Matched Comparison,237,2026-07-31,Met
Matched Comparison,238,2023-01-31,Met
Matched Comparison,238,2023-03-31,Missed
Matched Comparison,238,2023-04-30,Below-Target
Matched Comparison,238,2023-05-31,Below-Target
Matched Comparison,238,2023-09-30,Met
Matched Comparison,238,2023-10-31,Met
Matched Comparison,238,2023-12-31,Below-Target
Matched Comparison,238,2024-01-31,Below-Target
Matched Comparison,238,2024-03-31,Missed
Matched Comparison,238,2024-04-30,Met
Matched Comparison,238,2024-05-31,Met
Matched Comparison,238,2024-07-31,Met
Matched Comparison,238,2024-08-31,Met
Matched Comparison,238,2024-09-30,Missed
Matched Comparison,238,2024-10-31,Below-Target
Matched Comparison,238,2024-12-31,Met
Matched Comparison,238,2025-01-31,Below-Target
Matched Comparison,238,2025-03-31,Met
Matched Comparison,238,2025-04-30,Met
Matched Comparison,238,2025-05-31,Met
Matched Comparison,238,2025-07-31,Met
Matched Comparison,238,2025-08-31,Met
Matched Comparison,238,2025-09-30,Met
Matched Comparison,238,2025-10-31,Below-Target
Matched Comparison,238,2025-12-31,Met
Matched Comparison,238,2026-01-31,Met
Matched Comparison,238,2026-03-31,Met
Matched Comparison,238,2026-04-30,Met
Matched Comparison,238,2026-05-31,Met
Matched Comparison,238,2026-07-31,Met
Matched Comparison,239,2023-01-31,Met
Matched Comparison,239,2023-03-31,Met
Matched Comparison,239,2023-04-30,Met
Matched Comparison,239,2023-05-31,Met
Matched Comparison,239,2023-09-30,Met
Matched Comparison,239,2023-10-31,Met
Matched Comparison,239,2023-12-31,Met
Matched Comparison,239,2024-01-31,Met
Matched Comparison,239,2024-03-31,Met
Matched Comparison,239,2024-04-30,Met
Matched Comparison,239,2024-05-31,Met
Matched Comparison,239,2024-07-31,Missed
Matched Comparison,239,2024-08-31,Met
Matched Comparison,239,2024-09-30,Met
Matched Comparison,239,2024-10-31,Met
Matched Comparison,239,2024-12-31,Met
Matched Comparison,239,2025-01-31,Met
Matched Comparison,239,2025-03-31,Below-Target
Matched Comparison,239,2025-04-30,Met
Matched Comparison,239,2025-05-31,Below-Target
Matched Comparison,239,2025-07-31,Met
Matched Comparison,239,2025-08-31,Below-Target
Matched Comparison,239,2025-09-30,Met
Matched Comparison,239,2025-10-31,Met
Matched Comparison,239,2025-12-31,Met
Matched Comparison,239,2026-01-31,Met
Matched Comparison,239,2026-03-31,Met
Matched Comparison,239,2026-04-30,Met
Matched Comparison,239,2026-05-31,Met
Matched Comparison,239,2026-07-31,Met
Matched Comparison,240,2023-01-31,Met
Matched Comparison,240,2023-03-31,Met
Matched Comparison,240,2023-04-30,Met
Matched Comparison,240,2023-05-31,Met
Matched Comparison,240,2023-09-30,Met
Matched Comparison,240,2023-10-31,Met
Matched Comparison,240,2023-12-31,Met
Matched Comparison,240,2024-01-31,Met
Matched Comparison,240,2024-03-31,Missed
Matched Comparison,240,2024-04-30,Met
Matched Comparison,240,2024-05-31,Met
Matched Comparison,240,2024-07-31,Met
Matched Comparison,240,2024-08-31,Met
Matched Comparison,240,2024-09-30,Met
Matched Comparison,240,2024-10-31,Met
Matched Comparison,240,2024-12-31,Met
Matched Comparison,240,2025-01-31,Met
Matched Comparison,240,2025-03-31,Met
Matched Comparison,240,2025-04-30,Met
Matched Comparison,240,2025-05-31,Met
Matched Comparison,240,2025-07-31,Met
Matched Comparison,240,2025-08-31,Met
Matched Comparison,240,2025-09-30,Met
Matched Comparison,240,2025-10-31,Below-Target
Matched Comparison,240,2025-12-31,Met
Matched Comparison,240,2026-01-31,Met
Matched Comparison,240,2026-03-31,Met
Matched Comparison,240,2026-04-30,Met
Matched Comparison,240,2026-05-31,Met
Matched Comparison,240,2026-07-31,Met
Matched Comparison,241,2023-01-31,Met
Matched Comparison,241,2023-03-31,Met
Matched Comparison,241,2023-04-30,Met
Matched Comparison,241,2023-05-31,Missed
Matched Comparison,241,2023-09-30,Met
Matched Comparison,241,2023-10-31,Met
Matched Comparison,241,2023-12-31,Met
Matched Comparison,241,2024-01-31,Met
Matched Comparison,241,2024-03-31,Met
Matched Comparison,241,2024-04-30,Met
Matched Comparison,241,2024-05-31,Met
Matched Comparison,241,2024-07-31,Met
Matched Comparison,241,2024-08-31,Met
Matched Comparison,241,2024-09-30,Below-Target
Matched Comparison,241,2024-10-31,Met
Matched Comparison,241,2024-12-31,Met
Matched Comparison,241,2025-01-31,Met
Matched Comparison,241,2025-03-31,Met
Matched Comparison,241,2025-04-30,Met
Matched Comparison,241,2025-05-31,Met
Matched Comparison,241,2025-07-31,Met
Matched Comparison,241,2025-08-31,Met
Matched Comparison,241,2025-09-30,Met
Matched Comparison,241,2025-10-31,Met
Matched Comparison,241,2025-12-31,Met
Matched Comparison,241,2026-01-31,Met
Matched Comparison,241,2026-03-31,Met
Matched Comparison,241,2026-04-30,Met
Matched Comparison,241,2026-05-31,Met
Matched Comparison,241,2026-07-31,Met
Matched Comparison,242,2023-01-31,Met
Matched Comparison,242,2023-03-31,Met
Matched Comparison,242,2023-04-30,Below-Target
Matched Comparison,242,2023-05-31,Below-Target
Matched Comparison,242,2023-09-30,Met
Matched Comparison,242,2023-10-31,Met
Matched Comparison,242,2023-12-31,Met
Matched Comparison,242,2024-01-31,Met
Matched Comparison,242,2024-03-31,Met
Matched Comparison,242,2024-04-30,Met
Matched Comparison,242,2024-05-31,Met
Matched Comparison,242,2024-07-31,Met
Matched Comparison,242,2024-08-31,Below-Target
Matched Comparison,242,2024-09-30,Met
Matched Comparison,242,2024-10-31,Met
Matched Comparison,242,2024-12-31,Met
Matched Comparison,242,2025-01-31,Below-Target
Matched Comparison,242,2025-03-31,Met
Matched Comparison,242,2025-04-30,Met
Matched Comparison,242,2025-05-31,Met
Matched Comparison,242,2025-07-31,Below-Target
Matched Comparison,242,2025-08-31,Met
Matched Comparison,242,2025-09-30,Met
Matched Comparison,242,2025-10-31,Missed
Matched Comparison,242,2025-12-31,Met
Matched Comparison,242,2026-01-31,Met
Matched Comparison,242,2026-03-31,Met
Matched Comparison,242,2026-04-30,Met
Matched Comparison,242,2026-05-31,Met
Matched Comparison,242,2026-07-31,Met
Matched Comparison,243,2023-01-31,Met
Matched Comparison,243,2023-03-31,Met
Matched Comparison,243,2023-04-30,Met
Matched Comparison,243,2023-05-31,Met
Matched Comparison,243,2023-09-30,Met
Matched Comparison,243,2023-10-31,Met
Matched Comparison,243,2023-12-31,Met
Matched Comparison,243,2024-01-31,Met
Matched Comparison,243,2024-03-31,Met
Matched Comparison,243,2024-04-30,Met
Matched Comparison,243,2024-05-31,Met
Matched Comparison,243,2024-07-31,Missed
Matched Comparison,243,2024-08-31,Below-Target
Matched Comparison,243,2024-09-30,Met
Matched Comparison,243,2024-10-31,Met
Matched Comparison,243,2024-12-31,Met
Matched Comparison,243,2025-01-31,Met
Matched Comparison,243,2025-03-31,Met
Matched Comparison,243,2025-04-30,Met
Matched Comparison,243,2025-05-31,Met
Matched Comparison,243,2025-07-31,Met
Matched Comparison,243,2025-08-31,Below-Target
Matched Comparison,243,2025-09-30,Met
Matched Comparison,243,2025-10-31,Met
Matched Comparison,243,2025-12-31,Met
Matched Comparison,243,2026-01-31,Met
Matched Comparison,243,2026-03-31,Met
Matched Comparison,243,2026-04-30,Met
Matched Comparison,243,2026-05-31,Below-Target
Matched Comparison,243,2026-07-31,Met
Matched Comparison,244,2023-09-30,Met
Matched Comparison,244,2023-10-31,Met
Matched Comparison,244,2023-12-31,Met
Matched Comparison,244,2024-01-31,Met
Matched Comparison,244,2024-03-31,Below-Target
Matched Comparison,244,2024-04-30,Met
Matched Comparison,244,2024-05-31,Met
Matched Comparison,244,2024-07-31,Below-Target
Matched Comparison,244,2024-08-31,Met
Matched Comparison,244,2024-09-30,Met
Matched Comparison,244,2024-10-31,Met
Matched Comparison,244,2024-12-31,Met
Matched Comparison,244,2025-01-31,Met
Matched Comparison,244,2025-03-31,Met
Matched Comparison,244,2025-04-30,Missed
Matched Comparison,244,2025-05-31,Met
Matched Comparison,244,2025-07-31,Below-Target
Matched Comparison,244,2025-08-31,Below-Target
Matched Comparison,244,2025-09-30,Met
Matched Comparison,244,2025-10-31,Met
Matched Comparison,244,2025-12-31,Met
Matched Comparison,244,2026-01-31,Missed
Matched Comparison,244,2026-03-31,Met
Matched Comparison,244,2026-04-30,Met
Matched Comparison,244,2026-05-31,Met
Matched Comparison,244,2026-07-31,Met
Matched Comparison,245,2023-01-31,Met
Matched Comparison,245,2023-03-31,Met
Matched Comparison,245,2023-04-30,Met
Matched Comparison,245,2023-05-31,Met
Matched Comparison,245,2023-09-30,Met
Matched Comparison,245,2023-10-31,Met
Matched Comparison,245,2023-12-31,Below-Target
Matched Comparison,245,2024-01-31,Met
Matched Comparison,245,2024-03-31,Met
Matched Comparison,245,2024-04-30,Met
Matched Comparison,245,2024-05-31,Met
Matched Comparison,245,2024-07-31,Met
Matched Comparison,245,2024-08-31,Met
Matched Comparison,245,2024-09-30,Met
Matched Comparison,245,2024-10-31,Met
Matched Comparison,245,2024-12-31,Met
Matched Comparison,245,2025-01-31,Met
Matched Comparison,245,2025-03-31,Below-Target
Matched Comparison,245,2025-04-30,Below-Target
Matched Comparison,245,2025-05-31,Met
Matched Comparison,245,2025-07-31,Met
Matched Comparison,245,2025-08-31,Met
Matched Comparison,245,2025-09-30,Met
Matched Comparison,245,2025-10-31,Met
Matched Comparison,245,2025-12-31,Met
Matched Comparison,245,2026-01-31,Met
Matched Comparison,245,2026-03-31,Met
Matched Comparison,245,2026-04-30,Met
Matched Comparison,245,2026-05-31,Met
Matched Comparison,245,2026-07-31,Missed
Matched Comparison,246,2023-01-31,Below-Target
Matched Comparison,246,2023-03-31,Met
Matched Comparison,246,2023-04-30,Below-Target
Matched Comparison,246,2023-05-31,Met
Matched Comparison,246,2023-09-30,Missed
Matched Comparison,246,2023-10-31,Met
Matched Comparison,246,2023-12-31,Met
Matched Comparison,246,2024-01-31,Met
Matched Comparison,246,2024-03-31,Met
Matched Comparison,246,2024-04-30,Met
Matched Comparison,246,2024-05-31,Below-Target
Matched Comparison,246,2024-07-31,Below-Target
Matched Comparison,246,2024-08-31,Met
Matched Comparison,246,2024-09-30,Met
Matched Comparison,246,2024-10-31,Met
Matched Comparison,246,2024-12-31,Met
Matched Comparison,246,2025-01-31,Met
Matched Comparison,246,2025-03-31,Met
Matched Comparison,246,2025-04-30,Missed
Matched Comparison,246,2025-05-31,Met
Matched Comparison,246,2025-07-31,Met
Matched Comparison,246,2025-08-31,Met
Matched Comparison,246,2025-09-30,Met
Matched Comparison,246,2025-10-31,Met
Matched Comparison,246,2025-12-31,Met
Matched Comparison,246,2026-01-31,Below-Target
Matched Comparison,246,2026-03-31,Met
Matched Comparison,246,2026-04-30,Met
Matched Comparison,246,2026-05-31,Met
Matched Comparison,246,2026-07-31,Met
Matched Comparison,247,2023-01-31,Below-Target
Matched Comparison,247,2023-03-31,Met
Matched Comparison,247,2023-04-30,Below-Target
Matched Comparison,247,2023-05-31,Met
Matched Comparison,247,2023-09-30,Met
Matched Comparison,247,2023-10-31,Met
Matched Comparison,247,2023-12-31,Met
Matched Comparison,247,2024-01-31,Below-Target
Matched Comparison,247,2024-03-31,Met
Matched Comparison,247,2024-04-30,Met
Matched Comparison,247,2024-05-31,Met
Matched Comparison,247,2024-07-31,Met
Matched Comparison,247,2024-08-31,Met
Matched Comparison,247,2024-09-30,Below-Target
Matched Comparison,247,2024-10-31,Met
Matched Comparison,247,2024-12-31,Met
Matched Comparison,247,2025-01-31,Met
Matched Comparison,247,2025-03-31,Met
Matched Comparison,247,2025-04-30,Met
Matched Comparison,247,2025-05-31,Met
Matched Comparison,247,2025-07-31,Met
Matched Comparison,247,2025-08-31,Met
Matched Comparison,247,2025-09-30,Met
Matched Comparison,247,2025-10-31,Met
Matched Comparison,247,2025-12-31,Met
Matched Comparison,247,2026-01-31,Met
Matched Comparison,247,2026-03-31,Met
Matched Comparison,247,2026-04-30,Met
Matched Comparison,247,2026-05-31,Met
Matched Comparison,247,2026-07-31,Below-Target
Matched Comparison,248,2023-01-31,Met
Matched Comparison,248,2023-03-31,Met
Matched Comparison,248,2023-04-30,Met
Matched Comparison,248,2023-05-31,Met
Matched Comparison,248,2023-09-30,Below-Target
Matched Comparison,248,2023-10-31,Met
Matched Comparison,248,2023-12-31,Met
Matched Comparison,248,2024-01-31,Met
Matched Comparison,248,2024-03-31,Met
Matched Comparison,248,2024-04-30,Below-Target
Matched Comparison,248,2024-05-31,Met
Matched Comparison,248,2024-07-31,Met
Matched Comparison,248,2024-08-31,Below-Target
Matched Comparison,248,2024-09-30,Met
Matched Comparison,248,2024-10-31,Met
Matched Comparison,248,2024-12-31,Met
Matched Comparison,248,2025-01-31,Met
Matched Comparison,248,2025-03-31,Met
Matched Comparison,248,2025-04-30,Met
Matched Comparison,248,2025-05-31,Met
Matched Comparison,248,2025-07-31,Met
Matched Comparison,248,2025-08-31,Met
Matched Comparison,248,2025-09-30,Met
Matched Comparison,248,2025-10-31,Met
Matched Comparison,248,2025-12-31,Met
Matched Comparison,248,2026-01-31,Missed
Matched Comparison,248,2026-03-31,Met
Matched Comparison,248,2026-04-30,Met
Matched Comparison,248,2026-05-31,Met
Matched Comparison,248,2026-07-31,Met
Matched Comparison,249,2023-01-31,Below-Target
Matched Comparison,249,2023-03-31,Met
Matched Comparison,249,2023-04-30,Met
Matched Comparison,249,2023-05-31,Missed
Matched Comparison,249,2023-09-30,Met
Matched Comparison,249,2023-10-31,Met
Matched Comparison,249,2023-12-31,Met
Matched Comparison,249,2024-01-31,Met
Matched Comparison,249,2024-03-31,Met
Matched Comparison,249,2024-04-30,Met
Matched Comparison,249,2024-05-31,Met
Matched Comparison,249,2024-07-31,Met
Matched Comparison,249,2024-08-31,Below-Target
Matched Comparison,249,2024-09-30,Met
Matched Comparison,249,2024-10-31,Met
Matched Comparison,249,2024-12-31,Below-Target
Matched Comparison,249,2025-01-31,Met
Matched Comparison,249,2025-03-31,Met
Matched Comparison,249,2025-04-30,Met
Matched Comparison,249,2025-05-31,Below-Target
Matched Comparison,249,2025-07-31,Met
Matched Comparison,249,2025-08-31,Met
Matched Comparison,249,2025-09-30,Met
Matched Comparison,249,2025-10-31,Met
Matched Comparison,249,2025-12-31,Met
Matched Comparison,249,2026-01-31,Met
Matched Comparison,249,2026-03-31,Met
Matched Comparison,249,2026-04-30,Met
Matched Comparison,249,2026-05-31,Met
Matched Comparison,249,2026-07-31,Met
Matched Comparison,250,2023-01-31,Met
Matched Comparison,250,2023-03-31,Met
Matched Comparison,250,2023-04-30,Met
Matched Comparison,250,2023-05-31,Below-Target
Matched Comparison,250,2023-09-30,Missed
Matched Comparison,250,2023-10-31,Met
Matched Comparison,250,2023-12-31,Met
Matched Comparison,250,2024-01-31,Met
Matched Comparison,250,2024-03-31,Met
Matched Comparison,250,2024-04-30,Met
Matched Comparison,250,2024-05-31,Met
Matched Comparison,250,2024-07-31,Met
Matched Comparison,250,2024-08-31,Met
Matched Comparison,250,2024-09-30,Met
Matched Comparison,250,2024-10-31,Met
Matched Comparison,250,2024-12-31,Below-Target
Matched Comparison,250,2025-01-31,Met
Matched Comparison,250,2025-03-31,Met
Matched Comparison,250,2025-04-30,Below-Target
Matched Comparison,250,2025-05-31,Missed
Matched Comparison,250,2025-07-31,Below-Target
Matched Comparison,250,2025-08-31,Missed
Matched Comparison,250,2025-09-30,Below-Target
Matched Comparison,250,2025-10-31,Met
Matched Comparison,250,2025-12-31,Met
Matched Comparison,250,2026-01-31,Met
Matched Comparison,250,2026-03-31,Met
Matched Comparison,250,2026-04-30,Below-Target
Matched Comparison,250,2026-05-31,Met
Matched Comparison,250,2026-07-31,Met
Matched Comparison,251,2026-07-31,Below-Target
Matched Comparison,252,2025-05-31,Below-Target
Matched Comparison,252,2025-07-31,Met
Matched Comparison,252,2025-08-31,Met
Matched Comparison,252,2025-09-30,Met
Matched Comparison,252,2025-10-31,Met
Matched Comparison,252,2025-12-31,Met
Matched Comparison,252,2026-01-31,Met
Matched Comparison,252,2026-03-31,Met
Matched Comparison,252,2026-04-30,Below-Target
Matched Comparison,252,2026-05-31,Met
Matched Comparison,252,2026-07-31,Met
Matched Comparison,254,2023-01-31,Met
Matched Comparison,254,2023-03-31,Met
Matched Comparison,254,2023-04-30,Met
Matched Comparison,254,2023-05-31,Met
Matched Comparison,254,2023-09-30,Below-Target
Matched Comparison,254,2023-10-31,Met
Matched Comparison,254,2023-12-31,Met
Matched Comparison,254,2024-01-31,Missed
Matched Comparison,254,2024-03-31,Met
Matched Comparison,254,2024-04-30,Below-Target
Matched Comparison,254,2024-05-31,Met
Matched Comparison,254,2024-07-31,Met
Matched Comparison,254,2024-08-31,Met
Matched Comparison,254,2024-09-30,Met
Matched Comparison,254,2024-10-31,Met
Matched Comparison,254,2024-12-31,Met
Matched Comparison,254,2025-01-31,Met
Matched Comparison,254,2025-03-31,Met
Matched Comparison,254,2025-04-30,Met
Matched Comparison,254,2025-05-31,Met
Matched Comparison,254,2025-07-31,Met
Matched Comparison,254,2025-08-31,Met
Matched Comparison,254,2025-09-30,Met
Matched Comparison,254,2025-10-31,Met
Matched Comparison,254,2025-12-31,Met
Matched Comparison,254,2026-01-31,Met
Matched Comparison,254,2026-03-31,Met
Matched Comparison,254,2026-04-30,Met
Matched Comparison,254,2026-05-31,Below-Target
Matched Comparison,254,2026-07-31,Met
Matched Comparison,255,2023-01-31,Below-Target
Matched Comparison,255,2023-03-31,Met
Matched Comparison,255,2023-04-30,Met
Matched Comparison,255,2023-05-31,Met
Matched Comparison,255,2023-09-30,Met
Matched Comparison,255,2023-10-31,Below-Target
Matched Comparison,255,2023-12-31,Met
Matched Comparison,255,2024-01-31,Missed
Matched Comparison,255,2024-03-31,Met
Matched Comparison,255,2024-04-30,Met
Matched Comparison,255,2024-05-31,Met
Matched Comparison,255,2024-07-31,Met
Matched Comparison,255,2024-08-31,Below-Target
Matched Comparison,255,2024-09-30,Met
Matched Comparison,255,2024-10-31,Met
Matched Comparison,255,2024-12-31,Met
Matched Comparison,255,2025-01-31,Met
Matched Comparison,255,2025-03-31,Below-Target
Matched Comparison,255,2025-04-30,Below-Target
Matched Comparison,255,2025-05-31,Met
Matched Comparison,255,2025-07-31,Met
Matched Comparison,255,2025-08-31,Missed
Matched Comparison,255,2025-09-30,Met
Matched Comparison,255,2025-10-31,Below-Target
Matched Comparison,255,2025-12-31,Met
Matched Comparison,255,2026-01-31,Met
Matched Comparison,255,2026-03-31,Met
Matched Comparison,255,2026-04-30,Met
Matched Comparison,255,2026-05-31,Met
Matched Comparison,255,2026-07-31,Met
Matched Comparison,256,2023-01-31,Below-Target
Matched Comparison,256,2023-03-31,Met
Matched Comparison,256,2023-04-30,Met
Matched Comparison,256,2023-05-31,Met
Matched Comparison,256,2023-09-30,Met
Matched Comparison,256,2023-10-31,Met
Matched Comparison,256,2023-12-31,Met
Matched Comparison,256,2024-01-31,Met
Matched Comparison,256,2024-03-31,Met
Matched Comparison,256,2024-04-30,Met
Matched Comparison,256,2024-05-31,Met
Matched Comparison,256,2024-07-31,Met
Matched Comparison,256,2024-08-31,Met
Matched Comparison,256,2024-09-30,Met
Matched Comparison,256,2024-10-31,Met
Matched Comparison,256,2024-12-31,Below-Target
Matched Comparison,256,2025-01-31,Met
Matched Comparison,256,2025-03-31,Met
Matched Comparison,256,2025-04-30,Met
Matched Comparison,256,2025-05-31,Met
Matched Comparison,256,2025-07-31,Below-Target
Matched Comparison,256,2025-08-31,Missed
Matched Comparison,256,2025-09-30,Met
Matched Comparison,256,2025-10-31,Missed
Matched Comparison,256,2025-12-31,Met
Matched Comparison,256,2026-01-31,Met
Matched Comparison,256,2026-03-31,Met
Matched Comparison,256,2026-04-30,Missed
Matched Comparison,256,2026-05-31,Below-Target
Matched Comparison,256,2026-07-31,Below-Target
Matched Comparison,257,2023-01-31,Met
Matched Comparison,257,2023-03-31,Below-Target
Matched Comparison,257,2023-04-30,Met
Matched Comparison,257,2023-05-31,Met
Matched Comparison,257,2023-09-30,Met
Matched Comparison,257,2023-10-31,Met
Matched Comparison,257,2023-12-31,Met
Matched Comparison,257,2024-01-31,Met
Matched Comparison,257,2024-03-31,Met
Matched Comparison,257,2024-04-30,Below-Target
Matched Comparison,257,2024-05-31,Met
Matched Comparison,257,2024-07-31,Missed
Matched Comparison,257,2024-08-31,Met
Matched Comparison,257,2024-09-30,Met
Matched Comparison,257,2024-10-31,Met
Matched Comparison,257,2024-12-31,Below-Target
Matched Comparison,257,2025-01-31,Met
Matched Comparison,257,2025-03-31,Met
Matched Comparison,257,2025-04-30,Met
Matched Comparison,257,2025-05-31,Met
Matched Comparison,257,2025-07-31,Missed
Matched Comparison,257,2025-08-31,Met
Matched Comparison,257,2025-09-30,Met
Matched Comparison,257,2025-10-31,Missed
Matched Comparison,257,2025-12-31,Met
Matched Comparison,257,2026-01-31,Met
Matched Comparison,257,2026-03-31,Met
Matched Comparison,257,2026-04-30,Met
Matched Comparison,257,2026-05-31,Met
Matched Comparison,257,2026-07-31,Met
Matched Comparison,261,2023-09-30,Below-Target
Matched Comparison,261,2023-10-31,Met
Matched Comparison,261,2023-12-31,Met
Matched Comparison,261,2024-01-31,Below-Target
Matched Comparison,261,2024-03-31,Met
Matched Comparison,261,2024-04-30,Met
Matched Comparison,261,2024-05-31,Met
Matched Comparison,261,2024-07-31,Met
Matched Comparison,261,2024-08-31,Met
Matched Comparison,261,2024-09-30,Met
Matched Comparison,261,2024-10-31,Met
Matched Comparison,261,2024-12-31,Below-Target
Matched Comparison,261,2025-01-31,Met
Matched Comparison,261,2025-03-31,Missed
Matched Comparison,261,2025-04-30,Met
Matched Comparison,261,2025-05-31,Below-Target
Matched Comparison,261,2025-07-31,Met
Matched Comparison,261,2025-08-31,Met
Matched Comparison,261,2025-09-30,Met
Matched Comparison,261,2025-10-31,Below-Target
Matched Comparison,261,2025-12-31,Met
Matched Comparison,261,2026-01-31,Met
Matched Comparison,261,2026-03-31,Missed
Matched Comparison,261,2026-04-30,Met
Matched Comparison,261,2026-05-31,Met
Matched Comparison,261,2026-07-31,Met
Matched Comparison,263,2023-01-31,Met
Matched Comparison,263,2023-03-31,Met
Matched Comparison,263,2023-04-30,Met
Matched Comparison,263,2023-05-31,Met
Matched Comparison,263,2023-09-30,Met
Matched Comparison,263,2023-10-31,Met
Matched Comparison,263,2023-12-31,Met
Matched Comparison,263,2024-01-31,Met
Matched Comparison,263,2024-03-31,Met
Matched Comparison,263,2024-04-30,Met
Matched Comparison,263,2024-05-31,Met
Matched Comparison,263,2024-07-31,Met
Matched Comparison,263,2024-08-31,Met
Matched Comparison,263,2024-09-30,Met
Matched Comparison,263,2024-10-31,Met
Matched Comparison,263,2024-12-31,Met
Matched Comparison,263,2025-01-31,Met
Matched Comparison,263,2025-03-31,Met
Matched Comparison,263,2025-04-30,Met
Matched Comparison,263,2025-05-31,Below-Target
Matched Comparison,263,2025-07-31,Met
Matched Comparison,263,2025-08-31,Met
Matched Comparison,263,2025-09-30,Met
Matched Comparison,263,2025-10-31,Met
Matched Comparison,263,2025-12-31,Met
Matched Comparison,263,2026-01-31,Met
Matched Comparison,263,2026-03-31,Met
Matched Comparison,263,2026-04-30,Met
Matched Comparison,263,2026-05-31,Met
Matched Comparison,263,2026-07-31,Met
Matched Comparison,264,2023-01-31,Met
Matched Comparison,264,2023-03-31,Met
Matched Comparison,264,2023-04-30,Met
Matched Comparison,264,2023-05-31,Below-Target
Matched Comparison,264,2023-09-30,Missed
Matched Comparison,264,2023-10-31,Missed
Matched Comparison,264,2023-12-31,Below-Target
Matched Comparison,264,2024-01-31,Met
Matched Comparison,264,2024-03-31,Met
Matched Comparison,264,2024-04-30,Met
Matched Comparison,264,2024-05-31,Met
Matched Comparison,264,2024-07-31,Met
Matched Comparison,264,2024-08-31,Met
Matched Comparison,264,2024-09-30,Met
Matched Comparison,264,2024-10-31,Met
Matched Comparison,264,2024-12-31,Below-Target
Matched Comparison,264,2025-01-31,Below-Target
Matched Comparison,264,2025-03-31,Met
Matched Comparison,264,2025-04-30,Met
Matched Comparison,264,2025-05-31,Missed
Matched Comparison,264,2025-07-31,Met
Matched Comparison,264,2025-08-31,Met
Matched Comparison,264,2025-09-30,Met
Matched Comparison,264,2025-10-31,Below-Target
Matched Comparison,264,2025-12-31,Below-Target
Matched Comparison,264,2026-01-31,Met
Matched Comparison,264,2026-03-31,Missed
Matched Comparison,264,2026-04-30,Met
Matched Comparison,264,2026-05-31,Below-Target
Matched Comparison,264,2026-07-31,Met
Matched Comparison,265,2024-03-31,Met
Matched Comparison,265,2024-04-30,Met
Matched Comparison,265,2024-05-31,Met
Matched Comparison,265,2024-07-31,Met
Matched Comparison,265,2024-08-31,Met
Matched Comparison,265,2024-09-30,Met
Matched Comparison,265,2024-10-31,Met
Matched Comparison,265,2024-12-31,Met
Matched Comparison,265,2025-01-31,Met
Matched Comparison,265,2025-03-31,Met
Matched Comparison,265,2025-04-30,Met
Matched Comparison,265,2025-05-31,Met
Matched Comparison,265,2025-07-31,Missed
Matched Comparison,265,2025-08-31,Met
Matched Comparison,265,2025-09-30,Met
Matched Comparison,265,2025-10-31,Met
Matched Comparison,265,2025-12-31,Met
Matched Comparison,265,2026-01-31,Met
Matched Comparison,265,2026-03-31,Below-Target
Matched Comparison,265,2026-04-30,Met
Matched Comparison,265,2026-05-31,Below-Target
Matched Comparison,265,2026-07-31,Met
Matched Comparison,267,2023-03-31,Met
Matched Comparison,267,2023-04-30,Below-Target
Matched Comparison,267,2023-05-31,Met
Matched Comparison,267,2023-09-30,Met
Matched Comparison,267,2023-10-31,Met
Matched Comparison,267,2023-12-31,Met
Matched Comparison,267,2024-01-31,Met
Matched Comparison,267,2024-03-31,Met
Matched Comparison,267,2024-04-30,Met
Matched Comparison,267,2024-05-31,Met
Matched Comparison,267,2024-07-31,Met
Matched Comparison,267,2024-08-31,Below-Target
Matched Comparison,267,2024-09-30,Met
Matched Comparison,267,2024-10-31,Met
Matched Comparison,267,2024-12-31,Met
Matched Comparison,267,2025-01-31,Met
Matched Comparison,267,2025-03-31,Met
Matched Comparison,267,2025-04-30,Below-Target
Matched Comparison,267,2025-05-31,Met
Matched Comparison,267,2025-07-31,Met
Matched Comparison,267,2025-08-31,Missed
Matched Comparison,267,2025-09-30,Met
Matched Comparison,267,2025-10-31,Met
Matched Comparison,267,2025-12-31,Met
Matched Comparison,267,2026-01-31,Below-Target
Matched Comparison,267,2026-03-31,Met
Matched Comparison,267,2026-04-30,Below-Target
Matched Comparison,267,2026-05-31,Met
Matched Comparison,267,2026-07-31,Met
Matched Comparison,268,2025-10-31,Met
Matched Comparison,268,2025-12-31,Met
Matched Comparison,268,2026-01-31,Below-Target
Matched Comparison,268,2026-03-31,Met
Matched Comparison,268,2026-04-30,Met
Matched Comparison,268,2026-05-31,Below-Target
Matched Comparison,268,2026-07-31,Met
Matched Comparison,269,2024-03-31,Met
Matched Comparison,269,2024-04-30,Met
Matched Comparison,269,2024-05-31,Met
Matched Comparison,269,2024-07-31,Met
Matched Comparison,269,2024-08-31,Met
Matched Comparison,269,2024-09-30,Met
Matched Comparison,269,2024-10-31,Met
Matched Comparison,269,2024-12-31,Met
Matched Comparison,269,2025-01-31,Missed
Matched Comparison,269,2025-03-31,Met
Matched Comparison,269,2025-04-30,Met
Matched Comparison,269,2025-05-31,Met
Matched Comparison,269,2025-07-31,Met
Matched Comparison,269,2025-08-31,Met
Matched Comparison,269,2025-09-30,Met
Matched Comparison,269,2025-10-31,Met
Matched Comparison,269,2025-12-31,Met
Matched Comparison,269,2026-01-31,Below-Target
Matched Comparison,269,2026-03-31,Met
Matched Comparison,269,2026-04-30,Met
Matched Comparison,269,2026-05-31,Below-Target
Matched Comparison,269,2026-07-31,Met
Matched Comparison,270,2023-01-31,Met
Matched Comparison,270,2023-03-31,Below-Target
Matched Comparison,270,2023-04-30,Met
Matched Comparison,270,2023-05-31,Met
Matched Comparison,270,2023-09-30,Met
Matched Comparison,270,2023-10-31,Met
Matched Comparison,270,2023-12-31,Below-Target
Matched Comparison,270,2024-01-31,Missed
Matched Comparison,270,2024-03-31,Met
Matched Comparison,270,2024-04-30,Met
Matched Comparison,270,2024-05-31,Met
Matched Comparison,270,2024-07-31,Met
Matched Comparison,270,2024-08-31,Met
Matched Comparison,270,2024-09-30,Below-Target
Matched Comparison,270,2024-10-31,Met
Matched Comparison,270,2024-12-31,Met
Matched Comparison,270,2025-01-31,Met
Matched Comparison,270,2025-03-31,Met
Matched Comparison,270,2025-04-30,Met
Matched Comparison,270,2025-05-31,Met
Matched Comparison,270,2025-07-31,Below-Target
Matched Comparison,270,2025-08-31,Met
Matched Comparison,270,2025-09-30,Met
Matched Comparison,270,2025-10-31,Met
Matched Comparison,270,2025-12-31,Met
Matched Comparison,270,2026-01-31,Met
Matched Comparison,270,2026-03-31,Below-Target
Matched Comparison,270,2026-04-30,Below-Target
Matched Comparison,270,2026-05-31,Met
Matched Comparison,270,2026-07-31,Missed
Matched Comparison,271,2024-03-31,Met
Matched Comparison,271,2024-04-30,Met
Matched Comparison,271,2024-05-31,Met
Matched Comparison,271,2024-07-31,Met
Matched Comparison,271,2024-08-31,Below-Target
Matched Comparison,271,2024-09-30,Below-Target
Matched Comparison,271,2024-10-31,Met
Matched Comparison,271,2024-12-31,Met
Matched Comparison,271,2025-01-31,Met
Matched Comparison,271,2025-03-31,Met
Matched Comparison,271,2025-04-30,Met
Matched Comparison,271,2025-05-31,Met
Matched Comparison,271,2025-07-31,Missed
Matched Comparison,271,2025-08-31,Met
Matched Comparison,271,2025-09-30,Met
Matched Comparison,271,2025-10-31,Met
Matched Comparison,271,2025-12-31,Met
Matched Comparison,271,2026-01-31,Missed
Matched Comparison,271,2026-03-31,Met
Matched Comparison,271,2026-04-30,Missed
Matched Comparison,271,2026-05-31,Missed
Matched Comparison,271,2026-07-31,Met
Matched Comparison,272,2023-01-31,Met
Matched Comparison,272,2023-03-31,Met
Matched Comparison,272,2023-04-30,Met
Matched Comparison,272,2023-05-31,Met
Matched Comparison,272,2023-09-30,Met
Matched Comparison,272,2023-10-31,Met
Matched Comparison,272,2023-12-31,Met
Matched Comparison,272,2024-01-31,Met
Matched Comparison,272,2024-03-31,Missed
Matched Comparison,272,2024-04-30,Met
Matched Comparison,272,2024-05-31,Met
Matched Comparison,272,2024-07-31,Met
Matched Comparison,272,2024-08-31,Met
Matched Comparison,272,2024-09-30,Met
Matched Comparison,272,2024-10-31,Met
Matched Comparison,272,2024-12-31,Met
Matched Comparison,272,2025-01-31,Met
Matched Comparison,272,2025-03-31,Met
Matched Comparison,272,2025-04-30,Met
Matched Comparison,272,2025-05-31,Met
Matched Comparison,272,2025-07-31,Below-Target
Matched Comparison,272,2025-08-31,Met
Matched Comparison,272,2025-09-30,Met
Matched Comparison,272,2025-10-31,Met
Matched Comparison,272,2025-12-31,Below-Target
Matched Comparison,272,2026-01-31,Below-Target
Matched Comparison,272,2026-03-31,Met
Matched Comparison,272,2026-04-30,Below-Target
Matched Comparison,272,2026-05-31,Met
Matched Comparison,272,2026-07-31,Met
Matched Comparison,273,2023-01-31,Met
Matched Comparison,273,2023-03-31,Met
Matched Comparison,273,2023-04-30,Met
Matched Comparison,273,2023-05-31,Met
Matched Comparison,273,2023-09-30,Met
Matched Comparison,273,2023-10-31,Missed
Matched Comparison,273,2023-12-31,Met
Matched Comparison,273,2024-01-31,Met
Matched Comparison,273,2024-03-31,Met
Matched Comparison,273,2024-04-30,Met
Matched Comparison,273,2024-05-31,Missed
Matched Comparison,273,2024-07-31,Met
Matched Comparison,273,2024-08-31,Below-Target
Matched Comparison,273,2024-09-30,Met
Matched Comparison,273,2024-10-31,Met
Matched Comparison,273,2024-12-31,Met
Matched Comparison,273,2025-01-31,Met
Matched Comparison,273,2025-03-31,Met
Matched Comparison,273,2025-04-30,Met
Matched Comparison,273,2025-05-31,Met
Matched Comparison,273,2025-07-31,Below-Target
Matched Comparison,273,2025-08-31,Met
Matched Comparison,273,2025-09-30,Met
Matched Comparison,273,2025-10-31,Met
Matched Comparison,273,2025-12-31,Met
Matched Comparison,273,2026-01-31,Below-Target
Matched Comparison,273,2026-03-31,Met
Matched Comparison,273,2026-04-30,Met
Matched Comparison,273,2026-05-31,Met
Matched Comparison,273,2026-07-31,Met
Matched Comparison,275,2023-01-31,Met
Matched Comparison,275,2023-03-31,Met
Matched Comparison,275,2023-04-30,Met
Matched Comparison,275,2023-05-31,Met
Matched Comparison,275,2023-09-30,Met
Matched Comparison,275,2023-10-31,Met
Matched Comparison,275,2023-12-31,Met
Matched Comparison,275,2024-01-31,Met
Matched Comparison,275,2024-03-31,Met
Matched Comparison,275,2024-04-30,Met
Matched Comparison,275,2024-05-31,Met
Matched Comparison,275,2024-07-31,Met
Matched Comparison,275,2024-08-31,Met
Matched Comparison,275,2024-09-30,Met
Matched Comparison,275,2024-10-31,Met
Matched Comparison,275,2024-12-31,Met
Matched Comparison,275,2025-01-31,Met
Matched Comparison,275,2025-03-31,Met
Matched Comparison,275,2025-04-30,Met
Matched Comparison,275,2025-05-31,Met
Matched Comparison,275,2025-07-31,Below-Target
Matched Comparison,275,2025-08-31,Met
Matched Comparison,275,2025-09-30,Met
Matched Comparison,275,2025-10-31,Met
Matched Comparison,275,2025-12-31,Met
Matched Comparison,275,2026-01-31,Met
Matched Comparison,275,2026-03-31,Met
Matched Comparison,275,2026-04-30,Met
Matched Comparison,275,2026-05-31,Met
Matched Comparison,275,2026-07-31,Met
Matched Comparison,277,2023-01-31,Met
Matched Comparison,277,2023-03-31,Met
Matched Comparison,277,2023-04-30,Met
Matched Comparison,277,2023-05-31,Met
Matched Comparison,277,2023-09-30,Met
Matched Comparison,277,2023-10-31,Met
Matched Comparison,277,2023-12-31,Met
Matched Comparison,277,2024-01-31,Met
Matched Comparison,277,2024-03-31,Met
Matched Comparison,277,2024-04-30,Met
Matched Comparison,277,2024-05-31,Met
Matched Comparison,277,2024-07-31,Met
Matched Comparison,277,2024-08-31,Met
Matched Comparison,277,2024-09-30,Met
Matched Comparison,277,2024-10-31,Met
Matched Comparison,277,2024-12-31,Below-Target
Matched Comparison,277,2025-01-31,Met
Matched Comparison,277,2025-03-31,Met
Matched Comparison,277,2025-04-30,Met
Matched Comparison,277,2025-05-31,Met
Matched Comparison,277,2025-07-31,Met
Matched Comparison,277,2025-08-31,Met
Matched Comparison,277,2025-09-30,Met
Matched Comparison,277,2025-10-31,Met
Matched Comparison,277,2025-12-31,Met
Matched Comparison,277,2026-01-31,Met
Matched Comparison,277,2026-03-31,Met
Matched Comparison,277,2026-04-30,Below-Target
Matched Comparison,277,2026-05-31,Met
Matched Comparison,277,2026-07-31,Met
Matched Comparison,280,2023-01-31,Met
Matched Comparison,280,2023-03-31,Met
Matched Comparison,280,2023-04-30,Met
Matched Comparison,280,2023-05-31,Met
Matched Comparison,280,2023-09-30,Met
Matched Comparison,280,2023-10-31,Missed
Matched Comparison,280,2023-12-31,Below-Target
Matched Comparison,280,2024-01-31,Met
Matched Comparison,280,2024-03-31,Met
Matched Comparison,280,2024-04-30,Below-Target
Matched Comparison,280,2024-05-31,Met
Matched Comparison,280,2024-07-31,Met
Matched Comparison,280,2024-08-31,Met
Matched Comparison,280,2024-09-30,Met
Matched Comparison,280,2024-10-31,Met
Matched Comparison,280,2024-12-31,Met
Matched Comparison,280,2025-01-31,Met
Matched Comparison,280,2025-03-31,Below-Target
Matched Comparison,280,2025-04-30,Met
Matched Comparison,280,2025-05-31,Below-Target
Matched Comparison,280,2025-07-31,Missed
Matched Comparison,280,2025-08-31,Met
Matched Comparison,280,2025-09-30,Met
Matched Comparison,280,2025-10-31,Met
Matched Comparison,280,2025-12-31,Met
Matched Comparison,280,2026-01-31,Met
Matched Comparison,280,2026-03-31,Missed
Matched Comparison,280,2026-04-30,Met
Matched Comparison,280,2026-05-31,Below-Target
Matched Comparison,280,2026-07-31,Met
Matched Comparison,281,2026-03-31,Met
Matched Comparison,281,2026-04-30,Met
Matched Comparison,281,2026-05-31,Met
Matched Comparison,281,2026-07-31,Met
Matched Comparison,283,2023-01-31,Below-Target
Matched Comparison,283,2023-03-31,Met
Matched Comparison,283,2023-04-30,Met
Matched Comparison,283,2023-05-31,Met
Matched Comparison,283,2023-09-30,Met
Matched Comparison,283,2023-10-31,Met
Matched Comparison,283,2023-12-31,Met
Matched Comparison,283,2024-01-31,Met
Matched Comparison,283,2024-03-31,Below-Target
Matched Comparison,283,2024-04-30,Met
Matched Comparison,283,2024-05-31,Met
Matched Comparison,283,2024-07-31,Met
Matched Comparison,283,2024-08-31,Met
Matched Comparison,283,2024-09-30,Met
Matched Comparison,283,2024-10-31,Met
Matched Comparison,283,2024-12-31,Met
Matched Comparison,283,2025-01-31,Met
Matched Comparison,283,2025-03-31,Met
Matched Comparison,283,2025-04-30,Met
Matched Comparison,283,2025-05-31,Below-Target
Matched Comparison,283,2025-07-31,Met
Matched Comparison,283,2025-08-31,Met
Matched Comparison,283,2025-09-30,Met
Matched Comparison,283,2025-10-31,Met
Matched Comparison,283,2025-12-31,Met
Matched Comparison,283,2026-01-31,Met
Matched Comparison,283,2026-03-31,Met
Matched Comparison,283,2026-04-30,Met
Matched Comparison,283,2026-05-31,Met
Matched Comparison,283,2026-07-31,Met
Matched Comparison,285,2023-01-31,Met
Matched Comparison,285,2023-03-31,Met
Matched Comparison,285,2023-04-30,Below-Target
Matched Comparison,285,2023-05-31,Met
Matched Comparison,285,2023-09-30,Met
Matched Comparison,285,2023-10-31,Met
Matched Comparison,285,2023-12-31,Met
Matched Comparison,285,2024-01-31,Met
Matched Comparison,285,2024-03-31,Below-Target
Matched Comparison,285,2024-04-30,Met
Matched Comparison,285,2024-05-31,Met
Matched Comparison,285,2024-07-31,Met
Matched Comparison,285,2024-08-31,Met
Matched Comparison,285,2024-09-30,Met
Matched Comparison,285,2024-10-31,Met
Matched Comparison,285,2024-12-31,Met
Matched Comparison,285,2025-01-31,Met
Matched Comparison,285,2025-03-31,Below-Target
Matched Comparison,285,2025-04-30,Met
Matched Comparison,285,2025-05-31,Met
Matched Comparison,285,2025-07-31,Met
Matched Comparison,285,2025-08-31,Met
Matched Comparison,285,2025-09-30,Below-Target
Matched Comparison,285,2025-10-31,Met
Matched Comparison,285,2025-12-31,Met
Matched Comparison,285,2026-01-31,Met
Matched Comparison,285,2026-03-31,Met
Matched Comparison,285,2026-04-30,Met
Matched Comparison,285,2026-05-31,Met
Matched Comparison,285,2026-07-31,Met
Matched Comparison,287,2025-03-31,Met
Matched Comparison,287,2025-04-30,Met
Matched Comparison,287,2025-05-31,Met
Matched Comparison,287,2025-07-31,Met
Matched Comparison,287,2025-08-31,Met
Matched Comparison,287,2025-09-30,Below-Target
Matched Comparison,287,2025-10-31,Below-Target
Matched Comparison,287,2025-12-31,Met
Matched Comparison,287,2026-01-31,Met
Matched Comparison,287,2026-03-31,Met
Matched Comparison,287,2026-04-30,Met
Matched Comparison,287,2026-05-31,Met
Matched Comparison,287,2026-07-31,Met
Matched Comparison,288,2023-01-31,Met
Matched Comparison,288,2023-03-31,Met
Matched Comparison,288,2023-04-30,Met
Matched Comparison,288,2023-05-31,Met
Matched Comparison,288,2023-09-30,Met
Matched Comparison,288,2023-10-31,Met
Matched Comparison,288,2023-12-31,Met
Matched Comparison,288,2024-01-31,Met
Matched Comparison,288,2024-03-31,Below-Target
Matched Comparison,288,2024-04-30,Met
Matched Comparison,288,2024-05-31,Met
Matched Comparison,288,2024-07-31,Below-Target
Matched Comparison,288,2024-08-31,Below-Target
Matched Comparison,288,2024-09-30,Met
Matched Comparison,288,2024-10-31,Met
Matched Comparison,288,2024-12-31,Met
Matched Comparison,288,2025-01-31,Met
Matched Comparison,288,2025-03-31,Met
Matched Comparison,288,2025-04-30,Met
Matched Comparison,288,2025-05-31,Met
Matched Comparison,288,2025-07-31,Met
Matched Comparison,288,2025-08-31,Met
Matched Comparison,288,2025-09-30,Met
Matched Comparison,288,2025-10-31,Met
Matched Comparison,288,2025-12-31,Met
Matched Comparison,288,2026-01-31,Met
Matched Comparison,288,2026-03-31,Met
Matched Comparison,288,2026-04-30,Met
Matched Comparison,288,2026-05-31,Met
Matched Comparison,288,2026-07-31,Met
Matched Comparison,290,2023-01-31,Met
Matched Comparison,290,2023-03-31,Met
Matched Comparison,290,2023-04-30,Missed
Matched Comparison,290,2023-05-31,Met
Matched Comparison,290,2023-09-30,Met
Matched Comparison,290,2023-10-31,Met
Matched Comparison,290,2023-12-31,Below-Target
Matched Comparison,290,2024-01-31,Below-Target
Matched Comparison,290,2024-03-31,Met
Matched Comparison,290,2024-04-30,Met
Matched Comparison,290,2024-05-31,Met
Matched Comparison,290,2024-07-31,Met
Matched Comparison,290,2024-08-31,Missed
Matched Comparison,290,2024-09-30,Met
Matched Comparison,290,2024-10-31,Met
Matched Comparison,290,2024-12-31,Met
Matched Comparison,290,2025-01-31,Met
Matched Comparison,290,2025-03-31,Met
Matched Comparison,290,2025-04-30,Met
Matched Comparison,290,2025-05-31,Met
Matched Comparison,290,2025-07-31,Met
Matched Comparison,290,2025-08-31,Met
Matched Comparison,290,2025-09-30,Met
Matched Comparison,290,2025-10-31,Met
Matched Comparison,290,2025-12-31,Met
Matched Comparison,290,2026-01-31,Met
Matched Comparison,290,2026-03-31,Missed
Matched Comparison,290,2026-04-30,Met
Matched Comparison,290,2026-05-31,Met
Matched Comparison,290,2026-07-31,Met
Matched Comparison,292,2023-09-30,Met
Matched Comparison,292,2023-10-31,Met
Matched Comparison,292,2023-12-31,Below-Target
Matched Comparison,292,2024-01-31,Met
Matched Comparison,292,2024-03-31,Met
Matched Comparison,292,2024-04-30,Missed
Matched Comparison,292,2024-05-31,Met
Matched Comparison,292,2024-07-31,Met
Matched Comparison,292,2024-08-31,Met
Matched Comparison,292,2024-09-30,Met
Matched Comparison,292,2024-10-31,Below-Target
Matched Comparison,292,2024-12-31,Met
Matched Comparison,292,2025-01-31,Met
Matched Comparison,292,2025-03-31,Met
Matched Comparison,292,2025-04-30,Met
Matched Comparison,292,2025-05-31,Met
Matched Comparison,292,2025-07-31,Met
Matched Comparison,292,2025-08-31,Met
Matched Comparison,292,2025-09-30,Met
Matched Comparison,292,2025-10-31,Met
Matched Comparison,292,2025-12-31,Met
Matched Comparison,292,2026-01-31,Met
Matched Comparison,292,2026-03-31,Met
Matched Comparison,292,2026-04-30,Met
Matched Comparison,292,2026-05-31,Met
Matched Comparison,292,2026-07-31,Met
Matched Comparison,293,2023-01-31,Met
Matched Comparison,293,2023-03-31,Met
Matched Comparison,293,2023-04-30,Met
Matched Comparison,293,2023-05-31,Met
Matched Comparison,293,2023-09-30,Met
Matched Comparison,293,2023-10-31,Met
Matched Comparison,293,2023-12-31,Met
Matched Comparison,293,2024-01-31,Below-Target
Matched Comparison,293,2024-03-31,Met
Matched Comparison,293,2024-04-30,Met
Matched Comparison,293,2024-05-31,Met
Matched Comparison,293,2024-07-31,Met
Matched Comparison,293,2024-08-31,Met
Matched Comparison,293,2024-09-30,Met
Matched Comparison,293,2024-10-31,Met
Matched Comparison,293,2024-12-31,Met
Matched Comparison,293,2025-01-31,Met
Matched Comparison,293,2025-03-31,Met
Matched Comparison,293,2025-04-30,Met
Matched Comparison,293,2025-05-31,Below-Target
Matched Comparison,293,2025-07-31,Met
Matched Comparison,293,2025-08-31,Met
Matched Comparison,293,2025-09-30,Below-Target
Matched Comparison,293,2025-10-31,Met
Matched Comparison,293,2025-12-31,Met
Matched Comparison,293,2026-01-31,Below-Target
Matched Comparison,293,2026-03-31,Met
Matched Comparison,293,2026-04-30,Met
Matched Comparison,293,2026-05-31,Met
Matched Comparison,293,2026-07-31,Met
Matched Comparison,296,2025-07-31,Missed
Matched Comparison,296,2025-08-31,Missed
Matched Comparison,296,2025-09-30,Met
Matched Comparison,296,2025-10-31,Met
Matched Comparison,296,2025-12-31,Below-Target
Matched Comparison,296,2026-01-31,Met
Matched Comparison,296,2026-03-31,Met
Matched Comparison,296,2026-04-30,Met
Matched Comparison,296,2026-05-31,Met
Matched Comparison,296,2026-07-31,Met
Matched Comparison,298,2023-09-30,Below-Target
Matched Comparison,298,2023-10-31,Met
Matched Comparison,298,2023-12-31,Met
Matched Comparison,298,2024-01-31,Met
Matched Comparison,298,2024-03-31,Met
Matched Comparison,298,2024-04-30,Below-Target
Matched Comparison,298,2024-05-31,Met
Matched Comparison,298,2024-07-31,Met
Matched Comparison,298,2024-08-31,Met
Matched Comparison,298,2024-09-30,Met
Matched Comparison,298,2024-10-31,Met
Matched Comparison,298,2024-12-31,Met
Matched Comparison,298,2025-01-31,Met
Matched Comparison,298,2025-03-31,Met
Matched Comparison,298,2025-04-30,Met
Matched Comparison,298,2025-05-31,Met
Matched Comparison,298,2025-07-31,Met
Matched Comparison,298,2025-08-31,Met
Matched Comparison,298,2025-09-30,Below-Target
Matched Comparison,298,2025-10-31,Met
Matched Comparison,298,2025-12-31,Met
Matched Comparison,298,2026-01-31,Met
Matched Comparison,298,2026-03-31,Missed
Matched Comparison,298,2026-04-30,Met
Matched Comparison,298,2026-05-31,Met
Matched Comparison,298,2026-07-31,Met
Matched Comparison,299,2023-01-31,Met
Matched Comparison,299,2023-03-31,Below-Target
Matched Comparison,299,2023-04-30,Met
Matched Comparison,299,2023-05-31,Met
Matched Comparison,299,2023-09-30,Missed
Matched Comparison,299,2023-10-31,Below-Target
Matched Comparison,299,2023-12-31,Met
Matched Comparison,299,2024-01-31,Met
Matched Comparison,299,2024-03-31,Met
Matched Comparison,299,2024-04-30,Met
Matched Comparison,299,2024-05-31,Met
Matched Comparison,299,2024-07-31,Met
Matched Comparison,299,2024-08-31,Met
Matched Comparison,299,2024-09-30,Met
Matched Comparison,299,2024-10-31,Below-Target
Matched Comparison,299,2024-12-31,Met
Matched Comparison,299,2025-01-31,Met
Matched Comparison,299,2025-03-31,Met
Matched Comparison,299,2025-04-30,Met
Matched Comparison,299,2025-05-31,Met
Matched Comparison,299,2025-07-31,Below-Target
Matched Comparison,299,2025-08-31,Met
Matched Comparison,299,2025-09-30,Met
Matched Comparison,299,2025-10-31,Below-Target
Matched Comparison,299,2025-12-31,Met
Matched Comparison,299,2026-01-31,Below-Target
Matched Comparison,299,2026-03-31,Met
Matched Comparison,299,2026-04-30,Met
Matched Comparison,299,2026-05-31,Met
Matched Comparison,299,2026-07-31,Met
Matched Comparison,300,2023-01-31,Met
Matched Comparison,300,2023-03-31,Below-Target
Matched Comparison,300,2023-04-30,Met
Matched Comparison,300,2023-05-31,Met
Matched Comparison,300,2023-09-30,Met
Matched Comparison,300,2023-10-31,Met
Matched Comparison,300,2023-12-31,Met
Matched Comparison,300,2024-01-31,Below-Target
Matched Comparison,300,2024-03-31,Met
Matched Comparison,300,2024-04-30,Met
Matched Comparison,300,2024-05-31,Met
Matched Comparison,300,2024-07-31,Met
Matched Comparison,300,2024-08-31,Missed
Matched Comparison,300,2024-09-30,Met
Matched Comparison,300,2024-10-31,Met
Matched Comparison,300,2024-12-31,Met
Matched Comparison,300,2025-01-31,Met
Matched Comparison,300,2025-03-31,Met
Matched Comparison,300,2025-04-30,Missed
Matched Comparison,300,2025-05-31,Met
Matched Comparison,300,2025-07-31,Met
Matched Comparison,300,2025-08-31,Met
Matched Comparison,300,2025-09-30,Met
Matched Comparison,300,2025-10-31,Met
Matched Comparison,300,2025-12-31,Met
Matched Comparison,300,2026-01-31,Below-Target
Matched Comparison,300,2026-03-31,Met
Matched Comparison,300,2026-04-30,Below-Target
Matched Comparison,300,2026-05-31,Met
Matched Comparison,300,2026-07-31,Met
Matched Comparison,303,2023-03-31,Below-Target
Matched Comparison,303,2023-04-30,Met
Matched Comparison,303,2023-05-31,Met
Matched Comparison,303,2023-09-30,Met
Matched Comparison,303,2023-10-31,Met
Matched Comparison,303,2023-12-31,Met
Matched Comparison,303,2024-01-31,Met
Matched Comparison,303,2024-03-31,Met
Matched Comparison,303,2024-04-30,Missed
Matched Comparison,303,2024-05-31,Met
Matched Comparison,303,2024-07-31,Met
Matched Comparison,303,2024-08-31,Met
Matched Comparison,303,2024-09-30,Missed
Matched Comparison,303,2024-10-31,Met
Matched Comparison,303,2024-12-31,Met
Matched Comparison,303,2025-01-31,Met
Matched Comparison,303,2025-03-31,Met
Matched Comparison,303,2025-04-30,Below-Target
Matched Comparison,303,2025-05-31,Met
Matched Comparison,303,2025-07-31,Met
Matched Comparison,303,2025-08-31,Met
Matched Comparison,303,2025-09-30,Missed
Matched Comparison,303,2025-10-31,Met
Matched Comparison,303,2025-12-31,Met
Matched Comparison,303,2026-01-31,Met
Matched Comparison,303,2026-03-31,Met
Matched Comparison,303,2026-04-30,Met
Matched Comparison,303,2026-05-31,Met
Matched Comparison,303,2026-07-31,Met
Matched Comparison,307,2023-01-31,Below-Target
Matched Comparison,307,2023-03-31,Met
Matched Comparison,307,2023-04-30,Met
Matched Comparison,307,2023-05-31,Below-Target
Matched Comparison,307,2023-09-30,Met
Matched Comparison,307,2023-10-31,Met
Matched Comparison,307,2023-12-31,Met
Matched Comparison,307,2024-01-31,Met
Matched Comparison,307,2024-03-31,Met
Matched Comparison,307,2024-04-30,Met
Matched Comparison,307,2024-05-31,Met
Matched Comparison,307,2024-07-31,Met
Matched Comparison,307,2024-08-31,Met
Matched Comparison,307,2024-09-30,Below-Target
Matched Comparison,307,2024-10-31,Met
Matched Comparison,307,2024-12-31,Met
Matched Comparison,307,2025-01-31,Met
Matched Comparison,307,2025-03-31,Met
Matched Comparison,307,2025-04-30,Met
Matched Comparison,307,2025-05-31,Met
Matched Comparison,307,2025-07-31,Met
Matched Comparison,307,2025-08-31,Met
Matched Comparison,307,2025-09-30,Missed
Matched Comparison,307,2025-10-31,Met
Matched Comparison,307,2025-12-31,Met
Matched Comparison,307,2026-01-31,Met
Matched Comparison,307,2026-03-31,Met
Matched Comparison,307,2026-04-30,Met
Matched Comparison,307,2026-05-31,Met
Matched Comparison,307,2026-07-31,Met
Matched Comparison,308,2024-09-30,Met
Matched Comparison,308,2024-10-31,Met
Matched Comparison,308,2024-12-31,Met
Matched Comparison,308,2025-01-31,Below-Target
Matched Comparison,308,2025-03-31,Met
Matched Comparison,308,2025-04-30,Below-Target
Matched Comparison,308,2025-05-31,Met
Matched Comparison,308,2025-07-31,Met
Matched Comparison,308,2025-08-31,Met
Matched Comparison,308,2025-09-30,Met
Matched Comparison,308,2025-10-31,Met
Matched Comparison,308,2025-12-31,Met
Matched Comparison,308,2026-01-31,Below-Target
Matched Comparison,308,2026-03-31,Met
Matched Comparison,308,2026-04-30,Met
Matched Comparison,308,2026-05-31,Met
Matched Comparison,308,2026-07-31,Met
Matched Comparison,309,2023-01-31,Met
Matched Comparison,309,2023-03-31,Met
Matched Comparison,309,2023-04-30,Met
Matched Comparison,309,2023-05-31,Met
Matched Comparison,309,2023-09-30,Below-Target
Matched Comparison,309,2023-10-31,Met
Matched Comparison,309,2023-12-31,Met
Matched Comparison,309,2024-01-31,Missed
Matched Comparison,309,2024-03-31,Met
Matched Comparison,309,2024-04-30,Met
Matched Comparison,309,2024-05-31,Met
Matched Comparison,309,2024-07-31,Met
Matched Comparison,309,2024-08-31,Missed
Matched Comparison,309,2024-09-30,Met
Matched Comparison,309,2024-10-31,Below-Target
Matched Comparison,309,2024-12-31,Met
Matched Comparison,309,2025-01-31,Missed
Matched Comparison,309,2025-03-31,Met
Matched Comparison,309,2025-04-30,Met
Matched Comparison,309,2025-05-31,Met
Matched Comparison,309,2025-07-31,Met
Matched Comparison,309,2025-08-31,Met
Matched Comparison,309,2025-09-30,Met
Matched Comparison,309,2025-10-31,Met
Matched Comparison,309,2025-12-31,Below-Target
Matched Comparison,309,2026-01-31,Below-Target
Matched Comparison,309,2026-03-31,Met
Matched Comparison,309,2026-04-30,Met
Matched Comparison,309,2026-05-31,Met
Matched Comparison,309,2026-07-31,Met
Matched Comparison,312,2023-01-31,Met
Matched Comparison,312,2023-03-31,Met
Matched Comparison,312,2023-04-30,Met
Matched Comparison,312,2023-05-31,Met
Matched Comparison,312,2023-09-30,Met
Matched Comparison,312,2023-10-31,Met
Matched Comparison,312,2023-12-31,Met
Matched Comparison,312,2024-01-31,Met
Matched Comparison,312,2024-03-31,Below-Target
Matched Comparison,312,2024-04-30,Below-Target
Matched Comparison,312,2024-05-31,Below-Target
Matched Comparison,312,2024-07-31,Met
Matched Comparison,312,2024-08-31,Met
Matched Comparison,312,2024-09-30,Met
Matched Comparison,312,2024-10-31,Met
Matched Comparison,312,2024-12-31,Met
Matched Comparison,312,2025-01-31,Met
Matched Comparison,312,2025-03-31,Met
Matched Comparison,312,2025-04-30,Met
Matched Comparison,312,2025-05-31,Met
Matched Comparison,312,2025-07-31,Met
Matched Comparison,312,2025-08-31,Below-Target
Matched Comparison,312,2025-09-30,Met
Matched Comparison,312,2025-10-31,Met
Matched Comparison,312,2025-12-31,Met
Matched Comparison,312,2026-01-31,Met
Matched Comparison,312,2026-03-31,Met
Matched Comparison,312,2026-04-30,Met
Matched Comparison,312,2026-05-31,Met
Matched Comparison,312,2026-07-31,Met
Matched Comparison,320,2023-01-31,Met
Matched Comparison,320,2023-03-31,Below-Target
Matched Comparison,320,2023-04-30,Met
Matched Comparison,320,2023-05-31,Met
Matched Comparison,320,2023-09-30,Met
Matched Comparison,320,2023-10-31,Met
Matched Comparison,320,2023-12-31,Missed
Matched Comparison,320,2024-01-31,Met
Matched Comparison,320,2024-03-31,Met
Matched Comparison,320,2024-04-30,Met
Matched Comparison,320,2024-05-31,Below-Target
Matched Comparison,320,2024-07-31,Met
Matched Comparison,320,2024-08-31,Met
Matched Comparison,320,2024-09-30,Met
Matched Comparison,320,2024-10-31,Met
Matched Comparison,320,2024-12-31,Below-Target
Matched Comparison,320,2025-01-31,Met
Matched Comparison,320,2025-03-31,Met
Matched Comparison,320,2025-04-30,Met
Matched Comparison,320,2025-05-31,Met
Matched Comparison,320,2025-07-31,Met
Matched Comparison,320,2025-08-31,Below-Target
Matched Comparison,320,2025-09-30,Met
Matched Comparison,320,2025-10-31,Met
Matched Comparison,320,2025-12-31,Met
Matched Comparison,320,2026-01-31,Met
Matched Comparison,320,2026-03-31,Met
Matched Comparison,320,2026-04-30,Met
Matched Comparison,320,2026-05-31,Below-Target
Matched Comparison,320,2026-07-31,Met
Matched Comparison,321,2023-01-31,Met
Matched Comparison,321,2023-03-31,Met
Matched Comparison,321,2023-04-30,Below-Target
Matched Comparison,321,2023-05-31,Met
Matched Comparison,321,2023-09-30,Met
Matched Comparison,321,2023-10-31,Met
Matched Comparison,321,2023-12-31,Met
Matched Comparison,321,2024-01-31,Met
Matched Comparison,321,2024-03-31,Met
Matched Comparison,321,2024-04-30,Met
Matched Comparison,321,2024-05-31,Met
Matched Comparison,321,2024-07-31,Met
Matched Comparison,321,2024-08-31,Met
Matched Comparison,321,2024-09-30,Met
Matched Comparison,321,2024-10-31,Met
Matched Comparison,321,2024-12-31,Met
Matched Comparison,321,2025-01-31,Met
Matched Comparison,321,2025-03-31,Met
Matched Comparison,321,2025-04-30,Met
Matched Comparison,321,2025-05-31,Met
Matched Comparison,321,2025-07-31,Met
Matched Comparison,321,2025-08-31,Met
Matched Comparison,321,2025-09-30,Below-Target
Matched Comparison,321,2025-10-31,Missed
Matched Comparison,321,2025-12-31,Below-Target
Matched Comparison,321,2026-01-31,Met
Matched Comparison,321,2026-03-31,Met
Matched Comparison,321,2026-04-30,Met
Matched Comparison,321,2026-05-31,Met
Matched Comparison,321,2026-07-31,Below-Target
Matched Comparison,322,2023-01-31,Met
Matched Comparison,322,2023-03-31,Met
Matched Comparison,322,2023-04-30,Met
Matched Comparison,322,2023-05-31,Missed
Matched Comparison,322,2023-09-30,Missed
Matched Comparison,322,2023-10-31,Met
Matched Comparison,322,2023-12-31,Met
Matched Comparison,322,2024-01-31,Met
Matched Comparison,322,2024-03-31,Met
Matched Comparison,322,2024-04-30,Met
Matched Comparison,322,2024-05-31,Met
Matched Comparison,322,2024-07-31,Met
Matched Comparison,322,2024-08-31,Missed
Matched Comparison,322,2024-09-30,Met
Matched Comparison,322,2024-10-31,Missed
Matched Comparison,322,2024-12-31,Met
Matched Comparison,322,2025-01-31,Met
Matched Comparison,322,2025-03-31,Met
Matched Comparison,322,2025-04-30,Met
Matched Comparison,322,2025-05-31,Met
Matched Comparison,322,2025-07-31,Met
Matched Comparison,322,2025-08-31,Met
Matched Comparison,322,2025-09-30,Met
Matched Comparison,322,2025-10-31,Met
Matched Comparison,322,2025-12-31,Met
Matched Comparison,322,2026-01-31,Below-Target
Matched Comparison,322,2026-03-31,Met
Matched Comparison,322,2026-04-30,Met
Matched Comparison,322,2026-05-31,Below-Target
Matched Comparison,322,2026-07-31,Met
Matched Comparison,323,2026-04-30,Met
Matched Comparison,323,2026-05-31,Met
Matched Comparison,323,2026-07-31,Met
Matched Comparison,325,2025-07-31,Met
Matched Comparison,325,2025-08-31,Met
Matched Comparison,325,2025-09-30,Below-Target
Matched Comparison,325,2025-10-31,Met
Matched Comparison,325,2025-12-31,Met
Matched Comparison,325,2026-01-31,Met
Matched Comparison,325,2026-03-31,Met
Matched Comparison,325,2026-04-30,Met
Matched Comparison,325,2026-05-31,Met
Matched Comparison,325,2026-07-31,Met
Matched Comparison,326,2023-01-31,Met
Matched Comparison,326,2023-03-31,Met
Matched Comparison,326,2023-04-30,Met
Matched Comparison,326,2023-05-31,Missed
Matched Comparison,326,2023-09-30,Met
Matched Comparison,326,2023-10-31,Met
Matched Comparison,326,2023-12-31,Met
Matched Comparison,326,2024-01-31,Met
Matched Comparison,326,2024-03-31,Met
Matched Comparison,326,2024-04-30,Met
Matched Comparison,326,2024-05-31,Met
Matched Comparison,326,2024-07-31,Met
Matched Comparison,326,2024-08-31,Missed
Matched Comparison,326,2024-09-30,Met
Matched Comparison,326,2024-10-31,Below-Target
Matched Comparison,326,2024-12-31,Met
Matched Comparison,326,2025-01-31,Met
Matched Comparison,326,2025-03-31,Met
Matched Comparison,326,2025-04-30,Met
Matched Comparison,326,2025-05-31,Met
Matched Comparison,326,2025-07-31,Met
Matched Comparison,326,2025-08-31,Below-Target
Matched Comparison,326,2025-09-30,Met
Matched Comparison,326,2025-10-31,Met
Matched Comparison,326,2025-12-31,Met
Matched Comparison,326,2026-01-31,Missed
Matched Comparison,326,2026-03-31,Met
Matched Comparison,326,2026-04-30,Met
Matched Comparison,326,2026-05-31,Below-Target
Matched Comparison,326,2026-07-31,Missed
Matched Comparison,328,2025-01-31,Met
Matched Comparison,328,2025-03-31,Met
Matched Comparison,328,2025-04-30,Met
Matched Comparison,328,2025-05-31,Below-Target
Matched Comparison,328,2025-07-31,Met
Matched Comparison,328,2025-08-31,Met
Matched Comparison,328,2025-09-30,Met
Matched Comparison,328,2025-10-31,Met
Matched Comparison,328,2025-12-31,Met
Matched Comparison,328,2026-01-31,Met
Matched Comparison,328,2026-03-31,Met
Matched Comparison,328,2026-04-30,Below-Target
Matched Comparison,328,2026-05-31,Met
Matched Comparison,328,2026-07-31,Met
Matched Comparison,329,2023-01-31,Met
Matched Comparison,329,2023-03-31,Met
Matched Comparison,329,2023-04-30,Met
Matched Comparison,329,2023-05-31,Met
Matched Comparison,329,2023-09-30,Met
Matched Comparison,329,2023-10-31,Met
Matched Comparison,329,2023-12-31,Below-Target
Matched Comparison,329,2024-01-31,Met
Matched Comparison,329,2024-03-31,Missed
Matched Comparison,329,2024-04-30,Met
Matched Comparison,329,2024-05-31,Met
Matched Comparison,329,2024-07-31,Met
Matched Comparison,329,2024-08-31,Below-Target
Matched Comparison,329,2024-09-30,Below-Target
Matched Comparison,329,2024-10-31,Met
Matched Comparison,329,2024-12-31,Below-Target
Matched Comparison,329,2025-01-31,Met
Matched Comparison,329,2025-03-31,Met
Matched Comparison,329,2025-04-30,Met
Matched Comparison,329,2025-05-31,Met
Matched Comparison,329,2025-07-31,Met
Matched Comparison,329,2025-08-31,Met
Matched Comparison,329,2025-09-30,Met
Matched Comparison,329,2025-10-31,Met
Matched Comparison,329,2025-12-31,Met
Matched Comparison,329,2026-01-31,Met
Matched Comparison,329,2026-03-31,Met
Matched Comparison,329,2026-04-30,Met
Matched Comparison,329,2026-05-31,Met
Matched Comparison,329,2026-07-31,Met
Matched Comparison,330,2023-01-31,Met
Matched Comparison,330,2023-03-31,Met
Matched Comparison,330,2023-04-30,Met
Matched Comparison,330,2023-05-31,Met
Matched Comparison,330,2023-09-30,Below-Target
Matched Comparison,330,2023-10-31,Below-Target
Matched Comparison,330,2023-12-31,Met
Matched Comparison,330,2024-01-31,Met
Matched Comparison,330,2024-03-31,Met
Matched Comparison,330,2024-04-30,Met
Matched Comparison,330,2024-05-31,Below-Target
Matched Comparison,330,2024-07-31,Met
Matched Comparison,330,2024-08-31,Met
Matched Comparison,330,2024-09-30,Met
Matched Comparison,330,2024-10-31,Below-Target
Matched Comparison,330,2024-12-31,Missed
Matched Comparison,330,2025-01-31,Below-Target
Matched Comparison,330,2025-03-31,Below-Target
Matched Comparison,330,2025-04-30,Met
Matched Comparison,330,2025-05-31,Met
Matched Comparison,330,2025-07-31,Met
Matched Comparison,330,2025-08-31,Below-Target
Matched Comparison,330,2025-09-30,Met
Matched Comparison,330,2025-10-31,Met
Matched Comparison,330,2025-12-31,Met
Matched Comparison,330,2026-01-31,Met
Matched Comparison,330,2026-03-31,Met
Matched Comparison,330,2026-04-30,Met
Matched Comparison,330,2026-05-31,Met
Matched Comparison,330,2026-07-31,Met
Matched Comparison,331,2023-01-31,Met
Matched Comparison,331,2023-03-31,Met
Matched Comparison,331,2023-04-30,Met
Matched Comparison,331,2023-05-31,Met
Matched Comparison,331,2023-09-30,Met
Matched Comparison,331,2023-10-31,Met
Matched Comparison,331,2023-12-31,Met
Matched Comparison,331,2024-01-31,Met
Matched Comparison,331,2024-03-31,Met
Matched Comparison,331,2024-04-30,Met
Matched Comparison,331,2024-05-31,Met
Matched Comparison,331,2024-07-31,Met
Matched Comparison,331,2024-08-31,Met
Matched Comparison,331,2024-09-30,Met
Matched Comparison,331,2024-10-31,Met
Matched Comparison,331,2024-12-31,Met
Matched Comparison,331,2025-01-31,Met
Matched Comparison,331,2025-03-31,Met
Matched Comparison,331,2025-04-30,Met
Matched Comparison,331,2025-05-31,Met
Matched Comparison,331,2025-07-31,Met
Matched Comparison,331,2025-08-31,Missed
Matched Comparison,331,2025-09-30,Met
Matched Comparison,331,2025-10-31,Met
Matched Comparison,331,2025-12-31,Met
Matched Comparison,331,2026-01-31,Met
Matched Comparison,331,2026-03-31,Below-Target
Matched Comparison,331,2026-04-30,Met
Matched Comparison,331,2026-05-31,Below-Target
Matched Comparison,331,2026-07-31,Met
Matched Comparison,332,2023-01-31,Met
Matched Comparison,332,2023-03-31,Met
Matched Comparison,332,2023-04-30,Met
Matched Comparison,332,2023-05-31,Met
Matched Comparison,332,2023-09-30,Met
Matched Comparison,332,2023-10-31,Met
Matched Comparison,332,2023-12-31,Met
Matched Comparison,332,2024-01-31,Met
Matched Comparison,332,2024-03-31,Met
Matched Comparison,332,2024-04-30,Met
Matched Comparison,332,2024-05-31,Below-Target
Matched Comparison,332,2024-07-31,Met
Matched Comparison,332,2024-08-31,Met
Matched Comparison,332,2024-09-30,Met
Matched Comparison,332,2024-10-31,Met
Matched Comparison,332,2024-12-31,Met
Matched Comparison,332,2025-01-31,Met
Matched Comparison,332,2025-03-31,Met
Matched Comparison,332,2025-04-30,Met
Matched Comparison,332,2025-05-31,Missed
Matched Comparison,332,2025-07-31,Met
Matched Comparison,332,2025-08-31,Met
Matched Comparison,332,2025-09-30,Met
Matched Comparison,332,2025-10-31,Met
Matched Comparison,332,2025-12-31,Met
Matched Comparison,332,2026-01-31,Met
Matched Comparison,332,2026-03-31,Met
Matched Comparison,332,2026-04-30,Met
Matched Comparison,332,2026-05-31,Met
Matched Comparison,332,2026-07-31,Met
Matched Comparison,333,2023-01-31,Met
Matched Comparison,333,2023-03-31,Met
Matched Comparison,333,2023-04-30,Met
Matched Comparison,333,2023-05-31,Met
Matched Comparison,333,2023-09-30,Met
Matched Comparison,333,2023-10-31,Met
Matched Comparison,333,2023-12-31,Met
Matched Comparison,333,2024-01-31,Met
Matched Comparison,333,2024-03-31,Met
Matched Comparison,333,2024-04-30,Met
Matched Comparison,333,2024-05-31,Met
Matched Comparison,333,2024-07-31,Met
Matched Comparison,333,2024-08-31,Below-Target
Matched Comparison,333,2024-09-30,Met
Matched Comparison,333,2024-10-31,Met
Matched Comparison,333,2024-12-31,Met
Matched Comparison,333,2025-01-31,Met
Matched Comparison,333,2025-03-31,Met
Matched Comparison,333,2025-04-30,Met
Matched Comparison,333,2025-05-31,Below-Target
Matched Comparison,333,2025-07-31,Below-Target
Matched Comparison,333,2025-08-31,Met
Matched Comparison,333,2025-09-30,Met
Matched Comparison,333,2025-10-31,Met
Matched Comparison,333,2025-12-31,Below-Target
Matched Comparison,333,2026-01-31,Met
Matched Comparison,333,2026-03-31,Met
Matched Comparison,333,2026-04-30,Missed
Matched Comparison,333,2026-05-31,Met
Matched Comparison,333,2026-07-31,Below-Target
Matched Comparison,337,2023-01-31,Met
Matched Comparison,337,2023-03-31,Met
Matched Comparison,337,2023-04-30,Met
Matched Comparison,337,2023-05-31,Met
Matched Comparison,337,2023-09-30,Met
Matched Comparison,337,2023-10-31,Met
Matched Comparison,337,2023-12-31,Met
Matched Comparison,337,2024-01-31,Met
Matched Comparison,337,2024-03-31,Met
Matched Comparison,337,2024-04-30,Met
Matched Comparison,337,2024-05-31,Met
Matched Comparison,337,2024-07-31,Met
Matched Comparison,337,2024-08-31,Met
Matched Comparison,337,2024-09-30,Met
Matched Comparison,337,2024-10-31,Below-Target
Matched Comparison,337,2024-12-31,Met
Matched Comparison,337,2025-01-31,Met
Matched Comparison,337,2025-03-31,Met
Matched Comparison,337,2025-04-30,Met
Matched Comparison,337,2025-05-31,Met
Matched Comparison,337,2025-07-31,Met
Matched Comparison,337,2025-08-31,Met
Matched Comparison,337,2025-09-30,Met
Matched Comparison,337,2025-10-31,Met
Matched Comparison,337,2025-12-31,Met
Matched Comparison,337,2026-01-31,Met
Matched Comparison,337,2026-03-31,Met
Matched Comparison,337,2026-04-30,Met
Matched Comparison,337,2026-05-31,Met
Matched Comparison,337,2026-07-31,Below-Target
Matched Comparison,340,2023-09-30,Below-Target
Matched Comparison,340,2023-10-31,Below-Target
Matched Comparison,340,2023-12-31,Met
Matched Comparison,340,2024-01-31,Met
Matched Comparison,340,2024-03-31,Met
Matched Comparison,340,2024-04-30,Met
Matched Comparison,340,2024-05-31,Met
Matched Comparison,340,2024-07-31,Met
Matched Comparison,340,2024-08-31,Met
Matched Comparison,340,2024-09-30,Met
Matched Comparison,340,2024-10-31,Met
Matched Comparison,340,2024-12-31,Met
Matched Comparison,340,2025-01-31,Met
Matched Comparison,340,2025-03-31,Missed
Matched Comparison,340,2025-04-30,Met
Matched Comparison,340,2025-05-31,Met
Matched Comparison,340,2025-07-31,Met
Matched Comparison,340,2025-08-31,Met
Matched Comparison,340,2025-09-30,Met
Matched Comparison,340,2025-10-31,Met
Matched Comparison,340,2025-12-31,Met
Matched Comparison,340,2026-01-31,Met
Matched Comparison,340,2026-03-31,Met
Matched Comparison,340,2026-04-30,Met
Matched Comparison,340,2026-05-31,Met
Matched Comparison,340,2026-07-31,Met
Matched Comparison,342,2023-01-31,Met
Matched Comparison,342,2023-03-31,Below-Target
Matched Comparison,342,2023-04-30,Met
Matched Comparison,342,2023-05-31,Met
Matched Comparison,342,2023-09-30,Met
Matched Comparison,342,2023-10-31,Met
Matched Comparison,342,2023-12-31,Missed
Matched Comparison,342,2024-01-31,Met
Matched Comparison,342,2024-03-31,Met
Matched Comparison,342,2024-04-30,Met
Matched Comparison,342,2024-05-31,Met
Matched Comparison,342,2024-07-31,Missed
Matched Comparison,342,2024-08-31,Met
Matched Comparison,342,2024-09-30,Met
Matched Comparison,342,2024-10-31,Met
Matched Comparison,342,2024-12-31,Met
Matched Comparison,342,2025-01-31,Met
Matched Comparison,342,2025-03-31,Met
Matched Comparison,342,2025-04-30,Met
Matched Comparison,342,2025-05-31,Met
Matched Comparison,342,2025-07-31,Met
Matched Comparison,342,2025-08-31,Met
Matched Comparison,342,2025-09-30,Met
Matched Comparison,342,2025-10-31,Met
Matched Comparison,342,2025-12-31,Met
Matched Comparison,342,2026-01-31,Met
Matched Comparison,342,2026-03-31,Met
Matched Comparison,342,2026-04-30,Met
Matched Comparison,342,2026-05-31,Met
Matched Comparison,342,2026-07-31,Met
Matched Comparison,343,2026-04-30,Met
Matched Comparison,343,2026-05-31,Met
Matched Comparison,343,2026-07-31,Met
Matched Comparison,344,2025-07-31,Met
Matched Comparison,344,2025-08-31,Met
Matched Comparison,344,2025-09-30,Below-Target
Matched Comparison,344,2025-10-31,Below-Target
Matched Comparison,344,2025-12-31,Below-Target
Matched Comparison,344,2026-01-31,Met
Matched Comparison,344,2026-03-31,Met
Matched Comparison,344,2026-04-30,Below-Target
Matched Comparison,344,2026-05-31,Met
Matched Comparison,344,2026-07-31,Met
Matched Comparison,345,2024-08-31,Met
Matched Comparison,345,2024-09-30,Met
Matched Comparison,345,2024-10-31,Met
Matched Comparison,345,2024-12-31,Met
Matched Comparison,345,2025-01-31,Met
Matched Comparison,345,2025-03-31,Below-Target
Matched Comparison,345,2025-04-30,Below-Target
Matched Comparison,345,2025-05-31,Below-Target
Matched Comparison,345,2025-07-31,Below-Target
Matched Comparison,345,2025-08-31,Met
Matched Comparison,345,2025-09-30,Met
Matched Comparison,345,2025-10-31,Met
Matched Comparison,345,2025-12-31,Met
Matched Comparison,345,2026-01-31,Met
Matched Comparison,345,2026-03-31,Met
Matched Comparison,345,2026-04-30,Met
Matched Comparison,345,2026-05-31,Met
Matched Comparison,345,2026-07-31,Met
Matched Comparison,346,2023-01-31,Met
Matched Comparison,346,2023-03-31,Below-Target
Matched Comparison,346,2023-04-30,Below-Target
Matched Comparison,346,2023-05-31,Missed
Matched Comparison,346,2023-09-30,Met
Matched Comparison,346,2023-10-31,Met
Matched Comparison,346,2023-12-31,Met
Matched Comparison,346,2024-01-31,Met
Matched Comparison,346,2024-03-31,Met
Matched Comparison,346,2024-04-30,Met
Matched Comparison,346,2024-05-31,Met
Matched Comparison,346,2024-07-31,Met
Matched Comparison,346,2024-08-31,Met
Matched Comparison,346,2024-09-30,Below-Target
Matched Comparison,346,2024-10-31,Met
Matched Comparison,346,2024-12-31,Met
Matched Comparison,346,2025-01-31,Met
Matched Comparison,346,2025-03-31,Met
Matched Comparison,346,2025-04-30,Met
Matched Comparison,346,2025-05-31,Met
Matched Comparison,346,2025-07-31,Met
Matched Comparison,346,2025-08-31,Met
Matched Comparison,346,2025-09-30,Met
Matched Comparison,346,2025-10-31,Met
Matched Comparison,346,2025-12-31,Met
Matched Comparison,346,2026-01-31,Met
Matched Comparison,346,2026-03-31,Met
Matched Comparison,346,2026-04-30,Met
Matched Comparison,346,2026-05-31,Below-Target
Matched Comparison,346,2026-07-31,Missed
Matched Comparison,348,2023-01-31,Met
Matched Comparison,348,2023-03-31,Met
Matched Comparison,348,2023-04-30,Below-Target
Matched Comparison,348,2023-05-31,Met
Matched Comparison,348,2023-09-30,Met
Matched Comparison,348,2023-10-31,Missed
Matched Comparison,348,2023-12-31,Met
Matched Comparison,348,2024-01-31,Met
Matched Comparison,348,2024-03-31,Below-Target
Matched Comparison,348,2024-04-30,Met
Matched Comparison,348,2024-05-31,Met
Matched Comparison,348,2024-07-31,Met
Matched Comparison,348,2024-08-31,Met
Matched Comparison,348,2024-09-30,Met
Matched Comparison,348,2024-10-31,Met
Matched Comparison,348,2024-12-31,Met
Matched Comparison,348,2025-01-31,Met
Matched Comparison,348,2025-03-31,Missed
Matched Comparison,348,2025-04-30,Met
Matched Comparison,348,2025-05-31,Met
Matched Comparison,348,2025-07-31,Met
Matched Comparison,348,2025-08-31,Met
Matched Comparison,348,2025-09-30,Met
Matched Comparison,348,2025-10-31,Met
Matched Comparison,348,2025-12-31,Met
Matched Comparison,348,2026-01-31,Met
Matched Comparison,348,2026-03-31,Met
Matched Comparison,348,2026-04-30,Met
Matched Comparison,348,2026-05-31,Met
Matched Comparison,348,2026-07-31,Met
Matched Comparison,349,2023-01-31,Met
Matched Comparison,349,2023-03-31,Met
Matched Comparison,349,2023-04-30,Met
Matched Comparison,349,2023-05-31,Met
Matched Comparison,349,2023-09-30,Met
Matched Comparison,349,2023-10-31,Met
Matched Comparison,349,2023-12-31,Met
Matched Comparison,349,2024-01-31,Missed
Matched Comparison,349,2024-03-31,Met
Matched Comparison,349,2024-04-30,Met
Matched Comparison,349,2024-05-31,Met
Matched Comparison,349,2024-07-31,Met
Matched Comparison,349,2024-08-31,Met
Matched Comparison,349,2024-09-30,Met
Matched Comparison,349,2024-10-31,Met
Matched Comparison,349,2024-12-31,Met
Matched Comparison,349,2025-01-31,Met
Matched Comparison,349,2025-03-31,Met
Matched Comparison,349,2025-04-30,Met
Matched Comparison,349,2025-05-31,Met
Matched Comparison,349,2025-07-31,Met
Matched Comparison,349,2025-08-31,Met
Matched Comparison,349,2025-09-30,Met
Matched Comparison,349,2025-10-31,Met
Matched Comparison,349,2025-12-31,Below-Target
Matched Comparison,349,2026-01-31,Met
Matched Comparison,349,2026-03-31,Below-Target
Matched Comparison,349,2026-04-30,Below-Target
Matched Comparison,349,2026-05-31,Met
Matched Comparison,349,2026-07-31,Met
Matched Comparison,350,2023-01-31,Met
Matched Comparison,350,2023-03-31,Met
Matched Comparison,350,2023-04-30,Met
Matched Comparison,350,2023-05-31,Met
Matched Comparison,350,2023-09-30,Met
Matched Comparison,350,2023-10-31,Met
Matched Comparison,350,2023-12-31,Met
Matched Comparison,350,2024-01-31,Met
Matched Comparison,350,2024-03-31,Met
Matched Comparison,350,2024-04-30,Met
Matched Comparison,350,2024-05-31,Missed
Matched Comparison,350,2024-07-31,Met
Matched Comparison,350,2024-08-31,Met
Matched Comparison,350,2024-09-30,Missed
Matched Comparison,350,2024-10-31,Met
Matched Comparison,350,2024-12-31,Met
Matched Comparison,350,2025-01-31,Met
Matched Comparison,350,2025-03-31,Met
Matched Comparison,350,2025-04-30,Met
Matched Comparison,350,2025-05-31,Met
Matched Comparison,350,2025-07-31,Met
Matched Comparison,350,2025-08-31,Below-Target
Matched Comparison,350,2025-09-30,Met
Matched Comparison,350,2025-10-31,Met
Matched Comparison,350,2025-12-31,Met
Matched Comparison,350,2026-01-31,Met
Matched Comparison,350,2026-03-31,Met
Matched Comparison,350,2026-04-30,Met
Matched Comparison,350,2026-05-31,Met
Matched Comparison,350,2026-07-31,Below-Target
Matched Comparison,351,2023-01-31,Met
Matched Comparison,351,2023-03-31,Met
Matched Comparison,351,2023-04-30,Met
Matched Comparison,351,2023-05-31,Met
Matched Comparison,351,2023-09-30,Met
Matched Comparison,351,2023-10-31,Below-Target
Matched Comparison,351,2023-12-31,Met
Matched Comparison,351,2024-01-31,Below-Target
Matched Comparison,351,2024-03-31,Met
Matched Comparison,351,2024-04-30,Met
Matched Comparison,351,2024-05-31,Below-Target
Matched Comparison,351,2024-07-31,Met
Matched Comparison,351,2024-08-31,Met
Matched Comparison,351,2024-09-30,Met
Matched Comparison,351,2024-10-31,Met
Matched Comparison,351,2024-12-31,Met
Matched Comparison,351,2025-01-31,Met
Matched Comparison,351,2025-03-31,Met
Matched Comparison,351,2025-04-30,Below-Target
Matched Comparison,351,2025-05-31,Met
Matched Comparison,351,2025-07-31,Met
Matched Comparison,351,2025-08-31,Met
Matched Comparison,351,2025-09-30,Met
Matched Comparison,351,2025-10-31,Met
Matched Comparison,351,2025-12-31,Met
Matched Comparison,351,2026-01-31,Met
Matched Comparison,351,2026-03-31,Met
Matched Comparison,351,2026-04-30,Met
Matched Comparison,351,2026-05-31,Below-Target
Matched Comparison,351,2026-07-31,Met
Matched Comparison,352,2026-07-31,Met
