member_id,period,savings_balance_ksh,monthly_contribution_ksh,contribution_status
1,2024-04-30,6563.35,1700.0,Met
1,2024-05-31,8072.59,1700.0,Met
1,2024-06-30,9308.8,1700.0,Met
1,2024-07-31,10350.25,1081.3,Below-Target
1,2024-08-31,11631.49,1700.0,Met
1,2024-09-30,13310.82,1700.0,Met
1,2024-10-31,12878.76,0.0,Missed
1,2024-11-30,14409.72,1700.0,Met
1,2024-12-31,15851.29,1700.0,Met
1,2025-01-31,17499.63,1700.0,Met
1,2025-02-28,18913.22,1700.0,Met
1,2025-03-31,20353.37,1700.0,Met
1,2025-04-30,21864.02,1700.0,Met
1,2025-05-31,23393.66,1700.0,Met
1,2025-06-30,24916.73,1700.0,Met
1,2025-07-31,26429.07,1700.0,Met
1,2025-08-31,27830.4,1700.0,Met
1,2025-09-30,28594.08,984.72,Below-Target
1,2025-10-31,29954.26,1700.0,Met
1,2025-11-30,31272.3,1700.0,Met
1,2025-12-31,32462.99,1700.0,Met
1,2026-01-31,33742.39,1700.0,Met
1,2026-02-28,35078.11,1700.0,Met
1,2026-03-31,36454.16,1700.0,Met
1,2026-04-30,37765.48,1700.0,Met
1,2026-05-31,39150.87,1700.0,Met
1,2026-06-30,40738.55,1700.0,Met
1,2026-07-31,42432.37,1700.0,Met
1,2026-08-31,43919.0,1700.0,Met
2,2023-01-31,5693.72,1600.0,Met
2,2023-02-28,7020.99,1600.0,Met
2,2023-03-31,6919.89,0.0,Missed
2,2023-04-30,6841.46,0.0,Missed
2,2023-05-31,8092.39,1600.0,Met
2,2023-06-30,9587.22,1600.0,Met
2,2023-07-31,9716.85,452.48,Below-Target
2,2023-08-31,10995.53,1600.0,Met
2,2023-09-30,12431.02,1600.0,Met
2,2023-10-31,13852.4,1600.0,Met
2,2023-11-30,14993.27,1600.0,Met
2,2023-12-31,16330.27,1600.0,Met
2,2024-01-31,16940.83,913.69,Below-Target
2,2024-02-29,18466.14,1600.0,Met
2,2024-03-31,19722.19,1600.0,Met
2,2024-04-30,21188.29,1600.0,Met
2,2024-05-31,22357.93,1600.0,Met
2,2024-06-30,23947.26,1600.0,Met
2,2024-07-31,25389.75,1600.0,Met
2,2024-08-31,26750.29,1600.0,Met
2,2024-09-30,28156.03,1600.0,Met
2,2024-10-31,28011.87,0.0,Missed
2,2024-11-30,28346.04,405.2,Below-Target
2,2024-12-31,29569.97,1600.0,Met
2,2025-01-31,29654.48,518.99,Below-Target
2,2025-02-28,30289.58,877.91,Below-Target
2,2025-03-31,31697.65,1600.0,Met
2,2025-04-30,33154.09,1600.0,Met
2,2025-05-31,34455.02,1600.0,Met
2,2025-06-30,34933.34,850.31,Below-Target
2,2025-07-31,35104.02,365.52,Below-Target
2,2025-08-31,36505.19,1600.0,Met
2,2025-09-30,36344.97,0.0,Missed
2,2025-10-31,37797.13,1600.0,Met
2,2025-11-30,38918.19,1600.0,Met
2,2025-12-31,39452.53,637.08,Below-Target
2,2026-01-31,40939.68,1600.0,Met
2,2026-02-28,42153.51,1600.0,Met
2,2026-03-31,43466.48,1600.0,Met
2,2026-04-30,44656.94,1600.0,Met
2,2026-05-31,46217.43,1600.0,Met
2,2026-06-30,47745.41,1600.0,Met
2,2026-07-31,48915.05,1600.0,Met
2,2026-08-31,49535.18,954.87,Below-Target
3,2025-09-30,5305.43,1550.0,Met
3,2025-10-31,6719.92,1550.0,Met
3,2025-11-30,7129.03,836.02,Below-Target
3,2025-12-31,8369.31,1550.0,Met
3,2026-01-31,9842.48,1550.0,Met
3,2026-02-28,11345.99,1550.0,Met
3,2026-03-31,11307.7,0.0,Missed
3,2026-04-30,12857.6,1550.0,Met
3,2026-05-31,13362.36,921.9,Below-Target
3,2026-06-30,13928.08,690.03,Below-Target
3,2026-07-31,15088.94,1550.0,Met
3,2026-08-31,16354.02,1550.0,Met
4,2023-01-31,5164.04,1830.0,Met
4,2023-02-28,6567.97,1830.0,Met
4,2023-03-31,8125.44,1830.0,Met
4,2023-04-30,9799.69,1830.0,Met
4,2023-05-31,11443.77,1830.0,Met
4,2023-06-30,13014.28,1830.0,Met
4,2023-07-31,14321.79,1830.0,Met
4,2023-08-31,15793.02,1830.0,Met
4,2023-09-30,17393.55,1830.0,Met
4,2023-10-31,18021.23,1092.75,Below-Target
4,2023-11-30,19735.64,1830.0,Met
4,2023-12-31,21179.56,1830.0,Met
4,2024-01-31,22977.31,1830.0,Met
4,2024-02-29,22930.41,501.13,Below-Target
4,2024-03-31,24363.61,1830.0,Met
4,2024-04-30,26010.94,1830.0,Met
4,2024-05-31,27709.59,1830.0,Met
4,2024-06-30,29314.57,1830.0,Met
4,2024-07-31,29923.31,977.47,Below-Target
4,2024-08-31,31587.21,1830.0,Met
4,2024-09-30,32925.53,1830.0,Met
4,2024-10-31,34555.58,1830.0,Met
4,2024-11-30,36196.13,1830.0,Met
4,2024-12-31,37564.35,1830.0,Met
4,2025-01-31,39180.48,1830.0,Met
4,2025-02-28,40756.02,1830.0,Met
4,2025-03-31,40325.76,0.0,Missed
4,2025-04-30,40655.29,777.4,Below-Target
4,2025-05-31,42096.94,1830.0,Met
4,2025-06-30,43400.96,1830.0,Met
4,2025-07-31,44754.35,1830.0,Met
4,2025-08-31,46107.17,1830.0,Met
4,2025-09-30,47799.59,1830.0,Met
4,2025-10-31,49148.93,1830.0,Met
4,2025-11-30,50955.86,1830.0,Met
4,2025-12-31,52504.34,1830.0,Met
4,2026-01-31,54181.79,1830.0,Met
4,2026-02-28,55912.69,1830.0,Met
4,2026-03-31,57737.63,1830.0,Met
4,2026-04-30,59379.34,1830.0,Met
4,2026-05-31,61024.23,1830.0,Met
4,2026-06-30,62430.64,1830.0,Met
4,2026-07-31,62319.9,0.0,Missed
4,2026-08-31,63776.38,1830.0,Met
5,2026-05-31,14729.96,705.23,Missed
5,2026-06-30,16177.13,172.2,Missed
5,2026-07-31,17419.02,1720.0,Met
5,2026-08-31,18741.85,1720.0,Met
6,2023-11-30,12885.39,1940.0,Met
6,2023-12-31,14656.5,1940.0,Met
6,2024-01-31,14390.85,0.0,Missed
6,2024-02-29,16320.42,1940.0,Met
6,2024-03-31,17698.74,1940.0,Met
6,2024-04-30,19155.94,1940.0,Met
6,2024-05-31,20826.16,1940.0,Met
6,2024-06-30,21231.66,942.74,Below-Target
6,2024-07-31,21681.82,604.21,Below-Target
6,2024-08-31,22421.08,1214.6,Below-Target
6,2024-09-30,24023.77,1940.0,Met
6,2024-10-31,25961.28,1940.0,Met
6,2024-11-30,27772.19,1940.0,Met
6,2024-12-31,28390.69,619.81,Below-Target
6,2025-01-31,30286.4,1940.0,Met
6,2025-02-28,31914.88,1940.0,Met
6,2025-03-31,33205.09,1299.72,Below-Target
6,2025-04-30,33857.59,1098.77,Below-Target
6,2025-05-31,35350.09,1940.0,Met
6,2025-06-30,37001.05,1940.0,Met
6,2025-07-31,38630.21,1940.0,Met
6,2025-08-31,40116.44,1940.0,Met
6,2025-09-30,41175.89,1285.86,Below-Target
6,2025-10-31,43012.74,1940.0,Met
6,2025-11-30,44944.47,1940.0,Met
6,2025-12-31,46693.12,1940.0,Met
6,2026-01-31,48353.84,1940.0,Met
6,2026-02-28,49751.95,1940.0,Met
6,2026-03-31,51593.58,1940.0,Met
6,2026-04-30,53383.95,1940.0,Met
6,2026-05-31,55075.76,1940.0,Met
6,2026-06-30,56805.41,1940.0,Met
6,2026-07-31,58577.34,1940.0,Met
6,2026-08-31,58174.85,0.0,Missed
7,2023-01-31,11804.02,1570.0,Met
7,2023-02-28,12932.64,1570.0,Met
7,2023-03-31,12901.56,0.0,Missed
7,2023-04-30,14114.33,1570.0,Met
7,2023-05-31,15600.03,1570.0,Met
7,2023-06-30,17011.05,1570.0,Met
7,2023-07-31,18187.67,1570.0,Met
7,2023-08-31,19517.09,1570.0,Met
7,2023-09-30,20797.72,1570.0,Met
7,2023-10-31,22199.92,1570.0,Met
7,2023-11-30,23686.84,1570.0,Met
7,2023-12-31,25000.0,1570.0,Met
7,2024-01-31,26561.41,1570.0,Met
7,2024-02-29,27133.2,945.43,Below-Target
7,2024-03-31,28673.32,1570.0,Met
7,2024-04-30,30167.8,1570.0,Met
7,2024-05-31,31485.9,1570.0,Met
7,2024-06-30,32620.36,1570.0,Met
7,2024-07-31,34176.33,1570.0,Met
7,2024-08-31,34908.91,936.24,Below-Target
7,2024-09-30,36113.48,1570.0,Met
7,2024-10-31,37604.58,1570.0,Met
7,2024-11-30,38946.89,1570.0,Met
7,2024-12-31,40188.44,1570.0,Met
7,2025-01-31,39837.71,0.0,Missed
7,2025-02-28,40517.0,1047.03,Below-Target
7,2025-03-31,41871.35,1570.0,Met
7,2025-04-30,43267.61,1570.0,Met
7,2025-05-31,43521.58,342.56,Below-Target
7,2025-06-30,45083.52,1570.0,Met
7,2025-07-31,46478.05,1570.0,Met
7,2025-08-31,47694.93,1570.0,Met
7,2025-09-30,49116.48,1570.0,Met
7,2025-10-31,50623.33,1570.0,Met
7,2025-11-30,51948.17,1570.0,Met
7,2025-12-31,53238.92,1570.0,Met
7,2026-01-31,54548.18,1570.0,Met
7,2026-02-28,55759.47,1570.0,Met
7,2026-03-31,56947.57,1570.0,Met
7,2026-04-30,58217.03,1570.0,Met
7,2026-05-31,59534.06,1570.0,Met
7,2026-06-30,61085.72,1570.0,Met
7,2026-07-31,62213.43,1570.0,Met
7,2026-08-31,63313.18,1570.0,Met
8,2026-07-31,12188.14,1630.0,Met
8,2026-08-31,13402.62,1630.0,Met
9,2023-09-30,14558.4,0.0,Missed
9,2023-10-31,15975.11,1820.0,Met
9,2023-11-30,17780.83,1820.0,Met
9,2023-12-31,19499.94,1820.0,Met
9,2024-01-31,21244.91,1820.0,Met
9,2024-02-29,22737.56,1820.0,Met
9,2024-03-31,24495.66,1820.0,Met
9,2024-04-30,24076.33,0.0,Missed
9,2024-05-31,25828.78,1820.0,Met
9,2024-06-30,27330.88,1820.0,Met
9,2024-07-31,29124.08,1820.0,Met
9,2024-08-31,30528.77,1820.0,Met
9,2024-09-30,31850.29,1820.0,Met
9,2024-10-31,33281.09,1820.0,Met
9,2024-11-30,34138.91,1155.97,Below-Target
9,2024-12-31,35046.76,962.69,Below-Target
9,2025-01-31,36358.55,1820.0,Met
9,2025-02-28,37699.18,1820.0,Met
9,2025-03-31,39337.22,1820.0,Met
9,2025-04-30,41082.48,1820.0,Met
9,2025-05-31,42386.68,1820.0,Met
9,2025-06-30,43719.97,1820.0,Met
9,2025-07-31,45097.98,1820.0,Met
9,2025-08-31,46859.62,1820.0,Met
9,2025-09-30,48166.57,1820.0,Met
9,2025-10-31,48573.47,589.29,Below-Target
9,2025-11-30,49892.15,1820.0,Met
9,2025-12-31,51655.43,1820.0,Met
9,2026-01-31,53218.64,1820.0,Met
9,2026-02-28,54969.48,1820.0,Met
9,2026-03-31,56340.57,1820.0,Met
9,2026-04-30,58030.3,1820.0,Met
9,2026-05-31,59478.25,1820.0,Met
9,2026-06-30,59968.54,888.79,Below-Target
9,2026-07-31,60650.95,812.31,Below-Target
9,2026-08-31,62136.11,1820.0,Met
10,2023-01-31,7581.28,602.65,Below-Target
10,2023-02-28,7366.45,0.0,Missed
10,2023-03-31,8965.84,1740.0,Met
10,2023-04-30,10241.49,1740.0,Met
10,2023-05-31,11848.38,1740.0,Met
10,2023-06-30,13587.62,1740.0,Met
10,2023-07-31,15019.26,1740.0,Met
10,2023-08-31,16398.4,1740.0,Met
10,2023-09-30,17713.26,1740.0,Met
10,2023-10-31,18948.39,1740.0,Met
10,2023-11-30,20317.21,1740.0,Met
10,2023-12-31,21926.71,1740.0,Met
10,2024-01-31,23629.02,1740.0,Met
10,2024-02-29,24865.18,1740.0,Met
10,2024-03-31,26546.4,1740.0,Met
10,2024-04-30,28176.67,1740.0,Met
10,2024-05-31,29553.24,1740.0,Met
10,2024-06-30,31115.05,1740.0,Met
10,2024-07-31,32778.32,1740.0,Met
10,2024-08-31,34453.99,1740.0,Met
10,2024-09-30,35683.87,1740.0,Met
10,2024-10-31,37153.02,1740.0,Met
10,2024-11-30,38546.87,1740.0,Met
10,2024-12-31,38818.65,474.95,Below-Target
10,2025-01-31,40211.07,1740.0,Met
10,2025-02-28,40515.07,559.21,Below-Target
10,2025-03-31,42229.53,1740.0,Met
10,2025-04-30,43727.54,1740.0,Met
10,2025-05-31,45003.52,1740.0,Met
10,2025-06-30,46504.05,1740.0,Met
10,2025-07-31,48028.25,1740.0,Met
10,2025-08-31,48352.85,470.41,Below-Target
10,2025-09-30,50085.66,1740.0,Met
10,2025-10-31,51549.21,1740.0,Met
10,2025-11-30,53107.64,1740.0,Met
10,2025-12-31,54613.08,1740.0,Met
10,2026-01-31,56209.21,1740.0,Met
10,2026-02-28,57745.32,1740.0,Met
10,2026-03-31,59370.18,1740.0,Met
10,2026-04-30,59610.73,362.92,Below-Target
10,2026-05-31,61236.48,1740.0,Met
10,2026-06-30,61540.38,791.44,Below-Target
10,2026-07-31,62903.89,1740.0,Met
10,2026-08-31,64283.76,1740.0,Met
11,2023-01-31,6757.42,1610.0,Met
11,2023-02-28,8357.62,1610.0,Met
11,2023-03-31,9540.26,1610.0,Met
11,2023-04-30,11013.66,1610.0,Met
11,2023-05-31,12257.67,1610.0,Met
11,2023-06-30,13599.14,1610.0,Met
11,2023-07-31,14823.23,1610.0,Met
11,2023-08-31,16344.87,70.95,Missed
11,2023-09-30,17699.69,121.35,Below-Target
11,2023-10-31,19300.24,1610.0,Met
11,2023-11-30,20538.48,1610.0,Met
11,2023-12-31,21983.63,1610.0,Met
11,2024-01-31,23503.13,1610.0,Met
11,2024-02-29,24764.94,1610.0,Met
11,2024-03-31,26038.76,1610.0,Met
11,2024-04-30,27552.42,1610.0,Met
11,2024-05-31,28755.78,1610.0,Met
11,2024-06-30,30093.36,1610.0,Met
11,2024-07-31,31475.45,1610.0,Met
11,2024-08-31,32967.17,1610.0,Met
11,2024-09-30,34414.81,1610.0,Met
11,2024-10-31,35908.33,1610.0,Met
11,2024-11-30,37408.41,1610.0,Met
11,2024-12-31,37400.47,0.0,Missed
11,2025-01-31,38737.5,1610.0,Met
11,2025-02-28,40149.11,1610.0,Met
11,2025-03-31,41533.51,1610.0,Met
11,2025-04-30,42786.76,1610.0,Met
11,2025-05-31,43918.7,1610.0,Met
11,2025-06-30,45181.7,1610.0,Met
11,2025-07-31,46688.08,1610.0,Met
11,2025-08-31,48280.39,1610.0,Met
11,2025-09-30,49606.63,1610.0,Met
11,2025-10-31,51081.19,1610.0,Met
11,2025-11-30,52473.92,1610.0,Met
11,2025-12-31,53919.31,1610.0,Met
11,2026-01-31,55471.94,1610.0,Met
11,2026-02-28,56699.84,1610.0,Met
11,2026-03-31,58005.98,1610.0,Met
11,2026-04-30,59594.65,1610.0,Met
11,2026-05-31,60943.31,1610.0,Met
11,2026-06-30,62217.21,1610.0,Met
11,2026-07-31,63420.5,1610.0,Met
11,2026-08-31,64926.0,1610.0,Met
12,2023-01-31,8764.93,1450.0,Met
12,2023-02-28,9812.64,1450.0,Met
12,2023-03-31,11076.85,1450.0,Met
12,2023-04-30,12371.6,1450.0,Met
12,2023-05-31,13518.87,1450.0,Met
12,2023-06-30,14926.45,1450.0,Met
12,2023-07-31,16367.16,1450.0,Met
12,2023-08-31,17742.31,1450.0,Met
12,2023-09-30,18871.51,1450.0,Met
12,2023-10-31,20236.31,1450.0,Met
12,2023-11-30,21628.62,1450.0,Met
12,2023-12-31,22790.8,1450.0,Met
12,2024-01-31,24182.29,1450.0,Met
12,2024-02-29,25235.47,1450.0,Met
12,2024-03-31,26412.67,1450.0,Met
12,2024-04-30,26621.13,507.21,Below-Target
12,2024-05-31,28043.61,1450.0,Met
12,2024-06-30,28673.75,633.45,Below-Target
12,2024-07-31,29891.88,1450.0,Met
12,2024-08-31,30953.47,1450.0,Met
12,2024-09-30,32070.95,1450.0,Met
12,2024-10-31,33454.07,1450.0,Met
12,2024-11-30,34804.34,1450.0,Met
12,2024-12-31,36138.57,1450.0,Met
12,2025-01-31,37347.15,1450.0,Met
12,2025-02-28,38383.91,1450.0,Met
12,2025-03-31,38926.71,941.76,Below-Target
12,2025-04-30,38541.13,0.0,Missed
12,2025-05-31,39557.34,1450.0,Met
12,2025-06-30,40760.57,1450.0,Met
12,2025-07-31,40575.74,0.0,Missed
12,2025-08-31,41680.04,1450.0,Met
12,2025-09-30,43016.84,1450.0,Met
12,2025-10-31,44147.8,1450.0,Met
12,2025-11-30,45589.09,1450.0,Met
12,2025-12-31,46875.74,1450.0,Met
12,2026-01-31,47922.39,1450.0,Met
12,2026-02-28,47993.9,373.63,Below-Target
12,2026-03-31,48145.84,456.56,Below-Target
12,2026-04-30,48309.38,372.04,Below-Target
12,2026-05-31,48699.5,710.98,Below-Target
12,2026-06-30,49924.19,1450.0,Met
12,2026-07-31,51273.36,1450.0,Met
12,2026-08-31,52328.38,1450.0,Met
13,2023-01-31,10027.33,1930.0,Met
13,2023-02-28,11637.56,1930.0,Met
13,2023-03-31,13256.31,1930.0,Met
13,2023-04-30,14994.04,1930.0,Met
13,2023-05-31,16820.8,1930.0,Met
13,2023-06-30,18258.51,1930.0,Met
13,2023-07-31,19723.65,1930.0,Met
13,2023-08-31,21285.26,1930.0,Met
13,2023-09-30,22853.48,1930.0,Met
13,2023-10-31,24366.07,1930.0,Met
13,2023-11-30,25868.92,1930.0,Met
13,2023-12-31,27703.6,1930.0,Met
13,2024-01-31,29143.06,1930.0,Met
13,2024-02-29,30629.85,1930.0,Met
13,2024-03-31,32110.95,1930.0,Met
13,2024-04-30,33541.34,1930.0,Met
13,2024-05-31,35422.92,1930.0,Met
13,2024-06-30,36923.19,1930.0,Met
13,2024-07-31,38806.25,1930.0,Met
13,2024-08-31,40457.88,1930.0,Met
13,2024-09-30,42133.71,1930.0,Met
13,2024-10-31,43111.45,1010.88,Below-Target
13,2024-11-30,44480.61,1930.0,Met
13,2024-12-31,46323.89,1930.0,Met
13,2025-01-31,48034.42,1930.0,Met
13,2025-02-28,49435.06,1930.0,Met
13,2025-03-31,50929.35,1930.0,Met
13,2025-04-30,52810.11,1930.0,Met
13,2025-05-31,54392.51,1930.0,Met
13,2025-06-30,56046.46,1930.0,Met
13,2025-07-31,57449.42,1930.0,Met
13,2025-08-31,59277.68,1930.0,Met
13,2025-09-30,60917.36,1930.0,Met
13,2025-10-31,62665.49,1930.0,Met
13,2025-11-30,64301.85,1930.0,Met
13,2025-12-31,66206.29,1930.0,Met
13,2026-01-31,67752.97,1930.0,Met
13,2026-02-28,68135.01,750.67,Below-Target
13,2026-03-31,69645.87,1930.0,Met
13,2026-04-30,71489.04,1930.0,Met
13,2026-05-31,73347.86,1930.0,Met
13,2026-06-30,74815.99,1930.0,Met
13,2026-07-31,76172.39,1930.0,Met
13,2026-08-31,78074.02,1930.0,Met
14,2024-01-31,7528.42,1810.0,Met
14,2024-02-29,9038.39,1810.0,Met
14,2024-03-31,10593.31,1810.0,Met
14,2024-04-30,12272.78,1810.0,Met
14,2024-05-31,13749.26,1810.0,Met
14,2024-06-30,15366.45,1810.0,Met
14,2024-07-31,14947.06,0.0,Missed
14,2024-08-31,16239.52,1810.0,Met
14,2024-09-30,17009.1,837.87,Below-Target
14,2024-10-31,18383.62,1810.0,Met
14,2024-11-30,19391.39,1145.05,Below-Target
14,2024-12-31,20718.01,1810.0,Met
14,2025-01-31,21606.31,1030.35,Below-Target
14,2025-02-28,22893.86,1810.0,Met
14,2025-03-31,24406.58,1810.0,Met
14,2025-04-30,25738.49,1810.0,Met
14,2025-05-31,27443.23,1810.0,Met
14,2025-06-30,29151.32,1810.0,Met
14,2025-07-31,30744.28,1810.0,Met
14,2025-08-31,32188.84,1810.0,Met
14,2025-09-30,33781.6,1810.0,Met
14,2025-10-31,35197.39,1810.0,Met
14,2025-11-30,36657.05,1810.0,Met
14,2025-12-31,38300.08,1810.0,Met
14,2026-01-31,40098.83,1810.0,Met
14,2026-02-28,41074.58,1046.61,Below-Target
14,2026-03-31,42425.72,1810.0,Met
14,2026-04-30,44179.2,1810.0,Met
14,2026-05-31,44042.45,0.0,Missed
14,2026-06-30,45830.31,1810.0,Met
14,2026-07-31,47126.93,1810.0,Met
14,2026-08-31,48851.86,1810.0,Met
15,2023-01-31,15678.19,1510.0,Met
15,2023-02-28,15763.8,442.87,Below-Target
15,2023-03-31,17106.62,1510.0,Met
15,2023-04-30,18531.93,1510.0,Met
15,2023-05-31,19649.87,1510.0,Met
15,2023-06-30,20856.97,1510.0,Met
15,2023-07-31,22227.57,1510.0,Met
15,2023-08-31,23346.59,1510.0,Met
15,2023-09-30,24421.72,1510.0,Met
15,2023-10-31,25516.65,1510.0,Met
15,2023-11-30,26924.33,1510.0,Met
15,2023-12-31,28324.96,1510.0,Met
15,2024-01-31,29599.97,1510.0,Met
15,2024-02-29,29781.27,509.95,Below-Target
15,2024-03-31,31014.9,1510.0,Met
15,2024-04-30,32219.72,1510.0,Met
15,2024-05-31,33598.49,1510.0,Met
15,2024-06-30,34658.6,1510.0,Met
15,2024-07-31,36075.9,1510.0,Met
15,2024-08-31,37146.61,1510.0,Met
15,2024-09-30,37356.95,448.72,Below-Target
15,2024-10-31,38466.73,1510.0,Met
15,2024-11-30,39646.74,1510.0,Met
15,2024-12-31,40791.65,1510.0,Met
15,2025-01-31,41979.43,1510.0,Met
15,2025-02-28,43278.13,1510.0,Met
15,2025-03-31,43651.69,395.45,Below-Target
15,2025-04-30,43542.47,0.0,Missed
15,2025-05-31,44744.98,1510.0,Met
15,2025-06-30,46193.96,1510.0,Met
15,2025-07-31,47251.21,1510.0,Met
15,2025-08-31,48577.0,1510.0,Met
15,2025-09-30,50052.19,1510.0,Met
15,2025-10-31,51222.42,1510.0,Met
15,2025-11-30,52507.43,1510.0,Met
15,2025-12-31,52058.32,0.0,Missed
15,2026-01-31,53133.1,1510.0,Met
15,2026-02-28,53696.89,890.08,Below-Target
15,2026-03-31,55203.09,1510.0,Met
15,2026-04-30,55650.63,459.57,Below-Target
15,2026-05-31,56895.13,1510.0,Met
15,2026-06-30,58217.12,1510.0,Met
15,2026-07-31,59347.69,1510.0,Met
15,2026-08-31,60851.75,1510.0,Met
16,2026-03-31,12283.93,1650.0,Met
16,2026-04-30,13572.95,1650.0,Met
16,2026-05-31,13919.33,821.76,Below-Target
16,2026-06-30,14568.86,1086.25,Below-Target
16,2026-07-31,16024.94,1650.0,Met
16,2026-08-31,17503.77,1650.0,Met
17,2023-01-31,14621.99,1350.0,Met
17,2023-02-28,15619.3,1350.0,Met
17,2023-03-31,16736.41,1350.0,Met
17,2023-04-30,17968.05,1350.0,Met
17,2023-05-31,19103.45,1350.0,Met
17,2023-06-30,20442.77,1350.0,Met
17,2023-07-31,21389.01,1350.0,Met
17,2023-08-31,22408.96,1350.0,Met
17,2023-09-30,23671.65,1350.0,Met
17,2023-10-31,24961.76,1350.0,Met
17,2023-11-30,26200.38,1350.0,Met
17,2023-12-31,27519.3,1350.0,Met
17,2024-01-31,28854.52,1350.0,Met
17,2024-02-29,29908.58,1350.0,Met
17,2024-03-31,31041.46,1350.0,Met
17,2024-04-30,31191.82,298.93,Below-Target
17,2024-05-31,32221.05,1350.0,Met
17,2024-06-30,33192.14,1350.0,Met
17,2024-07-31,34150.79,1350.0,Met
17,2024-08-31,35290.46,1350.0,Met
17,2024-09-30,36338.19,1350.0,Met
17,2024-10-31,37345.34,1350.0,Met
17,2024-11-30,37898.13,907.1,Below-Target
17,2024-12-31,38889.73,1350.0,Met
17,2025-01-31,40078.61,1350.0,Met
17,2025-02-28,41097.25,1350.0,Met
17,2025-03-31,42290.8,1350.0,Met
17,2025-04-30,43611.36,1350.0,Met
17,2025-05-31,43639.16,413.68,Below-Target
17,2025-06-30,44886.28,1350.0,Met
17,2025-07-31,46215.2,1350.0,Met
17,2025-08-31,47342.33,1350.0,Met
17,2025-09-30,48648.28,1350.0,Met
17,2025-10-31,49801.75,1350.0,Met
17,2025-11-30,50890.87,1350.0,Met
17,2025-12-31,52155.47,1350.0,Met
17,2026-01-31,53398.64,1350.0,Met
17,2026-02-28,54732.3,1350.0,Met
17,2026-03-31,55719.27,1350.0,Met
17,2026-04-30,56855.51,1350.0,Met
17,2026-05-31,58126.91,1350.0,Met
17,2026-06-30,59283.77,1350.0,Met
17,2026-07-31,60410.9,1350.0,Met
17,2026-08-31,60754.36,362.13,Below-Target
18,2026-06-30,6205.16,1490.0,Met
18,2026-07-31,7397.0,1490.0,Met
18,2026-08-31,8576.8,1490.0,Met
19,2023-01-31,11145.89,1430.0,Met
19,2023-02-28,12272.35,1430.0,Met
19,2023-03-31,13579.76,1430.0,Met
19,2023-04-30,15002.99,1430.0,Met
19,2023-05-31,14577.47,0.0,Missed
19,2023-06-30,15936.43,1430.0,Met
19,2023-07-31,17063.49,1430.0,Met
19,2023-08-31,18224.95,1430.0,Met
19,2023-09-30,19409.26,1430.0,Met
19,2023-10-31,20504.42,1430.0,Met
19,2023-11-30,21697.31,1430.0,Met
19,2023-12-31,22869.78,1430.0,Met
19,2024-01-31,24008.8,1430.0,Met
19,2024-02-29,23813.09,0.0,Missed
19,2024-03-31,24080.78,497.32,Below-Target
19,2024-04-30,25346.0,1430.0,Met
19,2024-05-31,25239.52,0.0,Missed
19,2024-06-30,26625.36,1430.0,Met
19,2024-07-31,27840.67,1430.0,Met
19,2024-08-31,29005.21,1430.0,Met
19,2024-09-30,28921.79,0.0,Missed
19,2024-10-31,30270.12,1430.0,Met
19,2024-11-30,31365.36,1430.0,Met
19,2024-12-31,32669.05,1430.0,Met
19,2025-01-31,33683.3,1430.0,Met
19,2025-02-28,34873.12,1430.0,Met
19,2025-03-31,35150.55,577.59,Below-Target
19,2025-04-30,34947.64,0.0,Missed
19,2025-05-31,36327.14,1430.0,Met
19,2025-06-30,37340.01,1430.0,Met
19,2025-07-31,38580.4,1430.0,Met
19,2025-08-31,39877.62,1430.0,Met
19,2025-09-30,40458.49,803.95,Below-Target
19,2025-10-31,41601.0,1430.0,Met
19,2025-11-30,42875.79,1430.0,Met
19,2025-12-31,43898.21,1430.0,Met
19,2026-01-31,44943.37,1430.0,Met
19,2026-02-28,46014.74,1430.0,Met
19,2026-03-31,45659.52,0.0,Missed
19,2026-04-30,46251.29,972.41,Below-Target
19,2026-05-31,47620.18,1430.0,Met
19,2026-06-30,48788.49,1430.0,Met
19,2026-07-31,49982.86,1430.0,Met
19,2026-08-31,50120.81,391.28,Below-Target
20,2023-01-31,7950.63,1480.0,Met
20,2023-02-28,9082.71,1480.0,Met
20,2023-03-31,10394.75,1480.0,Met
20,2023-04-30,11842.42,1480.0,Met
20,2023-05-31,11935.49,307.05,Below-Target
20,2023-06-30,13117.12,1480.0,Met
20,2023-07-31,14532.42,1480.0,Met
20,2023-08-31,15777.76,1480.0,Met
20,2023-09-30,16822.43,1480.0,Met
20,2023-10-31,18190.57,1480.0,Met
20,2023-11-30,19552.0,1480.0,Met
20,2023-12-31,20925.17,1480.0,Met
20,2024-01-31,22267.2,1480.0,Met
20,2024-02-29,23469.24,1480.0,Met
20,2024-03-31,24936.16,1480.0,Met
20,2024-04-30,24723.74,0.0,Missed
20,2024-05-31,26200.85,1480.0,Met
20,2024-06-30,26644.73,617.34,Below-Target
20,2024-07-31,26962.57,342.33,Below-Target
20,2024-08-31,27599.65,860.81,Below-Target
20,2024-09-30,28782.92,1480.0,Met
20,2024-10-31,30114.25,1480.0,Met
20,2024-11-30,29734.87,0.0,Missed
20,2024-12-31,31185.47,1480.0,Met
20,2025-01-31,32393.71,1480.0,Met
20,2025-02-28,33743.6,1480.0,Met
20,2025-03-31,34842.72,1480.0,Met
20,2025-04-30,36121.53,1480.0,Met
20,2025-05-31,37218.4,1480.0,Met
20,2025-06-30,38311.3,1480.0,Met
20,2025-07-31,38804.06,771.13,Below-Target
20,2025-08-31,40120.51,1480.0,Met
20,2025-09-30,41480.58,1480.0,Met
20,2025-10-31,41836.78,622.08,Below-Target
20,2025-11-30,43290.95,1480.0,Met
20,2025-12-31,43919.82,951.22,Below-Target
20,2026-01-31,45217.05,1480.0,Met
20,2026-02-28,46636.14,1480.0,Met
20,2026-03-31,47761.53,1480.0,Met
20,2026-04-30,49023.04,1480.0,Met
20,2026-05-31,50292.52,1480.0,Met
20,2026-06-30,51751.34,1480.0,Met
20,2026-07-31,52920.86,1480.0,Met
20,2026-08-31,54059.37,1480.0,Met
21,2023-01-31,6622.88,1420.0,Met
21,2023-02-28,8014.27,1420.0,Met
21,2023-03-31,9347.93,1420.0,Met
21,2023-04-30,10368.67,1420.0,Met
21,2023-05-31,10234.82,0.0,Missed
21,2023-06-30,11581.87,1420.0,Met
21,2023-07-31,12592.48,1420.0,Met
21,2023-08-31,13780.44,1420.0,Met
21,2023-09-30,15195.91,1420.0,Met
21,2023-10-31,16048.3,922.37,Below-Target
21,2023-11-30,17211.45,1420.0,Met
21,2023-12-31,18583.47,1420.0,Met
21,2024-01-31,19902.09,1420.0,Met
21,2024-02-29,21036.83,1420.0,Met
21,2024-03-31,22245.64,1420.0,Met
21,2024-04-30,23518.68,1420.0,Met
21,2024-05-31,24845.7,1420.0,Met
21,2024-06-30,25981.18,1420.0,Met
21,2024-07-31,27288.46,1420.0,Met
21,2024-08-31,28298.97,1420.0,Met
21,2024-09-30,28752.31,513.35,Below-Target
21,2024-10-31,29954.94,1420.0,Met
21,2024-11-30,29914.68,0.0,Missed
21,2024-12-31,30910.84,1420.0,Met
21,2025-01-31,32243.56,1420.0,Met
21,2025-02-28,33620.27,1420.0,Met
21,2025-03-31,34994.14,1420.0,Met
21,2025-04-30,36216.81,1420.0,Met
21,2025-05-31,37352.55,1420.0,Met
21,2025-06-30,38693.04,1420.0,Met
21,2025-07-31,40044.25,1420.0,Met
21,2025-08-31,41254.84,1420.0,Met
21,2025-09-30,41841.87,664.73,Below-Target
21,2025-10-31,43150.64,1420.0,Met
21,2025-11-30,43488.85,582.11,Below-Target
21,2025-12-31,44555.38,1420.0,Met
21,2026-01-31,45682.81,1420.0,Met
21,2026-02-28,46779.95,1420.0,Met
21,2026-03-31,46878.0,448.46,Below-Target
21,2026-04-30,48249.02,1420.0,Met
21,2026-05-31,49437.48,1420.0,Met
21,2026-06-30,49263.49,0.0,Missed
21,2026-07-31,50439.64,1420.0,Met
21,2026-08-31,51544.92,1420.0,Met
22,2023-01-31,9887.56,1770.0,Met
22,2023-02-28,11443.68,1770.0,Met
22,2023-03-31,11649.0,459.31,Below-Target
22,2023-04-30,12961.86,1770.0,Met
22,2023-05-31,14253.79,1770.0,Met
22,2023-06-30,15594.95,1770.0,Met
22,2023-07-31,15556.67,367.68,Below-Target
22,2023-08-31,17250.4,1770.0,Met
22,2023-09-30,18929.63,1770.0,Met
22,2023-10-31,20514.15,1770.0,Met
22,2023-11-30,22238.38,1770.0,Met
22,2023-12-31,23544.58,1770.0,Met
22,2024-01-31,24901.84,1770.0,Met
22,2024-02-29,26434.33,1770.0,Met
22,2024-03-31,28063.66,1770.0,Met
22,2024-04-30,29444.71,1770.0,Met
22,2024-05-31,30805.79,1770.0,Met
22,2024-06-30,32054.51,1770.0,Met
22,2024-07-31,33522.97,1770.0,Met
22,2024-08-31,33122.08,0.0,Missed
22,2024-09-30,32826.03,0.0,Missed
22,2024-10-31,34233.96,1770.0,Met
22,2024-11-30,35672.91,1770.0,Met
22,2024-12-31,37026.95,1770.0,Met
22,2025-01-31,38157.06,1197.48,Below-Target
22,2025-02-28,38840.14,1107.02,Below-Target
22,2025-03-31,38472.8,0.0,Missed
22,2025-04-30,39795.82,1770.0,Met
22,2025-05-31,41183.93,1770.0,Met
22,2025-06-30,42820.77,1770.0,Met
22,2025-07-31,42476.49,0.0,Missed
22,2025-08-31,43924.92,1770.0,Met
22,2025-09-30,44524.6,893.61,Below-Target
22,2025-10-31,46249.99,1770.0,Met
22,2025-11-30,47687.55,1770.0,Met
22,2025-12-31,48946.5,1770.0,Met
22,2026-01-31,50697.49,1770.0,Met
22,2026-02-28,52418.82,1770.0,Met
22,2026-03-31,52692.2,562.22,Below-Target
22,2026-04-30,54208.59,1770.0,Met
22,2026-05-31,55462.4,1770.0,Met
22,2026-06-30,56736.5,1770.0,Met
22,2026-07-31,58304.48,1770.0,Met
22,2026-08-31,59748.43,1770.0,Met
23,2023-01-31,12791.15,1670.0,Met
23,2023-02-28,14214.42,1670.0,Met
23,2023-03-31,15455.05,1670.0,Met
23,2023-04-30,16906.38,1670.0,Met
23,2023-05-31,18152.78,1670.0,Met
23,2023-06-30,18336.33,442.12,Below-Target
23,2023-07-31,19508.24,1670.0,Met
23,2023-08-31,20855.94,1670.0,Met
23,2023-09-30,22263.22,1670.0,Met
23,2023-10-31,23839.92,1670.0,Met
23,2023-11-30,25390.94,1670.0,Met
23,2023-12-31,26926.01,1670.0,Met
23,2024-01-31,28147.76,1670.0,Met
23,2024-02-29,29319.53,1670.0,Met
23,2024-03-31,30679.14,1670.0,Met
23,2024-04-30,32063.97,1670.0,Met
23,2024-05-31,33671.43,1670.0,Met
23,2024-06-30,35070.0,1670.0,Met
23,2024-07-31,36568.34,1670.0,Met
23,2024-08-31,38112.49,1670.0,Met
23,2024-09-30,38477.4,662.3,Below-Target
23,2024-10-31,39970.54,1670.0,Met
23,2024-11-30,41493.16,1670.0,Met
23,2024-12-31,42845.55,1670.0,Met
23,2025-01-31,44248.67,1670.0,Met
23,2025-02-28,45783.77,1670.0,Met
23,2025-03-31,47019.72,1670.0,Met
23,2025-04-30,47034.99,496.46,Below-Target
23,2025-05-31,47978.89,1114.34,Below-Target
23,2025-06-30,49609.01,1670.0,Met
23,2025-07-31,51114.74,1670.0,Met
23,2025-08-31,52615.46,1670.0,Met
23,2025-09-30,52373.33,0.0,Missed
23,2025-10-31,52910.02,620.7,Below-Target
23,2025-11-30,54377.79,1670.0,Met
23,2025-12-31,55612.75,1670.0,Met
23,2026-01-31,57017.35,1670.0,Met
23,2026-02-28,58501.95,1670.0,Met
23,2026-03-31,59675.24,1670.0,Met
23,2026-04-30,61064.71,1670.0,Met
23,2026-05-31,62551.44,1670.0,Met
23,2026-06-30,62306.13,0.0,Missed
23,2026-07-31,63782.6,1670.0,Met
23,2026-08-31,64081.9,604.85,Below-Target
24,2023-01-31,13162.0,1460.0,Met
24,2023-02-28,14618.67,1460.0,Met
24,2023-03-31,15805.72,1460.0,Met
24,2023-04-30,16389.19,944.52,Below-Target
24,2023-05-31,17484.6,1460.0,Met
24,2023-06-30,18141.68,729.27,Below-Target
24,2023-07-31,19236.82,1460.0,Met
24,2023-08-31,20593.44,1460.0,Met
24,2023-09-30,22015.77,1460.0,Met
24,2023-10-31,23302.97,1460.0,Met
24,2023-11-30,24634.35,1460.0,Met
24,2023-12-31,25731.86,1460.0,Met
24,2024-01-31,27096.99,1460.0,Met
24,2024-02-29,28285.7,1460.0,Met
24,2024-03-31,29561.97,1460.0,Met
24,2024-04-30,30605.6,1460.0,Met
24,2024-05-31,31715.72,1460.0,Met
24,2024-06-30,33036.73,1460.0,Met
24,2024-07-31,34224.83,1460.0,Met
24,2024-08-31,34159.27,0.0,Missed
24,2024-09-30,34912.85,518.56,Below-Target
24,2024-10-31,36334.68,179.32,Missed
24,2024-11-30,37717.01,1460.0,Met
24,2024-12-31,38945.22,1460.0,Met
24,2025-01-31,38640.34,0.0,Missed
24,2025-02-28,39854.41,1460.0,Met
24,2025-03-31,40948.72,1460.0,Met
24,2025-04-30,42405.77,1460.0,Met
24,2025-05-31,43762.84,1460.0,Met
24,2025-06-30,44978.52,1460.0,Met
24,2025-07-31,46262.36,1460.0,Met
24,2025-08-31,46992.89,974.68,Below-Target
24,2025-09-30,47669.02,858.38,Below-Target
24,2025-10-31,47290.57,0.0,Missed
24,2025-11-30,48568.58,1460.0,Met
24,2025-12-31,49792.54,1460.0,Met
24,2026-01-31,50874.72,1460.0,Met
24,2026-02-28,52025.45,1460.0,Met
24,2026-03-31,53054.83,1460.0,Met
24,2026-04-30,53274.06,496.12,Below-Target
24,2026-05-31,54549.24,1460.0,Met
24,2026-06-30,55629.58,1460.0,Met
24,2026-07-31,56720.97,1460.0,Met
24,2026-08-31,57961.08,1460.0,Met
25,2023-01-31,7637.1,1740.0,Met
25,2023-02-28,9015.26,1740.0,Met
25,2023-03-31,9002.0,0.0,Missed
25,2023-04-30,9334.88,353.44,Below-Target
25,2023-05-31,10914.71,1740.0,Met
25,2023-06-30,12348.65,1740.0,Met
25,2023-07-31,12636.53,411.29,Below-Target
25,2023-08-31,13945.45,1740.0,Met
25,2023-09-30,13885.04,0.0,Missed
25,2023-10-31,15459.37,1740.0,Met
25,2023-11-30,17030.25,1740.0,Met
25,2023-12-31,18497.88,1740.0,Met
25,2024-01-31,20015.67,1740.0,Met
25,2024-02-29,21399.67,1740.0,Met
25,2024-03-31,22991.23,1740.0,Met
25,2024-04-30,24409.2,1740.0,Met
25,2024-05-31,25825.58,1740.0,Met
25,2024-06-30,27490.37,1740.0,Met
25,2024-07-31,27130.0,0.0,Missed
25,2024-08-31,27376.86,716.07,Below-Target
25,2024-09-30,28741.35,1740.0,Met
25,2024-10-31,30265.62,1740.0,Met
25,2024-11-30,31937.9,1740.0,Met
25,2024-12-31,32775.34,1204.77,Below-Target
25,2025-01-31,32878.08,598.48,Below-Target
25,2025-02-28,34504.06,1740.0,Met
25,2025-03-31,35874.71,1740.0,Met
25,2025-04-30,37559.45,1740.0,Met
25,2025-05-31,38862.88,1740.0,Met
25,2025-06-30,40286.25,1740.0,Met
25,2025-07-31,40868.28,909.28,Below-Target
25,2025-08-31,42577.49,1740.0,Met
25,2025-09-30,43855.27,1740.0,Met
25,2025-10-31,45378.45,1740.0,Met
25,2025-11-30,47011.98,1740.0,Met
25,2025-12-31,48571.89,1740.0,Met
25,2026-01-31,49911.55,1740.0,Met
25,2026-02-28,51282.93,1740.0,Met
25,2026-03-31,52930.57,1740.0,Met
25,2026-04-30,54487.82,1740.0,Met
25,2026-05-31,56091.92,1740.0,Met
25,2026-06-30,55798.53,0.0,Missed
25,2026-07-31,57467.71,1740.0,Met
25,2026-08-31,58909.53,1740.0,Met
26,2024-03-31,3845.5,1460.0,Met
26,2024-04-30,4931.06,1460.0,Met
26,2024-05-31,6223.56,1460.0,Met
26,2024-06-30,7577.96,1460.0,Met
26,2024-07-31,9014.7,1460.0,Met
26,2024-08-31,9410.42,816.35,Below-Target
26,2024-09-30,10793.53,1460.0,Met
26,2024-10-31,12159.33,1460.0,Met
26,2024-11-30,13305.2,1460.0,Met
26,2024-12-31,14517.96,1460.0,Met
26,2025-01-31,15896.43,1460.0,Met
26,2025-02-28,16130.17,313.36,Below-Target
26,2025-03-31,17171.8,1460.0,Met
26,2025-04-30,17439.66,448.29,Below-Target
26,2025-05-31,18855.51,1460.0,Met
26,2025-06-30,20172.3,1460.0,Met
26,2025-07-31,20386.51,347.01,Below-Target
26,2025-08-31,21783.49,1460.0,Met
26,2025-09-30,22153.52,529.32,Below-Target
26,2025-10-31,21807.78,0.0,Missed
26,2025-11-30,22353.85,686.32,Below-Target
26,2025-12-31,22787.09,486.75,Below-Target
26,2026-01-31,24044.28,1460.0,Met
26,2026-02-28,25288.3,54.22,Below-Target
26,2026-03-31,26576.13,659.03,Below-Target
26,2026-04-30,28027.56,1460.0,Met
26,2026-05-31,29108.5,1460.0,Met
26,2026-06-30,30151.05,1460.0,Met
26,2026-07-31,31297.66,1460.0,Met
26,2026-08-31,32366.41,1460.0,Met
27,2023-01-31,10744.2,898.77,Below-Target
27,2023-02-28,12332.56,1830.0,Met
27,2023-03-31,13980.78,1830.0,Met
27,2023-04-30,15483.63,1830.0,Met
27,2023-05-31,16813.68,1830.0,Met
27,2023-06-30,18526.06,1830.0,Met
27,2023-07-31,19907.25,1830.0,Met
27,2023-08-31,21215.02,1830.0,Met
27,2023-09-30,21984.12,840.83,Below-Target
27,2023-10-31,23443.42,1830.0,Met
27,2023-11-30,23369.46,0.0,Missed
27,2023-12-31,24799.13,1830.0,Met
27,2024-01-31,26599.32,1830.0,Met
27,2024-02-29,28408.65,1830.0,Met
27,2024-03-31,29820.86,1830.0,Met
27,2024-04-30,31205.71,1830.0,Met
27,2024-05-31,32780.09,1830.0,Met
27,2024-06-30,34135.96,1830.0,Met
27,2024-07-31,35590.67,1830.0,Met
27,2024-08-31,37024.27,1830.0,Met
27,2024-09-30,37804.7,976.62,Below-Target
27,2024-10-31,39340.99,1830.0,Met
27,2024-11-30,39931.31,1096.8,Below-Target
27,2024-12-31,41314.64,1830.0,Met
27,2025-01-31,43135.12,1830.0,Met
27,2025-02-28,43005.4,0.0,Missed
27,2025-03-31,44790.38,1830.0,Met
27,2025-04-30,46184.34,1830.0,Met
27,2025-05-31,47761.68,1830.0,Met
27,2025-06-30,49113.05,1830.0,Met
27,2025-07-31,48634.32,0.0,Missed
27,2025-08-31,49954.55,1830.0,Met
27,2025-09-30,51356.91,1830.0,Met
27,2025-10-31,53094.96,1830.0,Met
27,2025-11-30,53911.38,1227.77,Below-Target
27,2025-12-31,55690.61,1830.0,Met
27,2026-01-31,57368.44,1830.0,Met
27,2026-02-28,58171.23,833.91,Below-Target
27,2026-03-31,59054.87,1200.16,Below-Target
27,2026-04-30,59009.5,0.0,Missed
27,2026-05-31,60565.07,1830.0,Met
27,2026-06-30,62331.84,1830.0,Met
27,2026-07-31,63814.16,1830.0,Met
27,2026-08-31,65580.72,1830.0,Met
28,2023-04-30,4760.52,1264.41,Below-Target
28,2023-05-31,6239.25,1910.0,Met
28,2023-06-30,8083.26,1910.0,Met
28,2023-07-31,9607.38,1910.0,Met
28,2023-08-31,11298.16,1910.0,Met
28,2023-09-30,12684.85,1910.0,Met
28,2023-10-31,14241.02,1910.0,Met
28,2023-11-30,16073.1,1910.0,Met
28,2023-12-31,17557.6,1910.0,Met
28,2024-01-31,19216.83,1910.0,Met
28,2024-02-29,20596.53,1910.0,Met
28,2024-03-31,22383.86,1910.0,Met
28,2024-04-30,24183.59,1910.0,Met
28,2024-05-31,25974.18,1910.0,Met
28,2024-06-30,27781.71,1910.0,Met
28,2024-07-31,29310.58,1910.0,Met
28,2024-08-31,30922.05,1910.0,Met
28,2024-09-30,32382.24,1910.0,Met
28,2024-10-31,34240.61,1910.0,Met
28,2024-11-30,35830.65,1910.0,Met
28,2024-12-31,37439.93,1910.0,Met
28,2025-01-31,38312.79,1203.15,Below-Target
28,2025-02-28,40145.64,1910.0,Met
28,2025-03-31,41840.43,1910.0,Met
28,2025-04-30,43278.71,1910.0,Met
28,2025-05-31,44703.45,1910.0,Met
28,2025-06-30,44502.91,0.0,Missed
28,2025-07-31,45959.68,1910.0,Met
28,2025-08-31,47447.96,1910.0,Met
28,2025-09-30,48824.67,1910.0,Met
28,2025-10-31,50408.71,1910.0,Met
28,2025-11-30,51872.22,1910.0,Met
28,2025-12-31,53310.36,1910.0,Met
28,2026-01-31,55089.22,1910.0,Met
28,2026-02-28,56917.92,1910.0,Met
28,2026-03-31,58292.07,1910.0,Met
28,2026-04-30,59892.86,1910.0,Met
28,2026-05-31,61365.91,1910.0,Met
28,2026-06-30,62790.96,1910.0,Met
28,2026-07-31,64658.01,1910.0,Met
28,2026-08-31,66478.52,1910.0,Met
29,2023-01-31,5257.59,1450.0,Met
29,2023-02-28,6440.39,1450.0,Met
29,2023-03-31,7647.87,1450.0,Met
29,2023-04-30,9025.51,1450.0,Met
29,2023-05-31,10282.76,1450.0,Met
29,2023-06-30,11695.62,1450.0,Met
29,2023-07-31,12888.62,1450.0,Met
29,2023-08-31,14282.08,1450.0,Met
29,2023-09-30,14545.95,675.01,Below-Target
29,2023-10-31,15857.0,1450.0,Met
29,2023-11-30,15788.01,0.0,Missed
29,2023-12-31,16532.72,748.01,Below-Target
29,2024-01-31,17605.81,1450.0,Met
29,2024-02-29,19030.3,1450.0,Met
29,2024-03-31,20322.31,1450.0,Met
29,2024-04-30,21060.31,983.53,Below-Target
29,2024-05-31,22313.92,1450.0,Met
29,2024-06-30,23421.64,1450.0,Met
29,2024-07-31,24710.3,1450.0,Met
29,2024-08-31,25821.7,1450.0,Met
29,2024-09-30,27147.71,1450.0,Met
29,2024-10-31,28014.09,975.68,Below-Target
29,2024-11-30,28050.92,389.22,Below-Target
29,2024-12-31,29499.73,1450.0,Met
29,2025-01-31,30923.89,1450.0,Met
29,2025-02-28,32033.02,1450.0,Met
29,2025-03-31,33392.88,1450.0,Met
29,2025-04-30,34522.42,1450.0,Met
29,2025-05-31,35872.43,1450.0,Met
29,2025-06-30,37202.3,1450.0,Met
29,2025-07-31,37662.46,644.51,Below-Target
29,2025-08-31,39106.75,1450.0,Met
29,2025-09-30,40240.61,1450.0,Met
29,2025-10-31,41643.89,1450.0,Met
29,2025-11-30,42716.12,1450.0,Met
29,2025-12-31,44017.04,1450.0,Met
29,2026-01-31,45430.31,1450.0,Met
29,2026-02-28,46702.57,1450.0,Met
29,2026-03-31,48129.13,1450.0,Met
29,2026-04-30,49434.65,1450.0,Met
29,2026-05-31,49081.0,0.0,Missed
29,2026-06-30,50109.06,1450.0,Met
29,2026-07-31,49895.03,0.0,Missed
29,2026-08-31,51170.76,1450.0,Met
30,2026-05-31,5295.16,1820.0,Met
30,2026-06-30,6924.64,1820.0,Met
30,2026-07-31,7660.17,979.49,Below-Target
30,2026-08-31,9154.67,1820.0,Met
31,2023-01-31,9847.39,1680.0,Met
31,2023-02-28,11023.51,1680.0,Met
31,2023-03-31,12311.9,1680.0,Met
31,2023-04-30,13912.98,1680.0,Met
31,2023-05-31,15119.85,1680.0,Met
31,2023-06-30,15711.67,1040.2,Below-Target
31,2023-07-31,17316.62,1680.0,Met
31,2023-08-31,18964.33,1680.0,Met
31,2023-09-30,20574.67,1680.0,Met
31,2023-10-31,20897.59,351.94,Below-Target
31,2023-11-30,22368.53,1680.0,Met
31,2023-12-31,23562.13,1680.0,Met
31,2024-01-31,25229.56,1680.0,Met
31,2024-02-29,26850.85,1680.0,Met
31,2024-03-31,28286.08,1680.0,Met
31,2024-04-30,29505.46,1680.0,Met
31,2024-05-31,30807.95,1680.0,Met
31,2024-06-30,32369.03,1680.0,Met
31,2024-07-31,33770.8,1680.0,Met
31,2024-08-31,34226.89,808.85,Below-Target
31,2024-09-30,35555.89,1680.0,Met
31,2024-10-31,37077.11,1680.0,Met
31,2024-11-30,38400.41,1680.0,Met
31,2024-12-31,39993.66,1680.0,Met
31,2025-01-31,41366.8,1680.0,Met
31,2025-02-28,42749.62,1680.0,Met
31,2025-03-31,44128.26,1680.0,Met
31,2025-04-30,45348.32,1680.0,Met
31,2025-05-31,46761.61,1680.0,Met
31,2025-06-30,48328.87,1680.0,Met
31,2025-07-31,49775.39,1680.0,Met
31,2025-08-31,51394.77,1680.0,Met
31,2025-09-30,52770.86,1680.0,Met
31,2025-10-31,54399.42,1680.0,Met
31,2025-11-30,55463.19,1138.58,Below-Target
31,2025-12-31,56663.11,1680.0,Met
31,2026-01-31,58055.32,1680.0,Met
31,2026-02-28,59316.54,1680.0,Met
31,2026-03-31,60776.35,1680.0,Met
31,2026-04-30,62109.15,1680.0,Met
31,2026-05-31,63491.3,1680.0,Met
31,2026-06-30,64884.79,1680.0,Met
31,2026-07-31,66257.07,1680.0,Met
31,2026-08-31,67903.3,1680.0,Met
32,2023-01-31,13707.36,1380.0,Met
32,2023-02-28,14585.05,935.47,Below-Target
32,2023-03-31,15943.94,1380.0,Met
32,2023-04-30,16949.65,1380.0,Met
32,2023-05-31,17128.53,348.93,Below-Target
32,2023-06-30,17587.52,731.92,Below-Target
32,2023-07-31,18694.1,1380.0,Met
32,2023-08-31,19722.36,1380.0,Met
32,2023-09-30,19972.0,652.57,Below-Target
32,2023-10-31,21199.08,1380.0,Met
32,2023-11-30,22324.38,1380.0,Met
32,2023-12-31,23495.53,1380.0,Met
32,2024-01-31,23253.46,0.0,Missed
32,2024-02-29,24114.13,895.24,Below-Target
32,2024-03-31,25484.85,1380.0,Met
32,2024-04-30,25865.08,623.52,Below-Target
32,2024-05-31,26971.22,1380.0,Met
32,2024-06-30,28011.6,1380.0,Met
32,2024-07-31,29165.3,1380.0,Met
32,2024-08-31,30437.65,1380.0,Met
32,2024-09-30,31751.11,1380.0,Met
32,2024-10-31,32739.13,1380.0,Met
32,2024-11-30,33069.97,636.14,Below-Target
32,2024-12-31,34043.07,1380.0,Met
32,2025-01-31,33888.32,0.0,Missed
32,2025-02-28,34510.75,647.98,Below-Target
32,2025-03-31,35667.15,1380.0,Met
32,2025-04-30,36914.59,1380.0,Met
32,2025-05-31,37951.46,1380.0,Met
32,2025-06-30,39253.25,1380.0,Met
32,2025-07-31,40509.23,1380.0,Met
32,2025-08-31,41572.68,1380.0,Met
32,2025-09-30,42565.94,1380.0,Met
32,2025-10-31,43739.07,1380.0,Met
32,2025-11-30,45007.12,1380.0,Met
32,2025-12-31,46109.57,1380.0,Met
32,2026-01-31,47280.63,1380.0,Met
32,2026-02-28,48349.24,1380.0,Met
32,2026-03-31,49315.63,1380.0,Met
32,2026-04-30,49657.8,605.22,Below-Target
32,2026-05-31,50794.02,1380.0,Met
32,2026-06-30,52125.2,1380.0,Met
32,2026-07-31,52221.7,337.02,Below-Target
32,2026-08-31,53424.86,1380.0,Met
33,2023-01-31,9740.92,1420.0,Met
33,2023-02-28,10873.71,1420.0,Met
33,2023-03-31,12058.04,1420.0,Met
33,2023-04-30,13170.1,1420.0,Met
33,2023-05-31,14258.23,1420.0,Met
33,2023-06-30,15338.34,1420.0,Met
33,2023-07-31,16472.91,1420.0,Met
33,2023-08-31,17768.16,1420.0,Met
33,2023-09-30,18930.54,1420.0,Met
33,2023-10-31,20078.05,1420.0,Met
33,2023-11-30,20396.3,551.18,Below-Target
33,2023-12-31,21417.75,1420.0,Met
33,2024-01-31,22724.59,1420.0,Met
33,2024-02-29,24079.97,1420.0,Met
33,2024-03-31,25434.81,1420.0,Met
33,2024-04-30,26690.4,1420.0,Met
33,2024-05-31,27712.76,1420.0,Met
33,2024-06-30,29029.17,218.25,Below-Target
33,2024-07-31,30331.93,1420.0,Met
33,2024-08-31,31751.78,1420.0,Met
33,2024-09-30,31342.75,0.0,Missed
33,2024-10-31,32649.47,1420.0,Met
33,2024-11-30,33772.68,1420.0,Met
33,2024-12-31,35175.18,1420.0,Met
33,2025-01-31,36175.56,1420.0,Met
33,2025-02-28,37531.09,1420.0,Met
33,2025-03-31,37306.5,0.0,Missed
33,2025-04-30,38697.47,1420.0,Met
33,2025-05-31,39762.6,1420.0,Met
33,2025-06-30,41151.14,1420.0,Met
33,2025-07-31,41103.02,0.0,Missed
33,2025-08-31,41987.15,989.9,Below-Target
33,2025-09-30,42986.63,1420.0,Met
33,2025-10-31,44337.09,1420.0,Met
33,2025-11-30,44592.79,429.25,Below-Target
33,2025-12-31,45810.39,1420.0,Met
33,2026-01-31,47230.21,1420.0,Met
33,2026-02-28,48544.3,648.05,Missed
33,2026-03-31,48838.66,12.07,Below-Target
33,2026-04-30,49926.48,1420.0,Met
33,2026-05-31,50958.82,1420.0,Met
33,2026-06-30,51971.5,1420.0,Met
33,2026-07-31,53180.38,1420.0,Met
33,2026-08-31,54337.84,1420.0,Met
34,2023-01-31,8690.44,1510.0,Met
34,2023-02-28,10076.5,1510.0,Met
34,2023-03-31,11397.87,1510.0,Met
34,2023-04-30,11719.38,656.88,Below-Target
34,2023-05-31,12694.96,1005.18,Below-Target
34,2023-06-30,13887.77,1510.0,Met
34,2023-07-31,15138.09,1510.0,Met
34,2023-08-31,16629.14,1510.0,Met
34,2023-09-30,17728.02,1510.0,Met
34,2023-10-31,19056.5,1510.0,Met
34,2023-11-30,19345.33,411.82,Below-Target
34,2023-12-31,20667.92,1510.0,Met
34,2024-01-31,20946.29,380.96,Below-Target
34,2024-02-29,22372.62,1510.0,Met
34,2024-03-31,23712.05,1510.0,Met
34,2024-04-30,25030.8,1510.0,Met
34,2024-05-31,26261.11,1510.0,Met
34,2024-06-30,26827.22,829.65,Below-Target
34,2024-07-31,28088.27,1510.0,Met
34,2024-08-31,29368.72,1510.0,Met
34,2024-09-30,30566.74,1510.0,Met
34,2024-10-31,30849.35,549.13,Below-Target
34,2024-11-30,30485.33,0.0,Missed
34,2024-12-31,31939.11,1510.0,Met
34,2025-01-31,33177.71,1510.0,Met
34,2025-02-28,34305.01,1510.0,Met
34,2025-03-31,35364.42,1510.0,Met
34,2025-04-30,36453.7,1510.0,Met
34,2025-05-31,36737.92,335.59,Below-Target
34,2025-06-30,38056.54,1510.0,Met
34,2025-07-31,39463.68,1510.0,Met
34,2025-08-31,40632.7,1510.0,Met
34,2025-09-30,41963.82,1510.0,Met
34,2025-10-31,43361.23,1510.0,Met
34,2025-11-30,43067.86,0.0,Missed
34,2025-12-31,44315.45,1510.0,Met
34,2026-01-31,45553.88,1510.0,Met
34,2026-02-28,47060.4,1510.0,Met
34,2026-03-31,48273.2,1510.0,Met
34,2026-04-30,49417.63,1510.0,Met
34,2026-05-31,50487.64,1510.0,Met
34,2026-06-30,51976.37,1510.0,Met
34,2026-07-31,52723.21,1055.97,Below-Target
34,2026-08-31,53824.14,1510.0,Met
35,2023-01-31,14541.06,1540.0,Met
35,2023-02-28,15930.04,1540.0,Met
35,2023-03-31,17395.27,1540.0,Met
35,2023-04-30,18275.03,1025.17,Below-Target
35,2023-05-31,18755.64,685.32,Below-Target
35,2023-06-30,20282.16,1540.0,Met
35,2023-07-31,21381.88,1540.0,Met
35,2023-08-31,22476.16,1540.0,Met
35,2023-09-30,23782.19,1540.0,Met
35,2023-10-31,25125.77,1540.0,Met
35,2023-11-30,26304.38,1540.0,Met
35,2023-12-31,27657.53,1540.0,Met
35,2024-01-31,29137.1,1540.0,Met
35,2024-02-29,30321.16,1540.0,Met
35,2024-03-31,31727.55,1540.0,Met
35,2024-04-30,32975.28,1540.0,Met
35,2024-05-31,34354.96,1540.0,Met
35,2024-06-30,34239.47,315.05,Below-Target
35,2024-07-31,35384.19,1540.0,Met
35,2024-08-31,36853.89,1540.0,Met
35,2024-09-30,38041.83,1540.0,Met
35,2024-10-31,39136.31,1540.0,Met
35,2024-11-30,40372.94,1540.0,Met
35,2024-12-31,41850.88,1540.0,Met
35,2025-01-31,43359.77,1540.0,Met
35,2025-02-28,44863.24,1540.0,Met
35,2025-03-31,45948.87,1540.0,Met
35,2025-04-30,47068.12,1540.0,Met
35,2025-05-31,47887.83,935.77,Below-Target
35,2025-06-30,49132.42,1540.0,Met
35,2025-07-31,49129.59,0.0,Missed
35,2025-08-31,49800.91,721.37,Below-Target
35,2025-09-30,50887.24,1540.0,Met
35,2025-10-31,52198.77,1540.0,Met
35,2025-11-30,53648.27,1540.0,Met
35,2025-12-31,54921.31,1540.0,Met
35,2026-01-31,55075.26,583.94,Below-Target
35,2026-02-28,55973.9,1024.86,Below-Target
35,2026-03-31,57182.06,1540.0,Met
35,2026-04-30,58328.09,1540.0,Met
35,2026-05-31,59671.75,1540.0,Met
35,2026-06-30,61160.51,1540.0,Met
35,2026-07-31,62606.31,1540.0,Met
35,2026-08-31,63806.55,1540.0,Met
36,2023-01-31,14953.0,1670.0,Met
36,2023-02-28,16257.52,1670.0,Met
36,2023-03-31,16804.92,778.46,Below-Target
36,2023-04-30,18064.6,1670.0,Met
36,2023-05-31,19241.92,1670.0,Met
36,2023-06-30,19657.82,479.98,Below-Target
36,2023-07-31,20979.77,1670.0,Met
36,2023-08-31,22487.3,1670.0,Met
36,2023-09-30,23758.05,1670.0,Met
36,2023-10-31,23623.6,0.0,Missed
36,2023-11-30,24820.37,1670.0,Met
36,2023-12-31,26163.31,1670.0,Met
36,2024-01-31,27599.23,1670.0,Met
36,2024-02-29,28833.42,1670.0,Met
36,2024-03-31,29161.36,398.05,Below-Target
36,2024-04-30,30363.1,1670.0,Met
36,2024-05-31,30220.08,0.0,Missed
36,2024-06-30,31506.64,1670.0,Met
36,2024-07-31,32930.52,1670.0,Met
36,2024-08-31,33384.31,946.42,Below-Target
36,2024-09-30,34602.82,1670.0,Met
36,2024-10-31,36169.47,1670.0,Met
36,2024-11-30,37516.29,1670.0,Met
36,2024-12-31,39102.94,1670.0,Met
36,2025-01-31,40676.93,1670.0,Met
36,2025-02-28,41117.68,783.98,Below-Target
36,2025-03-31,42337.91,1670.0,Met
36,2025-04-30,44001.59,1670.0,Met
36,2025-05-31,45270.19,1670.0,Met
36,2025-06-30,46547.39,1670.0,Met
36,2025-07-31,46133.21,0.0,Missed
36,2025-08-31,47445.12,1670.0,Met
36,2025-09-30,48921.43,1670.0,Met
36,2025-10-31,48431.02,0.0,Missed
36,2025-11-30,49827.82,1670.0,Met
36,2025-12-31,49936.78,556.75,Below-Target
36,2026-01-31,51491.79,1670.0,Met
36,2026-02-28,53143.87,1670.0,Met
36,2026-03-31,53744.55,918.5,Below-Target
36,2026-04-30,55379.92,1670.0,Met
36,2026-05-31,55828.69,701.85,Below-Target
36,2026-06-30,57465.14,1670.0,Met
36,2026-07-31,58639.7,1670.0,Met
36,2026-08-31,60182.25,1670.0,Met
37,2023-01-31,12037.2,1440.0,Met
37,2023-02-28,13247.49,1440.0,Met
37,2023-03-31,14307.76,1440.0,Met
37,2023-04-30,15542.51,1440.0,Met
37,2023-05-31,16787.96,1440.0,Met
37,2023-06-30,18181.67,1440.0,Met
37,2023-07-31,19340.48,1440.0,Met
37,2023-08-31,20012.76,810.74,Below-Target
37,2023-09-30,21399.48,1440.0,Met
37,2023-10-31,22424.61,1440.0,Met
37,2023-11-30,23754.25,282.01,Missed
37,2023-12-31,25027.5,226.54,Below-Target
37,2024-01-31,26217.25,1440.0,Met
37,2024-02-29,25989.29,0.0,Missed
37,2024-03-31,27047.06,1440.0,Met
37,2024-04-30,28228.36,1440.0,Met
37,2024-05-31,29242.72,1440.0,Met
37,2024-06-30,30378.99,1440.0,Met
37,2024-07-31,30379.57,363.35,Below-Target
37,2024-08-31,31709.93,1440.0,Met
37,2024-09-30,32799.91,1440.0,Met
37,2024-10-31,33564.71,998.28,Below-Target
37,2024-11-30,33257.79,0.0,Missed
37,2024-12-31,34640.68,1440.0,Met
37,2025-01-31,35840.17,1440.0,Met
37,2025-02-28,37085.97,1440.0,Met
37,2025-03-31,38423.04,1440.0,Met
37,2025-04-30,39797.83,1440.0,Met
37,2025-05-31,40958.73,1440.0,Met
37,2025-06-30,42385.73,1440.0,Met
37,2025-07-31,42406.02,401.12,Below-Target
37,2025-08-31,43771.54,1440.0,Met
37,2025-09-30,44417.48,953.39,Below-Target
37,2025-10-31,45765.86,1440.0,Met
37,2025-11-30,47186.51,1440.0,Met
37,2025-12-31,48546.54,1440.0,Met
37,2026-01-31,49985.63,1440.0,Met
37,2026-02-28,51200.12,1440.0,Met
37,2026-03-31,52476.22,1440.0,Met
37,2026-04-30,53903.35,1440.0,Met
37,2026-05-31,54246.19,717.74,Below-Target
37,2026-06-30,54712.62,775.25,Below-Target
37,2026-07-31,55916.0,1440.0,Met
37,2026-08-31,57274.2,1440.0,Met
38,2023-01-31,8705.91,1750.0,Met
38,2023-02-28,9984.6,1750.0,Met
38,2023-03-31,11566.95,1750.0,Met
38,2023-04-30,12821.66,1750.0,Met
38,2023-05-31,14175.22,1750.0,Met
38,2023-06-30,15780.13,1750.0,Met
38,2023-07-31,17127.75,1750.0,Met
38,2023-08-31,18805.17,1750.0,Met
38,2023-09-30,20340.62,1750.0,Met
38,2023-10-31,20174.51,0.0,Missed
38,2023-11-30,21873.24,1750.0,Met
38,2023-12-31,23238.24,1750.0,Met
38,2024-01-31,22998.29,0.0,Missed
38,2024-02-29,24267.39,1750.0,Met
38,2024-03-31,25588.27,1750.0,Met
38,2024-04-30,27165.32,1750.0,Met
38,2024-05-31,28716.25,1750.0,Met
38,2024-06-30,28882.19,639.98,Below-Target
38,2024-07-31,30404.94,1750.0,Met
38,2024-08-31,30955.08,691.19,Below-Target
38,2024-09-30,32229.96,1750.0,Met
38,2024-10-31,33785.2,1750.0,Met
38,2024-11-30,34385.9,970.34,Below-Target
38,2024-12-31,35042.61,792.04,Missed
38,2025-01-31,36557.92,362.48,Missed
38,2025-02-28,38098.54,1750.0,Met
38,2025-03-31,39367.48,1750.0,Met
38,2025-04-30,40792.71,1750.0,Met
38,2025-05-31,42219.74,1750.0,Met
38,2025-06-30,43674.85,1750.0,Met
38,2025-07-31,45204.51,1750.0,Met
38,2025-08-31,46663.68,1750.0,Met
38,2025-09-30,48032.73,1750.0,Met
38,2025-10-31,49569.97,1750.0,Met
38,2025-11-30,51078.94,1750.0,Met
38,2025-12-31,52706.05,1750.0,Met
38,2026-01-31,54164.45,1750.0,Met
38,2026-02-28,54761.43,845.03,Below-Target
38,2026-03-31,54414.71,0.0,Missed
38,2026-04-30,55842.17,1750.0,Met
38,2026-05-31,57397.4,1750.0,Met
38,2026-06-30,59052.58,1750.0,Met
38,2026-07-31,60761.87,1750.0,Met
38,2026-08-31,62313.92,1750.0,Met
39,2023-01-31,12442.15,1440.0,Met
39,2023-02-28,13695.69,1440.0,Met
39,2023-03-31,14708.77,1440.0,Met
39,2023-04-30,15732.58,1440.0,Met
39,2023-05-31,16931.06,1440.0,Met
39,2023-06-30,17361.98,561.7,Below-Target
39,2023-07-31,18432.71,1440.0,Met
39,2023-08-31,19449.18,1440.0,Met
39,2023-09-30,20485.47,1440.0,Met
39,2023-10-31,21181.88,852.45,Below-Target
39,2023-11-30,22202.19,1440.0,Met
39,2023-12-31,23431.95,1440.0,Met
39,2024-01-31,24832.98,1440.0,Met
39,2024-02-29,26062.04,1440.0,Met
39,2024-03-31,27422.17,1440.0,Met
39,2024-04-30,28628.11,1440.0,Met
39,2024-05-31,29789.48,1440.0,Met
39,2024-06-30,31189.78,1440.0,Met
39,2024-07-31,32455.76,1440.0,Met
39,2024-08-31,33780.73,1440.0,Met
39,2024-09-30,34960.17,1440.0,Met
39,2024-10-31,36178.89,1440.0,Met
39,2024-11-30,37595.82,1440.0,Met
39,2024-12-31,38605.68,1440.0,Met
39,2025-01-31,39254.5,807.12,Below-Target
39,2025-02-28,39379.14,363.77,Below-Target
39,2025-03-31,40658.07,1440.0,Met
39,2025-04-30,40790.77,320.67,Below-Target
39,2025-05-31,42229.52,1440.0,Met
39,2025-06-30,43614.95,1440.0,Met
39,2025-07-31,44260.72,645.8,Below-Target
39,2025-08-31,45295.46,1440.0,Met
39,2025-09-30,46462.38,1440.0,Met
39,2025-10-31,47598.2,1440.0,Met
39,2025-11-30,48919.35,1440.0,Met
39,2025-12-31,50285.19,1440.0,Met
39,2026-01-31,50400.2,488.48,Below-Target
39,2026-02-28,50182.86,0.0,Missed
39,2026-03-31,50527.43,727.94,Below-Target
39,2026-04-30,50991.8,489.6,Below-Target
39,2026-05-31,52150.16,1440.0,Met
39,2026-06-30,52740.67,660.03,Below-Target
39,2026-07-31,53985.14,1440.0,Met
39,2026-08-31,54995.87,1440.0,Met
40,2023-01-31,3256.81,772.64,Below-Target
40,2023-02-28,4893.74,1640.0,Met
40,2023-03-31,6146.88,1640.0,Met
40,2023-04-30,6630.39,854.01,Below-Target
40,2023-05-31,8213.24,1640.0,Met
40,2023-06-30,9852.74,1640.0,Met
40,2023-07-31,11264.54,1640.0,Met
40,2023-08-31,12421.86,1640.0,Met
40,2023-09-30,13906.89,1640.0,Met
40,2023-10-31,15179.1,1640.0,Met
40,2023-11-30,16640.64,1640.0,Met
40,2023-12-31,17458.87,1035.0,Below-Target
40,2024-01-31,17876.95,439.65,Below-Target
40,2024-02-29,19118.6,1640.0,Met
40,2024-03-31,20423.8,1640.0,Met
40,2024-04-30,21825.74,1640.0,Met
40,2024-05-31,22512.73,1008.58,Below-Target
40,2024-06-30,23157.78,798.68,Below-Target
40,2024-07-31,24453.81,1640.0,Met
40,2024-08-31,25776.05,1640.0,Met
40,2024-09-30,27159.27,1640.0,Met
40,2024-10-31,28526.05,1640.0,Met
40,2024-11-30,29744.18,1640.0,Met
40,2024-12-31,31091.35,1640.0,Met
40,2025-01-31,32499.02,1640.0,Met
40,2025-02-28,33727.54,1640.0,Met
40,2025-03-31,35060.33,1640.0,Met
40,2025-04-30,36244.89,1640.0,Met
40,2025-05-31,36145.42,0.0,Missed
40,2025-06-30,37520.52,1640.0,Met
40,2025-07-31,38781.43,1640.0,Met
40,2025-08-31,40403.95,1640.0,Met
40,2025-09-30,41968.32,1640.0,Met
40,2025-10-31,43281.64,1640.0,Met
40,2025-11-30,44584.82,1640.0,Met
40,2025-12-31,45785.76,1640.0,Met
40,2026-01-31,46991.99,1640.0,Met
40,2026-02-28,48454.9,1640.0,Met
40,2026-03-31,49719.04,1640.0,Met
40,2026-04-30,49871.85,604.66,Below-Target
40,2026-05-31,51482.1,1640.0,Met
40,2026-06-30,52398.66,1130.79,Below-Target
40,2026-07-31,53818.34,1640.0,Met
40,2026-08-31,55350.58,1640.0,Met
41,2023-01-31,12741.42,1550.0,Met
41,2023-02-28,14200.64,1550.0,Met
41,2023-03-31,15668.39,1550.0,Met
41,2023-04-30,17040.47,1550.0,Met
41,2023-05-31,16618.36,0.0,Missed
41,2023-06-30,16479.83,0.0,Missed
41,2023-07-31,17054.63,728.65,Below-Target
41,2023-08-31,18225.05,1550.0,Met
41,2023-09-30,18898.22,485.41,Below-Target
41,2023-10-31,20292.18,435.88,Missed
41,2023-11-30,21395.35,1550.0,Met
41,2023-12-31,22682.82,1550.0,Met
41,2024-01-31,24228.29,1550.0,Met
41,2024-02-29,25342.62,1550.0,Met
41,2024-03-31,25884.38,561.53,Below-Target
41,2024-04-30,27290.47,1550.0,Met
41,2024-05-31,28380.07,1550.0,Met
41,2024-06-30,29821.46,1550.0,Met
41,2024-07-31,29357.96,0.0,Missed
41,2024-08-31,30671.97,1550.0,Met
41,2024-09-30,31942.49,1550.0,Met
41,2024-10-31,33426.31,1550.0,Met
41,2024-11-30,34648.88,1550.0,Met
41,2024-12-31,36017.96,1550.0,Met
41,2025-01-31,37485.59,1550.0,Met
41,2025-02-28,38846.74,1550.0,Met
41,2025-03-31,39969.23,1550.0,Met
41,2025-04-30,41091.47,1550.0,Met
41,2025-05-31,42204.14,1550.0,Met
41,2025-06-30,43289.97,1550.0,Met
41,2025-07-31,44032.05,826.82,Below-Target
41,2025-08-31,44531.83,918.32,Below-Target
41,2025-09-30,45634.51,1550.0,Met
41,2025-10-31,46784.64,1550.0,Met
41,2025-11-30,48009.31,1550.0,Met
41,2025-12-31,49410.74,1550.0,Met
41,2026-01-31,50559.53,1550.0,Met
41,2026-02-28,51410.71,1012.54,Below-Target
41,2026-03-31,52641.54,1550.0,Met
41,2026-04-30,53986.87,1550.0,Met
41,2026-05-31,54356.5,573.33,Below-Target
41,2026-06-30,55518.34,1550.0,Met
41,2026-07-31,56862.37,1550.0,Met
41,2026-08-31,58352.32,1550.0,Met
42,2023-01-31,10950.11,1360.0,Met
42,2023-02-28,12035.09,1360.0,Met
42,2023-03-31,13022.4,1360.0,Met
42,2023-04-30,14044.07,1360.0,Met
42,2023-05-31,15003.18,1360.0,Met
42,2023-06-30,16086.74,1360.0,Met
42,2023-07-31,17322.68,1360.0,Met
42,2023-08-31,18599.75,1360.0,Met
42,2023-09-30,18839.15,352.59,Below-Target
42,2023-10-31,20186.33,1360.0,Met
42,2023-11-30,21527.72,1360.0,Met
42,2023-12-31,22491.02,1360.0,Met
42,2024-01-31,23821.64,1360.0,Met
42,2024-02-29,24931.36,1360.0,Met
42,2024-03-31,26201.04,1360.0,Met
42,2024-04-30,27201.8,1360.0,Met
42,2024-05-31,28490.7,1360.0,Met
42,2024-06-30,29709.49,1360.0,Met
42,2024-07-31,30698.49,1360.0,Met
42,2024-08-31,31919.58,1360.0,Met
42,2024-09-30,33121.31,1360.0,Met
42,2024-10-31,34315.03,1360.0,Met
42,2024-11-30,35291.28,1360.0,Met
42,2024-12-31,36643.44,1360.0,Met
42,2025-01-31,37618.73,1360.0,Met
42,2025-02-28,38232.96,644.3,Below-Target
42,2025-03-31,39413.75,1360.0,Met
42,2025-04-30,40456.21,1360.0,Met
42,2025-05-31,41201.18,949.36,Below-Target
42,2025-06-30,42510.05,1360.0,Met
42,2025-07-31,42851.07,420.11,Below-Target
42,2025-08-31,43046.52,480.59,Below-Target
42,2025-09-30,42694.87,0.0,Missed
42,2025-10-31,43894.68,351.11,Below-Target
42,2025-11-30,44945.1,1360.0,Met
42,2025-12-31,45441.05,499.24,Below-Target
42,2026-01-31,46659.09,1360.0,Met
42,2026-02-28,47817.85,1360.0,Met
42,2026-03-31,47690.1,0.0,Missed
42,2026-04-30,48890.51,1360.0,Met
42,2026-05-31,50063.08,1360.0,Met
42,2026-06-30,51185.58,1360.0,Met
42,2026-07-31,52275.69,1360.0,Met
42,2026-08-31,53317.82,1360.0,Met
43,2026-02-28,6132.85,1430.0,Met
43,2026-03-31,7556.31,1430.0,Met
43,2026-04-30,8741.21,1430.0,Met
43,2026-05-31,9788.39,1430.0,Met
43,2026-06-30,10002.76,319.17,Below-Target
43,2026-07-31,11021.32,1430.0,Met
43,2026-08-31,12273.71,1430.0,Met
44,2024-12-31,6327.65,1410.0,Met
44,2025-01-31,7575.21,1410.0,Met
44,2025-02-28,8649.1,1410.0,Met
44,2025-03-31,10056.35,1410.0,Met
44,2025-04-30,10161.64,517.83,Below-Target
44,2025-05-31,10308.43,517.53,Below-Target
44,2025-06-30,11384.28,1410.0,Met
44,2025-07-31,12657.53,1410.0,Met
44,2025-08-31,13988.82,1410.0,Met
44,2025-09-30,15087.09,1410.0,Met
44,2025-10-31,16365.25,1410.0,Met
44,2025-11-30,17677.56,1410.0,Met
44,2025-12-31,17914.87,577.45,Below-Target
44,2026-01-31,19321.29,1410.0,Met
44,2026-02-28,20537.74,1410.0,Met
44,2026-03-31,21868.83,542.61,Below-Target
44,2026-04-30,22862.89,1410.0,Met
44,2026-05-31,23581.46,771.91,Below-Target
44,2026-06-30,23605.32,362.75,Below-Target
44,2026-07-31,23728.33,441.08,Below-Target
44,2026-08-31,25058.36,1410.0,Met
45,2023-01-31,12306.29,1490.0,Met
45,2023-02-28,13501.16,1490.0,Met
45,2023-03-31,14585.77,1490.0,Met
45,2023-04-30,16020.12,1490.0,Met
45,2023-05-31,17291.61,1490.0,Met
45,2023-06-30,18617.99,1490.0,Met
45,2023-07-31,20060.42,1490.0,Met
45,2023-08-31,21355.29,1490.0,Met
45,2023-09-30,22696.74,1490.0,Met
45,2023-10-31,23860.28,1490.0,Met
45,2023-11-30,24374.87,721.89,Below-Target
45,2023-12-31,24300.01,0.0,Missed
45,2024-01-31,25619.38,1490.0,Met
45,2024-02-29,26792.53,1490.0,Met
45,2024-03-31,27936.94,1490.0,Met
45,2024-04-30,28249.39,654.67,Below-Target
45,2024-05-31,29355.83,1490.0,Met
45,2024-06-30,30408.18,1490.0,Met
45,2024-07-31,31829.09,1490.0,Met
45,2024-08-31,32407.33,655.3,Below-Target
45,2024-09-30,33749.06,1490.0,Met
45,2024-10-31,34398.56,943.34,Below-Target
45,2024-11-30,34336.83,0.0,Missed
45,2024-12-31,35613.71,1490.0,Met
45,2025-01-31,37024.31,1490.0,Met
45,2025-02-28,38382.65,1490.0,Met
45,2025-03-31,39458.45,1490.0,Met
45,2025-04-30,39397.98,0.0,Missed
45,2025-05-31,39700.41,342.07,Below-Target
45,2025-06-30,40749.04,1490.0,Met
45,2025-07-31,41912.22,1490.0,Met
45,2025-08-31,42516.86,938.89,Below-Target
45,2025-09-30,43571.51,1490.0,Met
45,2025-10-31,43313.47,0.0,Missed
45,2025-11-30,44490.08,1490.0,Met
45,2025-12-31,45651.21,1490.0,Met
45,2026-01-31,47084.18,1490.0,Met
45,2026-02-28,48136.71,1490.0,Met
45,2026-03-31,49307.38,1490.0,Met
45,2026-04-30,50416.37,1490.0,Met
45,2026-05-31,51710.18,1490.0,Met
45,2026-06-30,52784.31,1490.0,Met
45,2026-07-31,54228.16,1490.0,Met
45,2026-08-31,55631.46,1490.0,Met
46,2023-01-31,15166.39,1750.0,Met
46,2023-02-28,16451.06,1750.0,Met
46,2023-03-31,17993.23,1750.0,Met
46,2023-04-30,19226.44,1750.0,Met
46,2023-05-31,20600.94,1750.0,Met
46,2023-06-30,21860.12,1750.0,Met
46,2023-07-31,23368.83,1750.0,Met
46,2023-08-31,24811.93,1750.0,Met
46,2023-09-30,26444.2,1750.0,Met
46,2023-10-31,27835.21,1750.0,Met
46,2023-11-30,29065.11,1750.0,Met
46,2023-12-31,30456.73,1750.0,Met
46,2024-01-31,31693.13,1750.0,Met
46,2024-02-29,33286.4,1750.0,Met
46,2024-03-31,33176.1,385.77,Below-Target
46,2024-04-30,34424.31,1750.0,Met
46,2024-05-31,35678.65,1750.0,Met
46,2024-06-30,37298.48,1750.0,Met
46,2024-07-31,37014.34,0.0,Missed
46,2024-08-31,38438.79,1750.0,Met
46,2024-09-30,40109.6,1750.0,Met
46,2024-10-31,41403.57,1750.0,Met
46,2024-11-30,42113.55,717.32,Below-Target
46,2024-12-31,43650.47,1750.0,Met
46,2025-01-31,44628.92,1197.73,Below-Target
46,2025-02-28,44422.46,0.0,Missed
46,2025-03-31,43962.03,0.0,Missed
46,2025-04-30,45589.25,1750.0,Met
46,2025-05-31,47258.94,1750.0,Met
46,2025-06-30,48586.74,1750.0,Met
46,2025-07-31,50305.01,1750.0,Met
46,2025-08-31,51646.14,1750.0,Met
46,2025-09-30,53238.38,1750.0,Met
46,2025-10-31,54481.59,1750.0,Met
46,2025-11-30,56128.51,1750.0,Met
46,2025-12-31,57474.15,1750.0,Met
46,2026-01-31,58926.18,1750.0,Met
46,2026-02-28,60517.47,1750.0,Met
46,2026-03-31,62179.65,1750.0,Met
46,2026-04-30,63485.23,1750.0,Met
46,2026-05-31,65007.46,1750.0,Met
46,2026-06-30,64926.32,427.4,Below-Target
46,2026-07-31,66263.76,1750.0,Met
46,2026-08-31,67530.95,1750.0,Met
47,2023-01-31,12306.44,878.42,Below-Target
47,2023-02-28,14090.46,1840.0,Met
47,2023-03-31,15647.15,1840.0,Met
47,2023-04-30,15645.6,404.15,Below-Target
47,2023-05-31,16180.83,914.59,Below-Target
47,2023-06-30,17677.06,1840.0,Met
47,2023-07-31,19164.07,1840.0,Met
47,2023-08-31,20503.16,1840.0,Met
47,2023-09-30,21979.94,1840.0,Met
47,2023-10-31,23610.03,1840.0,Met
47,2023-11-30,25141.07,1840.0,Met
47,2023-12-31,26491.25,1840.0,Met
47,2024-01-31,27800.0,1840.0,Met
47,2024-02-29,29385.56,1840.0,Met
47,2024-03-31,28894.85,0.0,Missed
47,2024-04-30,30533.55,1840.0,Met
47,2024-05-31,32238.02,1840.0,Met
47,2024-06-30,33460.26,1241.41,Below-Target
47,2024-07-31,35257.45,1840.0,Met
47,2024-08-31,36895.5,1840.0,Met
47,2024-09-30,38459.77,1840.0,Met
47,2024-10-31,39758.73,1840.0,Met
47,2024-11-30,41122.04,1840.0,Met
47,2024-12-31,42746.54,1840.0,Met
47,2025-01-31,44213.86,1840.0,Met
47,2025-02-28,45614.43,1840.0,Met
47,2025-03-31,47061.35,1840.0,Met
47,2025-04-30,48354.67,1840.0,Met
47,2025-05-31,49674.28,1840.0,Met
47,2025-06-30,50240.89,676.66,Below-Target
47,2025-07-31,49999.89,0.0,Missed
47,2025-08-31,51292.79,1840.0,Met
47,2025-09-30,52919.35,1840.0,Met
47,2025-10-31,54330.49,1840.0,Met
47,2025-11-30,55725.08,1840.0,Met
47,2025-12-31,57065.0,1840.0,Met
47,2026-01-31,58807.25,1840.0,Met
47,2026-02-28,60635.04,1840.0,Met
47,2026-03-31,62470.67,1840.0,Met
47,2026-04-30,63847.67,1840.0,Met
47,2026-05-31,65168.85,243.02,Below-Target
47,2026-06-30,66559.1,1840.0,Met
47,2026-07-31,68178.8,1840.0,Met
47,2026-08-31,69584.64,1840.0,Met
48,2024-12-31,8089.83,1390.0,Met
48,2025-01-31,9432.78,1390.0,Met
48,2025-02-28,9357.36,287.41,Below-Target
48,2025-03-31,10647.45,1390.0,Met
48,2025-04-30,11792.04,1390.0,Met
48,2025-05-31,13106.32,1390.0,Met
48,2025-06-30,14157.03,1390.0,Met
48,2025-07-31,15268.6,1390.0,Met
48,2025-08-31,16431.56,1390.0,Met
48,2025-09-30,17491.03,1390.0,Met
48,2025-10-31,18707.78,1390.0,Met
48,2025-11-30,19773.87,1390.0,Met
48,2025-12-31,19862.65,426.38,Below-Target
48,2026-01-31,21080.58,1390.0,Met
48,2026-02-28,22279.64,1390.0,Met
48,2026-03-31,23291.23,1390.0,Met
48,2026-04-30,23320.85,298.84,Below-Target
48,2026-05-31,24504.15,1390.0,Met
48,2026-06-30,25745.59,1390.0,Met
48,2026-07-31,26746.98,1390.0,Met
48,2026-08-31,27832.62,1390.0,Met
49,2023-01-31,8537.75,913.92,Below-Target
49,2023-02-28,9980.39,1910.0,Met
49,2023-03-31,11466.87,1910.0,Met
49,2023-04-30,12867.37,1910.0,Met
49,2023-05-31,14513.41,1910.0,Met
49,2023-06-30,16033.61,1910.0,Met
49,2023-07-31,16826.83,857.64,Below-Target
49,2023-08-31,18183.96,1910.0,Met
49,2023-09-30,19069.95,1273.74,Below-Target
49,2023-10-31,20744.49,339.5,Missed
49,2023-11-30,22229.34,1910.0,Met
49,2023-12-31,23620.81,1910.0,Met
49,2024-01-31,25455.14,1910.0,Met
49,2024-02-29,26974.37,1910.0,Met
49,2024-03-31,28772.65,1910.0,Met
49,2024-04-30,30522.98,1910.0,Met
49,2024-05-31,31958.87,1910.0,Met
49,2024-06-30,32737.23,982.98,Below-Target
49,2024-07-31,34395.49,1910.0,Met
49,2024-08-31,36291.4,1910.0,Met
49,2024-09-30,36686.77,692.84,Below-Target
49,2024-10-31,36665.93,365.97,Below-Target
49,2024-11-30,37118.98,799.04,Below-Target
49,2024-12-31,38991.33,1910.0,Met
49,2025-01-31,40635.97,1910.0,Met
49,2025-02-28,40960.3,568.1,Below-Target
49,2025-03-31,42740.4,1910.0,Met
49,2025-04-30,44196.72,1910.0,Met
49,2025-05-31,45982.03,1910.0,Met
49,2025-06-30,47430.12,1910.0,Met
49,2025-07-31,49056.84,1910.0,Met
49,2025-08-31,50946.74,1910.0,Met
49,2025-09-30,52640.1,1910.0,Met
49,2025-10-31,54143.74,1910.0,Met
49,2025-11-30,55829.83,1910.0,Met
49,2025-12-31,55867.9,407.58,Below-Target
49,2026-01-31,57416.24,1910.0,Met
49,2026-02-28,59185.21,1910.0,Met
49,2026-03-31,60881.18,1910.0,Met
49,2026-04-30,62317.17,1910.0,Met
49,2026-05-31,62830.16,1034.16,Below-Target
49,2026-06-30,64653.77,1910.0,Met
49,2026-07-31,66096.96,1910.0,Met
49,2026-08-31,67654.02,1910.0,Met
50,2023-01-31,15237.66,1710.0,Met
50,2023-02-28,16510.14,1710.0,Met
50,2023-03-31,17795.22,1710.0,Met
50,2023-04-30,19391.3,1710.0,Met
50,2023-05-31,21035.02,1710.0,Met
50,2023-06-30,22700.33,1710.0,Met
50,2023-07-31,24392.5,1710.0,Met
50,2023-08-31,25637.0,1710.0,Met
50,2023-09-30,27111.47,1710.0,Met
50,2023-10-31,28621.87,1710.0,Met
50,2023-11-30,29839.59,1710.0,Met
50,2023-12-31,31135.64,1710.0,Met
50,2024-01-31,31628.77,512.92,Below-Target
50,2024-02-29,33274.81,1710.0,Met
50,2024-03-31,34803.09,1710.0,Met
50,2024-04-30,35565.28,1046.2,Below-Target
50,2024-05-31,36097.21,819.33,Below-Target
50,2024-06-30,35734.99,0.0,Missed
50,2024-07-31,35482.08,0.0,Missed
50,2024-08-31,36868.75,1710.0,Met
50,2024-09-30,37588.29,993.55,Below-Target
50,2024-10-31,39091.79,1710.0,Met
50,2024-11-30,40574.73,1710.0,Met
50,2024-12-31,42210.27,1710.0,Met
50,2025-01-31,41715.65,0.0,Missed
50,2025-02-28,41211.64,0.0,Missed
50,2025-03-31,42838.85,1710.0,Met
50,2025-04-30,44540.19,1710.0,Met
50,2025-05-31,45938.58,1710.0,Met
50,2025-06-30,47569.59,1710.0,Met
50,2025-07-31,48935.7,1710.0,Met
50,2025-08-31,50566.55,1710.0,Met
50,2025-09-30,51768.26,1710.0,Met
50,2025-10-31,53383.8,1710.0,Met
50,2025-11-30,54912.33,1710.0,Met
50,2025-12-31,56528.43,1710.0,Met
50,2026-01-31,57546.21,1190.93,Below-Target
50,2026-02-28,59230.91,1710.0,Met
50,2026-03-31,60513.52,405.99,Missed
50,2026-04-30,61853.1,194.74,Missed
50,2026-05-31,61965.61,551.17,Below-Target
50,2026-06-30,63647.18,1710.0,Met
50,2026-07-31,64950.38,1710.0,Met
50,2026-08-31,66235.78,1710.0,Met
51,2023-01-31,3665.22,1700.0,Met
51,2023-02-28,5209.73,1700.0,Met
51,2023-03-31,6623.27,1700.0,Met
51,2023-04-30,7870.15,1700.0,Met
51,2023-05-31,9175.02,1700.0,Met
51,2023-06-30,10537.86,1700.0,Met
51,2023-07-31,12091.58,1700.0,Met
51,2023-08-31,13500.42,1700.0,Met
51,2023-09-30,14865.43,1700.0,Met
51,2023-10-31,16405.38,1700.0,Met
51,2023-11-30,17862.55,1700.0,Met
51,2023-12-31,19434.32,1700.0,Met
51,2024-01-31,21045.44,1700.0,Met
51,2024-02-29,22711.12,1700.0,Met
51,2024-03-31,23912.67,1700.0,Met
51,2024-04-30,25573.15,1700.0,Met
51,2024-05-31,26929.8,1700.0,Met
51,2024-06-30,28491.27,1700.0,Met
51,2024-07-31,29849.3,425.82,Missed
51,2024-08-31,31357.55,362.27,Missed
51,2024-09-30,31056.17,0.0,Missed
51,2024-10-31,32502.88,1700.0,Met
51,2024-11-30,34172.18,1700.0,Met
51,2024-12-31,35458.47,1700.0,Met
51,2025-01-31,37072.42,1700.0,Met
51,2025-02-28,36732.42,0.0,Missed
51,2025-03-31,37990.31,1700.0,Met
51,2025-04-30,39620.97,1700.0,Met
51,2025-05-31,41244.64,1700.0,Met
51,2025-06-30,42841.73,1700.0,Met
51,2025-07-31,44176.34,1700.0,Met
51,2025-08-31,44807.59,867.26,Below-Target
51,2025-09-30,46276.1,1700.0,Met
51,2025-10-31,47489.11,1700.0,Met
51,2025-11-30,49151.27,1700.0,Met
51,2025-12-31,50395.74,1700.0,Met
51,2026-01-31,51688.82,1700.0,Met
51,2026-02-28,51594.28,0.0,Missed
51,2026-03-31,53095.68,1700.0,Met
51,2026-04-30,54560.89,1700.0,Met
51,2026-05-31,55966.73,1700.0,Met
51,2026-06-30,57349.69,1700.0,Met
51,2026-07-31,58835.31,1700.0,Met
51,2026-08-31,60210.23,1700.0,Met
52,2023-01-31,6286.5,1910.0,Met
52,2023-02-28,7213.96,1043.79,Below-Target
52,2023-03-31,8762.99,1910.0,Met
52,2023-04-30,10496.07,1910.0,Met
52,2023-05-31,12112.41,1910.0,Met
52,2023-06-30,13691.09,1910.0,Met
52,2023-07-31,15467.48,1910.0,Met
52,2023-08-31,17286.64,1910.0,Met
52,2023-09-30,18994.96,1910.0,Met
52,2023-10-31,20704.92,1910.0,Met
52,2023-11-30,22458.9,1910.0,Met
52,2023-12-31,24002.13,1910.0,Met
52,2024-01-31,25749.35,1910.0,Met
52,2024-02-29,27630.73,1910.0,Met
52,2024-03-31,28985.97,1910.0,Met
52,2024-04-30,30720.53,1910.0,Met
52,2024-05-31,32193.61,1910.0,Met
52,2024-06-30,33933.0,1910.0,Met
52,2024-07-31,35585.07,1910.0,Met
52,2024-08-31,36955.88,1910.0,Met
52,2024-09-30,38750.53,1910.0,Met
52,2024-10-31,38972.34,789.43,Below-Target
52,2024-11-30,40692.89,1910.0,Met
52,2024-12-31,42462.93,1910.0,Met
52,2025-01-31,44246.53,1910.0,Met
52,2025-02-28,45819.11,1910.0,Met
52,2025-03-31,47573.03,1910.0,Met
52,2025-04-30,49376.18,1910.0,Met
52,2025-05-31,51240.87,1910.0,Met
52,2025-06-30,51957.67,921.99,Below-Target
52,2025-07-31,53649.84,1910.0,Met
52,2025-08-31,55531.45,1910.0,Met
52,2025-09-30,57174.46,1910.0,Met
52,2025-10-31,58873.59,1910.0,Met
52,2025-11-30,60480.46,1910.0,Met
52,2025-12-31,62004.02,1910.0,Met
52,2026-01-31,63779.5,1910.0,Met
52,2026-02-28,65509.57,1910.0,Met
52,2026-03-31,67119.02,1910.0,Met
52,2026-04-30,67866.24,1184.67,Below-Target
52,2026-05-31,69576.45,1910.0,Met
52,2026-06-30,71109.73,1910.0,Met
52,2026-07-31,72462.56,1910.0,Met
52,2026-08-31,73871.38,1910.0,Met
53,2023-01-31,15684.95,1540.0,Met
53,2023-02-28,16862.02,1540.0,Met
53,2023-03-31,18260.95,1540.0,Met
53,2023-04-30,19537.89,1540.0,Met
53,2023-05-31,20964.89,1540.0,Met
53,2023-06-30,22119.68,1540.0,Met
53,2023-07-31,22359.53,507.03,Below-Target
53,2023-08-31,23633.92,1540.0,Met
53,2023-09-30,24984.54,1540.0,Met
53,2023-10-31,26173.85,1540.0,Met
53,2023-11-30,26941.39,846.7,Below-Target
53,2023-12-31,28207.28,1540.0,Met
53,2024-01-31,29688.0,1540.0,Met
53,2024-02-29,30893.72,1540.0,Met
53,2024-03-31,32167.78,1540.0,Met
53,2024-04-30,33410.92,1540.0,Met
53,2024-05-31,33736.15,756.63,Below-Target
53,2024-06-30,35203.3,1540.0,Met
53,2024-07-31,34742.36,0.0,Missed
53,2024-08-31,36076.52,1540.0,Met
53,2024-09-30,37536.44,1540.0,Met
53,2024-10-31,38209.67,894.5,Below-Target
53,2024-11-30,39356.22,1540.0,Met
53,2024-12-31,40763.6,1540.0,Met
53,2025-01-31,42112.89,1540.0,Met
53,2025-02-28,43283.13,1540.0,Met
53,2025-03-31,44463.81,1540.0,Met
53,2025-04-30,45999.12,1540.0,Met
53,2025-05-31,47277.31,1540.0,Met
53,2025-06-30,47849.46,601.76,Below-Target
53,2025-07-31,49286.23,1540.0,Met
53,2025-08-31,50813.58,1540.0,Met
53,2025-09-30,51745.79,981.47,Below-Target
53,2025-10-31,53191.52,235.89,Missed
53,2025-11-30,53574.39,166.83,Below-Target
53,2025-12-31,54787.77,1540.0,Met
53,2026-01-31,56174.96,1540.0,Met
53,2026-02-28,57401.94,1540.0,Met
53,2026-03-31,58940.87,1540.0,Met
53,2026-04-30,59959.98,1055.56,Below-Target
53,2026-05-31,61399.08,1540.0,Met
53,2026-06-30,62612.99,1540.0,Met
53,2026-07-31,64065.6,1540.0,Met
53,2026-08-31,65422.39,1540.0,Met
54,2023-01-31,6150.48,247.28,Below-Target
54,2023-02-28,7894.96,1770.0,Met
54,2023-03-31,9192.24,1770.0,Met
54,2023-04-30,10745.91,1770.0,Met
54,2023-05-31,11737.79,1009.66,Below-Target
54,2023-06-30,13343.17,1770.0,Met
54,2023-07-31,14972.39,1770.0,Met
54,2023-08-31,16685.16,1770.0,Met
54,2023-09-30,18102.96,1770.0,Met
54,2023-10-31,19652.23,1770.0,Met
54,2023-11-30,21063.91,1770.0,Met
54,2023-12-31,22418.97,1770.0,Met
54,2024-01-31,24174.09,1770.0,Met
54,2024-02-29,25465.34,1770.0,Met
54,2024-03-31,25721.18,631.71,Below-Target
54,2024-04-30,27034.33,1770.0,Met
54,2024-05-31,28494.99,1770.0,Met
54,2024-06-30,29794.46,1770.0,Met
54,2024-07-31,31221.1,1770.0,Met
54,2024-08-31,30988.44,0.0,Missed
54,2024-09-30,32511.09,1770.0,Met
54,2024-10-31,34261.16,1770.0,Met
54,2024-11-30,35862.02,1770.0,Met
54,2024-12-31,37347.11,1770.0,Met
54,2025-01-31,38922.44,1770.0,Met
54,2025-02-28,40606.42,1770.0,Met
54,2025-03-31,41874.99,1770.0,Met
54,2025-04-30,43465.33,1770.0,Met
54,2025-05-31,45056.5,1770.0,Met
54,2025-06-30,46142.03,1170.22,Below-Target
54,2025-07-31,47635.74,1770.0,Met
54,2025-08-31,48984.55,1770.0,Met
54,2025-09-30,50745.93,1770.0,Met
54,2025-10-31,52211.34,1770.0,Met
54,2025-11-30,53872.8,1770.0,Met
54,2025-12-31,55631.14,1770.0,Met
54,2026-01-31,57184.34,1770.0,Met
54,2026-02-28,58564.55,1770.0,Met
54,2026-03-31,59856.17,1770.0,Met
54,2026-04-30,61432.25,1770.0,Met
54,2026-05-31,62969.92,1770.0,Met
54,2026-06-30,64327.91,1770.0,Met
54,2026-07-31,65913.45,1770.0,Met
54,2026-08-31,67551.17,1770.0,Met
55,2023-06-30,13117.96,1720.0,Met
55,2023-07-31,14797.59,1720.0,Met
55,2023-08-31,15545.28,1126.8,Below-Target
55,2023-09-30,17131.99,1720.0,Met
55,2023-10-31,18730.74,1720.0,Met
55,2023-11-30,20080.9,1720.0,Met
55,2023-12-31,20012.89,0.0,Missed
55,2024-01-31,21580.15,1720.0,Met
55,2024-02-29,22798.49,1720.0,Met
55,2024-03-31,24135.93,1720.0,Met
55,2024-04-30,23738.31,0.0,Missed
55,2024-05-31,25087.98,1720.0,Met
55,2024-06-30,24746.43,0.0,Missed
55,2024-07-31,26439.54,1720.0,Met
55,2024-08-31,27932.84,1720.0,Met
55,2024-09-30,28203.56,699.68,Below-Target
55,2024-10-31,29641.58,1720.0,Met
55,2024-11-30,30867.02,1720.0,Met
55,2024-12-31,31292.42,753.61,Below-Target
55,2025-01-31,32586.8,1720.0,Met
55,2025-02-28,33985.69,1720.0,Met
55,2025-03-31,35040.04,1148.72,Below-Target
55,2025-04-30,36560.7,1720.0,Met
55,2025-05-31,38163.37,1720.0,Met
55,2025-06-30,38479.45,723.01,Below-Target
55,2025-07-31,40122.91,1720.0,Met
55,2025-08-31,41362.44,1720.0,Met
55,2025-09-30,42919.04,1720.0,Met
55,2025-10-31,44145.85,1720.0,Met
55,2025-11-30,45688.74,1720.0,Met
55,2025-12-31,47133.31,1720.0,Met
55,2026-01-31,48381.24,1720.0,Met
55,2026-02-28,50025.16,1720.0,Met
55,2026-03-31,51616.62,1720.0,Met
55,2026-04-30,53040.74,1720.0,Met
55,2026-05-31,54016.49,1027.21,Below-Target
55,2026-06-30,55231.16,1720.0,Met
55,2026-07-31,56714.89,1720.0,Met
55,2026-08-31,58313.27,1720.0,Met
56,2023-01-31,7924.38,1620.0,Met
56,2023-02-28,8420.44,821.49,Below-Target
56,2023-03-31,9251.63,1052.03,Below-Target
56,2023-04-30,10470.98,1620.0,Met
56,2023-05-31,12073.46,1620.0,Met
56,2023-06-30,13583.85,1620.0,Met
56,2023-07-31,15153.52,1620.0,Met
56,2023-08-31,14853.54,0.0,Missed
56,2023-09-30,16386.93,1620.0,Met
56,2023-10-31,17576.46,1620.0,Met
56,2023-11-30,18956.38,1620.0,Met
56,2023-12-31,20507.32,1620.0,Met
56,2024-01-31,21938.84,1620.0,Met
56,2024-02-29,23451.77,1620.0,Met
56,2024-03-31,24992.28,1620.0,Met
56,2024-04-30,26471.7,1620.0,Met
56,2024-05-31,27909.12,1620.0,Met
56,2024-06-30,29373.36,1620.0,Met
56,2024-07-31,30706.08,1620.0,Met
56,2024-08-31,31912.98,1620.0,Met
56,2024-09-30,33438.06,1620.0,Met
56,2024-10-31,34721.57,1620.0,Met
56,2024-11-30,36243.22,1620.0,Met
56,2024-12-31,37716.43,1620.0,Met
56,2025-01-31,38567.48,999.15,Below-Target
56,2025-02-28,39004.53,728.27,Below-Target
56,2025-03-31,39112.23,333.51,Below-Target
56,2025-04-30,40727.21,1620.0,Met
56,2025-05-31,42015.22,1620.0,Met
56,2025-06-30,43302.62,1620.0,Met
56,2025-07-31,44550.3,1620.0,Met
56,2025-08-31,45787.32,1620.0,Met
56,2025-09-30,47282.23,1620.0,Met
56,2025-10-31,48813.94,1620.0,Met
56,2025-11-30,50114.18,1620.0,Met
56,2025-12-31,51307.64,1620.0,Met
56,2026-01-31,52726.38,1620.0,Met
56,2026-02-28,54126.54,1620.0,Met
56,2026-03-31,55591.55,1620.0,Met
56,2026-04-30,56768.29,1620.0,Met
56,2026-05-31,58379.77,1620.0,Met
56,2026-06-30,59805.68,1620.0,Met
56,2026-07-31,61356.78,1620.0,Met
56,2026-08-31,62963.28,1620.0,Met
57,2024-11-30,8129.29,1400.0,Met
57,2024-12-31,9480.14,1400.0,Met
57,2025-01-31,10516.97,1400.0,Met
57,2025-02-28,11066.67,567.36,Below-Target
57,2025-03-31,12334.03,1400.0,Met
57,2025-04-30,13489.77,1400.0,Met
57,2025-05-31,14787.14,1400.0,Met
57,2025-06-30,15845.95,1400.0,Met
57,2025-07-31,17173.56,1400.0,Met
57,2025-08-31,18448.96,1400.0,Met
57,2025-09-30,19773.41,1400.0,Met
57,2025-10-31,21141.49,1400.0,Met
57,2025-11-30,22279.62,1400.0,Met
57,2025-12-31,23398.71,1400.0,Met
57,2026-01-31,24717.01,1400.0,Met
57,2026-02-28,26023.34,1400.0,Met
57,2026-03-31,27065.78,1400.0,Met
57,2026-04-30,28224.74,1400.0,Met
57,2026-05-31,28302.53,437.11,Below-Target
57,2026-06-30,29432.74,1400.0,Met
57,2026-07-31,30768.97,1400.0,Met
57,2026-08-31,31137.96,401.03,Below-Target
58,2023-01-31,12858.18,1540.0,Met
58,2023-02-28,14226.09,1540.0,Met
58,2023-03-31,15564.92,1540.0,Met
58,2023-04-30,16874.15,1540.0,Met
58,2023-05-31,18001.29,1540.0,Met
58,2023-06-30,19272.01,1540.0,Met
58,2023-07-31,20690.9,1540.0,Met
58,2023-08-31,22050.97,1540.0,Met
58,2023-09-30,21704.43,0.0,Missed
58,2023-10-31,22511.52,826.76,Below-Target
58,2023-11-30,23788.17,1540.0,Met
58,2023-12-31,24897.38,1540.0,Met
58,2024-01-31,26195.1,139.72,Below-Target
58,2024-02-29,27590.18,160.04,Below-Target
58,2024-03-31,28789.8,1540.0,Met
58,2024-04-30,30144.2,1540.0,Met
58,2024-05-31,30616.07,615.46,Below-Target
58,2024-06-30,31880.81,1540.0,Met
58,2024-07-31,33320.23,1540.0,Met
58,2024-08-31,34808.58,1540.0,Met
58,2024-09-30,35918.85,1540.0,Met
58,2024-10-31,37376.13,1540.0,Met
58,2024-11-30,38908.23,1540.0,Met
58,2024-12-31,40427.22,1540.0,Met
58,2025-01-31,41850.36,1540.0,Met
58,2025-02-28,42941.03,1540.0,Met
58,2025-03-31,44256.68,1540.0,Met
58,2025-04-30,45390.13,1540.0,Met
58,2025-05-31,46606.72,1540.0,Met
58,2025-06-30,47929.09,1540.0,Met
58,2025-07-31,49398.21,1540.0,Met
58,2025-08-31,50666.5,1540.0,Met
58,2025-09-30,51923.31,1540.0,Met
58,2025-10-31,53219.91,1540.0,Met
58,2025-11-30,54522.59,1540.0,Met
58,2025-12-31,55722.86,1540.0,Met
58,2026-01-31,57161.52,1540.0,Met
58,2026-02-28,58512.18,1540.0,Met
58,2026-03-31,59707.93,1540.0,Met
58,2026-04-30,61219.11,1540.0,Met
58,2026-05-31,62668.23,1540.0,Met
58,2026-06-30,64052.69,1540.0,Met
58,2026-07-31,65505.58,1540.0,Met
58,2026-08-31,66896.92,1540.0,Met
59,2023-01-31,4165.59,1700.0,Met
59,2023-02-28,4989.45,1104.27,Below-Target
59,2023-03-31,6508.26,1700.0,Met
59,2023-04-30,7736.56,1700.0,Met
59,2023-05-31,8263.52,863.55,Below-Target
59,2023-06-30,9651.67,1700.0,Met
59,2023-07-31,11148.64,1700.0,Met
59,2023-08-31,12764.99,1700.0,Met
59,2023-09-30,14242.55,1700.0,Met
59,2023-10-31,15826.71,1700.0,Met
59,2023-11-30,16905.24,1184.0,Below-Target
59,2023-12-31,17566.71,858.0,Below-Target
59,2024-01-31,18777.24,1700.0,Met
59,2024-02-29,20230.58,1700.0,Met
59,2024-03-31,20469.91,410.81,Below-Target
59,2024-04-30,21848.05,1700.0,Met
59,2024-05-31,23134.27,1700.0,Met
59,2024-06-30,23613.59,682.12,Below-Target
59,2024-07-31,25092.22,1700.0,Met
59,2024-08-31,26395.96,1700.0,Met
59,2024-09-30,28058.02,1700.0,Met
59,2024-10-31,29500.04,1700.0,Met
59,2024-11-30,30741.0,1700.0,Met
59,2024-12-31,32363.3,1700.0,Met
59,2025-01-31,33630.23,1700.0,Met
59,2025-02-28,35216.09,1700.0,Met
59,2025-03-31,35641.97,731.92,Below-Target
59,2025-04-30,36265.13,789.1,Below-Target
59,2025-05-31,36873.81,965.84,Below-Target
59,2025-06-30,38117.03,1700.0,Met
59,2025-07-31,39768.59,1700.0,Met
59,2025-08-31,41083.28,1700.0,Met
59,2025-09-30,42362.26,1700.0,Met
59,2025-10-31,43738.51,1700.0,Met
59,2025-11-30,44086.05,784.25,Below-Target
59,2025-12-31,45659.9,1700.0,Met
59,2026-01-31,47294.91,1700.0,Met
59,2026-02-28,48507.08,1700.0,Met
59,2026-03-31,49738.79,1700.0,Met
59,2026-04-30,51259.09,1700.0,Met
59,2026-05-31,52663.52,1700.0,Met
59,2026-06-30,54237.58,1700.0,Met
59,2026-07-31,55759.11,1700.0,Met
59,2026-08-31,57084.55,1700.0,Met
60,2023-01-31,3621.05,1800.0,Met
60,2023-02-28,5217.54,1800.0,Met
60,2023-03-31,6573.67,1800.0,Met
60,2023-04-30,7961.26,1800.0,Met
60,2023-05-31,9570.15,1800.0,Met
60,2023-06-30,9812.64,484.53,Below-Target
60,2023-07-31,11338.74,1800.0,Met
60,2023-08-31,12624.43,1800.0,Met
60,2023-09-30,14303.73,1800.0,Met
60,2023-10-31,15868.75,1800.0,Met
60,2023-11-30,17256.19,1800.0,Met
60,2023-12-31,18577.43,1800.0,Met
60,2024-01-31,20049.2,1800.0,Met
60,2024-02-29,21510.4,1800.0,Met
60,2024-03-31,22977.04,1800.0,Met
60,2024-04-30,24243.27,1800.0,Met
60,2024-05-31,25630.46,1800.0,Met
60,2024-06-30,27216.43,1800.0,Met
60,2024-07-31,29014.35,1800.0,Met
60,2024-08-31,30567.42,1800.0,Met
60,2024-09-30,32098.48,1800.0,Met
60,2024-10-31,33528.26,1800.0,Met
60,2024-11-30,33995.13,615.8,Below-Target
60,2024-12-31,33890.62,0.0,Missed
60,2025-01-31,35418.42,1800.0,Met
60,2025-02-28,36996.51,1800.0,Met
60,2025-03-31,38343.51,1800.0,Met
60,2025-04-30,39803.36,1800.0,Met
60,2025-05-31,41207.5,1800.0,Met
60,2025-06-30,42719.56,1800.0,Met
60,2025-07-31,42561.36,0.0,Missed
60,2025-08-31,44346.26,453.74,Missed
60,2025-09-30,46140.93,1800.0,Met
60,2025-10-31,47582.97,1800.0,Met
60,2025-11-30,49169.94,1800.0,Met
60,2025-12-31,50448.92,1800.0,Met
60,2026-01-31,51769.6,1800.0,Met
60,2026-02-28,53354.43,1800.0,Met
60,2026-03-31,53333.32,0.0,Missed
60,2026-04-30,54834.77,1800.0,Met
60,2026-05-31,54917.08,376.27,Below-Target
60,2026-06-30,56266.96,1800.0,Met
60,2026-07-31,58010.6,1800.0,Met
60,2026-08-31,59510.21,1800.0,Met
61,2023-01-31,10217.27,1630.0,Met
61,2023-02-28,11685.96,1630.0,Met
61,2023-03-31,12917.52,1630.0,Met
61,2023-04-30,14244.9,1630.0,Met
61,2023-05-31,15746.83,1630.0,Met
61,2023-06-30,16613.05,1136.8,Below-Target
61,2023-07-31,17819.82,1630.0,Met
61,2023-08-31,18997.27,1630.0,Met
61,2023-09-30,20446.07,1630.0,Met
61,2023-10-31,22075.76,1630.0,Met
61,2023-11-30,23537.1,1630.0,Met
61,2023-12-31,24835.15,1630.0,Met
61,2024-01-31,26030.62,1630.0,Met
61,2024-02-29,27486.59,1630.0,Met
61,2024-03-31,28671.03,1630.0,Met
61,2024-04-30,28481.59,0.0,Missed
61,2024-05-31,29983.93,1630.0,Met
61,2024-06-30,31210.28,1630.0,Met
61,2024-07-31,30885.11,0.0,Missed
61,2024-08-31,31231.4,565.76,Below-Target
61,2024-09-30,32489.19,1630.0,Met
61,2024-10-31,33239.06,1069.5,Below-Target
61,2024-11-30,34789.84,1630.0,Met
61,2024-12-31,35755.54,980.97,Below-Target
61,2025-01-31,37285.76,1630.0,Met
61,2025-02-28,38579.36,1630.0,Met
61,2025-03-31,40076.65,1630.0,Met
61,2025-04-30,41242.25,1630.0,Met
61,2025-05-31,42578.14,1630.0,Met
61,2025-06-30,43090.64,646.62,Below-Target
61,2025-07-31,44514.31,1630.0,Met
61,2025-08-31,44718.83,652.71,Below-Target
61,2025-09-30,45889.17,1630.0,Met
61,2025-10-31,47134.13,1630.0,Met
61,2025-11-30,48605.89,1630.0,Met
61,2025-12-31,49943.78,1630.0,Met
61,2026-01-31,49925.41,437.6,Below-Target
61,2026-02-28,51465.32,1630.0,Met
61,2026-03-31,51889.23,427.78,Below-Target
61,2026-04-30,53063.55,1630.0,Met
61,2026-05-31,54549.35,1630.0,Met
61,2026-06-30,56052.88,1630.0,Met
61,2026-07-31,57242.41,1630.0,Met
61,2026-08-31,58731.3,1630.0,Met
62,2023-01-31,14021.39,1940.0,Met
62,2023-02-28,15862.03,1940.0,Met
62,2023-03-31,16732.27,1181.25,Below-Target
62,2023-04-30,18387.61,1940.0,Met
62,2023-05-31,20247.77,1940.0,Met
62,2023-06-30,21985.41,1940.0,Met
62,2023-07-31,23517.13,1940.0,Met
62,2023-08-31,24481.25,966.05,Below-Target
62,2023-09-30,26346.91,1940.0,Met
62,2023-10-31,28233.71,1940.0,Met
62,2023-11-30,29069.67,1289.42,Below-Target
62,2023-12-31,30556.41,1940.0,Met
62,2024-01-31,31931.92,1940.0,Met
62,2024-02-29,33624.22,1940.0,Met
62,2024-03-31,35190.26,1940.0,Met
62,2024-04-30,36770.88,1940.0,Met
62,2024-05-31,38296.28,1940.0,Met
62,2024-06-30,40047.29,1940.0,Met
62,2024-07-31,41598.17,1940.0,Met
62,2024-08-31,43048.3,1940.0,Met
62,2024-09-30,44488.24,1940.0,Met
62,2024-10-31,46360.93,1940.0,Met
62,2024-11-30,48016.18,1940.0,Met
62,2024-12-31,49695.08,1940.0,Met
62,2025-01-31,51101.83,1940.0,Met
62,2025-02-28,52671.25,1940.0,Met
62,2025-03-31,54262.47,1940.0,Met
62,2025-04-30,55938.18,1940.0,Met
62,2025-05-31,57744.13,1940.0,Met
62,2025-06-30,59559.1,1940.0,Met
62,2025-07-31,61325.92,1940.0,Met
62,2025-08-31,61927.22,1097.85,Below-Target
62,2025-09-30,63382.26,1940.0,Met
62,2025-10-31,63547.87,503.51,Below-Target
62,2025-11-30,64917.52,1940.0,Met
62,2025-12-31,66706.22,1940.0,Met
62,2026-01-31,67657.83,972.94,Below-Target
62,2026-02-28,69300.69,1940.0,Met
62,2026-03-31,71127.06,1940.0,Met
62,2026-04-30,72821.87,1940.0,Met
62,2026-05-31,73159.45,454.59,Below-Target
62,2026-06-30,73703.27,893.53,Below-Target
62,2026-07-31,75098.32,1940.0,Met
62,2026-08-31,76743.81,1940.0,Met
63,2025-12-31,14906.18,1610.0,Met
63,2026-01-31,16432.1,1610.0,Met
63,2026-02-28,17947.29,1610.0,Met
63,2026-03-31,19289.3,1610.0,Met
63,2026-04-30,20568.8,1610.0,Met
63,2026-05-31,22119.76,1610.0,Met
63,2026-06-30,23532.41,1610.0,Met
63,2026-07-31,23867.49,493.23,Below-Target
63,2026-08-31,25085.21,1610.0,Met
64,2023-01-31,13481.82,1520.0,Met
64,2023-02-28,13743.95,574.74,Below-Target
64,2023-03-31,15136.63,1520.0,Met
64,2023-04-30,16616.67,1520.0,Met
64,2023-05-31,17798.18,1520.0,Met
64,2023-06-30,18371.22,754.29,Below-Target
64,2023-07-31,19322.93,1054.07,Below-Target
64,2023-08-31,20780.66,1520.0,Met
64,2023-09-30,22183.49,1520.0,Met
64,2023-10-31,23341.49,1520.0,Met
64,2023-11-30,24448.34,1520.0,Met
64,2023-12-31,25700.42,1520.0,Met
64,2024-01-31,27207.2,1520.0,Met
64,2024-02-29,28705.21,1520.0,Met
64,2024-03-31,30070.04,1520.0,Met
64,2024-04-30,31582.31,1520.0,Met
64,2024-05-31,32207.34,936.82,Below-Target
64,2024-06-30,33683.93,1520.0,Met
64,2024-07-31,34932.86,1520.0,Met
64,2024-08-31,36320.39,1520.0,Met
64,2024-09-30,37543.74,1520.0,Met
64,2024-10-31,38728.07,1520.0,Met
64,2024-11-30,40012.45,1520.0,Met
64,2024-12-31,41104.19,1520.0,Met
64,2025-01-31,41666.88,771.45,Below-Target
64,2025-02-28,43109.04,1520.0,Met
64,2025-03-31,43341.49,585.91,Below-Target
64,2025-04-30,44571.88,467.05,Below-Target
64,2025-05-31,45747.95,1520.0,Met
64,2025-06-30,47031.6,1520.0,Met
64,2025-07-31,48281.49,1520.0,Met
64,2025-08-31,49768.91,1520.0,Met
64,2025-09-30,51077.89,1520.0,Met
64,2025-10-31,52296.78,1520.0,Met
64,2025-11-30,53528.95,1520.0,Met
64,2025-12-31,54986.18,1520.0,Met
64,2026-01-31,56420.67,1520.0,Met
64,2026-02-28,57548.57,1520.0,Met
64,2026-03-31,57781.42,655.21,Below-Target
64,2026-04-30,59060.14,1520.0,Met
64,2026-05-31,59413.88,503.65,Below-Target
64,2026-06-30,60812.64,1520.0,Met
64,2026-07-31,61093.17,627.35,Below-Target
64,2026-08-31,62159.49,1520.0,Met
65,2023-01-31,16553.23,1890.0,Met
65,2023-02-28,18426.4,1890.0,Met
65,2023-03-31,20122.65,1890.0,Met
65,2023-04-30,21708.52,1890.0,Met
65,2023-05-31,23270.72,1890.0,Met
65,2023-06-30,24601.75,1890.0,Met
65,2023-07-31,24519.19,453.4,Below-Target
65,2023-08-31,26402.75,1890.0,Met
65,2023-09-30,27128.1,1075.3,Below-Target
65,2023-10-31,28010.72,1290.94,Below-Target
65,2023-11-30,29806.07,1890.0,Met
65,2023-12-31,31430.71,1890.0,Met
65,2024-01-31,33141.75,1890.0,Met
65,2024-02-29,34790.65,1890.0,Met
65,2024-03-31,36562.87,1890.0,Met
65,2024-04-30,36937.91,731.12,Below-Target
65,2024-05-31,38405.77,1890.0,Met
65,2024-06-30,40284.05,1890.0,Met
65,2024-07-31,41629.06,1890.0,Met
65,2024-08-31,43044.97,1890.0,Met
65,2024-09-30,44863.22,1890.0,Met
65,2024-10-31,46330.16,1890.0,Met
65,2024-11-30,47893.75,1890.0,Met
65,2024-12-31,49738.49,1890.0,Met
65,2025-01-31,51142.2,1890.0,Met
65,2025-02-28,52707.02,1890.0,Met
65,2025-03-31,54520.81,1890.0,Met
65,2025-04-30,55091.17,708.34,Below-Target
65,2025-05-31,56655.73,1890.0,Met
65,2025-06-30,58359.7,1890.0,Met
65,2025-07-31,60192.4,1890.0,Met
65,2025-08-31,62012.65,1890.0,Met
65,2025-09-30,63868.06,1890.0,Met
65,2025-10-31,65637.76,1890.0,Met
65,2025-11-30,67300.7,1890.0,Met
65,2025-12-31,68109.26,1259.37,Below-Target
65,2026-01-31,69882.66,1890.0,Met
65,2026-02-28,71693.36,1890.0,Met
65,2026-03-31,73460.3,1890.0,Met
65,2026-04-30,74941.71,1890.0,Met
65,2026-05-31,76692.6,1890.0,Met
65,2026-06-30,78129.86,1890.0,Met
65,2026-07-31,80015.83,1890.0,Met
65,2026-08-31,81723.39,1890.0,Met
66,2023-01-31,14486.44,1590.0,Met
66,2023-02-28,15774.56,1590.0,Met
66,2023-03-31,17047.04,1590.0,Met
66,2023-04-30,18477.57,1590.0,Met
66,2023-05-31,19888.42,1590.0,Met
66,2023-06-30,21207.44,1590.0,Met
66,2023-07-31,22420.68,1590.0,Met
66,2023-08-31,23829.5,1590.0,Met
66,2023-09-30,24963.24,1590.0,Met
66,2023-10-31,26238.41,1590.0,Met
66,2023-11-30,27055.74,1042.26,Below-Target
66,2023-12-31,28632.3,1590.0,Met
66,2024-01-31,29938.72,1590.0,Met
66,2024-02-29,29628.6,0.0,Missed
66,2024-03-31,31054.93,1590.0,Met
66,2024-04-30,32560.46,1590.0,Met
66,2024-05-31,33765.41,1590.0,Met
66,2024-06-30,34965.7,1590.0,Met
66,2024-07-31,36519.19,1590.0,Met
66,2024-08-31,37000.57,813.64,Below-Target
66,2024-09-30,36846.34,137.08,Below-Target
66,2024-10-31,37014.44,591.14,Below-Target
66,2024-11-30,38461.52,1590.0,Met
66,2024-12-31,38635.52,352.07,Below-Target
66,2025-01-31,40135.41,1590.0,Met
66,2025-02-28,41724.83,1590.0,Met
66,2025-03-31,43212.76,1590.0,Met
66,2025-04-30,44570.65,1590.0,Met
66,2025-05-31,46096.58,1590.0,Met
66,2025-06-30,46982.52,1011.53,Below-Target
66,2025-07-31,48443.45,1590.0,Met
66,2025-08-31,49673.33,1590.0,Met
66,2025-09-30,51112.13,1590.0,Met
66,2025-10-31,52691.82,1590.0,Met
66,2025-11-30,53901.51,1590.0,Met
66,2025-12-31,55299.69,1590.0,Met
66,2026-01-31,56479.2,1590.0,Met
66,2026-02-28,57779.75,1590.0,Met
66,2026-03-31,57340.97,0.0,Missed
66,2026-04-30,58848.39,1590.0,Met
66,2026-05-31,60029.03,1590.0,Met
66,2026-06-30,60386.77,722.77,Below-Target
66,2026-07-31,61137.28,917.75,Below-Target
66,2026-08-31,61247.2,506.52,Below-Target
67,2023-01-31,7896.6,1880.0,Met
67,2023-02-28,8238.53,491.89,Below-Target
67,2023-03-31,9756.55,1880.0,Met
67,2023-04-30,11324.77,1880.0,Met
67,2023-05-31,13137.19,1880.0,Met
67,2023-06-30,14800.76,1880.0,Met
67,2023-07-31,15024.93,630.73,Below-Target
67,2023-08-31,15057.67,566.91,Below-Target
67,2023-09-30,16509.03,1880.0,Met
67,2023-10-31,17245.92,852.82,Below-Target
67,2023-11-30,18758.25,1880.0,Met
67,2023-12-31,20349.5,1880.0,Met
67,2024-01-31,22108.55,1880.0,Met
67,2024-02-29,23720.71,1880.0,Met
67,2024-03-31,25459.11,1880.0,Met
67,2024-04-30,27334.36,1880.0,Met
67,2024-05-31,28699.35,1880.0,Met
67,2024-06-30,29114.38,704.16,Below-Target
67,2024-07-31,30757.99,1880.0,Met
67,2024-08-31,32330.64,1880.0,Met
67,2024-09-30,34013.98,1880.0,Met
67,2024-10-31,35346.96,1880.0,Met
67,2024-11-30,35308.79,439.75,Below-Target
67,2024-12-31,35855.54,572.81,Below-Target
67,2025-01-31,37367.6,578.82,Missed
67,2025-02-28,39172.05,1880.0,Met
67,2025-03-31,40894.41,1880.0,Met
67,2025-04-30,42375.51,1880.0,Met
67,2025-05-31,43921.87,1880.0,Met
67,2025-06-30,45745.64,1880.0,Met
67,2025-07-31,47472.95,1880.0,Met
67,2025-08-31,47337.48,0.0,Missed
67,2025-09-30,49175.02,1880.0,Met
67,2025-10-31,50651.99,1880.0,Met
67,2025-11-30,51993.51,1880.0,Met
67,2025-12-31,52348.8,511.55,Below-Target
67,2026-01-31,52332.92,0.0,Missed
67,2026-02-28,53898.2,1880.0,Met
67,2026-03-31,55558.37,1880.0,Met
67,2026-04-30,56911.99,1880.0,Met
67,2026-05-31,58688.59,1880.0,Met
67,2026-06-30,60009.18,1880.0,Met
67,2026-07-31,61026.39,1121.84,Below-Target
67,2026-08-31,62436.93,1880.0,Met
68,2026-07-31,12841.36,1920.0,Met
68,2026-08-31,14454.02,1920.0,Met
69,2023-01-31,11455.76,1510.0,Met
69,2023-02-28,12920.81,1510.0,Met
69,2023-03-31,14408.04,1510.0,Met
69,2023-04-30,15670.63,1510.0,Met
69,2023-05-31,16884.91,1510.0,Met
69,2023-06-30,17973.63,1510.0,Met
69,2023-07-31,19469.23,1510.0,Met
69,2023-08-31,20620.26,1510.0,Met
69,2023-09-30,21766.69,1510.0,Met
69,2023-10-31,23244.94,1510.0,Met
69,2023-11-30,24569.54,1510.0,Met
69,2023-12-31,26065.42,1510.0,Met
69,2024-01-31,27359.88,1510.0,Met
69,2024-02-29,28842.73,1510.0,Met
69,2024-03-31,30290.87,1510.0,Met
69,2024-04-30,30035.79,0.0,Missed
69,2024-05-31,31184.06,1510.0,Met
69,2024-06-30,32485.01,1510.0,Met
69,2024-07-31,33642.26,1510.0,Met
69,2024-08-31,35074.5,1510.0,Met
69,2024-09-30,36492.0,1510.0,Met
69,2024-10-31,37745.43,1510.0,Met
69,2024-11-30,39041.34,1510.0,Met
69,2024-12-31,40374.74,1510.0,Met
69,2025-01-31,41830.4,1510.0,Met
69,2025-02-28,43225.39,1510.0,Met
69,2025-03-31,43936.86,838.01,Below-Target
69,2025-04-30,45396.18,1510.0,Met
69,2025-05-31,46648.21,1510.0,Met
69,2025-06-30,47708.47,1510.0,Met
69,2025-07-31,48840.56,1510.0,Met
69,2025-08-31,50211.76,1510.0,Met
69,2025-09-30,51276.35,1510.0,Met
69,2025-10-31,52684.16,1510.0,Met
69,2025-11-30,53806.02,1510.0,Met
69,2025-12-31,54044.16,401.47,Below-Target
69,2026-01-31,55374.18,1510.0,Met
69,2026-02-28,56802.15,1510.0,Met
69,2026-03-31,57270.63,505.76,Below-Target
69,2026-04-30,56856.65,0.0,Missed
69,2026-05-31,58358.94,1510.0,Met
69,2026-06-30,59532.86,1510.0,Met
69,2026-07-31,60661.18,1510.0,Met
69,2026-08-31,61236.69,585.75,Below-Target
70,2023-07-31,12343.19,1940.0,Met
70,2023-08-31,14152.44,1940.0,Met
70,2023-09-30,15854.42,1940.0,Met
70,2023-10-31,17443.66,1940.0,Met
70,2023-11-30,19059.37,1940.0,Met
70,2023-12-31,18665.28,0.0,Missed
70,2024-01-31,20404.52,1940.0,Met
70,2024-02-29,22004.43,1940.0,Met
70,2024-03-31,23721.95,1940.0,Met
70,2024-04-30,25600.08,1940.0,Met
70,2024-05-31,27354.03,1940.0,Met
70,2024-06-30,27816.22,952.0,Below-Target
70,2024-07-31,29506.04,1940.0,Met
70,2024-08-31,30448.39,1351.57,Below-Target
70,2024-09-30,31921.43,1940.0,Met
70,2024-10-31,32233.48,635.64,Below-Target
70,2024-11-30,33644.85,1940.0,Met
70,2024-12-31,35339.65,1940.0,Met
70,2025-01-31,37058.86,1940.0,Met
70,2025-02-28,38993.23,1940.0,Met
70,2025-03-31,40751.67,1940.0,Met
70,2025-04-30,42394.17,1940.0,Met
70,2025-05-31,43856.43,1940.0,Met
70,2025-06-30,45744.88,1940.0,Met
70,2025-07-31,47352.04,1940.0,Met
70,2025-08-31,48931.37,1940.0,Met
70,2025-09-30,50821.46,1940.0,Met
70,2025-10-31,52732.16,1940.0,Met
70,2025-11-30,54249.57,1940.0,Met
70,2025-12-31,55710.07,1940.0,Met
70,2026-01-31,56814.57,1333.25,Below-Target
70,2026-02-28,56450.63,0.0,Missed
70,2026-03-31,57030.34,1149.86,Below-Target
70,2026-04-30,58813.77,1940.0,Met
70,2026-05-31,60492.42,1940.0,Met
70,2026-06-30,60198.99,0.0,Missed
70,2026-07-31,61804.87,1940.0,Met
70,2026-08-31,63559.47,1940.0,Met
71,2023-01-31,8637.76,1380.0,Met
71,2023-02-28,9604.64,1380.0,Met
71,2023-03-31,10683.72,1380.0,Met
71,2023-04-30,11756.31,1380.0,Met
71,2023-05-31,12144.07,523.9,Below-Target
71,2023-06-30,12944.59,801.34,Below-Target
71,2023-07-31,14097.49,1380.0,Met
71,2023-08-31,15149.07,1380.0,Met
71,2023-09-30,16117.53,1380.0,Met
71,2023-10-31,17251.72,1380.0,Met
71,2023-11-30,18630.33,1380.0,Met
71,2023-12-31,19692.33,1380.0,Met
71,2024-01-31,21035.08,1380.0,Met
71,2024-02-29,22246.92,316.07,Below-Target
71,2024-03-31,23386.95,577.97,Missed
71,2024-04-30,23491.63,339.72,Below-Target
71,2024-05-31,24808.59,1380.0,Met
71,2024-06-30,25904.79,1380.0,Met
71,2024-07-31,27095.7,1380.0,Met
71,2024-08-31,27444.99,740.55,Below-Target
71,2024-09-30,28634.62,1380.0,Met
71,2024-10-31,29996.1,1380.0,Met
71,2024-11-30,31046.91,1380.0,Met
71,2024-12-31,32201.97,1380.0,Met
71,2025-01-31,32180.9,332.72,Below-Target
71,2025-02-28,32336.34,569.43,Below-Target
71,2025-03-31,33699.52,1380.0,Met
71,2025-04-30,34832.48,1380.0,Met
71,2025-05-31,35400.41,682.75,Below-Target
71,2025-06-30,36600.5,1380.0,Met
71,2025-07-31,37274.23,774.88,Below-Target
71,2025-08-31,38269.39,1380.0,Met
71,2025-09-30,39614.13,1380.0,Met
71,2025-10-31,40744.02,1380.0,Met
71,2025-11-30,41836.58,1380.0,Met
71,2025-12-31,43157.99,1380.0,Met
71,2026-01-31,44204.78,1380.0,Met
71,2026-02-28,45577.26,1380.0,Met
71,2026-03-31,46624.02,1380.0,Met
71,2026-04-30,47975.7,1380.0,Met
71,2026-05-31,49039.97,1380.0,Met
71,2026-06-30,50249.77,1380.0,Met
71,2026-07-31,51474.49,1380.0,Met
71,2026-08-31,52607.24,1380.0,Met
72,2023-01-31,6097.45,646.4,Below-Target
72,2023-02-28,7604.97,1920.0,Met
72,2023-03-31,9207.86,1920.0,Met
72,2023-04-30,10756.94,1920.0,Met
72,2023-05-31,12596.72,1920.0,Met
72,2023-06-30,13992.42,1920.0,Met
72,2023-07-31,15824.75,1920.0,Met
72,2023-08-31,17616.59,1920.0,Met
72,2023-09-30,19005.26,1920.0,Met
72,2023-10-31,20924.61,1920.0,Met
72,2023-11-30,20699.35,0.0,Missed
72,2023-12-31,22419.68,1920.0,Met
72,2024-01-31,22883.92,861.01,Below-Target
72,2024-02-29,23261.94,832.87,Below-Target
72,2024-03-31,24622.68,1920.0,Met
72,2024-04-30,26450.65,1920.0,Met
72,2024-05-31,26903.56,714.66,Below-Target
72,2024-06-30,28773.34,1920.0,Met
72,2024-07-31,30121.67,1920.0,Met
72,2024-08-31,31961.32,1920.0,Met
72,2024-09-30,33819.58,1920.0,Met
72,2024-10-31,35498.42,1920.0,Met
72,2024-11-30,37316.65,1920.0,Met
72,2024-12-31,39048.09,1920.0,Met
72,2025-01-31,40802.86,1920.0,Met
72,2025-02-28,41059.72,765.68,Below-Target
72,2025-03-31,42633.19,1920.0,Met
72,2025-04-30,44400.84,1920.0,Met
72,2025-05-31,46289.86,1920.0,Met
72,2025-06-30,48070.29,1920.0,Met
72,2025-07-31,49940.37,1920.0,Met
72,2025-08-31,51354.08,1920.0,Met
72,2025-09-30,51409.81,576.48,Below-Target
72,2025-10-31,52759.45,1920.0,Met
72,2025-11-30,54639.91,1920.0,Met
72,2025-12-31,56543.0,1920.0,Met
72,2026-01-31,57423.61,1292.64,Below-Target
72,2026-02-28,58920.0,1920.0,Met
72,2026-03-31,60652.74,1920.0,Met
72,2026-04-30,60208.12,541.28,Below-Target
72,2026-05-31,61567.35,147.69,Below-Target
72,2026-06-30,63267.41,1920.0,Met
72,2026-07-31,64683.23,1920.0,Met
72,2026-08-31,66088.38,1920.0,Met
73,2023-01-31,16177.72,1560.0,Met
73,2023-02-28,17558.56,1560.0,Met
73,2023-03-31,17508.45,0.0,Missed
73,2023-04-30,18957.72,1560.0,Met
73,2023-05-31,20181.14,1560.0,Met
73,2023-06-30,21281.08,1560.0,Met
73,2023-07-31,21136.41,0.0,Missed
73,2023-08-31,21487.13,514.39,Below-Target
73,2023-09-30,21448.25,0.0,Missed
73,2023-10-31,21197.98,0.0,Missed
73,2023-11-30,22609.23,1560.0,Met
73,2023-12-31,23851.28,1560.0,Met
73,2024-01-31,24598.69,833.18,Below-Target
73,2024-02-29,26156.91,1560.0,Met
73,2024-03-31,27521.14,1560.0,Met
73,2024-04-30,28643.58,1560.0,Met
73,2024-05-31,29120.59,922.87,Below-Target
73,2024-06-30,29612.07,527.33,Below-Target
73,2024-07-31,30196.29,997.87,Below-Target
73,2024-08-31,31500.87,1560.0,Met
73,2024-09-30,32665.73,1560.0,Met
73,2024-10-31,34088.39,1560.0,Met
73,2024-11-30,35610.71,1560.0,Met
73,2024-12-31,37142.59,1560.0,Met
73,2025-01-31,38695.55,1560.0,Met
73,2025-02-28,39819.07,1560.0,Met
73,2025-03-31,41237.12,1560.0,Met
73,2025-04-30,42332.2,1560.0,Met
73,2025-05-31,42273.44,0.0,Missed
73,2025-06-30,43706.2,1560.0,Met
73,2025-07-31,45241.09,1560.0,Met
73,2025-08-31,46389.86,1560.0,Met
73,2025-09-30,47693.54,1560.0,Met
73,2025-10-31,47965.8,429.64,Below-Target
73,2025-11-30,49131.05,1560.0,Met
73,2025-12-31,50339.48,1560.0,Met
73,2026-01-31,51779.31,1560.0,Met
73,2026-02-28,53331.26,1560.0,Met
73,2026-03-31,54567.89,1560.0,Met
73,2026-04-30,55827.05,1560.0,Met
73,2026-05-31,57329.15,1560.0,Met
73,2026-06-30,58602.52,1560.0,Met
73,2026-07-31,59906.66,1560.0,Met
73,2026-08-31,61397.98,1560.0,Met
74,2023-04-30,5702.41,596.9,Below-Target
74,2023-05-31,6888.93,1440.0,Met
74,2023-06-30,7951.18,1440.0,Met
74,2023-07-31,9313.95,1440.0,Met
74,2023-08-31,10530.68,1440.0,Met
74,2023-09-30,11789.34,1440.0,Met
74,2023-10-31,13054.31,1440.0,Met
74,2023-11-30,14159.89,1440.0,Met
74,2023-12-31,15557.41,1440.0,Met
74,2024-01-31,16978.51,1440.0,Met
74,2024-02-29,18066.35,1440.0,Met
74,2024-03-31,19421.65,1440.0,Met
74,2024-04-30,20826.11,1440.0,Met
74,2024-05-31,22159.35,1440.0,Met
74,2024-06-30,23293.39,1440.0,Met
74,2024-07-31,24469.31,1440.0,Met
74,2024-08-31,24286.19,0.0,Missed
74,2024-09-30,24685.32,460.6,Below-Target
74,2024-10-31,25848.04,1440.0,Met
74,2024-11-30,27265.2,1440.0,Met
74,2024-12-31,28634.72,1440.0,Met
74,2025-01-31,28547.61,0.0,Missed
74,2025-02-28,29749.68,1440.0,Met
74,2025-03-31,30928.58,1440.0,Met
74,2025-04-30,30893.94,0.0,Missed
74,2025-05-31,32319.93,1440.0,Met
74,2025-06-30,33631.27,1440.0,Met
74,2025-07-31,34400.86,873.57,Below-Target
74,2025-08-31,35626.42,1440.0,Met
74,2025-09-30,36711.04,1440.0,Met
74,2025-10-31,37911.38,1440.0,Met
74,2025-11-30,39027.72,1440.0,Met
74,2025-12-31,39479.31,833.52,Below-Target
74,2026-01-31,40492.63,1440.0,Met
74,2026-02-28,41623.63,1440.0,Met
74,2026-03-31,41195.68,0.0,Missed
74,2026-04-30,42524.06,1440.0,Met
74,2026-05-31,43840.99,1440.0,Met
74,2026-06-30,43639.39,0.0,Missed
74,2026-07-31,44704.7,1440.0,Met
74,2026-08-31,45412.07,740.65,Below-Target
75,2023-01-31,15993.42,1710.0,Met
75,2023-02-28,17642.18,1710.0,Met
75,2023-03-31,19266.78,1710.0,Met
75,2023-04-30,20531.89,1710.0,Met
75,2023-05-31,21859.87,1710.0,Met
75,2023-06-30,23170.04,1710.0,Met
75,2023-07-31,24851.19,1710.0,Met
75,2023-08-31,26503.76,1710.0,Met
75,2023-09-30,27994.84,1710.0,Met
75,2023-10-31,29442.19,1710.0,Met
75,2023-11-30,30911.09,1710.0,Met
75,2023-12-31,31260.01,452.96,Below-Target
75,2024-01-31,32581.07,1710.0,Met
75,2024-02-29,34093.98,1710.0,Met
75,2024-03-31,35406.46,1710.0,Met
75,2024-04-30,36867.57,1710.0,Met
75,2024-05-31,36793.47,376.47,Below-Target
75,2024-06-30,38449.07,1710.0,Met
75,2024-07-31,38799.61,497.66,Below-Target
75,2024-08-31,40138.82,1710.0,Met
75,2024-09-30,41446.43,1710.0,Met
75,2024-10-31,42658.68,1710.0,Met
75,2024-11-30,44281.62,1710.0,Met
75,2024-12-31,45546.27,1710.0,Met
75,2025-01-31,46862.27,1710.0,Met
75,2025-02-28,48369.5,1710.0,Met
75,2025-03-31,49581.75,1710.0,Met
75,2025-04-30,50991.6,1710.0,Met
75,2025-05-31,52504.38,1710.0,Met
75,2025-06-30,54018.2,1710.0,Met
75,2025-07-31,55494.33,1710.0,Met
75,2025-08-31,56962.11,1710.0,Met
75,2025-09-30,58445.12,1710.0,Met
75,2025-10-31,60121.11,1710.0,Met
75,2025-11-30,61770.37,1710.0,Met
75,2025-12-31,62976.33,1710.0,Met
75,2026-01-31,63432.23,937.92,Below-Target
75,2026-02-28,63822.53,418.47,Below-Target
75,2026-03-31,65323.96,1710.0,Met
75,2026-04-30,66959.48,1710.0,Met
75,2026-05-31,68423.06,1710.0,Met
75,2026-06-30,70031.68,1710.0,Met
75,2026-07-31,71258.94,1710.0,Met
75,2026-08-31,72700.8,1710.0,Met
76,2025-03-31,6965.43,1760.0,Met
76,2025-04-30,8330.46,1760.0,Met
76,2025-05-31,9806.29,1760.0,Met
76,2025-06-30,11493.98,1760.0,Met
76,2025-07-31,13099.36,1760.0,Met
76,2025-08-31,14846.91,1760.0,Met
76,2025-09-30,16550.34,1760.0,Met
76,2025-10-31,17882.99,1760.0,Met
76,2025-11-30,19634.82,1760.0,Met
76,2025-12-31,19974.76,393.23,Below-Target
76,2026-01-31,20278.57,683.81,Below-Target
76,2026-02-28,21661.42,1760.0,Met
76,2026-03-31,21292.73,0.0,Missed
76,2026-04-30,22633.4,1760.0,Met
76,2026-05-31,23935.24,1760.0,Met
76,2026-06-30,25521.0,1760.0,Met
76,2026-07-31,27233.1,1760.0,Met
76,2026-08-31,28984.08,1760.0,Met
77,2024-01-31,4629.95,1500.0,Met
77,2024-02-29,5784.03,345.64,Below-Target
77,2024-03-31,7056.53,1500.0,Met
77,2024-04-30,8202.27,1500.0,Met
77,2024-05-31,8381.37,391.71,Below-Target
77,2024-06-30,9736.94,1500.0,Met
77,2024-07-31,10848.04,1500.0,Met
77,2024-08-31,12001.35,1500.0,Met
77,2024-09-30,12833.77,980.71,Below-Target
77,2024-10-31,14228.38,1500.0,Met
77,2024-11-30,15475.13,1500.0,Met
77,2024-12-31,16821.52,1500.0,Met
77,2025-01-31,18152.15,1500.0,Met
77,2025-02-28,18184.21,334.21,Below-Target
77,2025-03-31,19611.86,1500.0,Met
77,2025-04-30,21103.37,1500.0,Met
77,2025-05-31,22471.65,1500.0,Met
77,2025-06-30,23592.49,1500.0,Met
77,2025-07-31,24966.41,1500.0,Met
77,2025-08-31,26255.56,1500.0,Met
77,2025-09-30,27726.46,1500.0,Met
77,2025-10-31,29019.15,1500.0,Met
77,2025-11-30,30294.13,1500.0,Met
77,2025-12-31,31621.21,1500.0,Met
77,2026-01-31,32827.66,1500.0,Met
77,2026-02-28,34039.11,1500.0,Met
77,2026-03-31,35240.05,1500.0,Met
77,2026-04-30,36696.08,1500.0,Met
77,2026-05-31,37755.66,1500.0,Met
77,2026-06-30,38906.32,1500.0,Met
77,2026-07-31,39395.9,522.38,Below-Target
77,2026-08-31,40514.9,1500.0,Met
78,2023-09-30,12598.67,1610.0,Met
78,2023-10-31,14125.23,1610.0,Met
78,2023-11-30,15372.14,1610.0,Met
78,2023-12-31,16787.57,1610.0,Met
78,2024-01-31,18179.8,1610.0,Met
78,2024-02-29,19387.02,1610.0,Met
78,2024-03-31,19170.3,0.0,Missed
78,2024-04-30,20714.56,1610.0,Met
78,2024-05-31,21893.55,1610.0,Met
78,2024-06-30,23434.09,1610.0,Met
78,2024-07-31,24106.93,1014.03,Below-Target
78,2024-08-31,24331.65,489.64,Below-Target
78,2024-09-30,24702.68,705.09,Below-Target
78,2024-10-31,26252.12,1610.0,Met
78,2024-11-30,26677.86,669.15,Below-Target
78,2024-12-31,28262.69,1610.0,Met
78,2025-01-31,28758.32,880.74,Below-Target
78,2025-02-28,29916.17,1610.0,Met
78,2025-03-31,29630.56,0.0,Missed
78,2025-04-30,31212.77,1610.0,Met
78,2025-05-31,32643.81,1610.0,Met
78,2025-06-30,34250.9,1610.0,Met
78,2025-07-31,35528.93,1610.0,Met
78,2025-08-31,36267.2,808.21,Below-Target
78,2025-09-30,37675.25,1610.0,Met
78,2025-10-31,38848.23,1610.0,Met
78,2025-11-30,40241.18,1610.0,Met
78,2025-12-31,39866.12,0.0,Missed
78,2026-01-31,41146.81,1610.0,Met
78,2026-02-28,42558.06,1610.0,Met
78,2026-03-31,43939.27,1610.0,Met
78,2026-04-30,45325.46,1610.0,Met
78,2026-05-31,46769.18,1610.0,Met
78,2026-06-30,47968.37,1610.0,Met
78,2026-07-31,49161.71,1610.0,Met
78,2026-08-31,50394.36,1610.0,Met
79,2023-01-31,5687.72,758.48,Below-Target
79,2023-02-28,7350.13,1730.0,Met
79,2023-03-31,8986.57,1730.0,Met
79,2023-04-30,10625.52,1730.0,Met
79,2023-05-31,12105.29,1730.0,Met
79,2023-06-30,13796.36,1730.0,Met
79,2023-07-31,15333.82,1730.0,Met
79,2023-08-31,15985.61,714.43,Below-Target
79,2023-09-30,17496.11,1730.0,Met
79,2023-10-31,19073.25,1730.0,Met
79,2023-11-30,20521.33,1730.0,Met
79,2023-12-31,22112.13,1730.0,Met
79,2024-01-31,23542.6,1730.0,Met
79,2024-02-29,25078.08,466.81,Missed
79,2024-03-31,25651.0,1068.75,Below-Target
79,2024-04-30,27077.64,1730.0,Met
79,2024-05-31,28710.49,1730.0,Met
79,2024-06-30,29186.18,992.05,Below-Target
79,2024-07-31,28773.72,0.0,Missed
79,2024-08-31,29986.34,1730.0,Met
79,2024-09-30,30285.52,505.49,Below-Target
79,2024-10-31,31975.33,1730.0,Met
79,2024-11-30,33692.21,1730.0,Met
79,2024-12-31,35181.11,1730.0,Met
79,2025-01-31,35431.7,362.72,Below-Target
79,2025-02-28,35224.07,0.0,Missed
79,2025-03-31,36493.67,1730.0,Met
79,2025-04-30,38045.95,1730.0,Met
79,2025-05-31,39758.88,1730.0,Met
79,2025-06-30,41380.58,1730.0,Met
79,2025-07-31,42872.44,1730.0,Met
79,2025-08-31,44457.29,1730.0,Met
79,2025-09-30,45744.68,1730.0,Met
79,2025-10-31,46179.47,727.09,Below-Target
79,2025-11-30,47684.62,1730.0,Met
79,2025-12-31,49126.47,1730.0,Met
79,2026-01-31,50359.32,1730.0,Met
79,2026-02-28,51882.91,1730.0,Met
79,2026-03-31,52372.8,570.99,Below-Target
79,2026-04-30,53724.69,1730.0,Met
79,2026-05-31,55169.22,1730.0,Met
79,2026-06-30,56585.94,1730.0,Met
79,2026-07-31,58199.23,1730.0,Met
79,2026-08-31,59847.23,1730.0,Met
80,2023-01-31,13131.07,1720.0,Met
80,2023-02-28,14555.61,1720.0,Met
80,2023-03-31,14754.17,535.1,Below-Target
80,2023-04-30,16075.61,1720.0,Met
80,2023-05-31,17764.91,1720.0,Met
80,2023-06-30,18493.32,961.93,Below-Target
80,2023-07-31,19788.1,1720.0,Met
80,2023-08-31,21422.34,1720.0,Met
80,2023-09-30,22958.7,1720.0,Met
80,2023-10-31,24426.25,1720.0,Met
80,2023-11-30,25822.92,1720.0,Met
80,2023-12-31,27309.36,1720.0,Met
80,2024-01-31,28586.03,1720.0,Met
80,2024-02-29,29884.94,1720.0,Met
80,2024-03-31,31349.44,1720.0,Met
80,2024-04-30,32856.44,1720.0,Met
80,2024-05-31,33064.79,489.9,Below-Target
80,2024-06-30,34308.85,1720.0,Met
80,2024-07-31,35594.17,1720.0,Met
80,2024-08-31,37290.2,1720.0,Met
80,2024-09-30,38970.08,1720.0,Met
80,2024-10-31,40264.24,1720.0,Met
80,2024-11-30,41564.29,1720.0,Met
80,2024-12-31,43140.07,1720.0,Met
80,2025-01-31,44388.51,1720.0,Met
80,2025-02-28,46019.06,1720.0,Met
80,2025-03-31,47245.19,1720.0,Met
80,2025-04-30,48875.76,1720.0,Met
80,2025-05-31,48749.51,0.0,Missed
80,2025-06-30,50390.06,1720.0,Met
80,2025-07-31,51773.64,1720.0,Met
80,2025-08-31,53053.23,1720.0,Met
80,2025-09-30,54454.24,1720.0,Met
80,2025-10-31,55663.76,1720.0,Met
80,2025-11-30,56972.91,1720.0,Met
80,2025-12-31,58675.68,1720.0,Met
80,2026-01-31,59099.66,843.57,Below-Target
80,2026-02-28,60672.68,1720.0,Met
80,2026-03-31,62070.81,1720.0,Met
80,2026-04-30,63664.08,1720.0,Met
80,2026-05-31,64134.3,597.31,Below-Target
80,2026-06-30,64919.25,853.2,Below-Target
80,2026-07-31,66625.5,1720.0,Met
80,2026-08-31,67963.44,1720.0,Met
81,2023-01-31,16787.19,1860.0,Met
81,2023-02-28,16636.83,0.0,Missed
81,2023-03-31,18406.61,1860.0,Met
81,2023-04-30,20018.67,1860.0,Met
81,2023-05-31,21544.74,1860.0,Met
81,2023-06-30,22916.73,1860.0,Met
81,2023-07-31,24702.02,1860.0,Met
81,2023-08-31,26482.43,1860.0,Met
81,2023-09-30,26258.4,0.0,Missed
81,2023-10-31,27861.84,1860.0,Met
81,2023-11-30,29566.8,1860.0,Met
81,2023-12-31,31418.49,1860.0,Met
81,2024-01-31,32846.11,1860.0,Met
81,2024-02-29,34654.27,1860.0,Met
81,2024-03-31,36264.21,1860.0,Met
81,2024-04-30,37679.58,1860.0,Met
81,2024-05-31,39438.69,1860.0,Met
81,2024-06-30,40906.42,1860.0,Met
81,2024-07-31,42558.63,1860.0,Met
81,2024-08-31,44347.15,1860.0,Met
81,2024-09-30,45676.61,1860.0,Met
81,2024-10-31,47452.27,1860.0,Met
81,2024-11-30,48187.31,957.49,Below-Target
81,2024-12-31,49546.62,1860.0,Met
81,2025-01-31,51392.44,1860.0,Met
81,2025-02-28,53185.22,1860.0,Met
81,2025-03-31,54917.68,1860.0,Met
81,2025-04-30,56446.73,1860.0,Met
81,2025-05-31,57816.05,1860.0,Met
81,2025-06-30,58404.69,665.33,Below-Target
81,2025-07-31,60171.94,1860.0,Met
81,2025-08-31,61834.5,1860.0,Met
81,2025-09-30,63509.32,1860.0,Met
81,2025-10-31,65316.82,1860.0,Met
81,2025-11-30,66746.1,1860.0,Met
81,2025-12-31,68249.07,1860.0,Met
81,2026-01-31,69737.34,1860.0,Met
81,2026-02-28,71122.29,1860.0,Met
81,2026-03-31,72652.36,1860.0,Met
81,2026-04-30,74366.76,1860.0,Met
81,2026-05-31,76155.98,1860.0,Met
81,2026-06-30,77875.74,1860.0,Met
81,2026-07-31,79194.06,1860.0,Met
81,2026-08-31,80922.22,1860.0,Met
82,2025-11-30,14037.71,1750.0,Met
82,2025-12-31,15504.37,1750.0,Met
82,2026-01-31,17159.7,1750.0,Met
82,2026-02-28,17111.07,356.5,Below-Target
82,2026-03-31,18839.31,1750.0,Met
82,2026-04-30,20388.65,1750.0,Met
82,2026-05-31,21633.79,1750.0,Met
82,2026-06-30,22337.47,1012.86,Below-Target
82,2026-07-31,22111.72,0.0,Missed
82,2026-08-31,23403.6,1750.0,Met
83,2023-01-31,15777.71,1770.0,Met
83,2023-02-28,17393.81,1770.0,Met
83,2023-03-31,19133.37,1770.0,Met
83,2023-04-30,20565.37,1770.0,Met
83,2023-05-31,22144.59,1770.0,Met
83,2023-06-30,23812.58,1770.0,Met
83,2023-07-31,25491.36,1770.0,Met
83,2023-08-31,26889.94,1770.0,Met
83,2023-09-30,28406.21,1770.0,Met
83,2023-10-31,30084.93,1770.0,Met
83,2023-11-30,31713.62,1770.0,Met
83,2023-12-31,33133.98,1770.0,Met
83,2024-01-31,34711.54,1770.0,Met
83,2024-02-29,35490.05,1117.1,Below-Target
83,2024-03-31,37061.86,1770.0,Met
83,2024-04-30,38623.82,1770.0,Met
83,2024-05-31,40302.16,1770.0,Met
83,2024-06-30,40607.35,361.63,Below-Target
83,2024-07-31,41990.07,1770.0,Met
83,2024-08-31,43422.55,1770.0,Met
83,2024-09-30,44723.72,1770.0,Met
83,2024-10-31,46402.33,1770.0,Met
83,2024-11-30,47859.58,1770.0,Met
83,2024-12-31,49533.85,1770.0,Met
83,2025-01-31,50851.93,1770.0,Met
83,2025-02-28,52535.63,1770.0,Met
83,2025-03-31,52664.27,431.16,Below-Target
83,2025-04-30,54428.19,1770.0,Met
83,2025-05-31,55825.34,1770.0,Met
83,2025-06-30,57504.94,1770.0,Met
83,2025-07-31,59253.83,1770.0,Met
83,2025-08-31,61023.7,1770.0,Met
83,2025-09-30,61727.31,1143.29,Below-Target
83,2025-10-31,63188.95,1770.0,Met
83,2025-11-30,64860.66,1770.0,Met
83,2025-12-31,66479.3,1770.0,Met
83,2026-01-31,67868.48,1770.0,Met
83,2026-02-28,69611.98,1770.0,Met
83,2026-03-31,71076.7,1770.0,Met
83,2026-04-30,72441.54,1770.0,Met
83,2026-05-31,74117.21,1770.0,Met
83,2026-06-30,75443.11,1770.0,Met
83,2026-07-31,76708.85,1770.0,Met
83,2026-08-31,78026.34,1770.0,Met
84,2026-08-31,12781.53,1760.0,Met
85,2024-11-30,10239.27,1700.0,Met
85,2024-12-31,11795.97,1700.0,Met
85,2025-01-31,13146.58,1700.0,Met
85,2025-02-28,14417.9,1700.0,Met
85,2025-03-31,15895.58,1700.0,Met
85,2025-04-30,17452.08,1700.0,Met
85,2025-05-31,18788.33,1700.0,Met
85,2025-06-30,20480.82,1700.0,Met
85,2025-07-31,21944.68,1700.0,Met
85,2025-08-31,23428.61,1700.0,Met
85,2025-09-30,24911.55,1700.0,Met
85,2025-10-31,26497.85,1700.0,Met
85,2025-11-30,27696.5,1700.0,Met
85,2025-12-31,28646.55,1008.53,Below-Target
85,2026-01-31,29942.34,1700.0,Met
85,2026-02-28,31278.94,1700.0,Met
85,2026-03-31,31126.11,0.0,Missed
85,2026-04-30,31875.78,948.1,Below-Target
85,2026-05-31,33159.05,1700.0,Met
85,2026-06-30,34477.13,1700.0,Met
85,2026-07-31,35940.53,1700.0,Met
85,2026-08-31,37442.47,1700.0,Met
86,2023-01-31,6271.53,0.0,Missed
86,2023-02-28,7686.44,1620.0,Met
86,2023-03-31,8922.48,1620.0,Met
86,2023-04-30,10454.97,1620.0,Met
86,2023-05-31,10057.04,0.0,Missed
86,2023-06-30,10806.15,979.17,Below-Target
86,2023-07-31,10943.69,405.07,Below-Target
86,2023-08-31,12521.63,1620.0,Met
86,2023-09-30,13073.19,825.98,Below-Target
86,2023-10-31,14354.29,1620.0,Met
86,2023-11-30,15892.3,1620.0,Met
86,2023-12-31,17295.89,1620.0,Met
86,2024-01-31,18785.97,1620.0,Met
86,2024-02-29,20324.22,1620.0,Met
86,2024-03-31,21736.02,1620.0,Met
86,2024-04-30,23260.58,1620.0,Met
86,2024-05-31,23830.35,787.81,Below-Target
86,2024-06-30,25445.11,1620.0,Met
86,2024-07-31,26922.51,1620.0,Met
86,2024-08-31,28180.27,1620.0,Met
86,2024-09-30,29430.39,1620.0,Met
86,2024-10-31,30774.43,1620.0,Met
86,2024-11-30,32167.17,1620.0,Met
86,2024-12-31,33576.31,1620.0,Met
86,2025-01-31,35165.59,1620.0,Met
86,2025-02-28,36320.35,1620.0,Met
86,2025-03-31,37829.96,1620.0,Met
86,2025-04-30,38508.78,830.92,Below-Target
86,2025-05-31,39998.57,1620.0,Met
86,2025-06-30,41265.68,1620.0,Met
86,2025-07-31,42506.49,1620.0,Met
86,2025-08-31,43720.57,1620.0,Met
86,2025-09-30,44961.0,1620.0,Met
86,2025-10-31,46543.26,1620.0,Met
86,2025-11-30,48139.0,1620.0,Met
86,2025-12-31,49444.29,1620.0,Met
86,2026-01-31,51018.67,1620.0,Met
86,2026-02-28,52393.15,1620.0,Met
86,2026-03-31,52826.14,536.16,Below-Target
86,2026-04-30,54092.46,1620.0,Met
86,2026-05-31,55346.77,1620.0,Met
86,2026-06-30,56280.03,1104.05,Below-Target
86,2026-07-31,57464.53,1620.0,Met
86,2026-08-31,57468.8,430.41,Below-Target
87,2024-02-29,12870.26,1460.0,Met
87,2024-03-31,13572.16,862.97,Below-Target
87,2024-04-30,14728.19,1460.0,Met
87,2024-05-31,15830.57,1460.0,Met
87,2024-06-30,17040.36,1460.0,Met
87,2024-07-31,17233.03,400.88,Below-Target
87,2024-08-31,18440.36,1460.0,Met
87,2024-09-30,19560.0,1460.0,Met
87,2024-10-31,21002.04,19.52,Missed
87,2024-11-30,22093.57,71.14,Missed
87,2024-12-31,23544.62,1460.0,Met
87,2025-01-31,23385.48,0.0,Missed
87,2025-02-28,24657.84,1460.0,Met
87,2025-03-31,26101.85,1460.0,Met
87,2025-04-30,27367.29,1460.0,Met
87,2025-05-31,27983.96,724.26,Below-Target
87,2025-06-30,29232.39,1460.0,Met
87,2025-07-31,30599.98,1460.0,Met
87,2025-08-31,31853.68,1460.0,Met
87,2025-09-30,32917.39,1460.0,Met
87,2025-10-31,34317.98,1460.0,Met
87,2025-11-30,35593.74,1460.0,Met
87,2025-12-31,35981.07,639.02,Below-Target
87,2026-01-31,37405.47,1460.0,Met
87,2026-02-28,38641.26,1460.0,Met
87,2026-03-31,39879.16,1460.0,Met
87,2026-04-30,41119.12,1460.0,Met
87,2026-05-31,42317.29,1460.0,Met
87,2026-06-30,42562.83,574.66,Below-Target
87,2026-07-31,43933.32,1460.0,Met
87,2026-08-31,45319.23,1460.0,Met
88,2023-01-31,9746.85,1410.0,Met
88,2023-02-28,10739.17,1410.0,Met
88,2023-03-31,11792.23,1410.0,Met
88,2023-04-30,12932.49,1410.0,Met
88,2023-05-31,13540.03,876.91,Below-Target
88,2023-06-30,14891.23,1410.0,Met
88,2023-07-31,16108.59,1410.0,Met
88,2023-08-31,17156.31,1410.0,Met
88,2023-09-30,18270.14,1410.0,Met
88,2023-10-31,19314.53,1410.0,Met
88,2023-11-30,20537.23,1410.0,Met
88,2023-12-31,21860.12,1410.0,Met
88,2024-01-31,22509.57,819.59,Below-Target
88,2024-02-29,23525.79,1410.0,Met
88,2024-03-31,24563.69,1410.0,Met
88,2024-04-30,25574.59,1410.0,Met
88,2024-05-31,26909.59,1410.0,Met
88,2024-06-30,27749.42,873.71,Below-Target
88,2024-07-31,27404.08,0.0,Missed
88,2024-08-31,27794.25,627.83,Below-Target
88,2024-09-30,29067.68,1410.0,Met
88,2024-10-31,29153.34,425.87,Below-Target
88,2024-11-30,30369.8,1410.0,Met
88,2024-12-31,30477.2,286.28,Below-Target
88,2025-01-31,31117.18,712.58,Below-Target
88,2025-02-28,32460.46,1410.0,Met
88,2025-03-31,33576.28,1410.0,Met
88,2025-04-30,34582.87,1410.0,Met
88,2025-05-31,35618.82,1410.0,Met
88,2025-06-30,36928.4,1410.0,Met
88,2025-07-31,38047.76,1410.0,Met
88,2025-08-31,39164.9,1410.0,Met
88,2025-09-30,40423.13,1410.0,Met
88,2025-10-31,41419.27,1410.0,Met
88,2025-11-30,42408.86,1410.0,Met
88,2025-12-31,43792.0,1410.0,Met
88,2026-01-31,44974.17,1410.0,Met
88,2026-02-28,46228.56,1410.0,Met
88,2026-03-31,46004.16,0.0,Missed
88,2026-04-30,45889.29,0.0,Missed
88,2026-05-31,47082.45,1410.0,Met
88,2026-06-30,48213.82,1410.0,Met
88,2026-07-31,49600.85,1410.0,Met
88,2026-08-31,50642.18,1410.0,Met
89,2023-01-31,12004.94,1380.0,Met
89,2023-02-28,13213.43,1380.0,Met
89,2023-03-31,14209.48,1380.0,Met
89,2023-04-30,15433.44,1380.0,Met
89,2023-05-31,16538.82,1380.0,Met
89,2023-06-30,17776.51,1380.0,Met
89,2023-07-31,18916.43,1380.0,Met
89,2023-08-31,19922.62,1380.0,Met
89,2023-09-30,21145.46,1380.0,Met
89,2023-10-31,21789.87,884.91,Below-Target
89,2023-11-30,23111.12,1380.0,Met
89,2023-12-31,23603.68,628.59,Below-Target
89,2024-01-31,24797.89,1380.0,Met
89,2024-02-29,25980.85,1380.0,Met
89,2024-03-31,26760.53,950.36,Below-Target
89,2024-04-30,27955.78,1380.0,Met
89,2024-05-31,29322.91,1380.0,Met
89,2024-06-30,30689.89,1380.0,Met
89,2024-07-31,31711.3,1380.0,Met
89,2024-08-31,32134.27,589.44,Below-Target
89,2024-09-30,33265.61,1380.0,Met
89,2024-10-31,34573.63,1380.0,Met
89,2024-11-30,34930.01,480.23,Below-Target
89,2024-12-31,35998.57,1380.0,Met
89,2025-01-31,37026.4,1380.0,Met
89,2025-02-28,38192.64,1380.0,Met
89,2025-03-31,39172.74,1380.0,Met
89,2025-04-30,39096.63,0.0,Missed
89,2025-05-31,40215.25,1380.0,Met
89,2025-06-30,41421.81,1380.0,Met
89,2025-07-31,42413.87,1380.0,Met
89,2025-08-31,43496.11,1380.0,Met
89,2025-09-30,43992.06,541.57,Below-Target
89,2025-10-31,45203.92,1380.0,Met
89,2025-11-30,46353.13,1380.0,Met
89,2025-12-31,47385.09,1380.0,Met
89,2026-01-31,48715.39,1380.0,Met
89,2026-02-28,49781.82,1380.0,Met
89,2026-03-31,50779.77,1380.0,Met
89,2026-04-30,51786.61,1380.0,Met
89,2026-05-31,53055.11,1380.0,Met
89,2026-06-30,54188.84,1380.0,Met
89,2026-07-31,55492.71,1380.0,Met
89,2026-08-31,56459.41,1380.0,Met
90,2026-08-31,12015.99,1215.49,Below-Target
91,2023-01-31,3557.69,1870.0,Met
91,2023-02-28,3973.97,507.33,Below-Target
91,2023-03-31,4214.22,574.98,Below-Target
91,2023-04-30,5557.56,1870.0,Met
91,2023-05-31,7302.55,1870.0,Met
91,2023-06-30,9167.53,1870.0,Met
91,2023-07-31,10888.16,1870.0,Met
91,2023-08-31,12296.5,1870.0,Met
91,2023-09-30,12383.24,428.98,Below-Target
91,2023-10-31,14001.43,1870.0,Met
91,2023-11-30,15448.32,1870.0,Met
91,2023-12-31,17139.78,1870.0,Met
91,2024-01-31,18174.26,1207.46,Below-Target
91,2024-02-29,19919.55,1870.0,Met
91,2024-03-31,21646.02,1870.0,Met
91,2024-04-30,23123.37,1870.0,Met
91,2024-05-31,24550.31,1870.0,Met
91,2024-06-30,26264.14,1870.0,Met
91,2024-07-31,27997.78,1870.0,Met
91,2024-08-31,29474.13,1870.0,Met
91,2024-09-30,30381.82,1214.44,Below-Target
91,2024-10-31,31761.35,1870.0,Met
91,2024-11-30,33071.43,1870.0,Met
91,2024-12-31,34734.17,1870.0,Met
91,2025-01-31,35396.81,748.06,Below-Target
91,2025-02-28,37195.47,1870.0,Met
91,2025-03-31,38851.64,1870.0,Met
91,2025-04-30,40382.62,1870.0,Met
91,2025-05-31,41955.88,1870.0,Met
91,2025-06-30,43784.54,1870.0,Met
91,2025-07-31,45480.4,1870.0,Met
91,2025-08-31,46807.47,1870.0,Met
91,2025-09-30,47707.0,997.25,Below-Target
91,2025-10-31,49043.31,1870.0,Met
91,2025-11-30,50619.1,1870.0,Met
91,2025-12-31,51949.84,1870.0,Met
91,2026-01-31,53747.58,1870.0,Met
91,2026-02-28,55394.21,1870.0,Met
91,2026-03-31,54862.03,0.0,Missed
91,2026-04-30,56503.04,1870.0,Met
91,2026-05-31,58179.63,1870.0,Met
91,2026-06-30,59718.64,1870.0,Met
91,2026-07-31,60193.76,935.76,Below-Target
91,2026-08-31,61650.17,1870.0,Met
92,2023-01-31,13617.52,1440.0,Met
92,2023-02-28,14818.69,1440.0,Met
92,2023-03-31,15838.55,1440.0,Met
92,2023-04-30,17078.11,1440.0,Met
92,2023-05-31,18254.19,1440.0,Met
92,2023-06-30,19356.8,1440.0,Met
92,2023-07-31,20744.35,1440.0,Met
92,2023-08-31,22109.76,1440.0,Met
92,2023-09-30,23175.24,1440.0,Met
92,2023-10-31,24352.58,1440.0,Met
92,2023-11-30,25651.16,1440.0,Met
92,2023-12-31,26768.87,1440.0,Met
92,2024-01-31,26509.89,0.0,Missed
92,2024-02-29,27895.43,1440.0,Met
92,2024-03-31,29333.52,1440.0,Met
92,2024-04-30,30645.0,1440.0,Met
92,2024-05-31,31800.65,1440.0,Met
92,2024-06-30,33068.33,1440.0,Met
92,2024-07-31,33470.12,809.55,Below-Target
92,2024-08-31,33338.38,0.0,Missed
92,2024-09-30,34680.39,1440.0,Met
92,2024-10-31,35997.6,1440.0,Met
92,2024-11-30,36206.69,338.92,Below-Target
92,2024-12-31,37423.52,1440.0,Met
92,2025-01-31,38724.68,1440.0,Met
92,2025-02-28,39417.01,895.4,Below-Target
92,2025-03-31,40592.24,1440.0,Met
92,2025-04-30,41890.88,1440.0,Met
92,2025-05-31,43202.52,1440.0,Met
92,2025-06-30,44354.32,563.98,Below-Target
92,2025-07-31,45666.08,194.39,Missed
92,2025-08-31,46837.77,1440.0,Met
92,2025-09-30,48212.39,1440.0,Met
92,2025-10-31,49551.5,1440.0,Met
92,2025-11-30,49458.97,310.31,Below-Target
92,2025-12-31,49274.03,0.0,Missed
92,2026-01-31,49228.19,361.66,Below-Target
92,2026-02-28,50400.16,1440.0,Met
92,2026-03-31,51435.08,1440.0,Met
92,2026-04-30,52083.2,883.64,Below-Target
92,2026-05-31,51730.49,0.0,Missed
92,2026-06-30,52800.13,1440.0,Met
92,2026-07-31,54183.23,1440.0,Met
92,2026-08-31,55418.52,1440.0,Met
93,2023-01-31,8556.92,1820.0,Met
93,2023-02-28,10153.58,1820.0,Met
93,2023-03-31,10727.51,755.86,Below-Target
93,2023-04-30,12133.81,1820.0,Met
93,2023-05-31,13553.84,1820.0,Met
93,2023-06-30,13395.29,0.0,Missed
93,2023-07-31,13606.75,645.75,Below-Target
93,2023-08-31,15286.09,1820.0,Met
93,2023-09-30,16932.47,1820.0,Met
93,2023-10-31,16573.94,0.0,Missed
93,2023-11-30,18056.14,1820.0,Met
93,2023-12-31,18480.05,452.21,Below-Target
93,2024-01-31,20192.79,1820.0,Met
93,2024-02-29,21741.79,1820.0,Met
93,2024-03-31,21707.88,0.0,Missed
93,2024-04-30,23114.25,1820.0,Met
93,2024-05-31,24836.33,1820.0,Met
93,2024-06-30,26276.85,1820.0,Met
93,2024-07-31,26999.31,1041.23,Below-Target
93,2024-08-31,28496.74,1820.0,Met
93,2024-09-30,30211.16,1820.0,Met
93,2024-10-31,31927.49,1820.0,Met
93,2024-11-30,33305.03,1820.0,Met
93,2024-12-31,33489.33,646.56,Below-Target
93,2025-01-31,34976.85,1820.0,Met
93,2025-02-28,36527.46,1820.0,Met
93,2025-03-31,37938.07,1820.0,Met
93,2025-04-30,39285.23,1820.0,Met
93,2025-05-31,40933.12,1820.0,Met
93,2025-06-30,42224.22,1820.0,Met
93,2025-07-31,43587.25,1820.0,Met
93,2025-08-31,45365.64,1820.0,Met
93,2025-09-30,47146.71,1820.0,Met
93,2025-10-31,48948.08,1820.0,Met
93,2025-11-30,49392.72,871.2,Below-Target
93,2025-12-31,50948.83,1820.0,Met
93,2026-01-31,52409.88,1820.0,Met
93,2026-02-28,53270.75,903.71,Below-Target
93,2026-03-31,54985.6,1820.0,Met
93,2026-04-30,56475.26,1820.0,Met
93,2026-05-31,57861.31,1820.0,Met
93,2026-06-30,59493.32,1820.0,Met
93,2026-07-31,61270.16,1820.0,Met
93,2026-08-31,63038.05,1820.0,Met
94,2023-01-31,15217.61,1720.0,Met
94,2023-02-28,16735.13,1720.0,Met
94,2023-03-31,18144.35,1720.0,Met
94,2023-04-30,19658.79,1720.0,Met
94,2023-05-31,20955.02,1720.0,Met
94,2023-06-30,22527.93,1720.0,Met
94,2023-07-31,23787.52,1720.0,Met
94,2023-08-31,25137.64,1720.0,Met
94,2023-09-30,26696.77,1720.0,Met
94,2023-10-31,27908.66,1720.0,Met
94,2023-11-30,27780.36,0.0,Missed
94,2023-12-31,28659.35,956.19,Below-Target
94,2024-01-31,30100.9,1720.0,Met
94,2024-02-29,31517.2,1720.0,Met
94,2024-03-31,33154.48,1720.0,Met
94,2024-04-30,34004.38,972.99,Below-Target
94,2024-05-31,35300.86,1720.0,Met
94,2024-06-30,36667.66,1720.0,Met
94,2024-07-31,37886.06,1720.0,Met
94,2024-08-31,39265.46,1720.0,Met
94,2024-09-30,40979.04,1720.0,Met
94,2024-10-31,42617.8,1720.0,Met
94,2024-11-30,44291.08,1720.0,Met
94,2024-12-31,44652.35,586.94,Below-Target
94,2025-01-31,45925.0,1720.0,Met
94,2025-02-28,47468.25,1720.0,Met
94,2025-03-31,49085.0,1720.0,Met
94,2025-04-30,49707.51,864.22,Below-Target
94,2025-05-31,51416.85,1720.0,Met
94,2025-06-30,52141.62,1118.0,Below-Target
94,2025-07-31,52643.88,763.15,Below-Target
94,2025-08-31,52355.75,0.0,Missed
94,2025-09-30,52333.79,0.0,Missed
94,2025-10-31,53548.6,1720.0,Met
94,2025-11-30,54959.27,1720.0,Met
94,2025-12-31,56400.19,1720.0,Met
94,2026-01-31,57762.73,1720.0,Met
94,2026-02-28,58234.64,586.65,Below-Target
94,2026-03-31,59603.37,1720.0,Met
94,2026-04-30,60449.28,1041.25,Below-Target
94,2026-05-31,61892.13,1720.0,Met
94,2026-06-30,63322.72,1720.0,Met
94,2026-07-31,64629.74,1720.0,Met
94,2026-08-31,66010.14,1720.0,Met
95,2026-08-31,4835.11,1400.0,Met
96,2023-01-31,16137.99,1520.0,Met
96,2023-02-28,17649.74,1520.0,Met
96,2023-03-31,18757.07,1520.0,Met
96,2023-04-30,20059.99,1520.0,Met
96,2023-05-31,19894.3,0.0,Missed
96,2023-06-30,21195.31,1520.0,Met
96,2023-07-31,22355.09,1520.0,Met
96,2023-08-31,22865.47,819.96,Below-Target
96,2023-09-30,24093.37,1520.0,Met
96,2023-10-31,25411.0,1520.0,Met
96,2023-11-30,26752.98,1520.0,Met
96,2023-12-31,27991.36,1520.0,Met
96,2024-01-31,29400.15,1520.0,Met
96,2024-02-29,30520.51,1520.0,Met
96,2024-03-31,31863.82,1520.0,Met
96,2024-04-30,32985.83,1520.0,Met
96,2024-05-31,34356.85,1520.0,Met
96,2024-06-30,35705.43,1520.0,Met
96,2024-07-31,37119.6,1520.0,Met
96,2024-08-31,38298.04,1520.0,Met
96,2024-09-30,39574.25,1520.0,Met
96,2024-10-31,40923.72,1520.0,Met
96,2024-11-30,42030.03,1520.0,Met
96,2024-12-31,43136.51,1520.0,Met
96,2025-01-31,44634.43,1520.0,Met
96,2025-02-28,44869.98,343.39,Below-Target
96,2025-03-31,46281.13,1520.0,Met
96,2025-04-30,46808.12,585.93,Below-Target
96,2025-05-31,48035.79,1520.0,Met
96,2025-06-30,49360.2,1520.0,Met
96,2025-07-31,49870.3,778.12,Below-Target
96,2025-08-31,51291.64,1520.0,Met
96,2025-09-30,52757.71,1520.0,Met
96,2025-10-31,53910.4,1520.0,Met
96,2025-11-30,55417.26,1520.0,Met
96,2025-12-31,56926.63,1520.0,Met
96,2026-01-31,58374.55,1520.0,Met
96,2026-02-28,59464.65,1520.0,Met
96,2026-03-31,60725.45,1520.0,Met
96,2026-04-30,62078.25,1520.0,Met
96,2026-05-31,62442.94,740.6,Below-Target
96,2026-06-30,62423.94,0.0,Missed
96,2026-07-31,63700.69,1520.0,Met
96,2026-08-31,64827.14,1520.0,Met
97,2023-01-31,8705.72,1165.61,Below-Target
97,2023-02-28,10301.93,1730.0,Met
97,2023-03-31,11704.87,1730.0,Met
97,2023-04-30,11682.11,0.0,Missed
97,2023-05-31,13123.11,1730.0,Met
97,2023-06-30,14493.19,1730.0,Met
97,2023-07-31,14986.92,540.74,Below-Target
97,2023-08-31,16389.63,1730.0,Met
97,2023-09-30,17835.21,1730.0,Met
97,2023-10-31,19238.63,1730.0,Met
97,2023-11-30,20821.55,1730.0,Met
97,2023-12-31,21240.98,590.79,Below-Target
97,2024-01-31,21159.55,0.0,Missed
97,2024-02-29,22477.36,1730.0,Met
97,2024-03-31,24143.34,1730.0,Met
97,2024-04-30,25846.18,1730.0,Met
97,2024-05-31,27379.02,1730.0,Met
97,2024-06-30,28687.79,1730.0,Met
97,2024-07-31,30199.81,1730.0,Met
97,2024-08-31,31648.64,1730.0,Met
97,2024-09-30,33373.2,1730.0,Met
97,2024-10-31,34770.86,1730.0,Met
97,2024-11-30,36032.83,1730.0,Met
97,2024-12-31,37694.8,1730.0,Met
97,2025-01-31,38908.76,1730.0,Met
97,2025-02-28,40449.24,1730.0,Met
97,2025-03-31,41683.65,1730.0,Met
97,2025-04-30,43378.44,1730.0,Met
97,2025-05-31,44731.73,1730.0,Met
97,2025-06-30,44512.11,0.0,Missed
97,2025-07-31,46078.09,1730.0,Met
97,2025-08-31,47534.81,1730.0,Met
97,2025-09-30,49071.01,1730.0,Met
97,2025-10-31,50644.16,1730.0,Met
97,2025-11-30,52067.57,1730.0,Met
97,2025-12-31,53503.21,1730.0,Met
97,2026-01-31,55038.39,1730.0,Met
97,2026-02-28,56381.56,1730.0,Met
97,2026-03-31,57758.64,1730.0,Met
97,2026-04-30,59001.32,1730.0,Met
97,2026-05-31,59686.34,850.75,Below-Target
97,2026-06-30,61119.12,1730.0,Met
97,2026-07-31,62455.47,1730.0,Met
97,2026-08-31,63076.81,897.2,Below-Target
98,2023-01-31,8916.21,1390.0,Met
98,2023-02-28,10064.04,1390.0,Met
98,2023-03-31,11292.1,1390.0,Met
98,2023-04-30,12584.08,1390.0,Met
98,2023-05-31,13151.58,773.87,Below-Target
98,2023-06-30,14308.24,1390.0,Met
98,2023-07-31,15300.07,1390.0,Met
98,2023-08-31,16494.62,1390.0,Met
98,2023-09-30,17479.89,1390.0,Met
98,2023-10-31,17190.46,0.0,Missed
98,2023-11-30,17988.37,834.9,Below-Target
98,2023-12-31,19021.61,1390.0,Met
98,2024-01-31,20369.8,1390.0,Met
98,2024-02-29,21749.15,1390.0,Met
98,2024-03-31,22935.29,1390.0,Met
98,2024-04-30,23970.71,1390.0,Met
98,2024-05-31,25066.11,1390.0,Met
98,2024-06-30,26367.41,1390.0,Met
98,2024-07-31,27669.7,1390.0,Met
98,2024-08-31,27500.87,0.0,Missed
98,2024-09-30,28813.29,1390.0,Met
98,2024-10-31,30147.67,1390.0,Met
98,2024-11-30,31469.34,1390.0,Met
98,2024-12-31,32524.12,1390.0,Met
98,2025-01-31,32367.3,0.0,Missed
98,2025-02-28,32991.25,731.65,Below-Target
98,2025-03-31,33998.26,1390.0,Met
98,2025-04-30,35092.56,1390.0,Met
98,2025-05-31,36259.5,1390.0,Met
98,2025-06-30,37590.83,1390.0,Met
98,2025-07-31,38694.76,1390.0,Met
98,2025-08-31,40045.6,1390.0,Met
98,2025-09-30,41435.54,1390.0,Met
98,2025-10-31,42746.77,1390.0,Met
98,2025-11-30,44063.72,1390.0,Met
98,2025-12-31,45396.05,1390.0,Met
98,2026-01-31,45189.78,0.0,Missed
98,2026-02-28,46333.34,1390.0,Met
98,2026-03-31,47469.76,1390.0,Met
98,2026-04-30,48658.24,1390.0,Met
98,2026-05-31,49688.78,1390.0,Met
98,2026-06-30,50966.72,1390.0,Met
98,2026-07-31,51982.8,1390.0,Met
98,2026-08-31,52986.67,1390.0,Met
99,2024-05-31,7538.93,1630.0,Met
99,2024-06-30,8899.44,1630.0,Met
99,2024-07-31,10515.04,1630.0,Met
99,2024-08-31,11952.69,1630.0,Met
99,2024-09-30,13462.47,1630.0,Met
99,2024-10-31,15002.34,1630.0,Met
99,2024-11-30,16146.81,1630.0,Met
99,2024-12-31,17703.19,1630.0,Met
99,2025-01-31,19113.43,1630.0,Met
99,2025-02-28,20643.8,1630.0,Met
99,2025-03-31,21840.2,1630.0,Met
99,2025-04-30,23000.72,1630.0,Met
99,2025-05-31,22804.24,0.0,Missed
99,2025-06-30,24200.43,1630.0,Met
99,2025-07-31,24786.05,687.0,Below-Target
99,2025-08-31,26299.65,1630.0,Met
99,2025-09-30,27765.81,1630.0,Met
99,2025-10-31,29090.72,1630.0,Met
99,2025-11-30,30654.57,1630.0,Met
99,2025-12-31,31928.61,1630.0,Met
99,2026-01-31,33327.35,1630.0,Met
99,2026-02-28,34601.39,1630.0,Met
99,2026-03-31,35988.82,1630.0,Met
99,2026-04-30,37301.95,1630.0,Met
99,2026-05-31,38549.8,1630.0,Met
99,2026-06-30,40098.13,1630.0,Met
99,2026-07-31,41660.78,1630.0,Met
99,2026-08-31,43289.6,1630.0,Met
100,2023-01-31,14386.16,370.35,Below-Target
100,2023-02-28,16073.64,1790.0,Met
100,2023-03-31,17336.25,1790.0,Met
100,2023-04-30,18699.95,1790.0,Met
100,2023-05-31,19421.11,1148.32,Below-Target
100,2023-06-30,20279.68,1010.39,Below-Target
100,2023-07-31,21900.49,1790.0,Met
100,2023-08-31,23375.7,1790.0,Met
100,2023-09-30,24668.81,1790.0,Met
100,2023-10-31,24293.46,0.0,Missed
100,2023-11-30,25823.33,1790.0,Met
100,2023-12-31,27322.45,1790.0,Met
100,2024-01-31,28576.92,1790.0,Met
100,2024-02-29,30228.54,1790.0,Met
100,2024-03-31,31021.02,810.95,Below-Target
100,2024-04-30,32333.76,1790.0,Met
100,2024-05-31,34116.13,1790.0,Met
100,2024-06-30,35529.05,1790.0,Met
100,2024-07-31,37242.3,1790.0,Met
100,2024-08-31,38563.82,1790.0,Met
100,2024-09-30,40285.32,1790.0,Met
100,2024-10-31,41551.55,1790.0,Met
100,2024-11-30,43136.95,1790.0,Met
100,2024-12-31,44842.67,1790.0,Met
100,2025-01-31,46254.68,1790.0,Met
100,2025-02-28,47293.6,1079.0,Below-Target
100,2025-03-31,47414.23,451.37,Below-Target
100,2025-04-30,49021.95,1790.0,Met
100,2025-05-31,50809.76,1790.0,Met
100,2025-06-30,52231.88,1790.0,Met
100,2025-07-31,53646.51,1790.0,Met
100,2025-08-31,53662.24,504.2,Below-Target
100,2025-09-30,54930.19,1790.0,Met
100,2025-10-31,56556.84,1790.0,Met
100,2025-11-30,58254.14,582.53,Below-Target
100,2025-12-31,58999.11,928.09,Below-Target
100,2026-01-31,60388.23,1790.0,Met
100,2026-02-28,62143.75,1790.0,Met
100,2026-03-31,63664.61,1790.0,Met
100,2026-04-30,64936.3,1790.0,Met
100,2026-05-31,66443.91,1790.0,Met
100,2026-06-30,67974.5,1790.0,Met
100,2026-07-31,69470.95,1790.0,Met
100,2026-08-31,69608.87,418.32,Below-Target
101,2023-01-31,8496.24,1920.0,Met
101,2023-02-28,10269.12,1920.0,Met
101,2023-03-31,11958.25,1920.0,Met
101,2023-04-30,13314.03,1920.0,Met
101,2023-05-31,14673.89,1920.0,Met
101,2023-06-30,14448.43,0.0,Missed
101,2023-07-31,16181.48,1920.0,Met
101,2023-08-31,17845.84,1920.0,Met
101,2023-09-30,19319.41,1920.0,Met
101,2023-10-31,20730.46,1920.0,Met
101,2023-11-30,22091.13,1920.0,Met
101,2023-12-31,23042.7,1207.76,Below-Target
101,2024-01-31,24499.6,1920.0,Met
101,2024-02-29,26106.83,1920.0,Met
101,2024-03-31,27945.78,1920.0,Met
101,2024-04-30,29634.93,1920.0,Met
101,2024-05-31,31313.76,1920.0,Met
101,2024-06-30,33050.21,1920.0,Met
101,2024-07-31,34678.43,1920.0,Met
101,2024-08-31,34488.04,0.0,Missed
101,2024-09-30,36106.94,1920.0,Met
101,2024-10-31,37838.14,1920.0,Met
101,2024-11-30,39246.38,1920.0,Met
101,2024-12-31,40595.45,1920.0,Met
101,2025-01-31,42244.58,1920.0,Met
101,2025-02-28,44160.64,1920.0,Met
101,2025-03-31,45823.51,1920.0,Met
101,2025-04-30,47277.36,1920.0,Met
101,2025-05-31,48704.4,1920.0,Met
101,2025-06-30,50591.29,1920.0,Met
101,2025-07-31,52290.9,1920.0,Met
101,2025-08-31,54149.55,1920.0,Met
101,2025-09-30,55921.7,1920.0,Met
101,2025-10-31,57802.12,1920.0,Met
101,2025-11-30,59369.83,1920.0,Met
101,2025-12-31,59296.81,388.74,Below-Target
101,2026-01-31,59640.17,577.53,Below-Target
101,2026-02-28,61314.91,1920.0,Met
101,2026-03-31,63100.48,1920.0,Met
101,2026-04-30,64749.79,1920.0,Met
101,2026-05-31,66633.2,1920.0,Met
101,2026-06-30,68411.99,1920.0,Met
101,2026-07-31,69824.02,1920.0,Met
101,2026-08-31,71204.53,1920.0,Met
102,2023-01-31,5340.27,1660.0,Met
102,2023-02-28,6977.75,1660.0,Met
102,2023-03-31,8273.55,1660.0,Met
102,2023-04-30,9567.08,1660.0,Met
102,2023-05-31,10737.49,1660.0,Met
102,2023-06-30,12259.06,1660.0,Met
102,2023-07-31,13785.04,1660.0,Met
102,2023-08-31,15154.27,1660.0,Met
102,2023-09-30,16781.3,1660.0,Met
102,2023-10-31,18144.3,1660.0,Met
102,2023-11-30,18793.44,1095.02,Below-Target
102,2023-12-31,19101.61,443.99,Below-Target
102,2024-01-31,18825.1,0.0,Missed
102,2024-02-29,20304.54,617.89,Below-Target
102,2024-03-31,21702.28,766.08,Missed
102,2024-04-30,22906.92,1660.0,Met
102,2024-05-31,24390.66,1660.0,Met
102,2024-06-30,25676.27,1660.0,Met
102,2024-07-31,26844.32,1660.0,Met
102,2024-08-31,26837.27,0.0,Missed
102,2024-09-30,28178.44,1660.0,Met
102,2024-10-31,27893.07,0.0,Missed
102,2024-11-30,29110.71,1660.0,Met
102,2024-12-31,30458.0,1660.0,Met
102,2025-01-31,32048.1,1660.0,Met
102,2025-02-28,32047.56,0.0,Missed
102,2025-03-31,33582.57,1660.0,Met
102,2025-04-30,34808.36,1660.0,Met
102,2025-05-31,35322.76,997.19,Below-Target
102,2025-06-30,36718.6,1660.0,Met
102,2025-07-31,36648.92,0.0,Missed
102,2025-08-31,38004.88,1660.0,Met
102,2025-09-30,38305.35,720.97,Below-Target
102,2025-10-31,39852.13,1660.0,Met
102,2025-11-30,41293.0,1660.0,Met
102,2025-12-31,42810.72,1660.0,Met
102,2026-01-31,44290.16,1660.0,Met
102,2026-02-28,45477.75,1660.0,Met
102,2026-03-31,47104.54,1660.0,Met
102,2026-04-30,47554.2,944.39,Below-Target
102,2026-05-31,48854.83,1660.0,Met
102,2026-06-30,50265.4,1660.0,Met
102,2026-07-31,51861.09,1660.0,Met
102,2026-08-31,53129.31,1660.0,Met
103,2023-01-31,10138.51,1630.0,Met
103,2023-02-28,10345.4,412.41,Below-Target
103,2023-03-31,11600.6,1630.0,Met
103,2023-04-30,12794.66,1630.0,Met
103,2023-05-31,14110.32,1630.0,Met
103,2023-06-30,15556.09,1630.0,Met
103,2023-07-31,17049.19,1630.0,Met
103,2023-08-31,18269.09,1630.0,Met
103,2023-09-30,19646.59,1630.0,Met
103,2023-10-31,20796.3,1630.0,Met
103,2023-11-30,22425.08,1630.0,Met
103,2023-12-31,23642.65,1630.0,Met
103,2024-01-31,24799.98,1630.0,Met
103,2024-02-29,25151.32,396.46,Below-Target
103,2024-03-31,26329.82,1630.0,Met
103,2024-04-30,27915.65,1630.0,Met
103,2024-05-31,29472.5,1630.0,Met
103,2024-06-30,30669.07,1630.0,Met
103,2024-07-31,31389.39,995.69,Below-Target
103,2024-08-31,32751.05,1630.0,Met
103,2024-09-30,33384.19,1086.85,Below-Target
103,2024-10-31,34789.17,1630.0,Met
103,2024-11-30,36099.48,1630.0,Met
103,2024-12-31,37424.01,1630.0,Met
103,2025-01-31,37697.91,347.98,Below-Target
103,2025-02-28,39097.33,1630.0,Met
103,2025-03-31,39123.05,372.14,Below-Target
103,2025-04-30,40274.57,1630.0,Met
103,2025-05-31,41771.2,1630.0,Met
103,2025-06-30,43136.09,1630.0,Met
103,2025-07-31,44738.89,1630.0,Met
103,2025-08-31,45065.67,554.66,Below-Target
103,2025-09-30,46537.74,1630.0,Met
103,2025-10-31,47861.08,1630.0,Met
103,2025-11-30,49248.34,1630.0,Met
103,2025-12-31,50588.19,1630.0,Met
103,2026-01-31,51817.92,1630.0,Met
103,2026-02-28,52249.46,766.74,Below-Target
103,2026-03-31,52959.56,936.39,Below-Target
103,2026-04-30,54304.38,1630.0,Met
103,2026-05-31,55639.74,1630.0,Met
103,2026-06-30,57121.82,1630.0,Met
103,2026-07-31,58454.25,1630.0,Met
103,2026-08-31,59893.24,1630.0,Met
104,2023-01-31,8825.78,1840.0,Met
104,2023-02-28,10421.08,1840.0,Met
104,2023-03-31,12248.46,1840.0,Met
104,2023-04-30,14079.13,1840.0,Met
104,2023-05-31,15875.37,1840.0,Met
104,2023-06-30,17495.04,1840.0,Met
104,2023-07-31,19271.83,1840.0,Met
104,2023-08-31,20743.15,1840.0,Met
104,2023-09-30,22114.1,1840.0,Met
104,2023-10-31,23652.06,1840.0,Met
104,2023-11-30,25436.99,1840.0,Met
104,2023-12-31,26102.18,963.28,Below-Target
104,2024-01-31,27474.45,1840.0,Met
104,2024-02-29,29260.19,1840.0,Met
104,2024-03-31,30650.05,1840.0,Met
104,2024-04-30,32033.26,1840.0,Met
104,2024-05-31,33651.47,1840.0,Met
104,2024-06-30,35022.38,1840.0,Met
104,2024-07-31,36380.44,1840.0,Met
104,2024-08-31,37896.89,1840.0,Met
104,2024-09-30,39306.7,1840.0,Met
104,2024-10-31,41067.22,1840.0,Met
104,2024-11-30,42414.03,1840.0,Met
104,2024-12-31,43754.31,1840.0,Met
104,2025-01-31,45081.12,1840.0,Met
104,2025-02-28,46753.43,1840.0,Met
104,2025-03-31,47835.12,1215.61,Below-Target
104,2025-04-30,49442.88,1840.0,Met
104,2025-05-31,51000.79,1840.0,Met
104,2025-06-30,52554.54,1840.0,Met
104,2025-07-31,54270.18,1840.0,Met
104,2025-08-31,54083.43,0.0,Missed
104,2025-09-30,55916.11,1840.0,Met
104,2025-10-31,57625.77,1840.0,Met
104,2025-11-30,59371.48,1840.0,Met
104,2025-12-31,60715.34,1840.0,Met
104,2026-01-31,62377.1,1840.0,Met
104,2026-02-28,64193.53,1840.0,Met
104,2026-03-31,64481.14,660.83,Below-Target
104,2026-04-30,66251.05,1840.0,Met
104,2026-05-31,67826.95,1840.0,Met
104,2026-06-30,69182.75,1840.0,Met
104,2026-07-31,70871.59,1840.0,Met
104,2026-08-31,71310.15,610.33,Below-Target
105,2023-01-31,16071.73,1350.0,Met
105,2023-02-28,17395.85,1350.0,Met
105,2023-03-31,18043.94,911.91,Below-Target
105,2023-04-30,19089.16,1350.0,Met
105,2023-05-31,19697.88,930.0,Below-Target
105,2023-06-30,19884.85,403.96,Below-Target
105,2023-07-31,21103.51,1350.0,Met
105,2023-08-31,22121.76,1350.0,Met
105,2023-09-30,23228.06,1350.0,Met
105,2023-10-31,24342.03,1350.0,Met
105,2023-11-30,25338.58,1350.0,Met
105,2023-12-31,26470.8,1350.0,Met
105,2024-01-31,26578.02,365.93,Below-Target
105,2024-02-29,27612.94,1350.0,Met
105,2024-03-31,28790.27,1350.0,Met
105,2024-04-30,29973.4,1350.0,Met
105,2024-05-31,30995.27,1350.0,Met
105,2024-06-30,32036.95,1350.0,Met
105,2024-07-31,33074.23,1350.0,Met
105,2024-08-31,34251.18,1350.0,Met
105,2024-09-30,35592.41,1350.0,Met
105,2024-10-31,36562.67,1350.0,Met
105,2024-11-30,37718.36,1350.0,Met
105,2024-12-31,38863.42,1350.0,Met
105,2025-01-31,40165.21,1350.0,Met
105,2025-02-28,41313.43,1350.0,Met
105,2025-03-31,42292.05,1350.0,Met
105,2025-04-30,43357.21,1350.0,Met
105,2025-05-31,44529.34,1350.0,Met
105,2025-06-30,45719.97,1350.0,Met
105,2025-07-31,46769.04,1350.0,Met
105,2025-08-31,48063.67,1350.0,Met
105,2025-09-30,48408.23,493.71,Below-Target
105,2025-10-31,49634.99,1350.0,Met
105,2025-11-30,50652.22,1350.0,Met
105,2025-12-31,51880.69,1350.0,Met
105,2026-01-31,52828.66,1350.0,Met
105,2026-02-28,53955.91,1350.0,Met
105,2026-03-31,55202.92,1350.0,Met
105,2026-04-30,56377.61,1350.0,Met
105,2026-05-31,57344.18,1350.0,Met
105,2026-06-30,57494.75,472.43,Below-Target
105,2026-07-31,58085.88,748.59,Below-Target
105,2026-08-31,59296.0,1350.0,Met
106,2023-01-31,11563.46,1470.0,Met
106,2023-02-28,12756.9,1470.0,Met
106,2023-03-31,13815.94,1470.0,Met
106,2023-04-30,14166.33,378.45,Below-Target
106,2023-05-31,15630.54,1470.0,Met
106,2023-06-30,17027.52,1470.0,Met
106,2023-07-31,18456.05,1470.0,Met
106,2023-08-31,19894.38,1470.0,Met
106,2023-09-30,19958.78,504.71,Below-Target
106,2023-10-31,21092.21,1470.0,Met
106,2023-11-30,21706.44,784.72,Below-Target
106,2023-12-31,22406.27,812.35,Below-Target
106,2024-01-31,23570.22,1470.0,Met
106,2024-02-29,24913.3,1470.0,Met
106,2024-03-31,26326.65,1470.0,Met
106,2024-04-30,27417.64,1470.0,Met
106,2024-05-31,28760.36,1470.0,Met
106,2024-06-30,30123.92,1470.0,Met
106,2024-07-31,31181.92,1470.0,Met
106,2024-08-31,32464.6,1470.0,Met
106,2024-09-30,32602.92,549.69,Below-Target
106,2024-10-31,33752.75,1470.0,Met
106,2024-11-30,34910.93,1470.0,Met
106,2024-12-31,36134.93,1470.0,Met
106,2025-01-31,37438.62,1470.0,Met
106,2025-02-28,38644.12,1470.0,Met
106,2025-03-31,39930.89,1470.0,Met
106,2025-04-30,41366.51,1470.0,Met
106,2025-05-31,42698.28,1470.0,Met
106,2025-06-30,44062.21,1470.0,Met
106,2025-07-31,45113.2,1470.0,Met
106,2025-08-31,46233.3,1470.0,Met
106,2025-09-30,46317.29,392.23,Below-Target
106,2025-10-31,47516.64,1470.0,Met
106,2025-11-30,48954.72,1470.0,Met
106,2025-12-31,48634.91,0.0,Missed
106,2026-01-31,48390.72,0.0,Missed
106,2026-02-28,48771.38,652.84,Below-Target
106,2026-03-31,50032.19,1470.0,Met
106,2026-04-30,51470.36,1470.0,Met
106,2026-05-31,52806.11,1470.0,Met
106,2026-06-30,54223.06,1470.0,Met
106,2026-07-31,55421.06,1470.0,Met
106,2026-08-31,56548.46,1470.0,Met
107,2023-01-31,7665.39,1490.0,Met
107,2023-02-28,8149.62,621.54,Below-Target
107,2023-03-31,8704.92,578.79,Below-Target
107,2023-04-30,10084.81,1490.0,Met
107,2023-05-31,11405.12,1490.0,Met
107,2023-06-30,12633.82,1490.0,Met
107,2023-07-31,13795.25,1490.0,Met
107,2023-08-31,14885.8,1490.0,Met
107,2023-09-30,16216.66,1490.0,Met
107,2023-10-31,17420.87,1490.0,Met
107,2023-11-30,18714.78,1490.0,Met
107,2023-12-31,19167.07,493.72,Below-Target
107,2024-01-31,20645.3,1490.0,Met
107,2024-02-29,21254.11,1019.72,Below-Target
107,2024-03-31,22743.0,1490.0,Met
107,2024-04-30,23874.69,1490.0,Met
107,2024-05-31,25039.0,1490.0,Met
107,2024-06-30,24667.21,0.0,Missed
107,2024-07-31,26036.03,1490.0,Met
107,2024-08-31,27220.57,1490.0,Met
107,2024-09-30,27753.19,595.5,Below-Target
107,2024-10-31,29003.62,1490.0,Met
107,2024-11-30,30359.21,1490.0,Met
107,2024-12-31,31421.56,1490.0,Met
107,2025-01-31,32498.02,1490.0,Met
107,2025-02-28,33661.17,1490.0,Met
107,2025-03-31,34984.09,1490.0,Met
107,2025-04-30,36214.71,1490.0,Met
107,2025-05-31,37544.86,1490.0,Met
107,2025-06-30,38723.44,1490.0,Met
107,2025-07-31,39978.33,1490.0,Met
107,2025-08-31,41100.05,1490.0,Met
107,2025-09-30,42530.15,1490.0,Met
107,2025-10-31,43890.74,1490.0,Met
107,2025-11-30,45253.16,1490.0,Met
107,2025-12-31,46452.33,1490.0,Met
107,2026-01-31,47712.65,1490.0,Met
107,2026-02-28,48966.48,1490.0,Met
107,2026-03-31,50433.42,1490.0,Met
107,2026-04-30,51611.99,1490.0,Met
107,2026-05-31,52993.28,1490.0,Met
107,2026-06-30,54222.99,1490.0,Met
107,2026-07-31,55293.56,1490.0,Met
107,2026-08-31,56589.95,1490.0,Met
108,2023-01-31,10745.53,1850.0,Met
108,2023-02-28,12325.86,1850.0,Met
108,2023-03-31,13871.28,1850.0,Met
108,2023-04-30,15379.88,1850.0,Met
108,2023-05-31,16938.78,1850.0,Met
108,2023-06-30,18717.25,1850.0,Met
108,2023-07-31,20101.63,1850.0,Met
108,2023-08-31,21647.54,1850.0,Met
108,2023-09-30,21912.18,502.08,Below-Target
108,2023-10-31,23652.33,1850.0,Met
108,2023-11-30,24483.08,1037.37,Below-Target
108,2023-12-31,25940.85,1850.0,Met
108,2024-01-31,27566.49,1850.0,Met
108,2024-02-29,29308.13,1850.0,Met
108,2024-03-31,30879.41,1850.0,Met
108,2024-04-30,31769.24,1273.55,Below-Target
108,2024-05-31,33233.31,1850.0,Met
108,2024-06-30,34575.2,1850.0,Met
108,2024-07-31,36265.19,1850.0,Met
108,2024-08-31,37954.64,1850.0,Met
108,2024-09-30,39580.58,1850.0,Met
108,2024-10-31,41373.36,1850.0,Met
108,2024-11-30,43045.89,1850.0,Met
108,2024-12-31,44817.26,1850.0,Met
108,2025-01-31,46190.01,1850.0,Met
108,2025-02-28,47901.34,1850.0,Met
108,2025-03-31,48680.26,850.36,Below-Target
108,2025-04-30,49289.81,336.67,Missed
108,2025-05-31,50657.48,182.99,Below-Target
108,2025-06-30,52405.25,1850.0,Met
108,2025-07-31,54048.55,1850.0,Met
108,2025-08-31,55883.27,1850.0,Met
108,2025-09-30,55473.04,0.0,Missed
108,2025-10-31,56851.1,1850.0,Met
108,2025-11-30,58585.81,1850.0,Met
108,2025-12-31,60319.77,1850.0,Met
108,2026-01-31,62062.96,1850.0,Met
108,2026-02-28,63711.15,1850.0,Met
108,2026-03-31,65030.93,1850.0,Met
108,2026-04-30,66761.78,1850.0,Met
108,2026-05-31,68280.05,1850.0,Met
108,2026-06-30,69652.8,1850.0,Met
108,2026-07-31,71317.84,1850.0,Met
108,2026-08-31,73064.79,1850.0,Met
109,2023-01-31,8726.29,1680.0,Met
109,2023-02-28,10006.59,1680.0,Met
109,2023-03-31,11392.43,1680.0,Met
109,2023-04-30,12974.99,1680.0,Met
109,2023-05-31,14627.52,1680.0,Met
109,2023-06-30,15828.34,1680.0,Met
109,2023-07-31,17130.16,1680.0,Met
109,2023-08-31,18571.49,1680.0,Met
109,2023-09-30,19457.61,1025.59,Below-Target
109,2023-10-31,20816.57,1680.0,Met
109,2023-11-30,22183.17,1680.0,Met
109,2023-12-31,22397.63,635.22,Below-Target
109,2024-01-31,23730.7,1680.0,Met
109,2024-02-29,23235.85,0.0,Missed
109,2024-03-31,24505.56,1680.0,Met
109,2024-04-30,26152.13,1680.0,Met
109,2024-05-31,27379.93,1680.0,Met
109,2024-06-30,27193.59,0.0,Missed
109,2024-07-31,28551.24,1680.0,Met
109,2024-08-31,29769.51,1680.0,Met
109,2024-09-30,31396.48,1680.0,Met
109,2024-10-31,32576.2,1680.0,Met
109,2024-11-30,34052.42,1680.0,Met
109,2024-12-31,35545.5,1680.0,Met
109,2025-01-31,37002.97,1680.0,Met
109,2025-02-28,36866.49,0.0,Missed
109,2025-03-31,38327.6,1680.0,Met
109,2025-04-30,39890.0,1680.0,Met
109,2025-05-31,41277.4,1680.0,Met
109,2025-06-30,42490.73,275.31,Below-Target
109,2025-07-31,43851.3,512.17,Missed
109,2025-08-31,45253.37,1680.0,Met
109,2025-09-30,46807.45,1680.0,Met
109,2025-10-31,48045.23,1680.0,Met
109,2025-11-30,49226.33,1680.0,Met
109,2025-12-31,50607.77,1680.0,Met
109,2026-01-31,52117.04,826.63,Below-Target
109,2026-02-28,53474.0,1680.0,Met
109,2026-03-31,54185.34,922.19,Below-Target
109,2026-04-30,55550.19,1680.0,Met
109,2026-05-31,56051.23,608.14,Below-Target
109,2026-06-30,57524.17,1680.0,Met
109,2026-07-31,58826.63,1680.0,Met
109,2026-08-31,60215.44,1680.0,Met
110,2023-01-31,8617.71,1600.0,Met
110,2023-02-28,9946.27,1600.0,Met
110,2023-03-31,11432.82,1600.0,Met
110,2023-04-30,12605.9,1600.0,Met
110,2023-05-31,13890.41,1600.0,Met
110,2023-06-30,15320.26,1600.0,Met
110,2023-07-31,16466.02,1600.0,Met
110,2023-08-31,17877.07,1600.0,Met
110,2023-09-30,19162.3,1600.0,Met
110,2023-10-31,20719.88,1600.0,Met
110,2023-11-30,22081.27,1600.0,Met
110,2023-12-31,23618.49,1600.0,Met
110,2024-01-31,24886.75,1600.0,Met
110,2024-02-29,26115.58,1600.0,Met
110,2024-03-31,26360.17,539.1,Below-Target
110,2024-04-30,27499.89,1600.0,Met
110,2024-05-31,27404.98,335.28,Below-Target
110,2024-06-30,28872.93,1600.0,Met
110,2024-07-31,30409.66,1600.0,Met
110,2024-08-31,31872.63,1600.0,Met
110,2024-09-30,33188.4,1600.0,Met
110,2024-10-31,34417.23,1600.0,Met
110,2024-11-30,35862.04,1600.0,Met
110,2024-12-31,37392.85,1600.0,Met
110,2025-01-31,38593.8,1600.0,Met
110,2025-02-28,39789.42,1600.0,Met
110,2025-03-31,41029.11,1600.0,Met
110,2025-04-30,42237.46,1600.0,Met
110,2025-05-31,43616.66,1600.0,Met
110,2025-06-30,44935.82,1600.0,Met
110,2025-07-31,46233.13,1600.0,Met
110,2025-08-31,47729.82,1600.0,Met
110,2025-09-30,47853.32,529.81,Below-Target
110,2025-10-31,49132.79,1600.0,Met
110,2025-11-30,50534.26,1600.0,Met
110,2025-12-31,51156.91,894.88,Below-Target
110,2026-01-31,52560.11,1600.0,Met
110,2026-02-28,52547.83,0.0,Missed
110,2026-03-31,53883.49,1600.0,Met
110,2026-04-30,55377.57,1600.0,Met
110,2026-05-31,56927.23,1600.0,Met
110,2026-06-30,58445.72,1600.0,Met
110,2026-07-31,59771.53,1600.0,Met
110,2026-08-31,60999.02,1600.0,Met
111,2025-03-31,6536.68,1700.0,Met
111,2025-04-30,7851.96,1700.0,Met
111,2025-05-31,9433.83,1700.0,Met
111,2025-06-30,9323.95,0.0,Missed
111,2025-07-31,9774.49,696.37,Below-Target
111,2025-08-31,10986.42,1700.0,Met
111,2025-09-30,12281.19,1700.0,Met
111,2025-10-31,13560.17,1700.0,Met
111,2025-11-30,14907.58,1700.0,Met
111,2025-12-31,16575.92,1700.0,Met
111,2026-01-31,18054.5,1700.0,Met
111,2026-02-28,19735.27,1700.0,Met
111,2026-03-31,19271.83,0.0,Missed
111,2026-04-30,20767.6,1700.0,Met
111,2026-05-31,20472.65,0.0,Missed
111,2026-06-30,21834.56,1700.0,Met
111,2026-07-31,23521.85,1700.0,Met
111,2026-08-31,23949.01,897.73,Below-Target
112,2023-01-31,15223.74,1910.0,Met
112,2023-02-28,15765.26,780.45,Below-Target
112,2023-03-31,17150.4,1910.0,Met
112,2023-04-30,16721.8,0.0,Missed
112,2023-05-31,18276.06,1910.0,Met
112,2023-06-30,20018.76,1910.0,Met
112,2023-07-31,21444.21,1910.0,Met
112,2023-08-31,23066.6,1910.0,Met
112,2023-09-30,24788.01,1910.0,Met
112,2023-10-31,26189.1,1910.0,Met
112,2023-11-30,26069.04,0.0,Missed
112,2023-12-31,27735.25,1910.0,Met
112,2024-01-31,29321.23,1910.0,Met
112,2024-02-29,30952.94,1910.0,Met
112,2024-03-31,31782.29,947.05,Below-Target
112,2024-04-30,33658.62,1910.0,Met
112,2024-05-31,35293.26,1910.0,Met
112,2024-06-30,36066.17,1225.99,Below-Target
112,2024-07-31,37473.7,1910.0,Met
112,2024-08-31,39327.68,1910.0,Met
112,2024-09-30,40706.95,1910.0,Met
112,2024-10-31,42046.04,1910.0,Met
112,2024-11-30,43690.21,1910.0,Met
112,2024-12-31,43691.99,536.3,Below-Target
112,2025-01-31,45226.56,1910.0,Met
112,2025-02-28,47068.24,1910.0,Met
112,2025-03-31,47526.81,820.7,Below-Target
112,2025-04-30,48916.16,1910.0,Met
112,2025-05-31,48837.3,453.7,Below-Target
112,2025-06-30,50497.39,1910.0,Met
112,2025-07-31,51013.25,733.92,Below-Target
112,2025-08-31,51533.22,561.08,Below-Target
112,2025-09-30,52890.86,1910.0,Met
112,2025-10-31,54435.77,1910.0,Met
112,2025-11-30,55789.6,1910.0,Met
112,2025-12-31,57482.46,1910.0,Met
112,2026-01-31,58820.17,1910.0,Met
112,2026-02-28,60362.64,1910.0,Met
112,2026-03-31,62109.93,1910.0,Met
112,2026-04-30,63613.11,1910.0,Met
112,2026-05-31,65330.86,1910.0,Met
112,2026-06-30,67005.38,1910.0,Met
112,2026-07-31,68361.97,1910.0,Met
112,2026-08-31,70233.91,1910.0,Met
113,2023-01-31,10713.26,1770.0,Met
113,2023-02-28,10620.07,0.0,Missed
113,2023-03-31,11997.35,1770.0,Met
113,2023-04-30,12017.01,355.78,Below-Target
113,2023-05-31,13404.34,1770.0,Met
113,2023-06-30,14798.61,1770.0,Met
113,2023-07-31,16251.49,1770.0,Met
113,2023-08-31,17745.05,1770.0,Met
113,2023-09-30,18209.35,671.62,Below-Target
113,2023-10-31,19676.57,1770.0,Met
113,2023-11-30,20195.09,549.5,Below-Target
113,2023-12-31,21651.35,1770.0,Met
113,2024-01-31,23033.47,1770.0,Met
113,2024-02-29,24618.75,1770.0,Met
113,2024-03-31,26175.35,1770.0,Met
113,2024-04-30,27532.07,1770.0,Met
113,2024-05-31,29224.73,1770.0,Met
113,2024-06-30,28986.71,0.0,Missed
113,2024-07-31,30514.74,1770.0,Met
113,2024-08-31,32213.97,1770.0,Met
113,2024-09-30,33768.87,1770.0,Met
113,2024-10-31,35335.61,1770.0,Met
113,2024-11-30,37093.63,1770.0,Met
113,2024-12-31,38707.48,1770.0,Met
113,2025-01-31,38218.44,0.0,Missed
113,2025-02-28,39870.3,1770.0,Met
113,2025-03-31,39669.54,0.0,Missed
113,2025-04-30,40929.24,1770.0,Met
113,2025-05-31,41095.8,584.7,Below-Target
113,2025-06-30,42452.67,1770.0,Met
113,2025-07-31,44219.94,1770.0,Met
113,2025-08-31,43699.31,0.0,Missed
113,2025-09-30,45181.78,1770.0,Met
113,2025-10-31,46807.38,1770.0,Met
113,2025-11-30,46403.98,0.0,Missed
113,2025-12-31,47889.21,1770.0,Met
113,2026-01-31,49442.75,1770.0,Met
113,2026-02-28,50830.37,1770.0,Met
113,2026-03-31,52138.3,1770.0,Met
113,2026-04-30,53833.96,1770.0,Met
113,2026-05-31,55525.33,1770.0,Met
113,2026-06-30,57213.01,1770.0,Met
113,2026-07-31,58835.54,1770.0,Met
113,2026-08-31,60522.95,1770.0,Met
114,2023-06-30,4161.64,0.0,Missed
114,2023-07-31,6090.89,1930.0,Met
114,2023-08-31,7600.37,1930.0,Met
114,2023-09-30,9268.45,1930.0,Met
114,2023-10-31,11066.34,1930.0,Met
114,2023-11-30,11483.71,484.22,Below-Target
114,2023-12-31,13027.51,1930.0,Met
114,2024-01-31,14144.06,1298.59,Below-Target
114,2024-02-29,15622.57,1930.0,Met
114,2024-03-31,17468.26,1930.0,Met
114,2024-04-30,19091.04,1930.0,Met
114,2024-05-31,20542.99,1930.0,Met
114,2024-06-30,22220.15,1930.0,Met
114,2024-07-31,23744.73,1930.0,Met
114,2024-08-31,25120.92,1930.0,Met
114,2024-09-30,27027.22,1930.0,Met
114,2024-10-31,28653.71,1930.0,Met
114,2024-11-30,30047.19,1930.0,Met
114,2024-12-31,31935.05,1930.0,Met
114,2025-01-31,32253.22,484.75,Below-Target
114,2025-02-28,33408.97,1296.21,Below-Target
114,2025-03-31,35146.21,1930.0,Met
114,2025-04-30,36620.74,1930.0,Met
114,2025-05-31,38025.94,1930.0,Met
114,2025-06-30,38393.53,639.44,Below-Target
114,2025-07-31,40060.59,1930.0,Met
114,2025-08-31,41626.51,1930.0,Met
114,2025-09-30,43455.02,1930.0,Met
114,2025-10-31,44994.7,625.02,Missed
114,2025-11-30,45372.94,99.58,Below-Target
114,2025-12-31,47014.76,1930.0,Met
114,2026-01-31,47460.24,1005.99,Below-Target
114,2026-02-28,49258.61,1930.0,Met
114,2026-03-31,50740.98,1930.0,Met
114,2026-04-30,52614.62,1930.0,Met
114,2026-05-31,53075.53,984.85,Below-Target
114,2026-06-30,54466.39,1930.0,Met
114,2026-07-31,55412.59,1179.25,Below-Target
114,2026-08-31,57157.93,1930.0,Met
115,2023-01-31,7812.56,1670.0,Met
115,2023-02-28,9296.15,1670.0,Met
115,2023-03-31,10616.52,1670.0,Met
115,2023-04-30,11905.98,1670.0,Met
115,2023-05-31,13127.69,1670.0,Met
115,2023-06-30,14587.72,1670.0,Met
115,2023-07-31,14303.93,0.0,Missed
115,2023-08-31,15824.61,1670.0,Met
115,2023-09-30,16191.36,768.05,Below-Target
115,2023-10-31,17672.35,1670.0,Met
115,2023-11-30,19147.71,1670.0,Met
115,2023-12-31,20697.17,1670.0,Met
115,2024-01-31,22230.21,1670.0,Met
115,2024-02-29,23878.55,1670.0,Met
115,2024-03-31,25476.46,1670.0,Met
115,2024-04-30,26682.31,1670.0,Met
115,2024-05-31,28071.68,1670.0,Met
115,2024-06-30,29291.32,1670.0,Met
115,2024-07-31,30782.11,1670.0,Met
115,2024-08-31,32195.58,1670.0,Met
115,2024-09-30,33503.41,1670.0,Met
115,2024-10-31,35092.88,1670.0,Met
115,2024-11-30,36563.6,1670.0,Met
115,2024-12-31,38003.22,1670.0,Met
115,2025-01-31,38964.7,1051.83,Below-Target
115,2025-02-28,40228.09,1670.0,Met
115,2025-03-31,41559.76,1670.0,Met
115,2025-04-30,43159.2,1670.0,Met
115,2025-05-31,44722.69,1670.0,Met
115,2025-06-30,46008.53,1670.0,Met
115,2025-07-31,47450.89,1670.0,Met
115,2025-08-31,49065.47,1670.0,Met
115,2025-09-30,50611.92,1670.0,Met
115,2025-10-31,51283.07,835.29,Below-Target
115,2025-11-30,52723.34,1670.0,Met
115,2025-12-31,53531.35,822.44,Below-Target
115,2026-01-31,54951.36,1670.0,Met
115,2026-02-28,56613.87,1670.0,Met
115,2026-03-31,58099.04,1670.0,Met
115,2026-04-30,59269.67,1670.0,Met
115,2026-05-31,60610.43,1670.0,Met
115,2026-06-30,62111.12,1670.0,Met
115,2026-07-31,63601.34,1670.0,Met
115,2026-08-31,64482.29,1042.35,Below-Target
116,2023-01-31,10524.81,1820.0,Met
116,2023-02-28,12192.18,1820.0,Met
116,2023-03-31,12445.86,491.24,Below-Target
116,2023-04-30,13784.43,1820.0,Met
116,2023-05-31,15554.94,1820.0,Met
116,2023-06-30,17109.93,1820.0,Met
116,2023-07-31,16782.2,0.0,Missed
116,2023-08-31,17122.75,388.06,Below-Target
116,2023-09-30,18436.27,1820.0,Met
116,2023-10-31,20191.17,1820.0,Met
116,2023-11-30,21688.84,1820.0,Met
116,2023-12-31,22286.26,712.03,Below-Target
116,2024-01-31,23193.06,1123.13,Below-Target
116,2024-02-29,22745.66,0.0,Missed
116,2024-03-31,24035.4,1820.0,Met
116,2024-04-30,25729.48,1820.0,Met
116,2024-05-31,27524.82,1820.0,Met
116,2024-06-30,28832.88,1820.0,Met
116,2024-07-31,30551.9,1820.0,Met
116,2024-08-31,32319.91,1820.0,Met
116,2024-09-30,34081.9,1820.0,Met
116,2024-10-31,35768.94,1820.0,Met
116,2024-11-30,37465.71,440.98,Below-Target
116,2024-12-31,39239.44,1820.0,Met
116,2025-01-31,41027.7,1820.0,Met
116,2025-02-28,42460.73,1820.0,Met
116,2025-03-31,44045.79,1820.0,Met
116,2025-04-30,45765.21,1820.0,Met
116,2025-05-31,47194.52,1820.0,Met
116,2025-06-30,48632.31,1820.0,Met
116,2025-07-31,50048.29,1820.0,Met
116,2025-08-31,51540.85,1820.0,Met
116,2025-09-30,53115.42,1820.0,Met
116,2025-10-31,52672.13,0.0,Missed
116,2025-11-30,54491.87,1820.0,Met
116,2025-12-31,56123.98,1820.0,Met
116,2026-01-31,57825.39,1820.0,Met
116,2026-02-28,59600.16,1820.0,Met
116,2026-03-31,61077.53,1820.0,Met
116,2026-04-30,62470.65,1820.0,Met
116,2026-05-31,64135.11,1820.0,Met
116,2026-06-30,65714.27,1820.0,Met
116,2026-07-31,67400.47,1820.0,Met
116,2026-08-31,68816.38,1820.0,Met
117,2023-01-31,10317.84,703.82,Below-Target
117,2023-02-28,12129.27,1870.0,Met
117,2023-03-31,13746.06,1870.0,Met
117,2023-04-30,15072.34,1870.0,Met
117,2023-05-31,16751.61,1870.0,Met
117,2023-06-30,18252.0,1870.0,Met
117,2023-07-31,19695.83,1870.0,Met
117,2023-08-31,21550.96,1870.0,Met
117,2023-09-30,23110.29,1870.0,Met
117,2023-10-31,23822.69,979.88,Below-Target
117,2023-11-30,25321.21,1870.0,Met
117,2023-12-31,26840.61,1870.0,Met
117,2024-01-31,28572.66,1870.0,Met
117,2024-02-29,30223.43,1870.0,Met
117,2024-03-31,31712.09,1870.0,Met
117,2024-04-30,33365.33,1870.0,Met
117,2024-05-31,34216.1,965.49,Below-Target
117,2024-06-30,36001.29,1870.0,Met
117,2024-07-31,37802.23,1870.0,Met
117,2024-08-31,39585.1,1870.0,Met
117,2024-09-30,39956.38,727.94,Below-Target
117,2024-10-31,41463.34,1870.0,Met
117,2024-11-30,43209.54,1870.0,Met
117,2024-12-31,45032.91,1870.0,Met
117,2025-01-31,45865.75,940.87,Below-Target
117,2025-02-28,47208.99,1870.0,Met
117,2025-03-31,48613.26,1870.0,Met
117,2025-04-30,50345.45,1870.0,Met
117,2025-05-31,51898.71,1870.0,Met
117,2025-06-30,53278.56,1870.0,Met
117,2025-07-31,55107.52,1870.0,Met
117,2025-08-31,56732.16,1870.0,Met
117,2025-09-30,58250.77,1870.0,Met
117,2025-10-31,58862.98,729.29,Below-Target
117,2025-11-30,58439.44,0.0,Missed
117,2025-12-31,60164.78,1870.0,Met
117,2026-01-31,61724.13,1870.0,Met
117,2026-02-28,63315.35,1870.0,Met
117,2026-03-31,65145.19,1870.0,Met
117,2026-04-30,64642.81,0.0,Missed
117,2026-05-31,65094.33,504.4,Below-Target
117,2026-06-30,66589.98,1870.0,Met
117,2026-07-31,68242.4,1870.0,Met
117,2026-08-31,69719.52,1870.0,Met
118,2024-01-31,8606.93,1730.0,Met
118,2024-02-29,10222.58,1730.0,Met
118,2024-03-31,10548.61,401.03,Below-Target
118,2024-04-30,12133.47,1730.0,Met
118,2024-05-31,12251.05,536.83,Below-Target
118,2024-06-30,13487.91,1730.0,Met
118,2024-07-31,15014.33,1730.0,Met
118,2024-08-31,15450.59,679.81,Below-Target
118,2024-09-30,16906.07,1730.0,Met
118,2024-10-31,18330.54,1730.0,Met
118,2024-11-30,19915.9,1730.0,Met
118,2024-12-31,21496.44,1730.0,Met
118,2025-01-31,23164.0,1730.0,Met
118,2025-02-28,24569.38,1730.0,Met
118,2025-03-31,25801.88,1730.0,Met
118,2025-04-30,27028.09,1730.0,Met
118,2025-05-31,28559.27,1730.0,Met
118,2025-06-30,29573.87,1088.82,Below-Target
118,2025-07-31,30854.23,1730.0,Met
118,2025-08-31,32194.62,1730.0,Met
118,2025-09-30,33062.53,960.98,Below-Target
118,2025-10-31,33683.95,985.84,Below-Target
118,2025-11-30,35110.69,1730.0,Met
118,2025-12-31,36485.27,1730.0,Met
118,2026-01-31,38143.4,1730.0,Met
118,2026-02-28,39816.18,1730.0,Met
118,2026-03-31,41140.02,1730.0,Met
118,2026-04-30,42867.75,1730.0,Met
118,2026-05-31,44496.09,1730.0,Met
118,2026-06-30,44730.58,745.17,Below-Target
118,2026-07-31,46017.04,1730.0,Met
118,2026-08-31,47384.24,1730.0,Met
119,2024-05-31,7237.72,1770.0,Met
119,2024-06-30,8552.14,1770.0,Met
119,2024-07-31,10260.43,1770.0,Met
119,2024-08-31,11659.73,1770.0,Met
119,2024-09-30,13416.87,1770.0,Met
119,2024-10-31,14862.45,1770.0,Met
119,2024-11-30,16477.08,1770.0,Met
119,2024-12-31,17800.57,1770.0,Met
119,2025-01-31,18582.02,1192.54,Below-Target
119,2025-02-28,20009.47,1770.0,Met
119,2025-03-31,20485.19,967.67,Below-Target
119,2025-04-30,22111.97,1770.0,Met
119,2025-05-31,23392.11,1770.0,Met
119,2025-06-30,24755.4,1770.0,Met
119,2025-07-31,26315.43,1770.0,Met
119,2025-08-31,27968.76,1770.0,Met
119,2025-09-30,29280.56,1770.0,Met
119,2025-10-31,29004.32,0.0,Missed
119,2025-11-30,30714.41,1770.0,Met
119,2025-12-31,30245.39,0.0,Missed
119,2026-01-31,30119.35,377.95,Below-Target
119,2026-02-28,31417.76,1770.0,Met
119,2026-03-31,33032.61,1770.0,Met
119,2026-04-30,33064.68,465.95,Below-Target
119,2026-05-31,34372.88,1770.0,Met
119,2026-06-30,35615.68,1770.0,Met
119,2026-07-31,36934.8,1770.0,Met
119,2026-08-31,38502.48,1770.0,Met
120,2023-01-31,15345.53,1440.0,Met
120,2023-02-28,16524.06,1440.0,Met
120,2023-03-31,17644.35,1440.0,Met
120,2023-04-30,18994.99,1440.0,Met
120,2023-05-31,20290.02,1440.0,Met
120,2023-06-30,21467.97,1440.0,Met
120,2023-07-31,22720.11,1440.0,Met
120,2023-08-31,22861.02,383.82,Below-Target
120,2023-09-30,24119.88,1440.0,Met
120,2023-10-31,25199.62,1440.0,Met
120,2023-11-30,26558.49,1440.0,Met
120,2023-12-31,27838.83,1440.0,Met
120,2024-01-31,28378.67,941.83,Below-Target
120,2024-02-29,29462.33,1440.0,Met
120,2024-03-31,29084.49,0.0,Missed
120,2024-04-30,30136.16,1440.0,Met
120,2024-05-31,31528.76,1440.0,Met
120,2024-06-30,32580.12,1440.0,Met
120,2024-07-31,33633.66,1440.0,Met
120,2024-08-31,34839.99,1440.0,Met
120,2024-09-30,35868.87,1440.0,Met
120,2024-10-31,37059.57,1440.0,Met
120,2024-11-30,38181.92,1440.0,Met
120,2024-12-31,39346.28,1440.0,Met
120,2025-01-31,40759.74,1440.0,Met
120,2025-02-28,42049.16,1440.0,Met
120,2025-03-31,43269.28,1440.0,Met
120,2025-04-30,44617.01,1440.0,Met
120,2025-05-31,45831.32,1440.0,Met
120,2025-06-30,47152.76,1440.0,Met
120,2025-07-31,48386.56,1440.0,Met
120,2025-08-31,49674.38,1440.0,Met
120,2025-09-30,51096.21,1440.0,Met
120,2025-10-31,52491.67,1440.0,Met
120,2025-11-30,53529.31,1440.0,Met
120,2025-12-31,54776.04,1440.0,Met
120,2026-01-31,55863.68,1440.0,Met
120,2026-02-28,57288.09,1440.0,Met
120,2026-03-31,57025.35,0.0,Missed
120,2026-04-30,58265.51,1440.0,Met
120,2026-05-31,58239.76,361.95,Below-Target
120,2026-06-30,59438.38,1440.0,Met
120,2026-07-31,60669.41,1440.0,Met
120,2026-08-31,62069.06,1440.0,Met
121,2024-11-30,7012.6,614.1,Below-Target
121,2024-12-31,6962.17,0.0,Missed
121,2025-01-31,8242.07,1490.0,Met
121,2025-02-28,8607.91,624.71,Below-Target
121,2025-03-31,10007.63,1490.0,Met
121,2025-04-30,11312.65,1490.0,Met
121,2025-05-31,12784.02,1490.0,Met
121,2025-06-30,14261.47,1490.0,Met
121,2025-07-31,14021.74,0.0,Missed
121,2025-08-31,15397.49,1490.0,Met
121,2025-09-30,16857.55,1490.0,Met
121,2025-10-31,18201.31,1490.0,Met
121,2025-11-30,19447.5,1490.0,Met
121,2025-12-31,20512.02,1490.0,Met
121,2026-01-31,20253.43,0.0,Missed
121,2026-02-28,21403.23,1490.0,Met
121,2026-03-31,22822.06,1490.0,Met
121,2026-04-30,24248.57,1490.0,Met
121,2026-05-31,25391.35,1490.0,Met
121,2026-06-30,26631.23,1490.0,Met
121,2026-07-31,27973.61,1490.0,Met
121,2026-08-31,29048.33,1490.0,Met
122,2023-01-31,8684.57,1520.0,Met
122,2023-02-28,9805.58,1520.0,Met
122,2023-03-31,11256.44,1520.0,Met
122,2023-04-30,12683.18,1520.0,Met
122,2023-05-31,13119.9,655.14,Below-Target
122,2023-06-30,14369.71,1520.0,Met
122,2023-07-31,15788.49,1520.0,Met
122,2023-08-31,17017.58,1520.0,Met
122,2023-09-30,18213.77,1520.0,Met
122,2023-10-31,19676.41,1520.0,Met
122,2023-11-30,20766.23,1520.0,Met
122,2023-12-31,21844.69,1520.0,Met
122,2024-01-31,23116.46,1520.0,Met
122,2024-02-29,24207.19,1520.0,Met
122,2024-03-31,25309.45,1520.0,Met
122,2024-04-30,25379.24,399.05,Below-Target
122,2024-05-31,26690.99,1520.0,Met
122,2024-06-30,27091.17,726.23,Below-Target
122,2024-07-31,28390.57,1520.0,Met
122,2024-08-31,29702.69,1520.0,Met
122,2024-09-30,30878.11,1520.0,Met
122,2024-10-31,32051.57,1520.0,Met
122,2024-11-30,33426.09,1520.0,Met
122,2024-12-31,34726.88,1520.0,Met
122,2025-01-31,36069.07,1520.0,Met
122,2025-02-28,37314.31,1520.0,Met
122,2025-03-31,38420.54,1520.0,Met
122,2025-04-30,39918.63,1520.0,Met
122,2025-05-31,41047.59,1520.0,Met
122,2025-06-30,42432.98,1520.0,Met
122,2025-07-31,43854.21,1520.0,Met
122,2025-08-31,45350.58,1520.0,Met
122,2025-09-30,46650.14,1520.0,Met
122,2025-10-31,47008.06,807.28,Below-Target
122,2025-11-30,48245.78,1520.0,Met
122,2025-12-31,48895.96,844.98,Below-Target
122,2026-01-31,50151.65,1520.0,Met
122,2026-02-28,51622.25,1520.0,Met
122,2026-03-31,52864.13,1520.0,Met
122,2026-04-30,54202.3,1520.0,Met
122,2026-05-31,55536.84,1520.0,Met
122,2026-06-30,56778.95,1520.0,Met
122,2026-07-31,58060.0,1520.0,Met
122,2026-08-31,59448.87,1520.0,Met
123,2026-08-31,6715.76,1600.0,Met
124,2023-01-31,4511.8,979.3,Below-Target
124,2023-02-28,4331.75,0.0,Missed
124,2023-03-31,5818.71,1580.0,Met
124,2023-04-30,7303.77,1580.0,Met
124,2023-05-31,8823.48,1580.0,Met
124,2023-06-30,10367.49,1580.0,Met
124,2023-07-31,11481.04,1580.0,Met
124,2023-08-31,12843.64,1580.0,Met
124,2023-09-30,14288.78,1580.0,Met
124,2023-10-31,15669.07,1580.0,Met
124,2023-11-30,17090.48,1580.0,Met
124,2023-12-31,18392.36,1580.0,Met
124,2024-01-31,19524.58,1580.0,Met
124,2024-02-29,20771.79,1580.0,Met
124,2024-03-31,22163.63,1580.0,Met
124,2024-04-30,22595.0,435.6,Below-Target
124,2024-05-31,24111.22,1580.0,Met
124,2024-06-30,25420.18,1580.0,Met
124,2024-07-31,26876.16,1580.0,Met
124,2024-08-31,28296.77,1580.0,Met
124,2024-09-30,29613.08,1580.0,Met
124,2024-10-31,29966.4,490.32,Below-Target
124,2024-11-30,31448.27,1580.0,Met
124,2024-12-31,32985.96,1580.0,Met
124,2025-01-31,34431.49,1580.0,Met
124,2025-02-28,35741.25,1580.0,Met
124,2025-03-31,37139.04,1580.0,Met
124,2025-04-30,36802.08,0.0,Missed
124,2025-05-31,37712.59,1094.11,Below-Target
124,2025-06-30,38898.34,1580.0,Met
124,2025-07-31,40467.46,1580.0,Met
124,2025-08-31,41600.76,1580.0,Met
124,2025-09-30,42076.58,863.21,Below-Target
124,2025-10-31,43483.63,1580.0,Met
124,2025-11-30,44996.33,1580.0,Met
124,2025-12-31,46418.45,1580.0,Met
124,2026-01-31,47123.43,783.87,Below-Target
124,2026-02-28,48385.94,1580.0,Met
124,2026-03-31,49947.27,1580.0,Met
124,2026-04-30,51109.88,1580.0,Met
124,2026-05-31,52622.93,1580.0,Met
124,2026-06-30,53888.16,1580.0,Met
124,2026-07-31,55152.22,1580.0,Met
124,2026-08-31,56723.94,1580.0,Met
125,2023-11-30,4281.35,1510.0,Met
125,2023-12-31,5418.12,1510.0,Met
125,2024-01-31,6876.23,1510.0,Met
125,2024-02-29,6784.31,0.0,Missed
125,2024-03-31,8002.14,1510.0,Met
125,2024-04-30,9064.42,1510.0,Met
125,2024-05-31,10383.79,1510.0,Met
125,2024-06-30,11795.46,1510.0,Met
125,2024-07-31,12959.99,1510.0,Met
125,2024-08-31,13834.41,914.93,Below-Target
125,2024-09-30,15017.17,1510.0,Met
125,2024-10-31,16288.75,1510.0,Met
125,2024-11-30,17692.39,1510.0,Met
125,2024-12-31,18966.36,1510.0,Met
125,2025-01-31,20109.64,1510.0,Met
125,2025-02-28,21246.39,1510.0,Met
125,2025-03-31,21167.8,0.0,Missed
125,2025-04-30,22248.2,1510.0,Met
125,2025-05-31,23327.02,1510.0,Met
125,2025-06-30,24590.7,1510.0,Met
125,2025-07-31,25180.36,872.78,Below-Target
125,2025-08-31,26355.32,1510.0,Met
125,2025-09-30,27746.4,1510.0,Met
125,2025-10-31,29055.5,1510.0,Met
125,2025-11-30,30455.67,1510.0,Met
125,2025-12-31,31888.48,1510.0,Met
125,2026-01-31,31851.8,320.67,Below-Target
125,2026-02-28,32915.57,1510.0,Met
125,2026-03-31,34231.19,1510.0,Met
125,2026-04-30,35354.76,1510.0,Met
125,2026-05-31,35735.43,733.92,Below-Target
125,2026-06-30,36429.98,1042.95,Below-Target
125,2026-07-31,36977.35,960.22,Below-Target
125,2026-08-31,38037.29,1510.0,Met
126,2024-05-31,14527.52,1850.0,Met
126,2024-06-30,15852.0,1850.0,Met
126,2024-07-31,17290.37,1850.0,Met
126,2024-08-31,18800.23,1850.0,Met
126,2024-09-30,20537.67,1850.0,Met
126,2024-10-31,22108.04,1850.0,Met
126,2024-11-30,22055.5,0.0,Missed
126,2024-12-31,23836.24,1850.0,Met
126,2025-01-31,25315.91,1850.0,Met
126,2025-02-28,26902.63,1850.0,Met
126,2025-03-31,28273.38,1850.0,Met
126,2025-04-30,29702.99,1850.0,Met
126,2025-05-31,31102.17,1850.0,Met
126,2025-06-30,32569.18,1850.0,Met
126,2025-07-31,34144.32,1850.0,Met
126,2025-08-31,35495.96,1850.0,Met
126,2025-09-30,37044.77,1850.0,Met
126,2025-10-31,36817.68,0.0,Missed
126,2025-11-30,38365.35,1850.0,Met
126,2025-12-31,39338.47,986.76,Below-Target
126,2026-01-31,40968.41,1850.0,Met
126,2026-02-28,42463.28,1850.0,Met
126,2026-03-31,44090.44,1850.0,Met
126,2026-04-30,45838.28,1850.0,Met
126,2026-05-31,47441.94,1850.0,Met
126,2026-06-30,47971.92,846.26,Below-Target
126,2026-07-31,49573.53,1850.0,Met
126,2026-08-31,50896.5,1850.0,Met
127,2023-01-31,16543.64,1780.0,Met
127,2023-02-28,16959.3,891.98,Below-Target
127,2023-03-31,18413.99,1780.0,Met
127,2023-04-30,19883.85,1780.0,Met
127,2023-05-31,21494.04,1780.0,Met
127,2023-06-30,23201.64,1780.0,Met
127,2023-07-31,24727.12,1780.0,Met
127,2023-08-31,26275.45,1780.0,Met
127,2023-09-30,25829.05,0.0,Missed
127,2023-10-31,27595.73,1780.0,Met
127,2023-11-30,28566.29,1167.8,Below-Target
127,2023-12-31,30333.13,1780.0,Met
127,2024-01-31,32074.45,1780.0,Met
127,2024-02-29,33355.12,1780.0,Met
127,2024-03-31,34899.72,1780.0,Met
127,2024-04-30,35774.51,1050.83,Below-Target
127,2024-05-31,37453.87,1780.0,Met
127,2024-06-30,38794.41,1780.0,Met
127,2024-07-31,40067.64,1780.0,Met
127,2024-08-31,41635.92,1780.0,Met
127,2024-09-30,43130.56,1780.0,Met
127,2024-10-31,44564.37,1780.0,Met
127,2024-11-30,44965.98,630.45,Below-Target
127,2024-12-31,46398.09,1780.0,Met
127,2025-01-31,48175.76,1780.0,Met
127,2025-02-28,49815.91,1780.0,Met
127,2025-03-31,51254.9,1780.0,Met
127,2025-04-30,52796.09,1780.0,Met
127,2025-05-31,53247.86,793.24,Below-Target
127,2025-06-30,52913.33,0.0,Missed
127,2025-07-31,54280.05,1780.0,Met
127,2025-08-31,56050.43,1780.0,Met
127,2025-09-30,57362.01,1780.0,Met
127,2025-10-31,59134.97,1780.0,Met
127,2025-11-30,60705.95,1780.0,Met
127,2025-12-31,62222.47,1780.0,Met
127,2026-01-31,63599.71,1780.0,Met
127,2026-02-28,65026.43,1780.0,Met
127,2026-03-31,66726.74,1780.0,Met
127,2026-04-30,68385.49,1780.0,Met
127,2026-05-31,69842.57,1780.0,Met
127,2026-06-30,70754.45,920.25,Below-Target
127,2026-07-31,72512.1,1780.0,Met
127,2026-08-31,74025.91,1780.0,Met
128,2023-01-31,5216.74,1103.27,Below-Target
128,2023-02-28,5942.12,956.6,Below-Target
128,2023-03-31,7322.63,1820.0,Met
128,2023-04-30,9012.02,1820.0,Met
128,2023-05-31,9887.27,1032.65,Below-Target
128,2023-06-30,11265.57,1820.0,Met
128,2023-07-31,12658.66,1820.0,Met
128,2023-08-31,14128.13,1820.0,Met
128,2023-09-30,15734.63,1820.0,Met
128,2023-10-31,17228.36,1820.0,Met
128,2023-11-30,17713.66,981.24,Below-Target
128,2023-12-31,19140.34,1820.0,Met
128,2024-01-31,20691.19,1820.0,Met
128,2024-02-29,22158.51,1820.0,Met
128,2024-03-31,23775.03,1820.0,Met
128,2024-04-30,25199.42,1820.0,Met
128,2024-05-31,26661.62,1820.0,Met
128,2024-06-30,27551.22,1251.42,Below-Target
128,2024-07-31,28864.82,1820.0,Met
128,2024-08-31,30321.04,1820.0,Met
128,2024-09-30,30716.66,825.08,Below-Target
128,2024-10-31,32069.2,1820.0,Met
128,2024-11-30,33383.15,1820.0,Met
128,2024-12-31,34687.34,1820.0,Met
128,2025-01-31,36040.69,1820.0,Met
128,2025-02-28,36066.76,560.41,Below-Target
128,2025-03-31,36770.54,835.0,Below-Target
128,2025-04-30,38228.54,1820.0,Met
128,2025-05-31,39849.29,1820.0,Met
128,2025-06-30,41164.62,1820.0,Met
128,2025-07-31,41706.33,628.56,Below-Target
128,2025-08-31,42002.99,735.75,Below-Target
128,2025-09-30,43464.33,1820.0,Met
128,2025-10-31,45120.11,1820.0,Met
128,2025-11-30,45603.06,1027.21,Below-Target
128,2025-12-31,46949.94,1820.0,Met
128,2026-01-31,48756.96,1820.0,Met
128,2026-02-28,50410.1,1820.0,Met
128,2026-03-31,52032.9,1820.0,Met
128,2026-04-30,53527.55,1820.0,Met
128,2026-05-31,55128.66,1820.0,Met
128,2026-06-30,56499.45,1820.0,Met
128,2026-07-31,58211.85,1820.0,Met
128,2026-08-31,59493.6,1820.0,Met
129,2023-01-31,11492.73,1670.0,Met
129,2023-02-28,13048.86,1670.0,Met
129,2023-03-31,14264.46,1670.0,Met
129,2023-04-30,14956.26,826.89,Below-Target
129,2023-05-31,16453.23,1670.0,Met
129,2023-06-30,17779.73,1670.0,Met
129,2023-07-31,18986.12,1670.0,Met
129,2023-08-31,20587.13,1670.0,Met
129,2023-09-30,22081.2,1670.0,Met
129,2023-10-31,23412.23,1670.0,Met
129,2023-11-30,24763.58,1670.0,Met
129,2023-12-31,26261.49,1670.0,Met
129,2024-01-31,27450.82,1670.0,Met
129,2024-02-29,29015.75,1670.0,Met
129,2024-03-31,30653.32,1670.0,Met
129,2024-04-30,31098.84,832.18,Below-Target
129,2024-05-31,32425.88,1670.0,Met
129,2024-06-30,33075.79,960.75,Below-Target
129,2024-07-31,33646.44,610.06,Below-Target
129,2024-08-31,34862.71,1670.0,Met
129,2024-09-30,36412.97,1670.0,Met
129,2024-10-31,38068.34,1670.0,Met
129,2024-11-30,37984.74,0.0,Missed
129,2024-12-31,39211.4,1670.0,Met
129,2025-01-31,40806.76,1670.0,Met
129,2025-02-28,42138.26,1670.0,Met
129,2025-03-31,42973.06,1007.11,Below-Target
129,2025-04-30,44380.75,1670.0,Met
129,2025-05-31,45785.96,1670.0,Met
129,2025-06-30,47116.83,1670.0,Met
129,2025-07-31,48615.38,1670.0,Met
129,2025-08-31,49968.79,1670.0,Met
129,2025-09-30,51618.26,1670.0,Met
129,2025-10-31,52832.92,1670.0,Met
129,2025-11-30,54386.61,1670.0,Met
129,2025-12-31,55817.82,1670.0,Met
129,2026-01-31,55990.8,588.2,Below-Target
129,2026-02-28,57317.98,1670.0,Met
129,2026-03-31,58638.01,1670.0,Met
129,2026-04-30,59083.51,682.93,Below-Target
129,2026-05-31,60699.58,1670.0,Met
129,2026-06-30,62245.61,1670.0,Met
129,2026-07-31,63867.78,1670.0,Met
129,2026-08-31,64573.5,1040.29,Below-Target
130,2026-03-31,14428.52,1870.0,Met
130,2026-04-30,15810.74,1870.0,Met
130,2026-05-31,17442.09,1870.0,Met
130,2026-06-30,17740.55,536.5,Below-Target
130,2026-07-31,19315.62,1870.0,Met
130,2026-08-31,20746.06,1870.0,Met
131,2023-01-31,9212.37,1780.0,Met
131,2023-02-28,9820.66,733.27,Below-Target
131,2023-03-31,11370.25,1780.0,Met
131,2023-04-30,12699.51,1780.0,Met
131,2023-05-31,13080.27,887.96,Below-Target
131,2023-06-30,14596.44,1780.0,Met
131,2023-07-31,16197.24,1780.0,Met
131,2023-08-31,17592.17,1780.0,Met
131,2023-09-30,17938.6,836.47,Below-Target
131,2023-10-31,19356.99,1780.0,Met
131,2023-11-30,20901.65,1780.0,Met
131,2023-12-31,22628.27,1780.0,Met
131,2024-01-31,24002.12,1780.0,Met
131,2024-02-29,25659.75,1780.0,Met
131,2024-03-31,26948.6,1780.0,Met
131,2024-04-30,28708.05,1780.0,Met
131,2024-05-31,30034.04,1780.0,Met
131,2024-06-30,31658.24,1780.0,Met
131,2024-07-31,33360.68,1780.0,Met
131,2024-08-31,35011.3,1780.0,Met
131,2024-09-30,36766.63,1780.0,Met
131,2024-10-31,38251.34,1780.0,Met
131,2024-11-30,39904.49,1780.0,Met
131,2024-12-31,41613.73,1780.0,Met
131,2025-01-31,43195.57,1780.0,Met
131,2025-02-28,44876.88,1780.0,Met
131,2025-03-31,46598.03,1780.0,Met
131,2025-04-30,48062.72,1780.0,Met
131,2025-05-31,49506.99,1780.0,Met
131,2025-06-30,51241.56,1780.0,Met
131,2025-07-31,51618.59,536.78,Below-Target
131,2025-08-31,53070.16,1780.0,Met
131,2025-09-30,54425.34,1780.0,Met
131,2025-10-31,54934.62,966.25,Below-Target
131,2025-11-30,56402.09,1780.0,Met
131,2025-12-31,57819.93,1780.0,Met
131,2026-01-31,59591.49,1780.0,Met
131,2026-02-28,61059.34,1780.0,Met
131,2026-03-31,61925.45,1189.15,Below-Target
131,2026-04-30,63287.72,1780.0,Met
131,2026-05-31,65033.42,1780.0,Met
131,2026-06-30,66355.66,1780.0,Met
131,2026-07-31,67686.11,1780.0,Met
131,2026-08-31,69138.03,1780.0,Met
132,2025-01-31,13049.57,1620.0,Met
132,2025-02-28,13452.02,450.05,Below-Target
132,2025-03-31,14879.04,1620.0,Met
132,2025-04-30,15625.26,961.35,Below-Target
132,2025-05-31,17033.78,1620.0,Met
132,2025-06-30,18278.16,1620.0,Met
132,2025-07-31,19623.63,1620.0,Met
132,2025-08-31,21006.79,1620.0,Met
132,2025-09-30,22484.87,1620.0,Met
132,2025-10-31,23000.19,923.79,Below-Target
132,2025-11-30,24200.58,1620.0,Met
132,2025-12-31,25687.34,1620.0,Met
132,2026-01-31,26914.23,1620.0,Met
132,2026-02-28,28470.6,1620.0,Met
132,2026-03-31,29729.79,1620.0,Met
132,2026-04-30,31077.41,1620.0,Met
132,2026-05-31,32680.78,1620.0,Met
132,2026-06-30,33843.88,1620.0,Met
132,2026-07-31,35035.96,1620.0,Met
132,2026-08-31,36502.28,1620.0,Met
133,2023-01-31,8922.15,1750.0,Met
133,2023-02-28,10647.2,1750.0,Met
133,2023-03-31,11987.24,1750.0,Met
133,2023-04-30,13593.84,1750.0,Met
133,2023-05-31,15102.74,1750.0,Met
133,2023-06-30,16524.39,1750.0,Met
133,2023-07-31,17894.5,1750.0,Met
133,2023-08-31,19421.92,1750.0,Met
133,2023-09-30,21148.48,1750.0,Met
133,2023-10-31,21875.68,1076.34,Below-Target
133,2023-11-30,23588.05,1750.0,Met
133,2023-12-31,24084.49,624.38,Below-Target
133,2024-01-31,25802.93,1750.0,Met
133,2024-02-29,27469.1,1750.0,Met
133,2024-03-31,29095.71,1750.0,Met
133,2024-04-30,30756.95,1750.0,Met
133,2024-05-31,32415.7,1750.0,Met
133,2024-06-30,33777.08,1750.0,Met
133,2024-07-31,35486.76,1750.0,Met
133,2024-08-31,37033.72,1750.0,Met
133,2024-09-30,38374.36,1750.0,Met
133,2024-10-31,39906.31,1750.0,Met
133,2024-11-30,41374.14,1750.0,Met
133,2024-12-31,42767.02,1750.0,Met
133,2025-01-31,44148.78,1750.0,Met
133,2025-02-28,43761.18,0.0,Missed
133,2025-03-31,45266.61,1750.0,Met
133,2025-04-30,46645.73,1750.0,Met
133,2025-05-31,48170.81,1750.0,Met
133,2025-06-30,49898.37,1750.0,Met
133,2025-07-31,51605.95,1750.0,Met
133,2025-08-31,53303.6,1750.0,Met
133,2025-09-30,54804.81,1750.0,Met
133,2025-10-31,56494.89,1750.0,Met
133,2025-11-30,57950.56,1750.0,Met
133,2025-12-31,57981.24,374.14,Below-Target
133,2026-01-31,59412.75,1750.0,Met
133,2026-02-28,61048.99,1750.0,Met
133,2026-03-31,62604.05,1750.0,Met
133,2026-04-30,63890.92,1750.0,Met
133,2026-05-31,65598.66,1750.0,Met
133,2026-06-30,67011.3,1750.0,Met
133,2026-07-31,68270.56,1750.0,Met
133,2026-08-31,69772.44,1750.0,Met
134,2026-07-31,11246.44,1390.0,Met
134,2026-08-31,12558.85,1390.0,Met
135,2023-01-31,8993.82,1650.0,Met
135,2023-02-28,10242.43,1650.0,Met
135,2023-03-31,11557.94,1650.0,Met
135,2023-04-30,12836.65,1650.0,Met
135,2023-05-31,13189.66,528.43,Below-Target
135,2023-06-30,14472.28,1650.0,Met
135,2023-07-31,15933.35,1650.0,Met
135,2023-08-31,17314.12,1650.0,Met
135,2023-09-30,17706.49,637.11,Below-Target
135,2023-10-31,19259.67,1650.0,Met
135,2023-11-30,19652.61,762.92,Below-Target
135,2023-12-31,19659.93,368.39,Below-Target
135,2024-01-31,20985.57,1650.0,Met
135,2024-02-29,22162.66,1650.0,Met
135,2024-03-31,23336.76,1650.0,Met
135,2024-04-30,24596.97,1650.0,Met
135,2024-05-31,24862.08,475.12,Below-Target
135,2024-06-30,26511.66,1650.0,Met
135,2024-07-31,26456.99,0.0,Missed
135,2024-08-31,27901.02,1650.0,Met
135,2024-09-30,29403.42,1650.0,Met
135,2024-10-31,31002.8,1650.0,Met
135,2024-11-30,32399.68,1650.0,Met
135,2024-12-31,33853.27,1650.0,Met
135,2025-01-31,35294.63,1650.0,Met
135,2025-02-28,35730.35,672.92,Below-Target
135,2025-03-31,36194.03,650.35,Below-Target
135,2025-04-30,36002.22,0.0,Missed
135,2025-05-31,37413.12,1650.0,Met
135,2025-06-30,38876.3,1650.0,Met
135,2025-07-31,40050.46,1650.0,Met
135,2025-08-31,41562.7,1650.0,Met
135,2025-09-30,42874.66,1650.0,Met
135,2025-10-31,43031.8,517.97,Below-Target
135,2025-11-30,44642.81,1650.0,Met
135,2025-12-31,45809.92,1650.0,Met
135,2026-01-31,47388.16,1650.0,Met
135,2026-02-28,46899.18,0.0,Missed
135,2026-03-31,48221.83,1650.0,Met
135,2026-04-30,49408.98,1650.0,Met
135,2026-05-31,50762.82,1650.0,Met
135,2026-06-30,52391.2,1650.0,Met
135,2026-07-31,53854.53,1650.0,Met
135,2026-08-31,54257.66,449.75,Below-Target
136,2023-01-31,10279.95,1440.0,Met
136,2023-02-28,11666.35,1440.0,Met
136,2023-03-31,13068.55,1440.0,Met
136,2023-04-30,14207.65,1440.0,Met
136,2023-05-31,15238.98,1440.0,Met
136,2023-06-30,16312.65,1440.0,Met
136,2023-07-31,17460.12,1440.0,Met
136,2023-08-31,18585.15,1440.0,Met
136,2023-09-30,19139.13,662.86,Below-Target
136,2023-10-31,20192.75,1440.0,Met
136,2023-11-30,21438.87,1440.0,Met
136,2023-12-31,22742.48,1440.0,Met
136,2024-01-31,22915.73,385.07,Below-Target
136,2024-02-29,24119.73,1440.0,Met
136,2024-03-31,25414.69,1440.0,Met
136,2024-04-30,26631.44,1440.0,Met
136,2024-05-31,27803.68,1440.0,Met
136,2024-06-30,28813.88,1440.0,Met
136,2024-07-31,29075.41,294.78,Below-Target
136,2024-08-31,30169.47,1440.0,Met
136,2024-09-30,30945.07,910.99,Below-Target
136,2024-10-31,31125.04,356.19,Below-Target
136,2024-11-30,31334.97,409.08,Below-Target
136,2024-12-31,30975.2,0.0,Missed
136,2025-01-31,32338.3,1440.0,Met
136,2025-02-28,32743.87,586.38,Below-Target
136,2025-03-31,34006.53,1440.0,Met
136,2025-04-30,35204.37,1440.0,Met
136,2025-05-31,36396.42,1440.0,Met
136,2025-06-30,36764.85,666.4,Below-Target
136,2025-07-31,37953.96,1440.0,Met
136,2025-08-31,39224.63,1440.0,Met
136,2025-09-30,39152.62,0.0,Missed
136,2025-10-31,40262.74,1440.0,Met
136,2025-11-30,41697.14,1440.0,Met
136,2025-12-31,42708.98,1440.0,Met
136,2026-01-31,43805.39,1440.0,Met
136,2026-02-28,45195.74,1440.0,Met
136,2026-03-31,46210.79,1440.0,Met
136,2026-04-30,47252.95,1440.0,Met
136,2026-05-31,48588.37,1440.0,Met
136,2026-06-30,49656.43,1440.0,Met
136,2026-07-31,50846.56,1440.0,Met
136,2026-08-31,52266.94,1440.0,Met
137,2023-01-31,11170.65,565.55,Below-Target
137,2023-02-28,12534.79,1760.0,Met
137,2023-03-31,13884.78,1760.0,Met
137,2023-04-30,15464.34,1760.0,Met
137,2023-05-31,16713.4,1760.0,Met
137,2023-06-30,17179.66,950.47,Below-Target
137,2023-07-31,18500.96,1760.0,Met
137,2023-08-31,19811.84,1760.0,Met
137,2023-09-30,19696.83,0.0,Missed
137,2023-10-31,21380.01,1760.0,Met
137,2023-11-30,22632.56,1760.0,Met
137,2023-12-31,24161.32,1760.0,Met
137,2024-01-31,25481.17,1760.0,Met
137,2024-02-29,27143.88,1760.0,Met
137,2024-03-31,28440.21,1760.0,Met
137,2024-04-30,29755.08,1760.0,Met
137,2024-05-31,30399.44,1083.7,Below-Target
137,2024-06-30,31064.08,1142.27,Below-Target
137,2024-07-31,32452.78,1760.0,Met
137,2024-08-31,34113.58,1760.0,Met
137,2024-09-30,35809.42,1760.0,Met
137,2024-10-31,37446.25,1760.0,Met
137,2024-11-30,39017.22,1760.0,Met
137,2024-12-31,40667.44,1760.0,Met
137,2025-01-31,42294.55,1760.0,Met
137,2025-02-28,43888.78,1760.0,Met
137,2025-03-31,45620.94,1760.0,Met
137,2025-04-30,46908.51,1760.0,Met
137,2025-05-31,48352.86,1760.0,Met
137,2025-06-30,49723.79,1760.0,Met
137,2025-07-31,51155.5,1760.0,Met
137,2025-08-31,52689.17,1760.0,Met
137,2025-09-30,54257.84,1760.0,Met
137,2025-10-31,55733.58,1760.0,Met
137,2025-11-30,57347.03,1760.0,Met
137,2025-12-31,58810.08,1760.0,Met
137,2026-01-31,60250.45,1760.0,Met
137,2026-02-28,61953.63,1760.0,Met
137,2026-03-31,63303.69,1760.0,Met
137,2026-04-30,64720.04,1760.0,Met
137,2026-05-31,66430.96,1760.0,Met
137,2026-06-30,68156.97,1760.0,Met
137,2026-07-31,68370.61,541.9,Below-Target
137,2026-08-31,69904.21,1760.0,Met
138,2023-01-31,3887.18,1570.0,Met
138,2023-02-28,5124.37,1570.0,Met
138,2023-03-31,4791.68,0.0,Missed
138,2023-04-30,6299.22,1570.0,Met
138,2023-05-31,7788.8,1570.0,Met
138,2023-06-30,7990.83,526.24,Below-Target
138,2023-07-31,9187.84,1570.0,Met
138,2023-08-31,10375.97,1570.0,Met
138,2023-09-30,11628.65,1570.0,Met
138,2023-10-31,12853.16,1570.0,Met
138,2023-11-30,14277.84,1570.0,Met
138,2023-12-31,15427.92,1570.0,Met
138,2024-01-31,16625.4,1570.0,Met
138,2024-02-29,18116.18,1570.0,Met
138,2024-03-31,19425.84,1570.0,Met
138,2024-04-30,19397.7,435.91,Below-Target
138,2024-05-31,20641.24,1570.0,Met
138,2024-06-30,21817.11,1570.0,Met
138,2024-07-31,23058.49,1570.0,Met
138,2024-08-31,24434.74,1570.0,Met
138,2024-09-30,25562.95,1570.0,Met
138,2024-10-31,26786.37,1570.0,Met
138,2024-11-30,28325.7,1570.0,Met
138,2024-12-31,29429.55,1570.0,Met
138,2025-01-31,30621.48,1570.0,Met
138,2025-02-28,32045.97,1570.0,Met
138,2025-03-31,33323.48,1570.0,Met
138,2025-04-30,34862.89,1570.0,Met
138,2025-05-31,36414.55,1570.0,Met
138,2025-06-30,37684.86,1570.0,Met
138,2025-07-31,39101.88,1570.0,Met
138,2025-08-31,40373.53,1570.0,Met
138,2025-09-30,41515.25,1570.0,Met
138,2025-10-31,42680.15,1570.0,Met
138,2025-11-30,43863.08,1570.0,Met
138,2025-12-31,45130.22,1570.0,Met
138,2026-01-31,46549.72,1570.0,Met
138,2026-02-28,47766.78,1570.0,Met
138,2026-03-31,49254.15,1570.0,Met
138,2026-04-30,50741.96,1570.0,Met
138,2026-05-31,51977.02,1570.0,Met
138,2026-06-30,53234.29,1570.0,Met
138,2026-07-31,52951.71,0.0,Missed
138,2026-08-31,54253.31,1570.0,Met
139,2023-01-31,6477.05,1480.0,Met
139,2023-02-28,7586.41,1480.0,Met
139,2023-03-31,8825.87,1480.0,Met
139,2023-04-30,10035.55,1480.0,Met
139,2023-05-31,11239.78,1480.0,Met
139,2023-06-30,12367.25,1480.0,Met
139,2023-07-31,13557.0,1480.0,Met
139,2023-08-31,13902.53,513.6,Below-Target
139,2023-09-30,15155.03,1480.0,Met
139,2023-10-31,16452.94,1480.0,Met
139,2023-11-30,17799.78,1480.0,Met
139,2023-12-31,19011.38,1480.0,Met
139,2024-01-31,18897.11,0.0,Missed
139,2024-02-29,20331.59,1480.0,Met
139,2024-03-31,20097.69,0.0,Missed
139,2024-04-30,21305.83,1480.0,Met
139,2024-05-31,22560.4,1480.0,Met
139,2024-06-30,23879.68,1480.0,Met
139,2024-07-31,25233.46,1480.0,Met
139,2024-08-31,26635.05,1480.0,Met
139,2024-09-30,27383.95,995.09,Below-Target
139,2024-10-31,28664.25,1480.0,Met
139,2024-11-30,29779.64,1480.0,Met
139,2024-12-31,30876.93,1480.0,Met
139,2025-01-31,32019.88,1480.0,Met
139,2025-02-28,33098.76,1480.0,Met
139,2025-03-31,34302.83,1480.0,Met
139,2025-04-30,35662.07,1480.0,Met
139,2025-05-31,35449.13,0.0,Missed
139,2025-06-30,36925.46,1480.0,Met
139,2025-07-31,38047.3,1480.0,Met
139,2025-08-31,39100.99,1480.0,Met
139,2025-09-30,40487.96,1480.0,Met
139,2025-10-31,41595.22,1480.0,Met
139,2025-11-30,42929.53,1480.0,Met
139,2025-12-31,44354.21,1480.0,Met
139,2026-01-31,45744.78,1480.0,Met
139,2026-02-28,46961.97,1480.0,Met
139,2026-03-31,48320.33,1480.0,Met
139,2026-04-30,49378.73,1480.0,Met
139,2026-05-31,50736.73,1480.0,Met
139,2026-06-30,51892.73,1480.0,Met
139,2026-07-31,53076.6,1480.0,Met
139,2026-08-31,54364.06,1480.0,Met
140,2023-01-31,9378.1,1850.0,Met
140,2023-02-28,11001.34,1850.0,Met
140,2023-03-31,12462.68,1850.0,Met
140,2023-04-30,12374.13,390.58,Below-Target
140,2023-05-31,13237.38,910.42,Below-Target
140,2023-06-30,14843.01,1850.0,Met
140,2023-07-31,16678.4,1850.0,Met
140,2023-08-31,18085.28,1850.0,Met
140,2023-09-30,19407.25,1850.0,Met
140,2023-10-31,20732.59,1850.0,Met
140,2023-11-30,22364.93,1850.0,Met
140,2023-12-31,22718.37,757.42,Below-Target
140,2024-01-31,24380.39,1850.0,Met
140,2024-02-29,25950.01,1850.0,Met
140,2024-03-31,26741.45,1004.76,Below-Target
140,2024-04-30,28446.73,1850.0,Met
140,2024-05-31,29335.14,1001.86,Below-Target
140,2024-06-30,30646.98,1850.0,Met
140,2024-07-31,32004.37,1850.0,Met
140,2024-08-31,31684.98,0.0,Missed
140,2024-09-30,33044.95,1850.0,Met
140,2024-10-31,32890.53,0.0,Missed
140,2024-11-30,34731.3,1850.0,Met
140,2024-12-31,36354.33,1850.0,Met
140,2025-01-31,36731.34,903.37,Below-Target
140,2025-02-28,38408.81,1850.0,Met
140,2025-03-31,39863.69,1850.0,Met
140,2025-04-30,40625.89,1203.65,Below-Target
140,2025-05-31,42214.14,1850.0,Met
140,2025-06-30,43737.9,1850.0,Met
140,2025-07-31,44780.3,1111.42,Below-Target
140,2025-08-31,44311.61,0.0,Missed
140,2025-09-30,45617.52,1850.0,Met
140,2025-10-31,47333.92,1850.0,Met
140,2025-11-30,48792.24,1850.0,Met
140,2025-12-31,50229.0,1850.0,Met
140,2026-01-31,51593.63,1850.0,Met
140,2026-02-28,52892.67,1850.0,Met
140,2026-03-31,54514.41,1850.0,Met
140,2026-04-30,56077.31,1850.0,Met
140,2026-05-31,57791.62,1850.0,Met
140,2026-06-30,59164.62,1850.0,Met
140,2026-07-31,60046.75,990.84,Below-Target
140,2026-08-31,61774.24,1850.0,Met
141,2025-02-28,12530.16,1520.0,Met
141,2025-03-31,12691.08,411.39,Below-Target
141,2025-04-30,14059.02,1520.0,Met
141,2025-05-31,13780.68,0.0,Missed
141,2025-06-30,14954.53,1520.0,Met
141,2025-07-31,16244.84,1520.0,Met
141,2025-08-31,17351.45,1520.0,Met
141,2025-09-30,17867.91,676.19,Below-Target
141,2025-10-31,19171.38,1520.0,Met
141,2025-11-30,19580.5,598.34,Below-Target
141,2025-12-31,21011.9,1520.0,Met
141,2026-01-31,22416.2,1520.0,Met
141,2026-02-28,23839.85,1520.0,Met
141,2026-03-31,25176.1,1520.0,Met
141,2026-04-30,26523.95,1520.0,Met
141,2026-05-31,27932.41,1520.0,Met
141,2026-06-30,29419.61,1520.0,Met
141,2026-07-31,29330.15,0.0,Missed
141,2026-08-31,30540.24,1520.0,Met
142,2023-01-31,4568.54,1820.0,Met
142,2023-02-28,5906.53,1820.0,Met
142,2023-03-31,6912.11,1170.18,Below-Target
142,2023-04-30,7211.77,783.5,Below-Target
142,2023-05-31,8806.01,1820.0,Met
142,2023-06-30,10492.24,1820.0,Met
142,2023-07-31,12018.39,1820.0,Met
142,2023-08-31,13560.24,1820.0,Met
142,2023-09-30,13944.61,868.38,Below-Target
142,2023-10-31,15493.85,1820.0,Met
142,2023-11-30,16786.31,1820.0,Met
142,2023-12-31,17334.85,922.08,Below-Target
142,2024-01-31,18641.09,1820.0,Met
142,2024-02-29,19578.26,1012.7,Below-Target
142,2024-03-31,21294.38,1820.0,Met
142,2024-04-30,22684.56,1820.0,Met
142,2024-05-31,23314.13,1154.98,Below-Target
142,2024-06-30,24874.13,1820.0,Met
142,2024-07-31,26389.7,1820.0,Met
142,2024-08-31,28064.93,1820.0,Met
142,2024-09-30,29361.7,1820.0,Met
142,2024-10-31,30926.58,1820.0,Met
142,2024-11-30,32420.74,1820.0,Met
142,2024-12-31,34078.01,1820.0,Met
142,2025-01-31,35486.12,1820.0,Met
142,2025-02-28,36950.27,1820.0,Met
142,2025-03-31,38430.66,1820.0,Met
142,2025-04-30,40233.01,1820.0,Met
142,2025-05-31,41741.26,1820.0,Met
142,2025-06-30,43542.97,1820.0,Met
142,2025-07-31,45145.43,1820.0,Met
142,2025-08-31,46883.52,1820.0,Met
142,2025-09-30,48309.12,1820.0,Met
142,2025-10-31,49842.29,1820.0,Met
142,2025-11-30,49660.18,0.0,Missed
142,2025-12-31,51280.64,1820.0,Met
142,2026-01-31,53002.2,1820.0,Met
142,2026-02-28,54452.65,1820.0,Met
142,2026-03-31,55190.39,755.15,Below-Target
142,2026-04-30,56510.55,1820.0,Met
142,2026-05-31,57860.06,1820.0,Met
142,2026-06-30,59425.4,1820.0,Met
142,2026-07-31,60265.7,883.26,Below-Target
142,2026-08-31,61951.65,1820.0,Met
143,2023-01-31,5640.18,0.0,Missed
143,2023-02-28,5746.19,430.02,Below-Target
143,2023-03-31,7275.18,1800.0,Met
143,2023-04-30,8859.66,1800.0,Met
143,2023-05-31,10616.27,1800.0,Met
143,2023-06-30,12047.53,1800.0,Met
143,2023-07-31,13731.41,1800.0,Met
143,2023-08-31,13306.13,0.0,Missed
143,2023-09-30,14875.88,1800.0,Met
143,2023-10-31,16510.42,1800.0,Met
143,2023-11-30,17811.83,1800.0,Met
143,2023-12-31,19199.21,1800.0,Met
143,2024-01-31,20736.31,1800.0,Met
143,2024-02-29,22147.21,1800.0,Met
143,2024-03-31,23724.94,1800.0,Met
143,2024-04-30,25061.35,1800.0,Met
143,2024-05-31,25834.63,852.8,Below-Target
143,2024-06-30,27234.83,1800.0,Met
143,2024-07-31,28835.65,507.33,Below-Target
143,2024-08-31,30311.43,94.53,Below-Target
143,2024-09-30,31826.98,1800.0,Met
143,2024-10-31,33477.82,1800.0,Met
143,2024-11-30,35152.18,1800.0,Met
143,2024-12-31,36557.98,1800.0,Met
143,2025-01-31,38257.57,1800.0,Met
143,2025-02-28,39903.25,1800.0,Met
143,2025-03-31,41553.0,1800.0,Met
143,2025-04-30,43222.34,1800.0,Met
143,2025-05-31,44927.98,1800.0,Met
143,2025-06-30,46591.16,1800.0,Met
143,2025-07-31,48274.37,1800.0,Met
143,2025-08-31,49864.55,1800.0,Met
143,2025-09-30,51402.89,1800.0,Met
143,2025-10-31,53071.33,1800.0,Met
143,2025-11-30,54418.81,1800.0,Met
143,2025-12-31,55822.86,1800.0,Met
143,2026-01-31,57532.32,1800.0,Met
143,2026-02-28,58865.36,1800.0,Met
143,2026-03-31,59051.01,362.4,Below-Target
143,2026-04-30,60795.33,1800.0,Met
143,2026-05-31,61464.02,1031.67,Below-Target
143,2026-06-30,61754.9,563.34,Below-Target
143,2026-07-31,63102.22,1800.0,Met
143,2026-08-31,62812.09,0.0,Missed
144,2023-01-31,13071.11,1820.0,Met
144,2023-02-28,14385.69,1820.0,Met
144,2023-03-31,15133.49,799.95,Below-Target
144,2023-04-30,16842.35,1820.0,Met
144,2023-05-31,18386.36,1820.0,Met
144,2023-06-30,20129.18,1820.0,Met
144,2023-07-31,21842.38,1820.0,Met
144,2023-08-31,22667.77,1247.15,Below-Target
144,2023-09-30,24444.89,1820.0,Met
144,2023-10-31,25925.28,1820.0,Met
144,2023-11-30,27451.55,1820.0,Met
144,2023-12-31,28892.75,1820.0,Met
144,2024-01-31,30383.88,1820.0,Met
144,2024-02-29,31863.93,1820.0,Met
144,2024-03-31,33242.3,1820.0,Met
144,2024-04-30,34676.89,1820.0,Met
144,2024-05-31,35965.38,1820.0,Met
144,2024-06-30,36910.62,1247.72,Below-Target
144,2024-07-31,38533.51,1820.0,Met
144,2024-08-31,39869.15,1820.0,Met
144,2024-09-30,40387.57,706.88,Below-Target
144,2024-10-31,42090.11,1820.0,Met
144,2024-11-30,43443.93,1820.0,Met
144,2024-12-31,45094.1,1820.0,Met
144,2025-01-31,46601.82,1820.0,Met
144,2025-02-28,48030.62,1820.0,Met
144,2025-03-31,49820.32,1820.0,Met
144,2025-04-30,51349.37,1820.0,Met
144,2025-05-31,52696.45,1820.0,Met
144,2025-06-30,54447.03,1820.0,Met
144,2025-07-31,55821.26,1820.0,Met
144,2025-08-31,57555.55,1820.0,Met
144,2025-09-30,58897.09,1820.0,Met
144,2025-10-31,60310.56,1820.0,Met
144,2025-11-30,61713.89,1820.0,Met
144,2025-12-31,63213.04,1820.0,Met
144,2026-01-31,63453.63,521.78,Below-Target
144,2026-02-28,64779.72,1820.0,Met
144,2026-03-31,66059.1,1820.0,Met
144,2026-04-30,67659.84,1820.0,Met
144,2026-05-31,69434.06,1820.0,Met
144,2026-06-30,70015.45,688.29,Below-Target
144,2026-07-31,71801.18,1820.0,Met
144,2026-08-31,73517.54,1820.0,Met
145,2023-01-31,13729.82,1410.0,Met
145,2023-02-28,14855.68,1410.0,Met
145,2023-03-31,16245.61,1410.0,Met
145,2023-04-30,15932.42,0.0,Missed
145,2023-05-31,17110.18,1410.0,Met
145,2023-06-30,18387.84,1410.0,Met
145,2023-07-31,19484.22,1410.0,Met
145,2023-08-31,20793.81,1410.0,Met
145,2023-09-30,22066.11,1410.0,Met
145,2023-10-31,22196.3,366.37,Below-Target
145,2023-11-30,21943.5,0.0,Missed
145,2023-12-31,23181.5,1410.0,Met
145,2024-01-31,24208.75,1410.0,Met
145,2024-02-29,25554.16,1410.0,Met
145,2024-03-31,26674.64,1410.0,Met
145,2024-04-30,27263.42,928.74,Below-Target
145,2024-05-31,28262.39,1410.0,Met
145,2024-06-30,28656.41,809.49,Below-Target
145,2024-07-31,29805.9,1410.0,Met
145,2024-08-31,30837.24,1410.0,Met
145,2024-09-30,31410.97,881.12,Below-Target
145,2024-10-31,32753.27,1410.0,Met
145,2024-11-30,33824.84,1410.0,Met
145,2024-12-31,35008.3,1410.0,Met
145,2025-01-31,36205.34,1410.0,Met
145,2025-02-28,37324.73,1410.0,Met
145,2025-03-31,38523.56,1410.0,Met
145,2025-04-30,38813.93,565.49,Below-Target
145,2025-05-31,39962.4,1410.0,Met
145,2025-06-30,40968.6,1410.0,Met
145,2025-07-31,42296.73,1410.0,Met
145,2025-08-31,43464.38,1410.0,Met
145,2025-09-30,43805.61,342.88,Below-Target
145,2025-10-31,45118.15,1410.0,Met
145,2025-11-30,46259.91,1410.0,Met
145,2025-12-31,47060.91,949.76,Below-Target
145,2026-01-31,48414.79,1410.0,Met
145,2026-02-28,49804.0,1410.0,Met
145,2026-03-31,51152.34,1410.0,Met
145,2026-04-30,52289.34,1410.0,Met
145,2026-05-31,53341.78,1410.0,Met
145,2026-06-30,54491.35,1410.0,Met
145,2026-07-31,55793.87,1410.0,Met
145,2026-08-31,57007.99,1410.0,Met
146,2026-01-31,5066.96,1520.0,Met
146,2026-02-28,6176.12,1520.0,Met
146,2026-03-31,7545.1,1520.0,Met
146,2026-04-30,7141.73,0.0,Missed
146,2026-05-31,8651.21,1520.0,Met
146,2026-06-30,9217.33,998.28,Below-Target
146,2026-07-31,10369.79,1520.0,Met
146,2026-08-31,11637.89,1520.0,Met
147,2023-01-31,4729.29,480.09,Below-Target
147,2023-02-28,5959.93,1650.0,Met
147,2023-03-31,6034.77,547.38,Below-Target
147,2023-04-30,7199.8,1650.0,Met
147,2023-05-31,7179.18,0.0,Missed
147,2023-06-30,8701.88,1650.0,Met
147,2023-07-31,10103.06,1650.0,Met
147,2023-08-31,11503.06,1650.0,Met
147,2023-09-30,12676.41,1650.0,Met
147,2023-10-31,14308.95,1650.0,Met
147,2023-11-30,14494.27,601.61,Below-Target
147,2023-12-31,16077.67,1650.0,Met
147,2024-01-31,17484.06,1650.0,Met
147,2024-02-29,18881.39,1650.0,Met
147,2024-03-31,20342.84,1650.0,Met
147,2024-04-30,21506.48,1650.0,Met
147,2024-05-31,21197.88,0.0,Missed
147,2024-06-30,22745.91,1650.0,Met
147,2024-07-31,24369.94,1650.0,Met
147,2024-08-31,25581.84,1650.0,Met
147,2024-09-30,26939.01,1650.0,Met
147,2024-10-31,27691.96,1148.64,Below-Target
147,2024-11-30,28476.16,788.71,Below-Target
147,2024-12-31,29714.96,1650.0,Met
147,2025-01-31,30992.11,1650.0,Met
147,2025-02-28,31101.99,395.7,Below-Target
147,2025-03-31,32500.06,1650.0,Met
147,2025-04-30,34090.04,1650.0,Met
147,2025-05-31,35613.15,1650.0,Met
147,2025-06-30,35322.65,0.0,Missed
147,2025-07-31,35162.94,0.0,Missed
147,2025-08-31,36729.54,1650.0,Met
147,2025-09-30,38236.07,1650.0,Met
147,2025-10-31,39533.98,1650.0,Met
147,2025-11-30,40956.48,1650.0,Met
147,2025-12-31,42582.83,1650.0,Met
147,2026-01-31,44080.56,1650.0,Met
147,2026-02-28,45612.07,1650.0,Met
147,2026-03-31,47216.05,1650.0,Met
147,2026-04-30,48631.31,1650.0,Met
147,2026-05-31,49875.37,1650.0,Met
147,2026-06-30,51415.94,1650.0,Met
147,2026-07-31,52870.99,1650.0,Met
147,2026-08-31,54245.48,1650.0,Met
148,2023-01-31,14803.17,1780.0,Met
148,2023-02-28,16183.62,1780.0,Met
148,2023-03-31,17536.59,1780.0,Met
148,2023-04-30,18963.71,1780.0,Met
148,2023-05-31,20654.64,1780.0,Met
148,2023-06-30,21933.07,1780.0,Met
148,2023-07-31,23613.97,1780.0,Met
148,2023-08-31,24349.72,823.73,Below-Target
148,2023-09-30,26128.86,1780.0,Met
148,2023-10-31,27627.47,1780.0,Met
148,2023-11-30,29208.01,1780.0,Met
148,2023-12-31,30508.33,1780.0,Met
148,2024-01-31,32060.26,1780.0,Met
148,2024-02-29,33476.33,1780.0,Met
148,2024-03-31,34045.27,787.61,Below-Target
148,2024-04-30,35815.41,1780.0,Met
148,2024-05-31,35991.2,603.9,Below-Target
148,2024-06-30,37251.32,1780.0,Met
148,2024-07-31,38724.52,1780.0,Met
148,2024-08-31,39424.96,778.7,Below-Target
148,2024-09-30,40865.24,1780.0,Met
148,2024-10-31,42390.21,1780.0,Met
148,2024-11-30,42976.01,964.47,Below-Target
148,2024-12-31,44671.3,1780.0,Met
148,2025-01-31,46118.8,1780.0,Met
148,2025-02-28,47520.44,1780.0,Met
148,2025-03-31,47473.99,0.0,Missed
148,2025-04-30,48877.12,1780.0,Met
148,2025-05-31,50375.94,1780.0,Met
148,2025-06-30,51631.15,1780.0,Met
148,2025-07-31,53174.18,1780.0,Met
148,2025-08-31,54506.14,1780.0,Met
148,2025-09-30,55864.33,1780.0,Met
148,2025-10-31,57417.7,1780.0,Met
148,2025-11-30,59054.47,1780.0,Met
148,2025-12-31,60414.14,1780.0,Met
148,2026-01-31,62002.87,1780.0,Met
148,2026-02-28,63616.97,1780.0,Met
148,2026-03-31,65181.61,1780.0,Met
148,2026-04-30,66733.72,1780.0,Met
148,2026-05-31,66664.81,363.06,Below-Target
148,2026-06-30,68334.52,1780.0,Met
148,2026-07-31,69677.61,1780.0,Met
148,2026-08-31,71398.73,1780.0,Met
149,2023-01-31,12235.07,434.85,Below-Target
149,2023-02-28,13674.83,1790.0,Met
149,2023-03-31,14969.73,1790.0,Met
149,2023-04-30,16478.17,1790.0,Met
149,2023-05-31,17842.93,1790.0,Met
149,2023-06-30,19218.21,1790.0,Met
149,2023-07-31,20750.67,1790.0,Met
149,2023-08-31,22514.45,1790.0,Met
149,2023-09-30,23892.95,1790.0,Met
149,2023-10-31,25310.19,1790.0,Met
149,2023-11-30,24878.19,0.0,Missed
149,2023-12-31,25957.62,1226.89,Below-Target
149,2024-01-31,27642.08,1790.0,Met
149,2024-02-29,29429.39,1790.0,Met
149,2024-03-31,29968.31,656.61,Below-Target
149,2024-04-30,31557.08,1790.0,Met
149,2024-05-31,31742.41,715.22,Below-Target
149,2024-06-30,33033.78,1790.0,Met
149,2024-07-31,34677.41,1790.0,Met
149,2024-08-31,35029.67,666.82,Below-Target
149,2024-09-30,34946.06,394.61,Below-Target
149,2024-10-31,36592.51,1790.0,Met
149,2024-11-30,37850.58,1790.0,Met
149,2024-12-31,39566.59,1790.0,Met
149,2025-01-31,41018.75,1790.0,Met
149,2025-02-28,42596.59,1790.0,Met
149,2025-03-31,43960.58,1790.0,Met
149,2025-04-30,45716.77,1790.0,Met
149,2025-05-31,47424.52,1790.0,Met
149,2025-06-30,48687.47,1790.0,Met
149,2025-07-31,50080.69,1790.0,Met
149,2025-08-31,50306.93,495.44,Below-Target
149,2025-09-30,52005.26,1790.0,Met
149,2025-10-31,53322.03,1790.0,Met
149,2025-11-30,54939.66,1790.0,Met
149,2025-12-31,55549.7,1060.28,Below-Target
149,2026-01-31,57207.65,1790.0,Met
149,2026-02-28,58730.69,1790.0,Met
149,2026-03-31,60348.84,1790.0,Met
149,2026-04-30,61647.92,1790.0,Met
149,2026-05-31,63214.11,1790.0,Met
149,2026-06-30,64677.97,1790.0,Met
149,2026-07-31,66123.57,1790.0,Met
149,2026-08-31,67511.69,1790.0,Met
150,2023-01-31,3114.29,1410.0,Met
150,2023-02-28,4321.04,1410.0,Met
150,2023-03-31,5449.19,1410.0,Met
150,2023-04-30,5825.71,773.36,Below-Target
150,2023-05-31,7208.35,1410.0,Met
150,2023-06-30,8461.7,1410.0,Met
150,2023-07-31,9585.08,1410.0,Met
150,2023-08-31,10954.48,1410.0,Met
150,2023-09-30,12034.22,1410.0,Met
150,2023-10-31,13159.89,1410.0,Met
150,2023-11-30,14453.31,1410.0,Met
150,2023-12-31,15643.34,1410.0,Met
150,2024-01-31,16949.9,1410.0,Met
150,2024-02-29,18217.63,1410.0,Met
150,2024-03-31,19512.53,1410.0,Met
150,2024-04-30,20774.27,1410.0,Met
150,2024-05-31,21937.94,1410.0,Met
150,2024-06-30,23340.01,1410.0,Met
150,2024-07-31,24443.21,1410.0,Met
150,2024-08-31,25517.44,1410.0,Met
150,2024-09-30,26574.09,1410.0,Met
150,2024-10-31,27660.14,1410.0,Met
150,2024-11-30,28792.13,1410.0,Met
150,2024-12-31,29838.42,1410.0,Met
150,2025-01-31,31174.51,1410.0,Met
150,2025-02-28,32583.38,1410.0,Met
150,2025-03-31,33668.65,1410.0,Met
150,2025-04-30,33817.28,319.91,Below-Target
150,2025-05-31,33903.23,451.9,Below-Target
150,2025-06-30,35160.97,1410.0,Met
150,2025-07-31,36518.1,1410.0,Met
150,2025-08-31,37907.91,1410.0,Met
150,2025-09-30,39177.04,1410.0,Met
150,2025-10-31,40394.64,1410.0,Met
150,2025-11-30,41682.93,1410.0,Met
150,2025-12-31,41581.24,0.0,Missed
150,2026-01-31,42612.9,1410.0,Met
150,2026-02-28,43795.94,1410.0,Met
150,2026-03-31,45056.88,1410.0,Met
150,2026-04-30,46059.99,1410.0,Met
150,2026-05-31,47362.31,1410.0,Met
150,2026-06-30,48657.95,1410.0,Met
150,2026-07-31,48389.82,0.0,Missed
150,2026-08-31,49633.37,1410.0,Met
151,2025-02-28,7649.95,1600.0,Met
151,2025-03-31,9099.19,1600.0,Met
151,2025-04-30,10629.8,1600.0,Met
151,2025-05-31,12050.82,1600.0,Met
151,2025-06-30,13250.5,1600.0,Met
151,2025-07-31,14571.1,1600.0,Met
151,2025-08-31,14405.97,0.0,Missed
151,2025-09-30,15861.29,1600.0,Met
151,2025-10-31,17015.87,1600.0,Met
151,2025-11-30,18419.65,1600.0,Met
151,2025-12-31,19641.69,1600.0,Met
151,2026-01-31,20454.42,938.73,Below-Target
151,2026-02-28,21681.61,1600.0,Met
151,2026-03-31,23167.21,1600.0,Met
151,2026-04-30,24452.71,1600.0,Met
151,2026-05-31,24307.77,0.0,Missed
151,2026-06-30,25899.01,1600.0,Met
151,2026-07-31,27306.8,1600.0,Met
151,2026-08-31,28438.41,1600.0,Met
152,2023-01-31,11572.53,1710.0,Met
152,2023-02-28,12979.93,1710.0,Met
152,2023-03-31,14276.13,1710.0,Met
152,2023-04-30,15486.37,1710.0,Met
152,2023-05-31,17017.18,1710.0,Met
152,2023-06-30,18552.74,1710.0,Met
152,2023-07-31,19897.04,1710.0,Met
152,2023-08-31,21461.66,1710.0,Met
152,2023-09-30,22965.22,1710.0,Met
152,2023-10-31,24662.19,1710.0,Met
152,2023-11-30,26172.99,1710.0,Met
152,2023-12-31,27646.95,1710.0,Met
152,2024-01-31,29340.92,1710.0,Met
152,2024-02-29,30106.13,990.07,Below-Target
152,2024-03-31,31619.54,1710.0,Met
152,2024-04-30,32998.04,1710.0,Met
152,2024-05-31,34457.24,1710.0,Met
152,2024-06-30,35860.78,1710.0,Met
152,2024-07-31,36121.26,609.27,Below-Target
152,2024-08-31,37470.29,1710.0,Met
152,2024-09-30,38770.85,1710.0,Met
152,2024-10-31,40080.41,1710.0,Met
152,2024-11-30,41395.07,324.06,Missed
152,2024-12-31,41893.65,704.71,Below-Target
152,2025-01-31,43091.57,1710.0,Met
152,2025-02-28,44551.84,1710.0,Met
152,2025-03-31,45810.81,1710.0,Met
152,2025-04-30,47160.05,1710.0,Met
152,2025-05-31,48846.72,1710.0,Met
152,2025-06-30,50491.01,1710.0,Met
152,2025-07-31,52091.02,1710.0,Met
152,2025-08-31,53304.93,1710.0,Met
152,2025-09-30,54837.74,1710.0,Met
152,2025-10-31,56448.29,1710.0,Met
152,2025-11-30,58018.7,1710.0,Met
152,2025-12-31,59488.57,1710.0,Met
152,2026-01-31,59645.73,483.05,Below-Target
152,2026-02-28,59529.43,0.0,Missed
152,2026-03-31,60894.5,1710.0,Met
152,2026-04-30,62358.37,1710.0,Met
152,2026-05-31,63777.1,1710.0,Met
152,2026-06-30,65066.35,1710.0,Met
152,2026-07-31,66420.07,1710.0,Met
152,2026-08-31,68118.61,1710.0,Met
153,2023-01-31,12058.86,916.83,Below-Target
153,2023-02-28,13284.49,1420.0,Met
153,2023-03-31,14361.73,1420.0,Met
153,2023-04-30,15595.59,1420.0,Met
153,2023-05-31,16668.93,1420.0,Met
153,2023-06-30,18078.2,1420.0,Met
153,2023-07-31,19136.18,1420.0,Met
153,2023-08-31,20133.73,1420.0,Met
153,2023-09-30,21171.64,1420.0,Met
153,2023-10-31,22339.75,1420.0,Met
153,2023-11-30,23428.15,1420.0,Met
153,2023-12-31,24470.56,1420.0,Met
153,2024-01-31,24943.13,655.39,Below-Target
153,2024-02-29,26325.45,1420.0,Met
153,2024-03-31,27690.74,1420.0,Met
153,2024-04-30,28768.97,1420.0,Met
153,2024-05-31,29922.03,1420.0,Met
153,2024-06-30,30972.8,1420.0,Met
153,2024-07-31,32357.61,1420.0,Met
153,2024-08-31,33569.2,1420.0,Met
153,2024-09-30,34747.4,1420.0,Met
153,2024-10-31,34388.32,0.0,Missed
153,2024-11-30,35439.77,1420.0,Met
153,2024-12-31,36536.77,1420.0,Met
153,2025-01-31,37546.21,1420.0,Met
153,2025-02-28,38849.98,1420.0,Met
153,2025-03-31,39553.98,781.05,Below-Target
153,2025-04-30,40838.93,1420.0,Met
153,2025-05-31,42226.38,1420.0,Met
153,2025-06-30,43306.73,1420.0,Met
153,2025-07-31,44443.13,1420.0,Met
153,2025-08-31,45566.51,1420.0,Met
153,2025-09-30,46823.76,1420.0,Met
153,2025-10-31,48025.98,1420.0,Met
153,2025-11-30,49301.94,1420.0,Met
153,2025-12-31,50486.53,1420.0,Met
153,2026-01-31,51676.54,1420.0,Met
153,2026-02-28,53004.36,1420.0,Met
153,2026-03-31,53582.64,796.82,Below-Target
153,2026-04-30,54773.85,1420.0,Met
153,2026-05-31,55269.78,895.99,Below-Target
153,2026-06-30,56404.04,1420.0,Met
153,2026-07-31,57420.99,1420.0,Met
153,2026-08-31,58618.52,1420.0,Met
154,2023-01-31,5795.25,1720.0,Met
154,2023-02-28,6006.42,439.71,Below-Target
154,2023-03-31,7256.13,1720.0,Met
154,2023-04-30,8975.29,1720.0,Met
154,2023-05-31,10293.99,1720.0,Met
154,2023-06-30,10791.9,747.09,Below-Target
154,2023-07-31,12506.45,1720.0,Met
154,2023-08-31,13883.3,1720.0,Met
154,2023-09-30,15102.1,1720.0,Met
154,2023-10-31,16582.14,1720.0,Met
154,2023-11-30,17990.63,1720.0,Met
154,2023-12-31,19493.36,1720.0,Met
154,2024-01-31,20780.78,1720.0,Met
154,2024-02-29,22405.04,1720.0,Met
154,2024-03-31,24049.04,1720.0,Met
154,2024-04-30,25498.89,1720.0,Met
154,2024-05-31,26929.46,1720.0,Met
154,2024-06-30,28596.32,1720.0,Met
154,2024-07-31,30019.98,1720.0,Met
154,2024-08-31,31282.78,1720.0,Met
154,2024-09-30,32803.02,1720.0,Met
154,2024-10-31,34353.51,1720.0,Met
154,2024-11-30,35756.29,1720.0,Met
154,2024-12-31,37419.95,1720.0,Met
154,2025-01-31,38932.89,422.96,Below-Target
154,2025-02-28,40185.29,545.72,Below-Target
154,2025-03-31,41590.93,1720.0,Met
154,2025-04-30,42906.06,1720.0,Met
154,2025-05-31,44214.5,1720.0,Met
154,2025-06-30,45643.19,1720.0,Met
154,2025-07-31,47112.13,1720.0,Met
154,2025-08-31,48678.17,1720.0,Met
154,2025-09-30,50056.58,1720.0,Met
154,2025-10-31,51280.53,1720.0,Met
154,2025-11-30,52973.14,1720.0,Met
154,2025-12-31,54312.65,1720.0,Met
154,2026-01-31,55736.53,1720.0,Met
154,2026-02-28,56943.9,1720.0,Met
154,2026-03-31,58462.01,1720.0,Met
154,2026-04-30,58223.43,0.0,Missed
154,2026-05-31,59447.7,1720.0,Met
154,2026-06-30,59720.84,401.61,Below-Target
154,2026-07-31,60288.48,970.62,Below-Target
154,2026-08-31,61919.79,1720.0,Met
155,2026-06-30,13805.34,1510.0,Met
155,2026-07-31,14894.4,1510.0,Met
155,2026-08-31,16083.75,1510.0,Met
156,2023-01-31,9266.07,1590.0,Met
156,2023-02-28,10453.94,1590.0,Met
156,2023-03-31,11949.02,1590.0,Met
156,2023-04-30,11688.94,0.0,Missed
156,2023-05-31,12884.2,1590.0,Met
156,2023-06-30,14073.9,1590.0,Met
156,2023-07-31,15661.87,1590.0,Met
156,2023-08-31,17137.72,1590.0,Met
156,2023-09-30,18321.66,1590.0,Met
156,2023-10-31,19750.4,1590.0,Met
156,2023-11-30,21066.64,1590.0,Met
156,2023-12-31,22319.87,1590.0,Met
156,2024-01-31,23491.98,1590.0,Met
156,2024-02-29,24936.85,1590.0,Met
156,2024-03-31,25791.34,926.3,Below-Target
156,2024-04-30,27291.0,1590.0,Met
156,2024-05-31,28705.63,1590.0,Met
156,2024-06-30,28427.58,0.0,Missed
156,2024-07-31,29741.78,1590.0,Met
156,2024-08-31,29967.44,587.41,Below-Target
156,2024-09-30,31509.76,1590.0,Met
156,2024-10-31,31660.72,382.75,Below-Target
156,2024-11-30,33235.14,1590.0,Met
156,2024-12-31,34609.58,1590.0,Met
156,2025-01-31,35926.2,1590.0,Met
156,2025-02-28,37395.21,1590.0,Met
156,2025-03-31,37859.5,621.68,Below-Target
156,2025-04-30,37738.64,0.0,Missed
156,2025-05-31,38965.75,1590.0,Met
156,2025-06-30,40274.04,1590.0,Met
156,2025-07-31,41650.24,1590.0,Met
156,2025-08-31,43185.24,1590.0,Met
156,2025-09-30,44410.83,1590.0,Met
156,2025-10-31,45779.13,1590.0,Met
156,2025-11-30,46960.0,1590.0,Met
156,2025-12-31,48416.53,1590.0,Met
156,2026-01-31,49557.32,1590.0,Met
156,2026-02-28,50806.55,1590.0,Met
156,2026-03-31,52055.03,1590.0,Met
156,2026-04-30,53326.25,1590.0,Met
156,2026-05-31,54878.08,1590.0,Met
156,2026-06-30,56105.41,1590.0,Met
156,2026-07-31,57587.7,1590.0,Met
156,2026-08-31,58800.28,1590.0,Met
157,2023-01-31,13130.14,1620.0,Met
157,2023-02-28,13815.36,1120.74,Below-Target
157,2023-03-31,15013.38,1620.0,Met
157,2023-04-30,16633.22,1620.0,Met
157,2023-05-31,17817.32,1620.0,Met
157,2023-06-30,18275.86,799.19,Below-Target
157,2023-07-31,17923.33,0.0,Missed
157,2023-08-31,19486.44,1620.0,Met
157,2023-09-30,20939.04,1620.0,Met
157,2023-10-31,22393.36,1620.0,Met
157,2023-11-30,23778.31,1620.0,Met
157,2023-12-31,25019.5,1620.0,Met
157,2024-01-31,26183.0,1620.0,Met
157,2024-02-29,27453.99,1620.0,Met
157,2024-03-31,28842.01,1620.0,Met
157,2024-04-30,29226.32,409.2,Below-Target
157,2024-05-31,28946.32,0.0,Missed
157,2024-06-30,30138.1,1620.0,Met
157,2024-07-31,31430.73,1620.0,Met
157,2024-08-31,32884.8,1620.0,Met
157,2024-09-30,34230.08,1620.0,Met
157,2024-10-31,35769.2,1620.0,Met
157,2024-11-30,37287.1,1620.0,Met
157,2024-12-31,38776.68,1620.0,Met
157,2025-01-31,38764.66,0.0,Missed
157,2025-02-28,40379.6,1620.0,Met
157,2025-03-31,41534.67,1620.0,Met
157,2025-04-30,42737.55,1620.0,Met
157,2025-05-31,44352.01,1620.0,Met
157,2025-06-30,45620.36,1620.0,Met
157,2025-07-31,47151.91,1620.0,Met
157,2025-08-31,47583.0,850.46,Below-Target
157,2025-09-30,48950.57,1620.0,Met
157,2025-10-31,49676.31,957.25,Below-Target
157,2025-11-30,50877.23,1620.0,Met
157,2025-12-31,51709.06,804.19,Below-Target
157,2026-01-31,53309.19,1620.0,Met
157,2026-02-28,54652.41,1620.0,Met
157,2026-03-31,55122.63,653.08,Below-Target
157,2026-04-30,56456.25,1620.0,Met
157,2026-05-31,56986.17,978.4,Below-Target
157,2026-06-30,58224.5,1620.0,Met
157,2026-07-31,59631.73,1620.0,Met
157,2026-08-31,61077.94,1620.0,Met
158,2023-01-31,4998.84,1380.0,Met
158,2023-02-28,6365.39,1380.0,Met
158,2023-03-31,7372.37,1380.0,Met
158,2023-04-30,7778.81,474.32,Below-Target
158,2023-05-31,8768.97,1380.0,Met
158,2023-06-30,9822.82,1380.0,Met
158,2023-07-31,10958.81,1380.0,Met
158,2023-08-31,12222.92,1380.0,Met
158,2023-09-30,13436.85,1380.0,Met
158,2023-10-31,14805.45,1380.0,Met
158,2023-11-30,15501.01,929.88,Below-Target
158,2023-12-31,15208.01,0.0,Missed
158,2024-01-31,16587.06,1380.0,Met
158,2024-02-29,17696.15,1380.0,Met
158,2024-03-31,18894.96,1380.0,Met
158,2024-04-30,19335.71,498.95,Below-Target
158,2024-05-31,20659.18,1380.0,Met
158,2024-06-30,21839.47,1380.0,Met
158,2024-07-31,21979.87,298.77,Below-Target
158,2024-08-31,22064.28,451.13,Below-Target
158,2024-09-30,23325.35,1380.0,Met
158,2024-10-31,24313.26,1380.0,Met
158,2024-11-30,25645.05,1380.0,Met
158,2024-12-31,26713.12,1380.0,Met
158,2025-01-31,27768.83,1380.0,Met
158,2025-02-28,28998.92,1380.0,Met
158,2025-03-31,28624.45,0.0,Missed
158,2025-04-30,30001.77,1380.0,Met
158,2025-05-31,31197.93,1380.0,Met
158,2025-06-30,32452.62,1380.0,Met
158,2025-07-31,33694.75,1380.0,Met
158,2025-08-31,34844.1,1380.0,Met
158,2025-09-30,34668.45,0.0,Missed
158,2025-10-31,35650.77,1380.0,Met
158,2025-11-30,37019.42,1380.0,Met
158,2025-12-31,38304.74,1380.0,Met
158,2026-01-31,39630.89,1380.0,Met
158,2026-02-28,40643.38,1380.0,Met
158,2026-03-31,40570.64,299.59,Below-Target
158,2026-04-30,41653.77,1380.0,Met
158,2026-05-31,42867.64,1380.0,Met
158,2026-06-30,44161.18,1380.0,Met
158,2026-07-31,45302.43,1380.0,Met
158,2026-08-31,46346.63,1380.0,Met
159,2023-07-31,10793.94,1510.0,Met
159,2023-08-31,11096.88,677.28,Below-Target
159,2023-09-30,12492.91,1510.0,Met
159,2023-10-31,13862.61,1510.0,Met
159,2023-11-30,15187.47,1510.0,Met
159,2023-12-31,16646.24,1510.0,Met
159,2024-01-31,17243.91,737.97,Below-Target
159,2024-02-29,18750.13,1510.0,Met
159,2024-03-31,20177.34,1510.0,Met
159,2024-04-30,21684.34,1510.0,Met
159,2024-05-31,23047.49,1510.0,Met
159,2024-06-30,24476.49,1510.0,Met
159,2024-07-31,25833.16,1510.0,Met
159,2024-08-31,26917.79,1510.0,Met
159,2024-09-30,28355.67,1510.0,Met
159,2024-10-31,29524.95,1510.0,Met
159,2024-11-30,30632.94,1510.0,Met
159,2024-12-31,31976.88,1510.0,Met
159,2025-01-31,33306.43,1510.0,Met
159,2025-02-28,34535.79,1510.0,Met
159,2025-03-31,35730.42,1510.0,Met
159,2025-04-30,36838.14,1510.0,Met
159,2025-05-31,38288.52,1510.0,Met
159,2025-06-30,39503.96,1510.0,Met
159,2025-07-31,40969.71,1510.0,Met
159,2025-08-31,42171.24,1510.0,Met
159,2025-09-30,43566.69,1510.0,Met
159,2025-10-31,45053.68,1510.0,Met
159,2025-11-30,45438.33,602.67,Below-Target
159,2025-12-31,45665.35,559.95,Below-Target
159,2026-01-31,46483.78,909.78,Below-Target
159,2026-02-28,47825.05,1510.0,Met
159,2026-03-31,47760.83,0.0,Missed
159,2026-04-30,49019.24,1510.0,Met
159,2026-05-31,50208.87,1510.0,Met
159,2026-06-30,51696.68,1510.0,Met
159,2026-07-31,53089.07,1510.0,Met
159,2026-08-31,54329.8,1510.0,Met
160,2023-01-31,6610.75,1670.0,Met
160,2023-02-28,8014.46,1670.0,Met
160,2023-03-31,9634.5,1670.0,Met
160,2023-04-30,11301.01,1670.0,Met
160,2023-05-31,12609.1,1670.0,Met
160,2023-06-30,14030.43,1670.0,Met
160,2023-07-31,13541.74,0.0,Missed
160,2023-08-31,15197.86,1670.0,Met
160,2023-09-30,16830.98,1670.0,Met
160,2023-10-31,18441.28,1670.0,Met
160,2023-11-30,19835.88,1670.0,Met
160,2023-12-31,21442.59,1670.0,Met
160,2024-01-31,23037.74,1670.0,Met
160,2024-02-29,24286.01,1670.0,Met
160,2024-03-31,24674.08,814.42,Below-Target
160,2024-04-30,26050.75,715.75,Below-Target
160,2024-05-31,27423.46,469.38,Missed
160,2024-06-30,28825.16,1670.0,Met
160,2024-07-31,29459.65,1092.64,Below-Target
160,2024-08-31,31090.91,1670.0,Met
160,2024-09-30,31771.03,1003.73,Below-Target
160,2024-10-31,33139.66,1670.0,Met
160,2024-11-30,32686.74,0.0,Missed
160,2024-12-31,33940.66,1670.0,Met
160,2025-01-31,35261.97,1670.0,Met
160,2025-02-28,36535.32,1670.0,Met
160,2025-03-31,38113.38,1670.0,Met
160,2025-04-30,39549.04,1670.0,Met
160,2025-05-31,41012.61,1670.0,Met
160,2025-06-30,42509.35,1670.0,Met
160,2025-07-31,43715.59,1670.0,Met
160,2025-08-31,45350.47,1670.0,Met
160,2025-09-30,46732.34,1670.0,Met
160,2025-10-31,46335.69,0.0,Missed
160,2025-11-30,47780.47,1670.0,Met
160,2025-12-31,49126.94,1670.0,Met
160,2026-01-31,50565.93,1670.0,Met
160,2026-02-28,51859.43,1670.0,Met
160,2026-03-31,53211.12,1670.0,Met
160,2026-04-30,54438.57,1670.0,Met
160,2026-05-31,55060.79,853.9,Below-Target
160,2026-06-30,56428.39,1670.0,Met
160,2026-07-31,57009.31,636.19,Below-Target
160,2026-08-31,57545.24,962.49,Below-Target
161,2023-01-31,6107.99,1520.0,Met
161,2023-02-28,7556.54,1520.0,Met
161,2023-03-31,7528.59,339.63,Below-Target
161,2023-04-30,8805.11,1520.0,Met
161,2023-05-31,10189.76,1520.0,Met
161,2023-06-30,11444.74,1520.0,Met
161,2023-07-31,12941.68,1520.0,Met
161,2023-08-31,14438.95,1520.0,Met
161,2023-09-30,15684.71,1520.0,Met
161,2023-10-31,17043.13,1520.0,Met
161,2023-11-30,18373.8,439.28,Below-Target
161,2023-12-31,19817.29,1520.0,Met
161,2024-01-31,20981.97,1520.0,Met
161,2024-02-29,22438.85,1520.0,Met
161,2024-03-31,23688.03,1520.0,Met
161,2024-04-30,23803.31,471.83,Below-Target
161,2024-05-31,25051.79,1520.0,Met
161,2024-06-30,26135.19,1520.0,Met
161,2024-07-31,26890.89,782.44,Below-Target
161,2024-08-31,28259.46,1520.0,Met
161,2024-09-30,29729.88,1520.0,Met
161,2024-10-31,30906.9,1520.0,Met
161,2024-11-30,32343.78,1520.0,Met
161,2024-12-31,33833.76,1520.0,Met
161,2025-01-31,34958.73,1520.0,Met
161,2025-02-28,36036.57,1520.0,Met
161,2025-03-31,37551.31,1520.0,Met
161,2025-04-30,38950.06,1520.0,Met
161,2025-05-31,39760.77,909.86,Below-Target
161,2025-06-30,41040.24,1520.0,Met
161,2025-07-31,42355.78,1520.0,Met
161,2025-08-31,43803.77,1520.0,Met
161,2025-09-30,45213.26,1520.0,Met
161,2025-10-31,46385.94,1520.0,Met
161,2025-11-30,47624.84,1520.0,Met
161,2025-12-31,48729.15,1520.0,Met
161,2026-01-31,50031.79,1520.0,Met
161,2026-02-28,50969.19,1051.03,Below-Target
161,2026-03-31,52129.11,1520.0,Met
161,2026-04-30,53298.38,1520.0,Met
161,2026-05-31,54681.04,1520.0,Met
161,2026-06-30,56093.3,1520.0,Met
161,2026-07-31,57593.83,1520.0,Met
161,2026-08-31,58837.9,1520.0,Met
162,2023-01-31,3503.4,1830.0,Met
162,2023-02-28,5168.36,1830.0,Met
162,2023-03-31,6961.27,1830.0,Met
162,2023-04-30,7532.57,651.26,Below-Target
162,2023-05-31,9225.64,1830.0,Met
162,2023-06-30,10877.28,1830.0,Met
162,2023-07-31,12192.13,1830.0,Met
162,2023-08-31,13866.14,1830.0,Met
162,2023-09-30,15627.55,1830.0,Met
162,2023-10-31,17128.87,1830.0,Met
162,2023-11-30,18547.16,1830.0,Met
162,2023-12-31,20134.02,1830.0,Met
162,2024-01-31,21490.19,1830.0,Met
162,2024-02-29,21953.88,571.54,Below-Target
162,2024-03-31,21578.41,0.0,Missed
162,2024-04-30,23397.86,1830.0,Met
162,2024-05-31,25111.47,1830.0,Met
162,2024-06-30,26617.58,1830.0,Met
162,2024-07-31,27903.33,1830.0,Met
162,2024-08-31,29451.48,1830.0,Met
162,2024-09-30,31159.36,1830.0,Met
162,2024-10-31,32853.14,1830.0,Met
162,2024-11-30,34402.63,1830.0,Met
162,2024-12-31,34481.06,591.34,Below-Target
162,2025-01-31,36124.19,1830.0,Met
162,2025-02-28,37493.99,1830.0,Met
162,2025-03-31,39224.74,1830.0,Met
162,2025-04-30,40884.43,1830.0,Met
162,2025-05-31,40973.77,505.56,Below-Target
162,2025-06-30,41046.61,385.8,Below-Target
162,2025-07-31,42484.31,1830.0,Met
162,2025-08-31,44284.13,1830.0,Met
162,2025-09-30,46089.52,1830.0,Met
162,2025-10-31,46752.39,731.78,Below-Target
162,2025-11-30,46967.73,664.89,Below-Target
162,2025-12-31,48748.44,1830.0,Met
162,2026-01-31,48939.44,662.7,Below-Target
162,2026-02-28,50446.76,1830.0,Met
162,2026-03-31,50098.67,0.0,Missed
162,2026-04-30,51778.58,1830.0,Met
162,2026-05-31,53253.03,1830.0,Met
162,2026-06-30,54918.79,1830.0,Met
162,2026-07-31,56581.04,1830.0,Met
162,2026-08-31,58070.3,1830.0,Met
163,2023-01-31,8472.95,1690.0,Met
163,2023-02-28,9904.03,1690.0,Met
163,2023-03-31,11116.75,1690.0,Met
163,2023-04-30,12768.54,1690.0,Met
163,2023-05-31,14332.06,1690.0,Met
163,2023-06-30,13838.39,0.0,Missed
163,2023-07-31,15517.58,1690.0,Met
163,2023-08-31,17094.41,1690.0,Met
163,2023-09-30,18474.51,1690.0,Met
163,2023-10-31,19778.13,1690.0,Met
163,2023-11-30,21106.66,1690.0,Met
163,2023-12-31,22627.74,1690.0,Met
163,2024-01-31,23934.22,1690.0,Met
163,2024-02-29,25142.88,1690.0,Met
163,2024-03-31,25408.05,669.52,Below-Target
163,2024-04-30,26836.98,1690.0,Met
163,2024-05-31,28029.78,1690.0,Met
163,2024-06-30,29710.93,1690.0,Met
163,2024-07-31,31339.93,1690.0,Met
163,2024-08-31,32601.32,1690.0,Met
163,2024-09-30,33951.83,1690.0,Met
163,2024-10-31,35456.94,1690.0,Met
163,2024-11-30,36000.28,703.53,Below-Target
163,2024-12-31,37295.27,1690.0,Met
163,2025-01-31,38508.92,1690.0,Met
163,2025-02-28,40052.31,1690.0,Met
163,2025-03-31,41434.5,1690.0,Met
163,2025-04-30,42870.51,1690.0,Met
163,2025-05-31,44229.88,1690.0,Met
163,2025-06-30,45686.37,1690.0,Met
163,2025-07-31,47280.12,1690.0,Met
163,2025-08-31,48481.19,1690.0,Met
163,2025-09-30,49698.02,1690.0,Met
163,2025-10-31,50999.93,1690.0,Met
163,2025-11-30,52667.56,1690.0,Met
163,2025-12-31,53440.51,984.67,Below-Target
163,2026-01-31,55105.13,1690.0,Met
163,2026-02-28,56719.69,1690.0,Met
163,2026-03-31,57218.31,781.16,Below-Target
163,2026-04-30,58803.3,1690.0,Met
163,2026-05-31,59999.58,1690.0,Met
163,2026-06-30,61631.49,1690.0,Met
163,2026-07-31,62380.61,806.86,Below-Target
163,2026-08-31,62140.73,0.0,Missed
164,2023-01-31,10579.73,1920.0,Met
164,2023-02-28,11962.55,1920.0,Met
164,2023-03-31,12188.57,427.92,Below-Target
164,2023-04-30,13768.03,1920.0,Met
164,2023-05-31,15457.48,1920.0,Met
164,2023-06-30,16940.49,1920.0,Met
164,2023-07-31,18759.06,1920.0,Met
164,2023-08-31,20403.06,1920.0,Met
164,2023-09-30,22041.81,1920.0,Met
164,2023-10-31,22554.35,1079.04,Below-Target
164,2023-11-30,24089.14,1920.0,Met
164,2023-12-31,24538.48,813.53,Below-Target
164,2024-01-31,26255.9,1920.0,Met
164,2024-02-29,27907.42,1920.0,Met
164,2024-03-31,29410.15,1920.0,Met
164,2024-04-30,30777.52,1920.0,Met
164,2024-05-31,32254.78,1920.0,Met
164,2024-06-30,33626.26,1920.0,Met
164,2024-07-31,35201.57,1920.0,Met
164,2024-08-31,36793.43,1920.0,Met
164,2024-09-30,38566.38,1920.0,Met
164,2024-10-31,38216.42,0.0,Missed
164,2024-11-30,39870.62,1920.0,Met
164,2024-12-31,41567.4,1920.0,Met
164,2025-01-31,43467.06,1920.0,Met
164,2025-02-28,45083.59,1920.0,Met
164,2025-03-31,46744.71,1920.0,Met
164,2025-04-30,48341.47,1920.0,Met
164,2025-05-31,49746.98,1920.0,Met
164,2025-06-30,51491.69,1920.0,Met
164,2025-07-31,53209.46,1920.0,Met
164,2025-08-31,54918.96,1920.0,Met
164,2025-09-30,56264.74,1920.0,Met
164,2025-10-31,57752.46,1920.0,Met
164,2025-11-30,59144.78,1920.0,Met
164,2025-12-31,60944.1,1920.0,Met
164,2026-01-31,61325.06,399.61,Below-Target
164,2026-02-28,62764.16,1920.0,Met
164,2026-03-31,64493.34,1920.0,Met
164,2026-04-30,66274.97,1920.0,Met
164,2026-05-31,67920.32,1920.0,Met
164,2026-06-30,69829.71,1920.0,Met
164,2026-07-31,71531.68,1920.0,Met
164,2026-08-31,73174.61,1920.0,Met
165,2023-01-31,11182.73,1700.0,Met
165,2023-02-28,12603.5,1700.0,Met
165,2023-03-31,14297.07,1700.0,Met
165,2023-04-30,15863.13,1700.0,Met
165,2023-05-31,17076.62,1700.0,Met
165,2023-06-30,16928.68,0.0,Missed
165,2023-07-31,18293.01,1700.0,Met
165,2023-08-31,18142.16,0.0,Missed
165,2023-09-30,17883.45,0.0,Missed
165,2023-10-31,19564.85,1700.0,Met
165,2023-11-30,20796.46,1700.0,Met
165,2023-12-31,21366.34,822.82,Below-Target
165,2024-01-31,22945.52,1700.0,Met
165,2024-02-29,24576.62,1700.0,Met
165,2024-03-31,26076.84,1700.0,Met
165,2024-04-30,27369.69,1700.0,Met
165,2024-05-31,28942.84,1700.0,Met
165,2024-06-30,30300.5,1700.0,Met
165,2024-07-31,31704.57,1700.0,Met
165,2024-08-31,33245.01,1700.0,Met
165,2024-09-30,34629.59,1700.0,Met
165,2024-10-31,36320.53,1700.0,Met
165,2024-11-30,37656.46,1700.0,Met
165,2024-12-31,38850.75,1700.0,Met
165,2025-01-31,40222.4,1700.0,Met
165,2025-02-28,41783.95,1700.0,Met
165,2025-03-31,43406.12,1700.0,Met
165,2025-04-30,44752.59,1700.0,Met
165,2025-05-31,46186.44,1700.0,Met
165,2025-06-30,47806.49,1700.0,Met
165,2025-07-31,49275.8,1700.0,Met
165,2025-08-31,50769.65,1700.0,Met
165,2025-09-30,52404.68,1700.0,Met
165,2025-10-31,53990.21,1700.0,Met
165,2025-11-30,53970.34,0.0,Missed
165,2025-12-31,55431.61,1700.0,Met
165,2026-01-31,56548.8,1169.25,Below-Target
165,2026-02-28,57912.56,1700.0,Met
165,2026-03-31,59236.9,1700.0,Met
165,2026-04-30,59400.39,426.95,Below-Target
165,2026-05-31,60706.57,1700.0,Met
165,2026-06-30,61943.38,1700.0,Met
165,2026-07-31,63432.84,1700.0,Met
165,2026-08-31,64770.92,1700.0,Met
166,2023-01-31,12865.45,515.62,Below-Target
166,2023-02-28,14388.2,1670.0,Met
166,2023-03-31,15740.12,1670.0,Met
166,2023-04-30,17131.13,1670.0,Met
166,2023-05-31,18592.57,1670.0,Met
166,2023-06-30,20025.28,1670.0,Met
166,2023-07-31,21279.89,1670.0,Met
166,2023-08-31,22521.28,1670.0,Met
166,2023-09-30,24039.51,1670.0,Met
166,2023-10-31,25629.31,1670.0,Met
166,2023-11-30,25281.58,0.0,Missed
166,2023-12-31,26682.7,1670.0,Met
166,2024-01-31,27141.19,493.81,Below-Target
166,2024-02-29,27632.69,531.32,Below-Target
166,2024-03-31,29189.28,684.1,Below-Target
166,2024-04-30,30440.66,1670.0,Met
166,2024-05-31,31843.62,1670.0,Met
166,2024-06-30,33323.11,1670.0,Met
166,2024-07-31,34698.94,1670.0,Met
166,2024-08-31,36236.89,1670.0,Met
166,2024-09-30,37525.01,1670.0,Met
166,2024-10-31,38990.22,1670.0,Met
166,2024-11-30,40647.94,1670.0,Met
166,2024-12-31,41925.9,1670.0,Met
166,2025-01-31,43344.72,1670.0,Met
166,2025-02-28,43731.31,437.66,Below-Target
166,2025-03-31,45000.71,1670.0,Met
166,2025-04-30,46512.73,1670.0,Met
166,2025-05-31,47306.39,1132.6,Below-Target
166,2025-06-30,48824.2,1670.0,Met
166,2025-07-31,50213.54,1670.0,Met
166,2025-08-31,51777.62,1670.0,Met
166,2025-09-30,53424.94,1670.0,Met
166,2025-10-31,54954.21,1670.0,Met
166,2025-11-30,56589.26,1670.0,Met
166,2025-12-31,57786.38,1670.0,Met
166,2026-01-31,57504.64,0.0,Missed
166,2026-02-28,59169.78,1670.0,Met
166,2026-03-31,58708.04,0.0,Missed
166,2026-04-30,60262.08,1670.0,Met
166,2026-05-31,61874.04,1670.0,Met
166,2026-06-30,62611.08,892.21,Below-Target
166,2026-07-31,64029.41,1670.0,Met
166,2026-08-31,65412.58,1670.0,Met
167,2023-01-31,6616.88,1490.0,Met
167,2023-02-28,8062.14,1490.0,Met
167,2023-03-31,9327.15,1490.0,Met
167,2023-04-30,10786.21,1490.0,Met
167,2023-05-31,12158.79,1490.0,Met
167,2023-06-30,13307.76,1490.0,Met
167,2023-07-31,14657.09,1490.0,Met
167,2023-08-31,15805.33,1490.0,Met
167,2023-09-30,16999.69,1490.0,Met
167,2023-10-31,18369.54,1490.0,Met
167,2023-11-30,19535.18,1490.0,Met
167,2023-12-31,20929.17,1490.0,Met
167,2024-01-31,20728.14,0.0,Missed
167,2024-02-29,21937.7,1490.0,Met
167,2024-03-31,22994.3,1490.0,Met
167,2024-04-30,24214.19,1490.0,Met
167,2024-05-31,25432.21,1490.0,Met
167,2024-06-30,26746.46,1490.0,Met
167,2024-07-31,26471.61,0.0,Missed
167,2024-08-31,27596.94,1490.0,Met
167,2024-09-30,28952.63,1490.0,Met
167,2024-10-31,30270.4,1490.0,Met
167,2024-11-30,31569.7,1490.0,Met
167,2024-12-31,32902.98,1490.0,Met
167,2025-01-31,33475.82,821.6,Below-Target
167,2025-02-28,34552.14,1490.0,Met
167,2025-03-31,36002.99,1490.0,Met
167,2025-04-30,35916.08,358.5,Below-Target
167,2025-05-31,37118.21,1490.0,Met
167,2025-06-30,38256.51,1490.0,Met
167,2025-07-31,39645.55,1490.0,Met
167,2025-08-31,40719.38,1490.0,Met
167,2025-09-30,42083.82,1490.0,Met
167,2025-10-31,43340.91,1490.0,Met
167,2025-11-30,44696.67,1490.0,Met
167,2025-12-31,45840.29,1490.0,Met
167,2026-01-31,46965.4,1490.0,Met
167,2026-02-28,48227.98,1490.0,Met
167,2026-03-31,49509.1,1490.0,Met
167,2026-04-30,49629.48,481.61,Below-Target
167,2026-05-31,51095.54,1490.0,Met
167,2026-06-30,51986.24,892.46,Below-Target
167,2026-07-31,53258.87,1490.0,Met
167,2026-08-31,52873.72,0.0,Missed
168,2023-01-31,11897.26,1920.0,Met
168,2023-02-28,13351.31,1920.0,Met
168,2023-03-31,14733.19,1920.0,Met
168,2023-04-30,16593.71,1920.0,Met
168,2023-05-31,16987.23,454.93,Below-Target
168,2023-06-30,18663.51,1920.0,Met
168,2023-07-31,20562.48,1920.0,Met
168,2023-08-31,22384.43,1920.0,Met
168,2023-09-30,24139.34,1920.0,Met
168,2023-10-31,25499.62,1920.0,Met
168,2023-11-30,26930.48,1920.0,Met
168,2023-12-31,28689.59,1920.0,Met
168,2024-01-31,30226.21,1920.0,Met
168,2024-02-29,31763.98,1920.0,Met
168,2024-03-31,33116.66,1920.0,Met
168,2024-04-30,33766.55,743.06,Below-Target
168,2024-05-31,35623.82,1920.0,Met
168,2024-06-30,37528.55,1920.0,Met
168,2024-07-31,39313.69,1920.0,Met
168,2024-08-31,41232.96,1920.0,Met
168,2024-09-30,41314.64,437.19,Below-Target
168,2024-10-31,42898.48,1920.0,Met
168,2024-11-30,44585.65,1920.0,Met
168,2024-12-31,46091.31,1920.0,Met
168,2025-01-31,47459.94,1920.0,Met
168,2025-02-28,49006.93,1920.0,Met
168,2025-03-31,50867.16,1920.0,Met
168,2025-04-30,52233.32,1920.0,Met
168,2025-05-31,52950.12,1116.81,Below-Target
168,2025-06-30,54578.34,1920.0,Met
168,2025-07-31,56410.65,1920.0,Met
168,2025-08-31,57088.13,1145.07,Below-Target
168,2025-09-30,58067.45,1195.97,Below-Target
168,2025-10-31,59606.57,1920.0,Met
168,2025-11-30,59861.87,531.3,Below-Target
168,2025-12-31,61463.11,1920.0,Met
168,2026-01-31,63232.9,1920.0,Met
168,2026-02-28,64619.88,1920.0,Met
168,2026-03-31,66207.81,1920.0,Met
168,2026-04-30,67612.55,1920.0,Met
168,2026-05-31,69181.79,1920.0,Met
168,2026-06-30,71082.56,1920.0,Met
168,2026-07-31,72792.99,1920.0,Met
168,2026-08-31,74437.84,1920.0,Met
169,2023-01-31,6236.26,1540.0,Met
169,2023-02-28,7444.96,1540.0,Met
169,2023-03-31,8828.34,1540.0,Met
169,2023-04-30,9993.44,1540.0,Met
169,2023-05-31,11446.59,1540.0,Met
169,2023-06-30,12150.55,885.59,Below-Target
169,2023-07-31,13311.89,1540.0,Met
169,2023-08-31,14576.55,1540.0,Met
169,2023-09-30,15682.88,1540.0,Met
169,2023-10-31,16932.56,1540.0,Met
169,2023-11-30,18248.03,1540.0,Met
169,2023-12-31,18402.31,485.7,Below-Target
169,2024-01-31,19881.18,1540.0,Met
169,2024-02-29,20967.41,1540.0,Met
169,2024-03-31,22052.08,1540.0,Met
169,2024-04-30,23246.8,1540.0,Met
169,2024-05-31,23079.5,0.0,Missed
169,2024-06-30,24234.31,1540.0,Met
169,2024-07-31,25622.19,1540.0,Met
169,2024-08-31,27081.97,1540.0,Met
169,2024-09-30,27078.7,0.0,Missed
169,2024-10-31,28256.6,1540.0,Met
169,2024-11-30,29745.28,1540.0,Met
169,2024-12-31,31259.69,1540.0,Met
169,2025-01-31,32603.74,1540.0,Met
169,2025-02-28,33752.85,1540.0,Met
169,2025-03-31,35033.28,1540.0,Met
169,2025-04-30,36126.09,1540.0,Met
169,2025-05-31,37376.51,1540.0,Met
169,2025-06-30,38478.74,1540.0,Met
169,2025-07-31,38476.93,308.93,Below-Target
169,2025-08-31,39952.28,1540.0,Met
169,2025-09-30,41247.02,1540.0,Met
169,2025-10-31,42338.18,1540.0,Met
169,2025-11-30,42774.0,788.86,Below-Target
169,2025-12-31,43902.98,1540.0,Met
169,2026-01-31,45183.94,1540.0,Met
169,2026-02-28,46664.87,1540.0,Met
169,2026-03-31,48104.13,1540.0,Met
169,2026-04-30,49336.76,1540.0,Met
169,2026-05-31,50648.63,1540.0,Met
169,2026-06-30,51272.18,1061.85,Below-Target
169,2026-07-31,52353.94,1540.0,Met
169,2026-08-31,52936.86,1030.79,Below-Target
170,2023-01-31,12915.49,1560.0,Met
170,2023-02-28,12554.15,0.0,Missed
170,2023-03-31,14050.4,1560.0,Met
170,2023-04-30,15418.21,1560.0,Met
170,2023-05-31,16731.92,1560.0,Met
170,2023-06-30,16347.25,0.0,Missed
170,2023-07-31,17727.35,1560.0,Met
170,2023-08-31,18993.74,1560.0,Met
170,2023-09-30,20166.02,1560.0,Met
170,2023-10-31,21532.52,1560.0,Met
170,2023-11-30,22769.47,1560.0,Met
170,2023-12-31,24217.74,1560.0,Met
170,2024-01-31,25629.45,1560.0,Met
170,2024-02-29,26912.84,1560.0,Met
170,2024-03-31,28256.42,1560.0,Met
170,2024-04-30,29424.89,1560.0,Met
170,2024-05-31,30619.12,1560.0,Met
170,2024-06-30,31845.43,1560.0,Met
170,2024-07-31,33097.21,59.95,Below-Target
170,2024-08-31,33031.73,0.0,Missed
170,2024-09-30,33045.04,428.36,Below-Target
170,2024-10-31,34228.28,1560.0,Met
170,2024-11-30,34261.01,448.35,Below-Target
170,2024-12-31,35548.08,1560.0,Met
170,2025-01-31,36815.76,1560.0,Met
170,2025-02-28,37973.24,1560.0,Met
170,2025-03-31,38104.92,556.16,Below-Target
170,2025-04-30,39544.52,1560.0,Met
170,2025-05-31,40861.05,1560.0,Met
170,2025-06-30,42304.84,1560.0,Met
170,2025-07-31,42749.24,803.24,Below-Target
170,2025-08-31,44105.66,1560.0,Met
170,2025-09-30,45210.77,1560.0,Met
170,2025-10-31,46626.11,1560.0,Met
170,2025-11-30,46522.78,0.0,Missed
170,2025-12-31,48071.4,1560.0,Met
170,2026-01-31,49619.92,1560.0,Met
170,2026-02-28,50955.79,1560.0,Met
170,2026-03-31,51352.52,559.47,Below-Target
170,2026-04-30,52546.67,1560.0,Met
170,2026-05-31,53807.01,1560.0,Met
170,2026-06-30,54951.06,1560.0,Met
170,2026-07-31,56262.72,1560.0,Met
170,2026-08-31,56183.75,352.66,Below-Target
171,2023-01-31,11363.78,1870.0,Met
171,2023-02-28,12698.29,1870.0,Met
171,2023-03-31,12435.76,0.0,Missed
171,2023-04-30,14205.58,1870.0,Met
171,2023-05-31,15852.95,1870.0,Met
171,2023-06-30,17601.57,1870.0,Met
171,2023-07-31,19186.18,1870.0,Met
171,2023-08-31,20609.45,1870.0,Met
171,2023-09-30,22300.22,1870.0,Met
171,2023-10-31,23839.55,1870.0,Met
171,2023-11-30,23576.77,0.0,Missed
171,2023-12-31,25191.31,1870.0,Met
171,2024-01-31,25761.91,908.12,Below-Target
171,2024-02-29,27357.66,1870.0,Met
171,2024-03-31,28799.26,1870.0,Met
171,2024-04-30,30129.76,1870.0,Met
171,2024-05-31,31856.79,1870.0,Met
171,2024-06-30,33344.08,1870.0,Met
171,2024-07-31,34945.09,1870.0,Met
171,2024-08-31,36595.45,1870.0,Met
171,2024-09-30,36581.95,385.08,Below-Target
171,2024-10-31,37912.66,1870.0,Met
171,2024-11-30,39416.36,1870.0,Met
171,2024-12-31,39797.73,471.31,Below-Target
171,2025-01-31,39967.49,646.71,Below-Target
171,2025-02-28,41820.31,1870.0,Met
171,2025-03-31,43666.21,1870.0,Met
171,2025-04-30,45396.38,1870.0,Met
171,2025-05-31,46981.3,1870.0,Met
171,2025-06-30,48310.49,1870.0,Met
171,2025-07-31,49622.73,1870.0,Met
171,2025-08-31,51205.9,1870.0,Met
171,2025-09-30,52565.89,1870.0,Met
171,2025-10-31,53665.25,1121.41,Below-Target
171,2025-11-30,55133.51,1870.0,Met
171,2025-12-31,56956.82,1870.0,Met
171,2026-01-31,58698.05,1870.0,Met
171,2026-02-28,60369.94,1870.0,Met
171,2026-03-31,61169.52,883.36,Below-Target
171,2026-04-30,62964.5,1870.0,Met
171,2026-05-31,64582.5,1870.0,Met
171,2026-06-30,66287.05,1870.0,Met
171,2026-07-31,68014.9,1870.0,Met
171,2026-08-31,69639.83,1870.0,Met
172,2023-01-31,12729.18,1790.0,Met
172,2023-02-28,14406.76,1790.0,Met
172,2023-03-31,16161.2,1790.0,Met
172,2023-04-30,17558.83,1790.0,Met
172,2023-05-31,19299.76,1790.0,Met
172,2023-06-30,21079.92,1790.0,Met
172,2023-07-31,22826.55,1790.0,Met
172,2023-08-31,24284.45,1790.0,Met
172,2023-09-30,25661.72,1790.0,Met
172,2023-10-31,27382.54,1790.0,Met
172,2023-11-30,27901.1,544.15,Below-Target
172,2023-12-31,29685.34,1790.0,Met
172,2024-01-31,31406.07,1790.0,Met
172,2024-02-29,33113.62,1790.0,Met
172,2024-03-31,34779.62,1790.0,Met
172,2024-04-30,36467.37,1790.0,Met
172,2024-05-31,38180.93,1790.0,Met
172,2024-06-30,39823.44,1790.0,Met
172,2024-07-31,39645.75,0.0,Missed
172,2024-08-31,41374.14,1790.0,Met
172,2024-09-30,42856.37,1790.0,Met
172,2024-10-31,43251.58,859.43,Below-Target
172,2024-11-30,44818.43,1790.0,Met
172,2024-12-31,46541.86,1790.0,Met
172,2025-01-31,47273.28,1060.18,Below-Target
172,2025-02-28,47690.0,779.76,Below-Target
172,2025-03-31,49369.19,1790.0,Met
172,2025-04-30,50958.45,1790.0,Met
172,2025-05-31,51363.85,415.53,Below-Target
172,2025-06-30,52943.9,1790.0,Met
172,2025-07-31,54731.6,1790.0,Met
172,2025-08-31,56367.27,1790.0,Met
172,2025-09-30,57979.37,1790.0,Met
172,2025-10-31,59592.59,1790.0,Met
172,2025-11-30,61119.57,1790.0,Met
172,2025-12-31,62598.05,1790.0,Met
172,2026-01-31,64015.75,1790.0,Met
172,2026-02-28,65490.88,1790.0,Met
172,2026-03-31,67216.97,1790.0,Met
172,2026-04-30,68567.64,1790.0,Met
172,2026-05-31,69839.8,1790.0,Met
172,2026-06-30,71322.02,1790.0,Met
172,2026-07-31,73059.01,1790.0,Met
172,2026-08-31,74744.22,1790.0,Met
173,2023-01-31,7747.58,1620.0,Met
173,2023-02-28,9248.73,1620.0,Met
173,2023-03-31,10547.65,1620.0,Met
173,2023-04-30,10093.02,0.0,Missed
173,2023-05-31,11306.02,1620.0,Met
173,2023-06-30,12704.39,1620.0,Met
173,2023-07-31,14176.57,1620.0,Met
173,2023-08-31,15664.86,1620.0,Met
173,2023-09-30,16944.93,1620.0,Met
173,2023-10-31,18323.42,1620.0,Met
173,2023-11-30,19487.35,1620.0,Met
173,2023-12-31,20778.64,1620.0,Met
173,2024-01-31,22375.93,1620.0,Met
173,2024-02-29,23939.65,1620.0,Met
173,2024-03-31,25482.3,1620.0,Met
173,2024-04-30,26856.12,1620.0,Met
173,2024-05-31,28387.87,1620.0,Met
173,2024-06-30,29743.83,1620.0,Met
173,2024-07-31,31168.52,1620.0,Met
173,2024-08-31,32310.7,1620.0,Met
173,2024-09-30,33645.15,1620.0,Met
173,2024-10-31,33635.49,0.0,Missed
173,2024-11-30,33811.5,614.58,Below-Target
173,2024-12-31,34203.12,735.07,Below-Target
173,2025-01-31,35765.9,1620.0,Met
173,2025-02-28,37353.14,1620.0,Met
173,2025-03-31,37958.46,1007.15,Below-Target
173,2025-04-30,39282.41,1620.0,Met
173,2025-05-31,39563.05,622.06,Below-Target
173,2025-06-30,39189.72,0.0,Missed
173,2025-07-31,40632.59,1620.0,Met
173,2025-08-31,40635.28,360.61,Below-Target
173,2025-09-30,42057.59,1620.0,Met
173,2025-10-31,43436.57,1620.0,Met
173,2025-11-30,44642.21,1620.0,Met
173,2025-12-31,46170.66,1620.0,Met
173,2026-01-31,47502.75,1620.0,Met
173,2026-02-28,49113.85,1620.0,Met
173,2026-03-31,50572.81,1620.0,Met
173,2026-04-30,52123.41,1620.0,Met
173,2026-05-31,52288.93,587.36,Below-Target
173,2026-06-30,53424.23,1620.0,Met
173,2026-07-31,54767.22,1620.0,Met
173,2026-08-31,55122.23,612.88,Below-Target
174,2024-01-31,9044.14,1060.22,Below-Target
174,2024-02-29,10321.18,1770.0,Met
174,2024-03-31,12029.43,1770.0,Met
174,2024-04-30,13598.23,1770.0,Met
174,2024-05-31,14955.72,1770.0,Met
174,2024-06-30,16239.64,1770.0,Met
174,2024-07-31,17766.17,1770.0,Met
174,2024-08-31,19498.82,1770.0,Met
174,2024-09-30,20931.31,1770.0,Met
174,2024-10-31,21421.42,873.24,Below-Target
174,2024-11-30,22666.59,1770.0,Met
174,2024-12-31,24229.28,1770.0,Met
174,2025-01-31,25937.24,1770.0,Met
174,2025-02-28,27262.74,1770.0,Met
174,2025-03-31,28693.4,1770.0,Met
174,2025-04-30,30006.58,1770.0,Met
174,2025-05-31,31528.85,1770.0,Met
174,2025-06-30,32805.54,1770.0,Met
174,2025-07-31,34079.03,1770.0,Met
174,2025-08-31,35073.86,1111.83,Below-Target
174,2025-09-30,36585.93,1770.0,Met
174,2025-10-31,38080.32,1770.0,Met
174,2025-11-30,39410.26,1770.0,Met
174,2025-12-31,40790.57,1770.0,Met
174,2026-01-31,40492.77,0.0,Missed
174,2026-02-28,42052.19,1770.0,Met
174,2026-03-31,43532.21,1770.0,Met
174,2026-04-30,44890.18,1770.0,Met
174,2026-05-31,44641.98,0.0,Missed
174,2026-06-30,46384.82,1770.0,Met
174,2026-07-31,46899.4,857.1,Below-Target
174,2026-08-31,48405.79,1770.0,Met
175,2023-01-31,7136.38,1760.0,Met
175,2023-02-28,8512.0,1760.0,Met
175,2023-03-31,9386.94,1040.01,Below-Target
175,2023-04-30,10807.66,1760.0,Met
175,2023-05-31,12145.28,1760.0,Met
175,2023-06-30,13456.48,1760.0,Met
175,2023-07-31,15003.7,1760.0,Met
175,2023-08-31,15280.66,501.91,Below-Target
175,2023-09-30,16633.47,1760.0,Met
175,2023-10-31,18048.06,1760.0,Met
175,2023-11-30,19569.44,1760.0,Met
175,2023-12-31,21029.51,1760.0,Met
175,2024-01-31,22773.15,1760.0,Met
175,2024-02-29,24396.34,1760.0,Met
175,2024-03-31,25811.95,1760.0,Met
175,2024-04-30,27085.71,1760.0,Met
175,2024-05-31,28341.57,1760.0,Met
175,2024-06-30,29646.32,1760.0,Met
175,2024-07-31,31162.35,1760.0,Met
175,2024-08-31,32509.02,1760.0,Met
175,2024-09-30,32316.89,0.0,Missed
175,2024-10-31,32665.94,748.39,Below-Target
175,2024-11-30,33235.21,789.25,Below-Target
175,2024-12-31,32943.67,0.0,Missed
175,2025-01-31,34425.81,1760.0,Met
175,2025-02-28,34310.66,0.0,Missed
175,2025-03-31,36050.1,272.69,Missed
175,2025-04-30,36982.33,962.21,Below-Target
175,2025-05-31,38388.61,1760.0,Met
175,2025-06-30,39704.99,1760.0,Met
175,2025-07-31,41260.16,1760.0,Met
175,2025-08-31,41761.9,955.75,Below-Target
175,2025-09-30,43508.41,1760.0,Met
175,2025-10-31,45008.67,1760.0,Met
175,2025-11-30,46563.86,1760.0,Met
175,2025-12-31,48223.15,1760.0,Met
175,2026-01-31,49718.6,1760.0,Met
175,2026-02-28,51353.84,1760.0,Met
175,2026-03-31,52806.73,1760.0,Met
175,2026-04-30,54498.14,1760.0,Met
175,2026-05-31,55897.98,1760.0,Met
175,2026-06-30,57559.09,1760.0,Met
175,2026-07-31,58791.26,1760.0,Met
175,2026-08-31,60117.58,1760.0,Met
176,2023-01-31,14072.32,1740.0,Met
176,2023-02-28,15449.87,1740.0,Met
176,2023-03-31,16767.64,1740.0,Met
176,2023-04-30,18272.48,1740.0,Met
176,2023-05-31,19652.31,1740.0,Met
176,2023-06-30,20886.71,1740.0,Met
176,2023-07-31,22375.07,1740.0,Met
176,2023-08-31,23893.8,1740.0,Met
176,2023-09-30,25171.19,1740.0,Met
176,2023-10-31,26540.38,1740.0,Met
176,2023-11-30,28100.46,1740.0,Met
176,2023-12-31,29324.39,1740.0,Met
176,2024-01-31,29780.46,477.45,Below-Target
176,2024-02-29,31389.19,1740.0,Met
176,2024-03-31,32620.57,1740.0,Met
176,2024-04-30,33873.36,1740.0,Met
176,2024-05-31,35470.28,1740.0,Met
176,2024-06-30,37005.85,1740.0,Met
176,2024-07-31,38689.59,1740.0,Met
176,2024-08-31,39945.61,1740.0,Met
176,2024-09-30,41186.29,1740.0,Met
176,2024-10-31,42572.9,1740.0,Met
176,2024-11-30,44305.45,1740.0,Met
176,2024-12-31,46029.97,1740.0,Met
176,2025-01-31,47716.01,1740.0,Met
176,2025-02-28,49002.23,1740.0,Met
176,2025-03-31,49697.28,818.69,Below-Target
176,2025-04-30,51423.49,1740.0,Met
176,2025-05-31,53015.62,1740.0,Met
176,2025-06-30,54571.51,1740.0,Met
176,2025-07-31,55822.5,1740.0,Met
176,2025-08-31,57393.45,1740.0,Met
176,2025-09-30,58219.95,853.15,Below-Target
176,2025-10-31,58109.16,0.0,Missed
176,2025-11-30,59845.71,1740.0,Met
176,2025-12-31,61184.73,1740.0,Met
176,2026-01-31,62573.86,1740.0,Met
176,2026-02-28,62772.82,536.26,Below-Target
176,2026-03-31,64065.03,1740.0,Met
176,2026-04-30,65427.53,1740.0,Met
176,2026-05-31,66813.42,1740.0,Met
176,2026-06-30,68538.16,1740.0,Met
176,2026-07-31,69890.92,1740.0,Met
176,2026-08-31,71335.69,1740.0,Met
177,2023-01-31,10985.51,0.0,Missed
177,2023-02-28,11190.8,634.55,Below-Target
177,2023-03-31,12293.31,1540.0,Met
177,2023-04-30,13804.63,1540.0,Met
177,2023-05-31,14906.24,1540.0,Met
177,2023-06-30,16261.25,1540.0,Met
177,2023-07-31,17521.51,1540.0,Met
177,2023-08-31,18627.9,1540.0,Met
177,2023-09-30,19743.93,1540.0,Met
177,2023-10-31,21126.5,1540.0,Met
177,2023-11-30,22648.63,1540.0,Met
177,2023-12-31,23796.7,1540.0,Met
177,2024-01-31,25054.14,1540.0,Met
177,2024-02-29,26317.34,1540.0,Met
177,2024-03-31,27151.2,1010.52,Below-Target
177,2024-04-30,28436.53,1540.0,Met
177,2024-05-31,29866.73,1540.0,Met
177,2024-06-30,31299.91,1540.0,Met
177,2024-07-31,32444.82,1540.0,Met
177,2024-08-31,33709.34,1540.0,Met
177,2024-09-30,35074.74,1540.0,Met
177,2024-10-31,36546.96,1540.0,Met
177,2024-11-30,37931.19,1540.0,Met
177,2024-12-31,39431.9,1540.0,Met
177,2025-01-31,40778.83,1540.0,Met
177,2025-02-28,41719.89,999.24,Below-Target
177,2025-03-31,43152.16,1540.0,Met
177,2025-04-30,44346.31,1540.0,Met
177,2025-05-31,45526.23,1540.0,Met
177,2025-06-30,46779.59,1540.0,Met
177,2025-07-31,47979.86,1540.0,Met
177,2025-08-31,49314.31,1540.0,Met
177,2025-09-30,50601.36,1540.0,Met
177,2025-10-31,51956.45,1540.0,Met
177,2025-11-30,53176.3,1540.0,Met
177,2025-12-31,54395.81,1540.0,Met
177,2026-01-31,55492.3,1540.0,Met
177,2026-02-28,55414.96,0.0,Missed
177,2026-03-31,55159.29,0.0,Missed
177,2026-04-30,55341.37,507.19,Below-Target
177,2026-05-31,56613.6,1540.0,Met
177,2026-06-30,57746.56,1540.0,Met
177,2026-07-31,59280.49,1540.0,Met
177,2026-08-31,60442.36,1540.0,Met
178,2023-01-31,13844.88,1580.0,Met
178,2023-02-28,13636.34,0.0,Missed
178,2023-03-31,15094.49,1580.0,Met
178,2023-04-30,16512.08,1580.0,Met
178,2023-05-31,17988.98,1580.0,Met
178,2023-06-30,19239.61,1580.0,Met
178,2023-07-31,20560.12,1580.0,Met
178,2023-08-31,22133.44,1580.0,Met
178,2023-09-30,23383.12,1580.0,Met
178,2023-10-31,24765.66,1580.0,Met
178,2023-11-30,26128.5,1580.0,Met
178,2023-12-31,27188.81,1101.27,Below-Target
178,2024-01-31,27623.27,722.02,Below-Target
178,2024-02-29,27550.68,0.0,Missed
178,2024-03-31,28941.61,1580.0,Met
178,2024-04-30,30237.81,1580.0,Met
178,2024-05-31,31349.07,1580.0,Met
178,2024-06-30,32174.06,858.74,Below-Target
178,2024-07-31,33575.05,1580.0,Met
178,2024-08-31,35142.33,1580.0,Met
178,2024-09-30,36311.99,1580.0,Met
178,2024-10-31,37647.43,1580.0,Met
178,2024-11-30,39068.79,1580.0,Met
178,2024-12-31,40460.23,1580.0,Met
178,2025-01-31,41663.45,1580.0,Met
178,2025-02-28,42845.61,1580.0,Met
178,2025-03-31,44246.44,1580.0,Met
178,2025-04-30,43786.94,0.0,Missed
178,2025-05-31,45192.66,1580.0,Met
178,2025-06-30,46551.68,1580.0,Met
178,2025-07-31,47706.23,1580.0,Met
178,2025-08-31,48150.96,917.17,Below-Target
178,2025-09-30,49406.41,1580.0,Met
178,2025-10-31,50809.57,1580.0,Met
178,2025-11-30,52350.13,1580.0,Met
178,2025-12-31,53921.6,1580.0,Met
178,2026-01-31,55461.03,1580.0,Met
178,2026-02-28,56718.28,1580.0,Met
178,2026-03-31,58050.71,1580.0,Met
178,2026-04-30,59297.75,1580.0,Met
178,2026-05-31,60549.68,1580.0,Met
178,2026-06-30,61804.92,1580.0,Met
178,2026-07-31,62959.07,1580.0,Met
178,2026-08-31,64520.39,1580.0,Met
179,2023-07-31,9434.45,1900.0,Met
179,2023-08-31,11171.87,1900.0,Met
179,2023-09-30,12943.66,1900.0,Met
179,2023-10-31,12613.64,0.0,Missed
179,2023-11-30,14173.29,1900.0,Met
179,2023-12-31,15986.84,1900.0,Met
179,2024-01-31,16376.79,771.67,Below-Target
179,2024-02-29,18238.39,1900.0,Met
179,2024-03-31,19666.04,1900.0,Met
179,2024-04-30,19827.4,428.68,Below-Target
179,2024-05-31,21444.47,1900.0,Met
179,2024-06-30,23328.47,1900.0,Met
179,2024-07-31,25016.3,1900.0,Met
179,2024-08-31,26537.18,1900.0,Met
179,2024-09-30,28344.0,1900.0,Met
179,2024-10-31,29886.77,1900.0,Met
179,2024-11-30,31434.64,1900.0,Met
179,2024-12-31,33327.83,1900.0,Met
179,2025-01-31,34874.37,1900.0,Met
179,2025-02-28,35244.73,726.25,Below-Target
179,2025-03-31,36991.38,1900.0,Met
179,2025-04-30,38496.47,1900.0,Met
179,2025-05-31,39862.34,1900.0,Met
179,2025-06-30,41267.49,1900.0,Met
179,2025-07-31,42828.34,1900.0,Met
179,2025-08-31,44471.1,1900.0,Met
179,2025-09-30,45897.19,1900.0,Met
179,2025-10-31,47710.92,1900.0,Met
179,2025-11-30,49223.06,1900.0,Met
179,2025-12-31,50976.05,1900.0,Met
179,2026-01-31,52844.04,1900.0,Met
179,2026-02-28,54582.04,1900.0,Met
179,2026-03-31,56072.32,1900.0,Met
179,2026-04-30,57949.89,1900.0,Met
179,2026-05-31,59462.33,1900.0,Met
179,2026-06-30,60849.07,1900.0,Met
179,2026-07-31,60713.21,0.0,Missed
179,2026-08-31,61589.95,1314.13,Below-Target
180,2023-01-31,14666.83,1810.0,Met
180,2023-02-28,16165.46,1810.0,Met
180,2023-03-31,17645.36,1810.0,Met
180,2023-04-30,19392.8,1810.0,Met
180,2023-05-31,20998.24,1810.0,Met
180,2023-06-30,21944.28,1119.92,Below-Target
180,2023-07-31,23706.28,1810.0,Met
180,2023-08-31,25352.74,1810.0,Met
180,2023-09-30,26728.37,1810.0,Met
180,2023-10-31,28204.22,1810.0,Met
180,2023-11-30,29737.76,1810.0,Met
180,2023-12-31,31228.35,1810.0,Met
180,2024-01-31,33006.69,1810.0,Met
180,2024-02-29,32573.94,0.0,Missed
180,2024-03-31,34291.13,1810.0,Met
180,2024-04-30,35735.23,1810.0,Met
180,2024-05-31,37401.05,1810.0,Met
180,2024-06-30,38875.91,1810.0,Met
180,2024-07-31,40572.37,1810.0,Met
180,2024-08-31,41967.06,1810.0,Met
180,2024-09-30,43248.17,1810.0,Met
180,2024-10-31,44998.83,1810.0,Met
180,2024-11-30,44919.96,443.93,Below-Target
180,2024-12-31,45316.05,830.86,Below-Target
180,2025-01-31,46412.9,1232.75,Below-Target
180,2025-02-28,47735.79,1810.0,Met
180,2025-03-31,49182.9,1810.0,Met
180,2025-04-30,50669.03,1810.0,Met
180,2025-05-31,52437.56,1810.0,Met
180,2025-06-30,53934.32,1810.0,Met
180,2025-07-31,55382.68,1810.0,Met
180,2025-08-31,56834.8,1810.0,Met
180,2025-09-30,58536.98,1810.0,Met
180,2025-10-31,59838.19,1810.0,Met
180,2025-11-30,61171.66,1810.0,Met
180,2025-12-31,62896.85,1810.0,Met
180,2026-01-31,64479.56,1810.0,Met
180,2026-02-28,65954.96,1810.0,Met
180,2026-03-31,66843.8,961.74,Below-Target
180,2026-04-30,68473.59,1810.0,Met
180,2026-05-31,70194.56,1810.0,Met
180,2026-06-30,71532.29,1810.0,Met
180,2026-07-31,72430.55,1195.86,Below-Target
180,2026-08-31,73909.45,1810.0,Met
181,2023-01-31,15423.49,1089.95,Below-Target
181,2023-02-28,16902.88,1810.0,Met
181,2023-03-31,18470.24,1810.0,Met
181,2023-04-30,20120.22,1810.0,Met
181,2023-05-31,21422.26,1810.0,Met
181,2023-06-30,21160.65,0.0,Missed
181,2023-07-31,22833.78,1810.0,Met
181,2023-08-31,24212.42,1810.0,Met
181,2023-09-30,25880.02,1810.0,Met
181,2023-10-31,27590.56,1810.0,Met
181,2023-11-30,29374.81,1810.0,Met
181,2023-12-31,30750.08,1810.0,Met
181,2024-01-31,32072.98,1810.0,Met
181,2024-02-29,33413.68,1810.0,Met
181,2024-03-31,34063.11,922.8,Below-Target
181,2024-04-30,35626.05,1810.0,Met
181,2024-05-31,35341.12,0.0,Missed
181,2024-06-30,35850.97,661.23,Below-Target
181,2024-07-31,37181.24,1810.0,Met
181,2024-08-31,38466.44,1810.0,Met
181,2024-09-30,40274.12,1810.0,Met
181,2024-10-31,41400.38,1200.21,Below-Target
181,2024-11-30,42125.19,1258.97,Below-Target
181,2024-12-31,43451.64,1810.0,Met
181,2025-01-31,45083.38,332.45,Below-Target
181,2025-02-28,46794.56,1810.0,Met
181,2025-03-31,48244.29,1810.0,Met
181,2025-04-30,49675.12,1810.0,Met
181,2025-05-31,51280.48,1810.0,Met
181,2025-06-30,52763.15,1810.0,Met
181,2025-07-31,54116.87,1810.0,Met
181,2025-08-31,54529.02,839.83,Below-Target
181,2025-09-30,56207.4,1810.0,Met
181,2025-10-31,57654.09,1810.0,Met
181,2025-11-30,58963.92,1810.0,Met
181,2025-12-31,60578.36,1810.0,Met
181,2026-01-31,62170.04,1810.0,Met
181,2026-02-28,63599.27,431.44,Missed
181,2026-03-31,64922.6,176.25,Below-Target
181,2026-04-30,64482.02,0.0,Missed
181,2026-05-31,66064.57,1810.0,Met
181,2026-06-30,67593.05,1810.0,Met
181,2026-07-31,68775.45,1237.86,Below-Target
181,2026-08-31,70201.79,1810.0,Met
182,2023-01-31,8364.81,548.29,Below-Target
182,2023-02-28,9437.38,1162.99,Below-Target
182,2023-03-31,9950.63,898.24,Below-Target
182,2023-04-30,11385.2,1710.0,Met
182,2023-05-31,13012.12,1710.0,Met
182,2023-06-30,14274.68,1710.0,Met
182,2023-07-31,15888.21,1710.0,Met
182,2023-08-31,17184.48,1710.0,Met
182,2023-09-30,18855.24,1710.0,Met
182,2023-10-31,20557.89,1710.0,Met
182,2023-11-30,22172.47,1710.0,Met
182,2023-12-31,22566.47,803.35,Below-Target
182,2024-01-31,23100.7,559.85,Below-Target
182,2024-02-29,23297.06,762.86,Missed
182,2024-03-31,24801.17,1710.0,Met
182,2024-04-30,26289.04,1710.0,Met
182,2024-05-31,27846.96,1710.0,Met
182,2024-06-30,29542.23,1710.0,Met
182,2024-07-31,30969.58,1710.0,Met
182,2024-08-31,32505.88,1710.0,Met
182,2024-09-30,34127.97,1710.0,Met
182,2024-10-31,35476.36,1710.0,Met
182,2024-11-30,36886.77,1710.0,Met
182,2024-12-31,37010.51,612.26,Below-Target
182,2025-01-31,38418.18,1710.0,Met
182,2025-02-28,39858.36,1710.0,Met
182,2025-03-31,41292.95,1710.0,Met
182,2025-04-30,42053.14,1191.47,Below-Target
182,2025-05-31,41822.8,0.0,Missed
182,2025-06-30,43453.74,1710.0,Met
182,2025-07-31,44820.11,1710.0,Met
182,2025-08-31,44988.91,485.27,Below-Target
182,2025-09-30,46234.83,1710.0,Met
182,2025-10-31,47568.5,1710.0,Met
182,2025-11-30,48007.97,521.21,Below-Target
182,2025-12-31,49272.96,1710.0,Met
182,2026-01-31,49559.26,789.13,Below-Target
182,2026-02-28,51042.25,1710.0,Met
182,2026-03-31,51595.44,752.85,Below-Target
182,2026-04-30,53027.61,1710.0,Met
182,2026-05-31,54564.25,1710.0,Met
182,2026-06-30,56002.78,1710.0,Met
182,2026-07-31,57209.24,1710.0,Met
182,2026-08-31,58842.52,1710.0,Met
183,2023-10-31,9149.56,683.31,Below-Target
183,2023-11-30,10291.07,1610.0,Met
183,2023-12-31,10287.57,0.0,Missed
183,2024-01-31,11638.23,1610.0,Met
183,2024-02-29,11868.45,536.1,Below-Target
183,2024-03-31,13114.08,1610.0,Met
183,2024-04-30,12806.6,0.0,Missed
183,2024-05-31,14299.37,378.82,Below-Target
183,2024-06-30,14300.22,461.65,Below-Target
183,2024-07-31,15521.78,1610.0,Met
183,2024-08-31,15901.26,724.26,Below-Target
183,2024-09-30,17388.24,1610.0,Met
183,2024-10-31,18741.89,1610.0,Met
183,2024-11-30,20124.97,1610.0,Met
183,2024-12-31,21674.2,1610.0,Met
183,2025-01-31,22924.14,1610.0,Met
183,2025-02-28,24473.01,1610.0,Met
183,2025-03-31,25688.97,1610.0,Met
183,2025-04-30,26853.27,1610.0,Met
183,2025-05-31,28120.73,1610.0,Met
183,2025-06-30,29710.56,1610.0,Met
183,2025-07-31,31246.95,1610.0,Met
183,2025-08-31,32716.71,1610.0,Met
183,2025-09-30,34035.16,1610.0,Met
183,2025-10-31,35314.82,1610.0,Met
183,2025-11-30,34930.47,0.0,Missed
183,2025-12-31,35730.25,1113.37,Below-Target
183,2026-01-31,37290.02,1610.0,Met
183,2026-02-28,38630.55,1610.0,Met
183,2026-03-31,38627.27,377.67,Below-Target
183,2026-04-30,39858.43,1610.0,Met
183,2026-05-31,41048.49,1610.0,Met
183,2026-06-30,42403.64,1610.0,Met
183,2026-07-31,43353.97,1116.13,Below-Target
183,2026-08-31,44820.51,1610.0,Met
184,2023-01-31,15863.15,1820.0,Met
184,2023-02-28,17316.71,1820.0,Met
184,2023-03-31,19012.08,1820.0,Met
184,2023-04-30,20734.72,1820.0,Met
184,2023-05-31,21887.71,1242.01,Below-Target
184,2023-06-30,23527.37,1820.0,Met
184,2023-07-31,24846.13,1820.0,Met
184,2023-08-31,26660.36,1820.0,Met
184,2023-09-30,27704.75,1174.96,Below-Target
184,2023-10-31,29011.5,1820.0,Met
184,2023-11-30,30507.82,1820.0,Met
184,2023-12-31,31514.13,1236.59,Below-Target
184,2024-01-31,33108.86,1820.0,Met
184,2024-02-29,34604.19,1820.0,Met
184,2024-03-31,36377.7,1820.0,Met
184,2024-04-30,36315.39,406.95,Below-Target
184,2024-05-31,37856.03,1820.0,Met
184,2024-06-30,39544.27,1820.0,Met
184,2024-07-31,39888.72,817.91,Below-Target
184,2024-08-31,41411.53,1820.0,Met
184,2024-09-30,42999.86,1820.0,Met
184,2024-10-31,44644.88,1820.0,Met
184,2024-11-30,45672.85,1069.31,Below-Target
184,2024-12-31,47483.62,1820.0,Met
184,2025-01-31,48856.66,571.68,Below-Target
184,2025-02-28,50523.67,769.76,Below-Target
184,2025-03-31,52165.63,1820.0,Met
184,2025-04-30,53915.03,1820.0,Met
184,2025-05-31,55466.94,1820.0,Met
184,2025-06-30,57035.34,1820.0,Met
184,2025-07-31,56529.74,0.0,Missed
184,2025-08-31,58114.14,1820.0,Met
184,2025-09-30,59681.52,1820.0,Met
184,2025-10-31,60491.69,971.69,Below-Target
184,2025-11-30,60305.71,0.0,Missed
184,2025-12-31,61814.47,1820.0,Met
184,2026-01-31,61800.59,0.0,Missed
184,2026-02-28,63131.07,1820.0,Met
184,2026-03-31,64607.53,1820.0,Met
184,2026-04-30,66039.83,1820.0,Met
184,2026-05-31,67797.19,1820.0,Met
184,2026-06-30,69139.26,1820.0,Met
184,2026-07-31,68982.98,0.0,Missed
184,2026-08-31,70680.54,1820.0,Met
185,2025-01-31,8079.43,1760.0,Met
185,2025-02-28,9489.47,1760.0,Met
185,2025-03-31,10822.32,1760.0,Met
185,2025-04-30,12343.07,1760.0,Met
185,2025-05-31,13823.44,1760.0,Met
185,2025-06-30,13736.83,0.0,Missed
185,2025-07-31,15288.61,1760.0,Met
185,2025-08-31,16587.31,1760.0,Met
185,2025-09-30,17972.55,1760.0,Met
185,2025-10-31,19293.13,1760.0,Met
185,2025-11-30,20897.16,1760.0,Met
185,2025-12-31,22578.52,1760.0,Met
185,2026-01-31,24317.21,1760.0,Met
185,2026-02-28,26005.66,1760.0,Met
185,2026-03-31,27361.72,1760.0,Met
185,2026-04-30,28107.78,759.64,Below-Target
185,2026-05-31,29579.0,1760.0,Met
185,2026-06-30,31309.07,1760.0,Met
185,2026-07-31,31526.81,670.89,Below-Target
185,2026-08-31,32791.97,1760.0,Met
186,2024-08-31,13559.59,1470.0,Met
186,2024-09-30,13555.35,0.0,Missed
186,2024-10-31,14768.36,1470.0,Met
186,2024-11-30,14575.86,0.0,Missed
186,2024-12-31,15677.41,1470.0,Met
186,2025-01-31,16893.45,1470.0,Met
186,2025-02-28,18011.88,1470.0,Met
186,2025-03-31,19238.59,1470.0,Met
186,2025-04-30,20391.76,1470.0,Met
186,2025-05-31,21705.83,1470.0,Met
186,2025-06-30,22918.73,1470.0,Met
186,2025-07-31,24376.86,1470.0,Met
186,2025-08-31,24619.85,645.66,Below-Target
186,2025-09-30,25736.84,1470.0,Met
186,2025-10-31,26808.07,1470.0,Met
186,2025-11-30,28098.74,41.74,Missed
186,2025-12-31,29171.82,694.37,Below-Target
186,2026-01-31,30215.58,1470.0,Met
186,2026-02-28,31332.82,1470.0,Met
186,2026-03-31,32480.95,1470.0,Met
186,2026-04-30,33597.69,1470.0,Met
186,2026-05-31,34859.1,1470.0,Met
186,2026-06-30,36064.14,1470.0,Met
186,2026-07-31,37343.45,1470.0,Met
186,2026-08-31,38609.85,1470.0,Met
187,2023-01-31,10310.46,1410.0,Met
187,2023-02-28,11666.14,1410.0,Met
187,2023-03-31,13012.38,1410.0,Met
187,2023-04-30,14160.44,1410.0,Met
187,2023-05-31,14728.85,780.96,Below-Target
187,2023-06-30,14712.17,0.0,Missed
187,2023-07-31,15758.69,1410.0,Met
187,2023-08-31,17099.84,1410.0,Met
187,2023-09-30,18255.05,1410.0,Met
187,2023-10-31,19392.33,1410.0,Met
187,2023-11-30,20557.67,1410.0,Met
187,2023-12-31,21839.92,1410.0,Met
187,2024-01-31,23170.29,1410.0,Met
187,2024-02-29,23284.69,357.92,Below-Target
187,2024-03-31,24477.63,1410.0,Met
187,2024-04-30,25795.86,1410.0,Met
187,2024-05-31,26797.99,1410.0,Met
187,2024-06-30,27913.5,1410.0,Met
187,2024-07-31,28917.8,275.26,Missed
187,2024-08-31,30145.47,1410.0,Met
187,2024-09-30,30685.78,563.08,Below-Target
187,2024-10-31,31704.18,1410.0,Met
187,2024-11-30,32299.02,980.31,Below-Target
187,2024-12-31,33345.98,1410.0,Met
187,2025-01-31,34524.24,1410.0,Met
187,2025-02-28,35672.66,1410.0,Met
187,2025-03-31,36311.18,841.19,Below-Target
187,2025-04-30,37377.22,1410.0,Met
187,2025-05-31,38686.05,1410.0,Met
187,2025-06-30,40028.84,1410.0,Met
187,2025-07-31,41021.72,1410.0,Met
187,2025-08-31,42093.74,1410.0,Met
187,2025-09-30,43321.91,1410.0,Met
187,2025-10-31,43289.5,0.0,Missed
187,2025-11-30,43740.87,616.7,Below-Target
187,2025-12-31,44848.19,1410.0,Met
187,2026-01-31,45940.46,1410.0,Met
187,2026-02-28,47051.19,1410.0,Met
187,2026-03-31,48396.88,1410.0,Met
187,2026-04-30,49647.27,1410.0,Met
187,2026-05-31,51007.49,1410.0,Met
187,2026-06-30,52334.65,1410.0,Met
187,2026-07-31,53472.88,1410.0,Met
187,2026-08-31,54843.62,1410.0,Met
188,2023-01-31,15779.76,1610.0,Met
188,2023-02-28,17017.59,1610.0,Met
188,2023-03-31,18415.32,1610.0,Met
188,2023-04-30,18671.47,346.94,Below-Target
188,2023-05-31,19070.93,814.7,Below-Target
188,2023-06-30,20475.88,1610.0,Met
188,2023-07-31,20649.35,340.28,Below-Target
188,2023-08-31,22064.9,1610.0,Met
188,2023-09-30,23270.49,1610.0,Met
188,2023-10-31,24548.95,1610.0,Met
188,2023-11-30,25813.26,1610.0,Met
188,2023-12-31,25693.56,0.0,Missed
188,2024-01-31,27274.93,1610.0,Met
188,2024-02-29,28526.45,1610.0,Met
188,2024-03-31,29740.97,1610.0,Met
188,2024-04-30,31070.83,1610.0,Met
188,2024-05-31,31128.89,374.89,Below-Target
188,2024-06-30,32643.3,1610.0,Met
188,2024-07-31,34109.25,1610.0,Met
188,2024-08-31,34878.31,965.26,Below-Target
188,2024-09-30,35685.26,948.54,Below-Target
188,2024-10-31,36189.22,758.08,Below-Target
188,2024-11-30,37376.46,1610.0,Met
188,2024-12-31,38760.36,1610.0,Met
188,2025-01-31,40367.85,1610.0,Met
188,2025-02-28,41887.77,1610.0,Met
188,2025-03-31,43068.22,1610.0,Met
188,2025-04-30,43996.9,996.97,Below-Target
188,2025-05-31,45150.2,1610.0,Met
188,2025-06-30,46588.22,1610.0,Met
188,2025-07-31,46533.85,0.0,Missed
188,2025-08-31,48088.63,1610.0,Met
188,2025-09-30,49495.37,1610.0,Met
188,2025-10-31,51001.64,1610.0,Met
188,2025-11-30,52195.33,1610.0,Met
188,2025-12-31,53691.72,1610.0,Met
188,2026-01-31,55030.86,1610.0,Met
188,2026-02-28,56297.72,1610.0,Met
188,2026-03-31,57483.63,1610.0,Met
188,2026-04-30,57500.37,476.97,Below-Target
188,2026-05-31,59094.65,1610.0,Met
188,2026-06-30,60506.04,1610.0,Met
188,2026-07-31,61865.42,1610.0,Met
188,2026-08-31,63041.4,1610.0,Met
189,2023-01-31,6916.34,1590.0,Met
189,2023-02-28,8459.47,1590.0,Met
189,2023-03-31,9683.74,1590.0,Met
189,2023-04-30,11082.79,1590.0,Met
189,2023-05-31,12513.99,1590.0,Met
189,2023-06-30,13059.85,775.19,Below-Target
189,2023-07-31,14525.76,1590.0,Met
189,2023-08-31,16113.44,1590.0,Met
189,2023-09-30,17346.03,1590.0,Met
189,2023-10-31,18554.79,1590.0,Met
189,2023-11-30,20059.76,1590.0,Met
189,2023-12-31,21501.12,1590.0,Met
189,2024-01-31,22910.22,1590.0,Met
189,2024-02-29,24302.71,1590.0,Met
189,2024-03-31,25844.07,1590.0,Met
189,2024-04-30,27419.26,1590.0,Met
189,2024-05-31,28830.36,1590.0,Met
189,2024-06-30,30130.55,1590.0,Met
189,2024-07-31,31363.59,1590.0,Met
189,2024-08-31,32790.6,1590.0,Met
189,2024-09-30,34251.99,1590.0,Met
189,2024-10-31,33818.03,0.0,Missed
189,2024-11-30,35218.07,1590.0,Met
189,2024-12-31,35036.92,0.0,Missed
189,2025-01-31,36185.74,1590.0,Met
189,2025-02-28,36802.63,1089.91,Below-Target
189,2025-03-31,38349.94,1590.0,Met
189,2025-04-30,39926.92,1590.0,Met
189,2025-05-31,41135.66,1590.0,Met
189,2025-06-30,42398.44,1590.0,Met
189,2025-07-31,43827.23,1590.0,Met
189,2025-08-31,45095.46,1590.0,Met
189,2025-09-30,46671.79,1590.0,Met
189,2025-10-31,48258.48,1590.0,Met
189,2025-11-30,49561.82,1590.0,Met
189,2025-12-31,50684.64,1590.0,Met
189,2026-01-31,51904.76,1590.0,Met
189,2026-02-28,51442.7,0.0,Missed
189,2026-03-31,52752.68,1590.0,Met
189,2026-04-30,53287.48,864.16,Below-Target
189,2026-05-31,54530.81,1590.0,Met
189,2026-06-30,55766.04,1590.0,Met
189,2026-07-31,57169.73,1590.0,Met
189,2026-08-31,58504.5,1590.0,Met
190,2023-01-31,11599.69,1221.49,Below-Target
190,2023-02-28,13173.45,1820.0,Met
190,2023-03-31,12853.78,0.0,Missed
190,2023-04-30,14247.41,1820.0,Met
190,2023-05-31,16020.98,1820.0,Met
190,2023-06-30,17345.82,1820.0,Met
190,2023-07-31,19103.85,1820.0,Met
190,2023-08-31,20485.12,1820.0,Met
190,2023-09-30,21837.67,1820.0,Met
190,2023-10-31,23140.5,1820.0,Met
190,2023-11-30,24514.83,1820.0,Met
190,2023-12-31,26027.99,1820.0,Met
190,2024-01-31,27440.94,1820.0,Met
190,2024-02-29,29007.92,1820.0,Met
190,2024-03-31,30598.62,1820.0,Met
190,2024-04-30,31911.96,1820.0,Met
190,2024-05-31,33371.18,1820.0,Met
190,2024-06-30,34803.62,1820.0,Met
190,2024-07-31,36524.66,1820.0,Met
190,2024-08-31,36385.38,0.0,Missed
190,2024-09-30,37993.97,1820.0,Met
190,2024-10-31,39653.62,1820.0,Met
190,2024-11-30,40499.95,1256.68,Below-Target
190,2024-12-31,41940.31,1820.0,Met
190,2025-01-31,41479.08,0.0,Missed
190,2025-02-28,43111.91,1820.0,Met
190,2025-03-31,44403.8,1820.0,Met
190,2025-04-30,45695.9,1820.0,Met
190,2025-05-31,46972.06,1820.0,Met
190,2025-06-30,47768.61,1150.55,Below-Target
190,2025-07-31,49440.7,1820.0,Met
190,2025-08-31,50899.1,1820.0,Met
190,2025-09-30,52308.91,1820.0,Met
190,2025-10-31,54001.02,1820.0,Met
190,2025-11-30,55375.42,1820.0,Met
190,2025-12-31,56894.68,1820.0,Met
190,2026-01-31,57146.65,748.53,Below-Target
190,2026-02-28,58701.07,1820.0,Met
190,2026-03-31,59999.34,1820.0,Met
190,2026-04-30,60168.64,412.25,Below-Target
190,2026-05-31,61461.23,1820.0,Met
190,2026-06-30,62908.26,1820.0,Met
190,2026-07-31,64380.86,1820.0,Met
190,2026-08-31,65979.71,1820.0,Met
191,2025-04-30,4583.57,1630.0,Met
191,2025-05-31,5725.02,1630.0,Met
191,2025-06-30,6238.97,787.52,Below-Target
191,2025-07-31,7418.6,1630.0,Met
191,2025-08-31,8742.72,1630.0,Met
191,2025-09-30,9368.28,1016.96,Below-Target
191,2025-10-31,10826.83,1630.0,Met
191,2025-11-30,11969.56,1630.0,Met
191,2025-12-31,13334.61,1630.0,Met
191,2026-01-31,14728.23,1630.0,Met
191,2026-02-28,15962.3,1630.0,Met
191,2026-03-31,17172.03,1630.0,Met
191,2026-04-30,18521.45,1630.0,Met
191,2026-05-31,19828.93,1630.0,Met
191,2026-06-30,21391.19,1630.0,Met
191,2026-07-31,21713.95,634.36,Below-Target
191,2026-08-31,21482.97,0.0,Missed
192,2023-01-31,14252.28,1790.0,Met
192,2023-02-28,15227.92,1010.41,Below-Target
192,2023-03-31,16487.41,1790.0,Met
192,2023-04-30,18257.26,1790.0,Met
192,2023-05-31,19173.6,1065.4,Below-Target
192,2023-06-30,20107.46,1195.73,Below-Target
192,2023-07-31,21835.17,1790.0,Met
192,2023-08-31,23584.32,1790.0,Met
192,2023-09-30,23968.01,588.73,Below-Target
192,2023-10-31,25238.28,1790.0,Met
192,2023-11-30,24778.47,0.0,Missed
192,2023-12-31,26161.29,1790.0,Met
192,2024-01-31,27521.56,1790.0,Met
192,2024-02-29,28899.44,1790.0,Met
192,2024-03-31,29180.2,796.08,Below-Target
192,2024-04-30,30610.13,1790.0,Met
192,2024-05-31,31325.0,1125.89,Below-Target
192,2024-06-30,31225.8,0.0,Missed
192,2024-07-31,32628.29,1790.0,Met
192,2024-08-31,34261.28,1790.0,Met
192,2024-09-30,35529.7,1790.0,Met
192,2024-10-31,37317.16,1790.0,Met
192,2024-11-30,38806.17,1790.0,Met
192,2024-12-31,40517.21,1790.0,Met
192,2025-01-31,42127.67,1790.0,Met
192,2025-02-28,43871.19,1790.0,Met
192,2025-03-31,45247.22,1790.0,Met
192,2025-04-30,46010.25,850.79,Below-Target
192,2025-05-31,47540.84,1790.0,Met
192,2025-06-30,47508.4,0.0,Missed
192,2025-07-31,49080.45,1790.0,Met
192,2025-08-31,50790.76,1790.0,Met
192,2025-09-30,52091.79,1790.0,Met
192,2025-10-31,52825.97,849.64,Below-Target
192,2025-11-30,54080.33,1790.0,Met
192,2025-12-31,55650.23,1790.0,Met
192,2026-01-31,56997.06,1790.0,Met
192,2026-02-28,58263.44,1790.0,Met
192,2026-03-31,60052.82,1790.0,Met
192,2026-04-30,61476.12,1790.0,Met
192,2026-05-31,63260.95,1790.0,Met
192,2026-06-30,64732.12,1790.0,Met
192,2026-07-31,64492.07,0.0,Missed
192,2026-08-31,66020.33,1790.0,Met
193,2023-01-31,13468.37,1620.0,Met
193,2023-02-28,14641.71,1620.0,Met
193,2023-03-31,16050.47,1620.0,Met
193,2023-04-30,17388.57,1620.0,Met
193,2023-05-31,18766.2,1620.0,Met
193,2023-06-30,19682.62,933.49,Below-Target
193,2023-07-31,19250.02,0.0,Missed
193,2023-08-31,20624.78,1620.0,Met
193,2023-09-30,21918.0,1620.0,Met
193,2023-10-31,23299.03,1620.0,Met
193,2023-11-30,24705.06,1620.0,Met
193,2023-12-31,25992.58,1620.0,Met
193,2024-01-31,27443.64,1620.0,Met
193,2024-02-29,28087.21,970.74,Below-Target
193,2024-03-31,29541.82,1620.0,Met
193,2024-04-30,31097.07,1620.0,Met
193,2024-05-31,32541.89,1620.0,Met
193,2024-06-30,33786.01,1620.0,Met
193,2024-07-31,35161.97,1620.0,Met
193,2024-08-31,36497.18,1620.0,Met
193,2024-09-30,37836.57,1620.0,Met
193,2024-10-31,39009.72,1620.0,Met
193,2024-11-30,40480.36,1620.0,Met
193,2024-12-31,41733.53,1620.0,Met
193,2025-01-31,43140.92,1620.0,Met
193,2025-02-28,44463.75,1620.0,Met
193,2025-03-31,44435.39,0.0,Missed
193,2025-04-30,45694.2,1620.0,Met
193,2025-05-31,46874.84,1620.0,Met
193,2025-06-30,48031.67,1620.0,Met
193,2025-07-31,49436.23,1620.0,Met
193,2025-08-31,50758.9,1620.0,Met
193,2025-09-30,52362.86,1620.0,Met
193,2025-10-31,51996.67,0.0,Missed
193,2025-11-30,52929.81,952.2,Below-Target
193,2025-12-31,54386.99,1620.0,Met
193,2026-01-31,55840.37,1620.0,Met
193,2026-02-28,57328.29,1620.0,Met
193,2026-03-31,58715.67,1620.0,Met
193,2026-04-30,60169.17,1620.0,Met
193,2026-05-31,61554.83,1620.0,Met
193,2026-06-30,62886.36,1620.0,Met
193,2026-07-31,64156.38,1620.0,Met
193,2026-08-31,65368.97,1620.0,Met
194,2023-01-31,6099.63,1780.0,Met
194,2023-02-28,7768.1,1780.0,Met
194,2023-03-31,9316.09,1780.0,Met
194,2023-04-30,10958.39,1780.0,Met
194,2023-05-31,12234.47,1780.0,Met
194,2023-06-30,13929.38,1780.0,Met
194,2023-07-31,14499.36,818.48,Below-Target
194,2023-08-31,15162.13,1097.28,Below-Target
194,2023-09-30,16847.76,1780.0,Met
194,2023-10-31,18318.18,1780.0,Met
194,2023-11-30,19973.72,1780.0,Met
194,2023-12-31,21501.92,1780.0,Met
194,2024-01-31,22908.67,1780.0,Met
194,2024-02-29,22900.79,362.15,Below-Target
194,2024-03-31,24331.03,1780.0,Met
194,2024-04-30,25632.5,1780.0,Met
194,2024-05-31,27174.46,1780.0,Met
194,2024-06-30,28852.42,1780.0,Met
194,2024-07-31,29317.34,531.02,Below-Target
194,2024-08-31,30623.56,1780.0,Met
194,2024-09-30,32118.74,1780.0,Met
194,2024-10-31,33559.85,1780.0,Met
194,2024-11-30,33491.56,0.0,Missed
194,2024-12-31,34795.85,1780.0,Met
194,2025-01-31,36569.1,1780.0,Met
194,2025-02-28,38114.2,1780.0,Met
194,2025-03-31,39466.49,1780.0,Met
194,2025-04-30,41048.01,1780.0,Met
194,2025-05-31,41752.02,959.0,Below-Target
194,2025-06-30,43180.26,1780.0,Met
194,2025-07-31,44483.05,1780.0,Met
194,2025-08-31,46056.84,1780.0,Met
194,2025-09-30,47459.83,1780.0,Met
194,2025-10-31,48851.13,1780.0,Met
194,2025-11-30,50579.94,1780.0,Met
194,2025-12-31,51987.89,1780.0,Met
194,2026-01-31,53520.34,1780.0,Met
194,2026-02-28,55068.01,1780.0,Met
194,2026-03-31,56737.87,1780.0,Met
194,2026-04-30,58077.9,1780.0,Met
194,2026-05-31,59340.07,1780.0,Met
194,2026-06-30,59111.16,0.0,Missed
194,2026-07-31,60561.82,1780.0,Met
194,2026-08-31,61828.35,1780.0,Met
195,2023-01-31,10394.11,1920.0,Met
195,2023-02-28,12186.84,1920.0,Met
195,2023-03-31,13582.58,1920.0,Met
195,2023-04-30,14974.8,1920.0,Met
195,2023-05-31,16398.0,1920.0,Met
195,2023-06-30,18271.75,1920.0,Met
195,2023-07-31,20054.65,1920.0,Met
195,2023-08-31,21681.0,1920.0,Met
195,2023-09-30,23126.22,1920.0,Met
195,2023-10-31,24847.24,1920.0,Met
195,2023-11-30,26720.76,1920.0,Met
195,2023-12-31,28623.56,1920.0,Met
195,2024-01-31,30315.39,1920.0,Met
195,2024-02-29,31710.36,1920.0,Met
195,2024-03-31,33397.2,1920.0,Met
195,2024-04-30,35295.99,1920.0,Met
195,2024-05-31,37087.45,1920.0,Met
195,2024-06-30,38766.94,1920.0,Met
195,2024-07-31,40515.38,1920.0,Met
195,2024-08-31,42044.54,1920.0,Met
195,2024-09-30,43882.56,1920.0,Met
195,2024-10-31,45385.44,1920.0,Met
195,2024-11-30,46884.55,1920.0,Met
195,2024-12-31,48611.62,1920.0,Met
195,2025-01-31,50038.27,1920.0,Met
195,2025-02-28,51870.31,1920.0,Met
195,2025-03-31,53464.31,1920.0,Met
195,2025-04-30,54861.56,1920.0,Met
195,2025-05-31,56662.96,1920.0,Met
195,2025-06-30,58344.13,1920.0,Met
195,2025-07-31,60116.0,1920.0,Met
195,2025-08-31,61692.43,1920.0,Met
195,2025-09-30,63291.98,1920.0,Met
195,2025-10-31,64758.16,1920.0,Met
195,2025-11-30,66469.48,1920.0,Met
195,2025-12-31,68013.4,1920.0,Met
195,2026-01-31,69662.72,1920.0,Met
195,2026-02-28,71457.61,1920.0,Met
195,2026-03-31,72952.33,1920.0,Met
195,2026-04-30,74490.91,1920.0,Met
195,2026-05-31,75866.64,1920.0,Met
195,2026-06-30,76399.0,748.96,Below-Target
195,2026-07-31,77758.57,1920.0,Met
195,2026-08-31,79453.63,1920.0,Met
196,2023-01-31,13569.67,1570.0,Met
196,2023-02-28,14693.6,1570.0,Met
196,2023-03-31,15831.16,1570.0,Met
196,2023-04-30,17135.38,1570.0,Met
196,2023-05-31,18674.62,1570.0,Met
196,2023-06-30,20242.22,1570.0,Met
196,2023-07-31,21753.89,1570.0,Met
196,2023-08-31,23181.48,1570.0,Met
196,2023-09-30,24564.81,1570.0,Met
196,2023-10-31,24554.02,0.0,Missed
196,2023-11-30,25664.25,1570.0,Met
196,2023-12-31,27039.56,1570.0,Met
196,2024-01-31,28253.74,1570.0,Met
196,2024-02-29,29561.1,1570.0,Met
196,2024-03-31,30805.71,1570.0,Met
196,2024-04-30,32133.57,1570.0,Met
196,2024-05-31,33406.79,1570.0,Met
196,2024-06-30,34748.66,1570.0,Met
196,2024-07-31,36291.21,1570.0,Met
196,2024-08-31,37545.22,1570.0,Met
196,2024-09-30,38881.77,1570.0,Met
196,2024-10-31,38983.83,543.72,Below-Target
196,2024-11-30,40242.1,1570.0,Met
196,2024-12-31,41548.7,1570.0,Met
196,2025-01-31,42953.82,1570.0,Met
196,2025-02-28,44407.52,1570.0,Met
196,2025-03-31,45772.48,1570.0,Met
196,2025-04-30,47201.11,1570.0,Met
196,2025-05-31,47813.08,936.33,Below-Target
196,2025-06-30,47558.95,0.0,Missed
196,2025-07-31,48713.44,1570.0,Met
196,2025-08-31,49913.06,1570.0,Met
196,2025-09-30,50246.59,569.58,Below-Target
196,2025-10-31,51506.12,1570.0,Met
196,2025-11-30,52913.73,1570.0,Met
196,2025-12-31,52653.21,0.0,Missed
196,2026-01-31,53846.95,1570.0,Met
196,2026-02-28,55205.3,1570.0,Met
196,2026-03-31,56526.3,1570.0,Met
196,2026-04-30,57859.64,1570.0,Met
196,2026-05-31,57730.85,0.0,Missed
196,2026-06-30,59133.76,1570.0,Met
196,2026-07-31,60513.82,1570.0,Met
196,2026-08-31,61982.87,1570.0,Met
197,2023-01-31,4161.91,1810.0,Met
197,2023-02-28,5947.43,1810.0,Met
197,2023-03-31,6443.1,945.66,Below-Target
197,2023-04-30,8039.55,1810.0,Met
197,2023-05-31,9502.15,1810.0,Met
197,2023-06-30,11191.45,1810.0,Met
197,2023-07-31,12875.37,1810.0,Met
197,2023-08-31,14465.07,1810.0,Met
197,2023-09-30,15733.84,1810.0,Met
197,2023-10-31,17488.39,1810.0,Met
197,2023-11-30,19280.91,1810.0,Met
197,2023-12-31,20845.54,1810.0,Met
197,2024-01-31,22359.12,1810.0,Met
197,2024-02-29,23697.91,1810.0,Met
197,2024-03-31,25350.04,1810.0,Met
197,2024-04-30,26668.78,1810.0,Met
197,2024-05-31,28446.96,1810.0,Met
197,2024-06-30,30116.02,1810.0,Met
197,2024-07-31,31692.36,1810.0,Met
197,2024-08-31,31762.51,472.89,Below-Target
197,2024-09-30,33528.49,1810.0,Met
197,2024-10-31,34897.31,1810.0,Met
197,2024-11-30,36297.58,1810.0,Met
197,2024-12-31,37664.41,1810.0,Met
197,2025-01-31,39304.45,1810.0,Met
197,2025-02-28,40686.21,1810.0,Met
197,2025-03-31,42110.16,1810.0,Met
197,2025-04-30,43573.47,1810.0,Met
197,2025-05-31,43547.87,402.2,Below-Target
197,2025-06-30,45187.45,1810.0,Met
197,2025-07-31,46880.78,1810.0,Met
197,2025-08-31,48231.89,1810.0,Met
197,2025-09-30,49653.58,1810.0,Met
197,2025-10-31,51409.05,1810.0,Met
197,2025-11-30,53048.66,1810.0,Met
197,2025-12-31,54442.49,1810.0,Met
197,2026-01-31,55934.23,1810.0,Met
197,2026-02-28,57482.55,1810.0,Met
197,2026-03-31,59286.27,1810.0,Met
197,2026-04-30,58806.11,0.0,Missed
197,2026-05-31,60151.54,1810.0,Met
197,2026-06-30,61496.65,1810.0,Met
197,2026-07-31,63012.36,1810.0,Met
197,2026-08-31,63671.27,867.84,Below-Target
198,2023-01-31,15478.42,1940.0,Met
198,2023-02-28,16969.86,1940.0,Met
198,2023-03-31,18378.29,1940.0,Met
198,2023-04-30,19896.91,1940.0,Met
198,2023-05-31,21629.58,1940.0,Met
198,2023-06-30,23514.35,1940.0,Met
198,2023-07-31,24982.6,1940.0,Met
198,2023-08-31,26382.1,1940.0,Met
198,2023-09-30,28067.17,1940.0,Met
198,2023-10-31,29544.51,1940.0,Met
198,2023-11-30,31203.39,1940.0,Met
198,2023-12-31,32769.74,1940.0,Met
198,2024-01-31,34623.83,1940.0,Met
198,2024-02-29,35260.54,1073.92,Below-Target
198,2024-03-31,35944.69,1212.12,Below-Target
198,2024-04-30,35451.46,0.0,Missed
198,2024-05-31,35441.41,0.0,Missed
198,2024-06-30,36161.05,1068.93,Below-Target
198,2024-07-31,37540.68,1940.0,Met
198,2024-08-31,39007.64,1940.0,Met
198,2024-09-30,40834.32,1940.0,Met
198,2024-10-31,42679.34,1940.0,Met
198,2024-11-30,44291.94,1940.0,Met
198,2024-12-31,45274.12,1136.52,Below-Target
198,2025-01-31,46664.9,1940.0,Met
198,2025-02-28,47123.0,851.66,Below-Target
198,2025-03-31,47756.66,845.05,Below-Target
198,2025-04-30,49472.38,1940.0,Met
198,2025-05-31,51264.04,1940.0,Met
198,2025-06-30,52971.57,1940.0,Met
198,2025-07-31,54377.21,1940.0,Met
198,2025-08-31,54699.84,563.87,Below-Target
198,2025-09-30,54623.42,0.0,Missed
198,2025-10-31,56429.82,1940.0,Met
198,2025-11-30,58143.81,1940.0,Met
198,2025-12-31,57928.12,0.0,Missed
198,2026-01-31,59683.04,1940.0,Met
198,2026-02-28,61525.25,1940.0,Met
198,2026-03-31,63214.05,1940.0,Met
198,2026-04-30,63615.97,449.57,Below-Target
198,2026-05-31,65131.19,1940.0,Met
198,2026-06-30,65754.42,1077.14,Below-Target
198,2026-07-31,66384.3,984.14,Below-Target
198,2026-08-31,68289.79,1940.0,Met
199,2023-01-31,7406.9,1530.0,Met
199,2023-02-28,8670.31,1530.0,Met
199,2023-03-31,8660.17,351.57,Below-Target
199,2023-04-30,9827.23,1530.0,Met
199,2023-05-31,11200.78,1530.0,Met
199,2023-06-30,12428.71,1530.0,Met
199,2023-07-31,13680.88,1530.0,Met
199,2023-08-31,14058.3,386.67,Below-Target
199,2023-09-30,15410.71,1530.0,Met
199,2023-10-31,16590.58,1530.0,Met
199,2023-11-30,16801.32,343.03,Below-Target
199,2023-12-31,18256.38,1530.0,Met
199,2024-01-31,19440.05,1530.0,Met
199,2024-02-29,20349.69,912.34,Below-Target
199,2024-03-31,21518.91,1530.0,Met
199,2024-04-30,22616.8,1530.0,Met
199,2024-05-31,23394.63,894.04,Below-Target
199,2024-06-30,24554.09,1530.0,Met
199,2024-07-31,25208.59,976.48,Below-Target
199,2024-08-31,26509.29,1530.0,Met
199,2024-09-30,28021.78,1530.0,Met
199,2024-10-31,29165.86,1530.0,Met
199,2024-11-30,30437.02,1530.0,Met
199,2024-12-31,31707.21,1530.0,Met
199,2025-01-31,32860.73,1530.0,Met
199,2025-02-28,34078.56,1530.0,Met
199,2025-03-31,34221.77,560.3,Below-Target
199,2025-04-30,35561.76,1530.0,Met
199,2025-05-31,36658.16,1530.0,Met
199,2025-06-30,38005.31,1530.0,Met
199,2025-07-31,39434.13,1530.0,Met
199,2025-08-31,40713.34,1530.0,Met
199,2025-09-30,41437.89,743.2,Below-Target
199,2025-10-31,42688.64,1530.0,Met
199,2025-11-30,44078.62,1530.0,Met
199,2025-12-31,45306.63,1530.0,Met
199,2026-01-31,46671.81,1530.0,Met
199,2026-02-28,47537.01,1068.56,Below-Target
199,2026-03-31,48921.88,1530.0,Met
199,2026-04-30,50102.54,1530.0,Met
199,2026-05-31,51424.09,1530.0,Met
199,2026-06-30,52676.48,1530.0,Met
199,2026-07-31,53509.77,922.91,Below-Target
199,2026-08-31,54609.16,1530.0,Met
200,2023-01-31,15837.49,1500.0,Met
200,2023-02-28,17281.93,1500.0,Met
200,2023-03-31,16979.4,0.0,Missed
200,2023-04-30,18245.96,1500.0,Met
200,2023-05-31,19739.51,1500.0,Met
200,2023-06-30,19306.64,0.0,Missed
200,2023-07-31,20532.7,1500.0,Met
200,2023-08-31,21858.06,1500.0,Met
200,2023-09-30,23182.46,1500.0,Met
200,2023-10-31,24358.84,1500.0,Met
200,2023-11-30,25855.29,1500.0,Met
200,2023-12-31,27086.75,1500.0,Met
200,2024-01-31,28223.19,1500.0,Met
200,2024-02-29,29476.41,1500.0,Met
200,2024-03-31,30221.05,1048.44,Below-Target
200,2024-04-30,31700.36,1500.0,Met
200,2024-05-31,33030.04,1500.0,Met
200,2024-06-30,33519.86,859.51,Below-Target
200,2024-07-31,34948.7,1500.0,Met
200,2024-08-31,35641.34,916.39,Below-Target
200,2024-09-30,37102.31,1500.0,Met
200,2024-10-31,37520.94,541.72,Below-Target
200,2024-11-30,37367.85,0.0,Missed
200,2024-12-31,38533.6,1500.0,Met
200,2025-01-31,38689.65,300.52,Below-Target
200,2025-02-28,39478.91,928.26,Below-Target
200,2025-03-31,40950.78,1500.0,Met
200,2025-04-30,42287.9,1500.0,Met
200,2025-05-31,42774.92,554.61,Below-Target
200,2025-06-30,43866.23,1500.0,Met
200,2025-07-31,44068.68,547.84,Below-Target
200,2025-08-31,45515.12,1500.0,Met
200,2025-09-30,46601.78,1500.0,Met
200,2025-10-31,47826.1,1500.0,Met
200,2025-11-30,47999.8,472.45,Below-Target
200,2025-12-31,49442.71,1500.0,Met
200,2026-01-31,50887.1,1500.0,Met
200,2026-02-28,51989.66,1500.0,Met
200,2026-03-31,52311.26,733.99,Below-Target
200,2026-04-30,52731.87,469.67,Below-Target
200,2026-05-31,53822.92,1500.0,Met
200,2026-06-30,55289.12,1500.0,Met
200,2026-07-31,55952.49,905.58,Below-Target
200,2026-08-31,57222.09,1500.0,Met
201,2023-01-31,6132.01,1012.79,Below-Target
201,2023-02-28,7318.93,1610.0,Met
201,2023-03-31,8560.86,1610.0,Met
201,2023-04-30,9748.78,1610.0,Met
201,2023-05-31,11287.01,1610.0,Met
201,2023-06-30,11696.39,665.8,Below-Target
201,2023-07-31,13201.57,1610.0,Met
201,2023-08-31,14538.26,1610.0,Met
201,2023-09-30,15788.02,1610.0,Met
201,2023-10-31,17345.35,1610.0,Met
201,2023-11-30,18934.76,1610.0,Met
201,2023-12-31,20359.84,1610.0,Met
201,2024-01-31,20615.5,452.91,Below-Target
201,2024-02-29,20364.67,0.0,Missed
201,2024-03-31,21585.6,1610.0,Met
201,2024-04-30,22867.51,1610.0,Met
201,2024-05-31,24248.82,1610.0,Met
201,2024-06-30,23873.87,0.0,Missed
201,2024-07-31,24692.26,1019.81,Below-Target
201,2024-08-31,26157.11,1610.0,Met
201,2024-09-30,27509.58,1610.0,Met
201,2024-10-31,28753.85,1610.0,Met
201,2024-11-30,30061.27,1610.0,Met
201,2024-12-31,31528.58,1610.0,Met
201,2025-01-31,32829.75,1610.0,Met
201,2025-02-28,34383.36,1610.0,Met
201,2025-03-31,35157.98,1102.85,Below-Target
201,2025-04-30,36500.62,1610.0,Met
201,2025-05-31,37634.91,1610.0,Met
201,2025-06-30,39068.36,1610.0,Met
201,2025-07-31,40423.69,1610.0,Met
201,2025-08-31,41805.85,1610.0,Met
201,2025-09-30,43289.31,1610.0,Met
201,2025-10-31,44689.13,1610.0,Met
201,2025-11-30,45324.46,892.42,Below-Target
201,2025-12-31,46466.01,1610.0,Met
201,2026-01-31,47734.64,1610.0,Met
201,2026-02-28,48067.08,681.63,Below-Target
201,2026-03-31,49374.83,1610.0,Met
201,2026-04-30,50949.93,1610.0,Met
201,2026-05-31,51004.96,495.19,Below-Target
201,2026-06-30,52323.14,1610.0,Met
201,2026-07-31,53557.78,1610.0,Met
201,2026-08-31,54976.45,1610.0,Met
202,2023-01-31,4530.87,1510.0,Met
202,2023-02-28,5633.86,1510.0,Met
202,2023-03-31,6785.83,1510.0,Met
202,2023-04-30,8294.11,1510.0,Met
202,2023-05-31,9797.21,1510.0,Met
202,2023-06-30,11181.56,1510.0,Met
202,2023-07-31,12627.08,1510.0,Met
202,2023-08-31,13866.41,1510.0,Met
202,2023-09-30,14225.57,568.16,Below-Target
202,2023-10-31,15642.82,1510.0,Met
202,2023-11-30,16792.37,1510.0,Met
202,2023-12-31,17111.88,375.0,Below-Target
202,2024-01-31,17214.23,473.22,Below-Target
202,2024-02-29,17686.7,895.05,Below-Target
202,2024-03-31,19000.94,1510.0,Met
202,2024-04-30,20498.03,1510.0,Met
202,2024-05-31,21987.32,1510.0,Met
202,2024-06-30,23210.49,1510.0,Met
202,2024-07-31,24583.9,1510.0,Met
202,2024-08-31,25928.87,1510.0,Met
202,2024-09-30,27121.31,1510.0,Met
202,2024-10-31,28306.54,1510.0,Met
202,2024-11-30,29484.19,1510.0,Met
202,2024-12-31,30952.37,1510.0,Met
202,2025-01-31,31616.41,688.36,Below-Target
202,2025-02-28,32704.95,1510.0,Met
202,2025-03-31,32834.8,389.28,Below-Target
202,2025-04-30,34069.83,1510.0,Met
202,2025-05-31,35381.82,1510.0,Met
202,2025-06-30,35850.18,690.8,Below-Target
202,2025-07-31,36967.21,1510.0,Met
202,2025-08-31,36871.78,0.0,Missed
202,2025-09-30,38305.96,1510.0,Met
202,2025-10-31,39543.22,1510.0,Met
202,2025-11-30,41034.67,1510.0,Met
202,2025-12-31,41143.01,312.4,Below-Target
202,2026-01-31,42208.82,1510.0,Met
202,2026-02-28,43320.91,1510.0,Met
202,2026-03-31,43658.26,698.65,Below-Target
202,2026-04-30,45027.99,1510.0,Met
202,2026-05-31,46149.09,1510.0,Met
202,2026-06-30,47451.14,1510.0,Met
202,2026-07-31,48786.74,1510.0,Met
202,2026-08-31,49670.14,1043.42,Below-Target
203,2023-01-31,3495.21,1540.0,Met
203,2023-02-28,3430.88,0.0,Missed
203,2023-03-31,4090.64,731.21,Below-Target
203,2023-04-30,4220.4,447.36,Below-Target
203,2023-05-31,5704.53,1540.0,Met
203,2023-06-30,5780.52,471.65,Below-Target
203,2023-07-31,6877.75,1540.0,Met
203,2023-08-31,8161.06,1540.0,Met
203,2023-09-30,9497.61,1540.0,Met
203,2023-10-31,10710.37,1540.0,Met
203,2023-11-30,12155.2,1540.0,Met
203,2023-12-31,12827.53,1005.86,Below-Target
203,2024-01-31,14096.69,1540.0,Met
203,2024-02-29,14537.57,746.84,Below-Target
203,2024-03-31,15891.71,1540.0,Met
203,2024-04-30,17248.25,1540.0,Met
203,2024-05-31,17517.72,726.17,Below-Target
203,2024-06-30,18964.22,1540.0,Met
203,2024-07-31,20381.96,1540.0,Met
203,2024-08-31,20141.23,0.0,Missed
203,2024-09-30,21414.07,1540.0,Met
203,2024-10-31,21371.76,0.0,Missed
203,2024-11-30,21067.85,0.0,Missed
203,2024-12-31,20699.02,0.0,Missed
203,2025-01-31,22167.86,1540.0,Met
203,2025-02-28,23653.18,1540.0,Met
203,2025-03-31,24322.12,885.01,Below-Target
203,2025-04-30,25643.21,1540.0,Met
203,2025-05-31,27041.41,1540.0,Met
203,2025-06-30,28148.07,1540.0,Met
203,2025-07-31,29571.45,1540.0,Met
203,2025-08-31,29634.03,381.03,Below-Target
203,2025-09-30,30906.35,1540.0,Met
203,2025-10-31,31403.73,876.35,Below-Target
203,2025-11-30,32615.83,1540.0,Met
203,2025-12-31,34036.63,1540.0,Met
203,2026-01-31,35462.63,1540.0,Met
203,2026-02-28,36911.46,1540.0,Met
203,2026-03-31,38098.93,1540.0,Met
203,2026-04-30,39218.7,1540.0,Met
203,2026-05-31,40492.5,1540.0,Met
203,2026-06-30,41847.82,1540.0,Met
203,2026-07-31,43160.34,1540.0,Met
203,2026-08-31,44437.94,1540.0,Met
204,2023-01-31,8276.5,1620.0,Met
204,2023-02-28,8614.5,573.96,Below-Target
204,2023-03-31,8579.03,0.0,Missed
204,2023-04-30,9822.66,1620.0,Met
204,2023-05-31,9811.25,0.0,Missed
204,2023-06-30,11166.66,1620.0,Met
204,2023-07-31,12576.54,1620.0,Met
204,2023-08-31,14133.23,1620.0,Met
204,2023-09-30,15458.26,1620.0,Met
204,2023-10-31,16840.12,1620.0,Met
204,2023-11-30,18283.55,1620.0,Met
204,2023-12-31,19857.88,1620.0,Met
204,2024-01-31,21181.52,1620.0,Met
204,2024-02-29,22546.03,1620.0,Met
204,2024-03-31,24028.46,1620.0,Met
204,2024-04-30,25447.89,1620.0,Met
204,2024-05-31,26767.31,1620.0,Met
204,2024-06-30,28260.2,1620.0,Met
204,2024-07-31,29874.0,1620.0,Met
204,2024-08-31,31141.1,1620.0,Met
204,2024-09-30,31093.84,0.0,Missed
204,2024-10-31,31606.47,953.64,Below-Target
204,2024-11-30,33002.78,1620.0,Met
204,2024-12-31,34471.21,1620.0,Met
204,2025-01-31,35702.05,1620.0,Met
204,2025-02-28,36857.57,1620.0,Met
204,2025-03-31,38037.38,1620.0,Met
204,2025-04-30,39335.9,1620.0,Met
204,2025-05-31,40735.16,1620.0,Met
204,2025-06-30,41043.86,632.52,Below-Target
204,2025-07-31,42575.65,1620.0,Met
204,2025-08-31,43867.32,1620.0,Met
204,2025-09-30,45098.05,1620.0,Met
204,2025-10-31,46495.43,1620.0,Met
204,2025-11-30,48006.7,1620.0,Met
204,2025-12-31,49449.88,1620.0,Met
204,2026-01-31,50794.02,1620.0,Met
204,2026-02-28,52337.12,1620.0,Met
204,2026-03-31,53780.67,1620.0,Met
204,2026-04-30,53730.34,0.0,Missed
204,2026-05-31,54401.39,846.94,Below-Target
204,2026-06-30,55721.01,1620.0,Met
204,2026-07-31,56915.06,1620.0,Met
204,2026-08-31,58477.45,1620.0,Met
205,2026-03-31,12436.77,1940.0,Met
205,2026-04-30,12986.82,840.55,Below-Target
205,2026-05-31,14820.38,760.26,Below-Target
205,2026-06-30,15134.09,104.71,Below-Target
205,2026-07-31,16778.45,1940.0,Met
205,2026-08-31,18397.29,1940.0,Met
206,2023-02-28,10179.15,1450.0,Met
206,2023-03-31,11613.95,1450.0,Met
206,2023-04-30,12914.74,1450.0,Met
206,2023-05-31,14277.54,1450.0,Met
206,2023-06-30,15562.89,1450.0,Met
206,2023-07-31,15187.92,0.0,Missed
206,2023-08-31,16276.61,1450.0,Met
206,2023-09-30,17634.16,1450.0,Met
206,2023-10-31,18999.53,1450.0,Met
206,2023-11-30,19103.63,488.51,Below-Target
206,2023-12-31,20387.16,1450.0,Met
206,2024-01-31,21665.07,1450.0,Met
206,2024-02-29,22930.5,1450.0,Met
206,2024-03-31,24000.09,1450.0,Met
206,2024-04-30,25098.4,1450.0,Met
206,2024-05-31,26228.52,1450.0,Met
206,2024-06-30,27393.24,1450.0,Met
206,2024-07-31,28573.97,1450.0,Met
206,2024-08-31,29748.61,1450.0,Met
206,2024-09-30,29424.72,0.0,Missed
206,2024-10-31,30508.47,1450.0,Met
206,2024-11-30,31854.67,1450.0,Met
206,2024-12-31,32426.7,947.67,Below-Target
206,2025-01-31,33564.85,1450.0,Met
206,2025-02-28,35004.62,1450.0,Met
206,2025-03-31,36262.05,1450.0,Met
206,2025-04-30,37430.41,1450.0,Met
206,2025-05-31,38761.7,1450.0,Met
206,2025-06-30,39258.47,670.06,Below-Target
206,2025-07-31,39901.16,755.22,Below-Target
206,2025-08-31,40012.94,461.84,Below-Target
206,2025-09-30,41221.96,1450.0,Met
206,2025-10-31,41862.59,850.32,Below-Target
206,2025-11-30,43212.73,1450.0,Met
206,2025-12-31,44345.44,1450.0,Met
206,2026-01-31,45620.17,1450.0,Met
206,2026-02-28,46756.27,1450.0,Met
206,2026-03-31,48029.19,1450.0,Met
206,2026-04-30,49054.62,1450.0,Met
206,2026-05-31,50201.59,1450.0,Met
206,2026-06-30,51311.94,1450.0,Met
206,2026-07-31,52562.45,1450.0,Met
206,2026-08-31,53663.17,1450.0,Met
207,2023-08-31,6802.94,1570.0,Met
207,2023-09-30,8289.72,1570.0,Met
207,2023-10-31,8168.41,0.0,Missed
207,2023-11-30,9689.73,1570.0,Met
207,2023-12-31,10845.49,1570.0,Met
207,2024-01-31,12172.21,1570.0,Met
207,2024-02-29,12567.14,668.79,Below-Target
207,2024-03-31,13717.55,1570.0,Met
207,2024-04-30,14093.29,680.81,Below-Target
207,2024-05-31,15200.09,1570.0,Met
207,2024-06-30,16345.81,1570.0,Met
207,2024-07-31,17128.44,899.27,Below-Target
207,2024-08-31,17763.96,1061.04,Below-Target
207,2024-09-30,18964.79,1570.0,Met
207,2024-10-31,20410.23,1570.0,Met
207,2024-11-30,21911.16,1570.0,Met
207,2024-12-31,23031.39,1570.0,Met
207,2025-01-31,24216.04,1570.0,Met
207,2025-02-28,25372.91,482.88,Missed
207,2025-03-31,26646.99,146.88,Missed
207,2025-04-30,27989.53,1570.0,Met
207,2025-05-31,29238.28,1570.0,Met
207,2025-06-30,30754.12,1570.0,Met
207,2025-07-31,32080.26,1570.0,Met
207,2025-08-31,33432.9,1570.0,Met
207,2025-09-30,34781.84,1570.0,Met
207,2025-10-31,35882.8,1570.0,Met
207,2025-11-30,36172.79,331.06,Below-Target
207,2025-12-31,37323.86,1570.0,Met
207,2026-01-31,38585.21,1570.0,Met
207,2026-02-28,39709.42,1570.0,Met
207,2026-03-31,41180.33,1570.0,Met
207,2026-04-30,42304.84,1570.0,Met
207,2026-05-31,42781.78,838.91,Below-Target
207,2026-06-30,44158.72,1570.0,Met
207,2026-07-31,45508.6,1570.0,Met
207,2026-08-31,46673.2,1570.0,Met
208,2023-01-31,9669.38,1810.0,Met
208,2023-02-28,11133.76,1810.0,Met
208,2023-03-31,11474.36,852.29,Below-Target
208,2023-04-30,12249.24,904.74,Below-Target
208,2023-05-31,13558.35,1810.0,Met
208,2023-06-30,14367.02,877.84,Below-Target
208,2023-07-31,16039.34,1810.0,Met
208,2023-08-31,17529.92,1810.0,Met
208,2023-09-30,17008.67,0.0,Missed
208,2023-10-31,18418.79,1810.0,Met
208,2023-11-30,19732.83,1810.0,Met
208,2023-12-31,21035.03,1810.0,Met
208,2024-01-31,22663.41,1810.0,Met
208,2024-02-29,24050.68,1810.0,Met
208,2024-03-31,25546.4,1810.0,Met
208,2024-04-30,27015.41,1810.0,Met
208,2024-05-31,28366.56,1810.0,Met
208,2024-06-30,29695.22,1810.0,Met
208,2024-07-31,31360.06,1810.0,Met
208,2024-08-31,32645.73,1810.0,Met
208,2024-09-30,34042.32,1810.0,Met
208,2024-10-31,35688.66,1810.0,Met
208,2024-11-30,37352.64,1810.0,Met
208,2024-12-31,36915.24,0.0,Missed
208,2025-01-31,38444.21,1810.0,Met
208,2025-02-28,40003.11,1810.0,Met
208,2025-03-31,41342.83,1810.0,Met
208,2025-04-30,42778.11,1810.0,Met
208,2025-05-31,44430.07,1810.0,Met
208,2025-06-30,46169.86,1810.0,Met
208,2025-07-31,47948.5,1810.0,Met
208,2025-08-31,49694.6,1810.0,Met
208,2025-09-30,51032.66,1810.0,Met
208,2025-10-31,52412.68,1810.0,Met
208,2025-11-30,53786.33,1810.0,Met
208,2025-12-31,55194.86,1810.0,Met
208,2026-01-31,56737.46,1810.0,Met
208,2026-02-28,58142.32,1810.0,Met
208,2026-03-31,59807.35,1810.0,Met
208,2026-04-30,61472.29,1810.0,Met
208,2026-05-31,62977.14,1810.0,Met
208,2026-06-30,64615.85,1810.0,Met
208,2026-07-31,66308.77,1810.0,Met
208,2026-08-31,68017.67,1810.0,Met
209,2023-01-31,11351.06,1660.0,Met
209,2023-02-28,12590.38,1660.0,Met
209,2023-03-31,12742.21,460.25,Below-Target
209,2023-04-30,14340.36,1660.0,Met
209,2023-05-31,15897.41,1660.0,Met
209,2023-06-30,16195.85,363.34,Below-Target
209,2023-07-31,16874.02,878.47,Below-Target
209,2023-08-31,18523.4,1660.0,Met
209,2023-09-30,19739.42,1660.0,Met
209,2023-10-31,19888.5,629.32,Below-Target
209,2023-11-30,21065.91,1660.0,Met
209,2023-12-31,21051.29,0.0,Missed
209,2024-01-31,22415.89,1660.0,Met
209,2024-02-29,23938.85,1660.0,Met
209,2024-03-31,25568.91,1660.0,Met
209,2024-04-30,26998.38,1660.0,Met
209,2024-05-31,27279.06,353.38,Below-Target
209,2024-06-30,26975.65,0.0,Missed
209,2024-07-31,28357.55,1660.0,Met
209,2024-08-31,28547.67,335.63,Below-Target
209,2024-09-30,29876.85,1660.0,Met
209,2024-10-31,31188.36,1660.0,Met
209,2024-11-30,32503.31,1660.0,Met
209,2024-12-31,33905.75,1660.0,Met
209,2025-01-31,35538.13,1660.0,Met
209,2025-02-28,37136.16,1660.0,Met
209,2025-03-31,38513.99,1660.0,Met
209,2025-04-30,38413.95,378.41,Below-Target
209,2025-05-31,39930.58,1660.0,Met
209,2025-06-30,41134.8,1660.0,Met
209,2025-07-31,42418.07,1660.0,Met
209,2025-08-31,43855.43,1660.0,Met
209,2025-09-30,45111.38,1660.0,Met
209,2025-10-31,45154.33,456.8,Below-Target
209,2025-11-30,46475.74,1660.0,Met
209,2025-12-31,47722.47,1660.0,Met
209,2026-01-31,49340.32,1660.0,Met
209,2026-02-28,50927.94,1660.0,Met
209,2026-03-31,52207.12,1660.0,Met
209,2026-04-30,52764.8,694.37,Below-Target
209,2026-05-31,54247.99,1660.0,Met
209,2026-06-30,53996.78,0.0,Missed
209,2026-07-31,55476.34,1660.0,Met
209,2026-08-31,56794.93,1660.0,Met
210,2024-09-30,13376.67,1640.0,Met
210,2024-10-31,14571.28,1640.0,Met
210,2024-11-30,16091.39,1640.0,Met
210,2024-12-31,16312.79,429.63,Below-Target
210,2025-01-31,17544.15,1640.0,Met
210,2025-02-28,19034.91,1640.0,Met
210,2025-03-31,20451.8,1640.0,Met
210,2025-04-30,21698.59,1640.0,Met
210,2025-05-31,22989.96,1640.0,Met
210,2025-06-30,24357.19,1640.0,Met
210,2025-07-31,25940.55,1640.0,Met
210,2025-08-31,27420.48,1640.0,Met
210,2025-09-30,28779.0,1640.0,Met
210,2025-10-31,30277.25,1640.0,Met
210,2025-11-30,31897.04,1640.0,Met
210,2025-12-31,31788.06,349.94,Below-Target
210,2026-01-31,32970.36,1640.0,Met
210,2026-02-28,34437.03,1640.0,Met
210,2026-03-31,35696.42,1640.0,Met
210,2026-04-30,36912.84,1640.0,Met
210,2026-05-31,38514.56,1640.0,Met
210,2026-06-30,39782.3,1640.0,Met
210,2026-07-31,41347.25,1640.0,Met
210,2026-08-31,42825.02,1640.0,Met
211,2023-01-31,8241.31,945.38,Below-Target
211,2023-02-28,9764.23,1840.0,Met
211,2023-03-31,11447.53,1840.0,Met
211,2023-04-30,13217.87,1840.0,Met
211,2023-05-31,14975.96,1840.0,Met
211,2023-06-30,16492.05,1840.0,Met
211,2023-07-31,18065.69,1840.0,Met
211,2023-08-31,19884.42,1840.0,Met
211,2023-09-30,21332.12,1840.0,Met
211,2023-10-31,22190.3,1189.29,Below-Target
211,2023-11-30,23570.97,1840.0,Met
211,2023-12-31,25004.03,1840.0,Met
211,2024-01-31,26697.67,1840.0,Met
211,2024-02-29,28044.95,1840.0,Met
211,2024-03-31,29811.77,1840.0,Met
211,2024-04-30,31463.58,1840.0,Met
211,2024-05-31,32836.89,1840.0,Met
211,2024-06-30,34494.79,1840.0,Met
211,2024-07-31,36145.17,1840.0,Met
211,2024-08-31,37892.02,1840.0,Met
211,2024-09-30,39485.41,1840.0,Met
211,2024-10-31,40888.65,1840.0,Met
211,2024-11-30,42660.24,1840.0,Met
211,2024-12-31,44071.99,1840.0,Met
211,2025-01-31,45830.56,1840.0,Met
211,2025-02-28,47471.59,1840.0,Met
211,2025-03-31,48791.65,1840.0,Met
211,2025-04-30,50108.11,1840.0,Met
211,2025-05-31,51836.63,1840.0,Met
211,2025-06-30,53176.3,1840.0,Met
211,2025-07-31,54989.02,1840.0,Met
211,2025-08-31,56298.89,1840.0,Met
211,2025-09-30,58006.05,1840.0,Met
211,2025-10-31,59649.73,1840.0,Met
211,2025-11-30,59159.7,0.0,Missed
211,2025-12-31,60759.5,1840.0,Met
211,2026-01-31,62531.59,1840.0,Met
211,2026-02-28,62003.71,0.0,Missed
211,2026-03-31,63731.36,1840.0,Met
211,2026-04-30,65059.22,1840.0,Met
211,2026-05-31,66363.48,1840.0,Met
211,2026-06-30,67974.53,1840.0,Met
211,2026-07-31,69361.68,1840.0,Met
211,2026-08-31,70782.92,1840.0,Met
212,2023-06-30,7109.0,1440.0,Met
212,2023-07-31,8368.69,1440.0,Met
212,2023-08-31,9681.81,1440.0,Met
212,2023-09-30,11083.45,1440.0,Met
212,2023-10-31,11619.85,777.95,Below-Target
212,2023-11-30,13019.46,1440.0,Met
212,2023-12-31,14262.13,1440.0,Met
212,2024-01-31,15533.23,1440.0,Met
212,2024-02-29,16953.26,1440.0,Met
212,2024-03-31,17627.26,778.79,Below-Target
212,2024-04-30,18773.51,1440.0,Met
212,2024-05-31,19964.78,1440.0,Met
212,2024-06-30,19741.15,394.04,Below-Target
212,2024-07-31,21029.84,1440.0,Met
212,2024-08-31,22046.69,1440.0,Met
212,2024-09-30,23326.07,1440.0,Met
212,2024-10-31,24681.01,1440.0,Met
212,2024-11-30,26074.34,1440.0,Met
212,2024-12-31,26417.17,412.71,Below-Target
212,2025-01-31,27842.92,1440.0,Met
212,2025-02-28,28986.58,1440.0,Met
212,2025-03-31,30120.89,1440.0,Met
212,2025-04-30,30505.06,600.07,Below-Target
212,2025-05-31,31552.09,1440.0,Met
212,2025-06-30,32607.84,1440.0,Met
212,2025-07-31,33772.97,1440.0,Met
212,2025-08-31,34805.32,1440.0,Met
212,2025-09-30,34778.2,0.0,Missed
212,2025-10-31,36126.94,1440.0,Met
212,2025-11-30,37155.42,1440.0,Met
212,2025-12-31,38552.51,1440.0,Met
212,2026-01-31,39658.61,1440.0,Met
212,2026-02-28,40991.27,1440.0,Met
212,2026-03-31,41565.86,922.09,Below-Target
212,2026-04-30,42770.99,1440.0,Met
212,2026-05-31,43908.87,1440.0,Met
212,2026-06-30,45268.37,1440.0,Met
212,2026-07-31,46520.47,1440.0,Met
212,2026-08-31,47896.15,1440.0,Met
213,2023-01-31,13706.17,1470.0,Met
213,2023-02-28,14890.29,1470.0,Met
213,2023-03-31,16058.55,1470.0,Met
213,2023-04-30,17310.3,1470.0,Met
213,2023-05-31,17707.98,592.75,Below-Target
213,2023-06-30,19033.66,1470.0,Met
213,2023-07-31,20198.02,1470.0,Met
213,2023-08-31,21304.29,1470.0,Met
213,2023-09-30,22505.55,1470.0,Met
213,2023-10-31,23804.37,1470.0,Met
213,2023-11-30,25235.42,9.75,Below-Target
213,2023-12-31,25358.88,402.22,Missed
213,2024-01-31,26479.09,1470.0,Met
213,2024-02-29,27801.37,1470.0,Met
213,2024-03-31,29127.15,1470.0,Met
213,2024-04-30,30419.26,1470.0,Met
213,2024-05-31,31802.83,1470.0,Met
213,2024-06-30,32857.61,1470.0,Met
213,2024-07-31,33978.23,1470.0,Met
213,2024-08-31,35443.33,1470.0,Met
213,2024-09-30,36664.01,1470.0,Met
213,2024-10-31,37796.35,1470.0,Met
213,2024-11-30,39094.15,1470.0,Met
213,2024-12-31,40207.9,1470.0,Met
213,2025-01-31,41282.16,1470.0,Met
213,2025-02-28,42515.0,1470.0,Met
213,2025-03-31,42884.07,717.76,Below-Target
213,2025-04-30,44013.57,1470.0,Met
213,2025-05-31,45095.04,1470.0,Met
213,2025-06-30,46395.82,1470.0,Met
213,2025-07-31,47783.91,1470.0,Met
213,2025-08-31,49047.65,1470.0,Met
213,2025-09-30,50205.86,1470.0,Met
213,2025-10-31,51652.38,1470.0,Met
213,2025-11-30,52808.26,1470.0,Met
213,2025-12-31,54095.83,1470.0,Met
213,2026-01-31,54473.05,813.53,Below-Target
213,2026-02-28,54254.41,0.0,Missed
213,2026-03-31,55315.06,1470.0,Met
213,2026-04-30,56640.47,1470.0,Met
213,2026-05-31,57757.63,264.54,Missed
213,2026-06-30,58350.16,790.7,Below-Target
213,2026-07-31,59458.78,1470.0,Met
213,2026-08-31,60109.62,1014.96,Below-Target
214,2023-01-31,9530.86,1940.0,Met
214,2023-02-28,11265.67,1940.0,Met
214,2023-03-31,12778.04,1940.0,Met
214,2023-04-30,13505.36,1006.09,Below-Target
214,2023-05-31,15073.38,1940.0,Met
214,2023-06-30,15153.99,644.05,Below-Target
214,2023-07-31,15681.43,548.64,Below-Target
214,2023-08-31,17472.81,1940.0,Met
214,2023-09-30,19300.55,1940.0,Met
214,2023-10-31,21093.19,1940.0,Met
214,2023-11-30,22863.34,1940.0,Met
214,2023-12-31,24404.67,1940.0,Met
214,2024-01-31,26199.14,1940.0,Met
214,2024-02-29,27635.44,1940.0,Met
214,2024-03-31,29430.2,1940.0,Met
214,2024-04-30,31035.88,1940.0,Met
214,2024-05-31,32668.77,1940.0,Met
214,2024-06-30,34226.16,1940.0,Met
214,2024-07-31,35928.21,1940.0,Met
214,2024-08-31,37731.19,1940.0,Met
214,2024-09-30,39175.2,1940.0,Met
214,2024-10-31,40798.93,1940.0,Met
214,2024-11-30,42163.4,1940.0,Met
214,2024-12-31,42946.4,1195.97,Below-Target
214,2025-01-31,44345.65,1940.0,Met
214,2025-02-28,44552.93,786.43,Below-Target
214,2025-03-31,46207.77,1940.0,Met
214,2025-04-30,47730.67,1940.0,Met
214,2025-05-31,49595.68,1940.0,Met
214,2025-06-30,51479.93,1940.0,Met
214,2025-07-31,52884.44,1940.0,Met
214,2025-08-31,54530.29,1940.0,Met
214,2025-09-30,54101.54,0.0,Missed
214,2025-10-31,56019.33,1940.0,Met
214,2025-11-30,57608.3,1940.0,Met
214,2025-12-31,59344.85,1940.0,Met
214,2026-01-31,59882.46,1022.68,Below-Target
214,2026-02-28,61338.3,1940.0,Met
214,2026-03-31,62918.55,1940.0,Met
214,2026-04-30,64365.45,1940.0,Met
214,2026-05-31,65896.13,112.61,Missed
214,2026-06-30,67475.04,36.06,Below-Target
214,2026-07-31,69349.24,1940.0,Met
214,2026-08-31,71105.02,1940.0,Met
215,2023-01-31,14640.79,371.36,Below-Target
215,2023-02-28,16068.32,1670.0,Met
215,2023-03-31,17366.57,1670.0,Met
215,2023-04-30,18925.94,1670.0,Met
215,2023-05-31,20590.51,1670.0,Met
215,2023-06-30,21811.05,1670.0,Met
215,2023-07-31,21756.57,0.0,Missed
215,2023-08-31,23198.23,1670.0,Met
215,2023-09-30,24399.36,1670.0,Met
215,2023-10-31,24325.23,426.04,Below-Target
215,2023-11-30,25577.21,1670.0,Met
215,2023-12-31,27124.05,1670.0,Met
215,2024-01-31,28571.87,1670.0,Met
215,2024-02-29,30198.29,1670.0,Met
215,2024-03-31,31662.26,1670.0,Met
215,2024-04-30,33310.6,1670.0,Met
215,2024-05-31,34779.35,1670.0,Met
215,2024-06-30,35751.43,1142.3,Below-Target
215,2024-07-31,37039.25,1670.0,Met
215,2024-08-31,38545.99,1670.0,Met
215,2024-09-30,40005.08,1670.0,Met
215,2024-10-31,40747.88,1080.7,Below-Target
215,2024-11-30,41971.16,1670.0,Met
215,2024-12-31,43569.03,1670.0,Met
215,2025-01-31,45182.55,1670.0,Met
215,2025-02-28,46371.51,1670.0,Met
215,2025-03-31,46951.8,1039.96,Below-Target
215,2025-04-30,47724.06,793.13,Below-Target
215,2025-05-31,49234.14,1670.0,Met
215,2025-06-30,48847.07,0.0,Missed
215,2025-07-31,48805.37,0.0,Missed
215,2025-08-31,50049.82,1670.0,Met
215,2025-09-30,51375.05,1670.0,Met
215,2025-10-31,52954.76,1670.0,Met
215,2025-11-30,54224.24,1670.0,Met
215,2025-12-31,55491.71,1670.0,Met
215,2026-01-31,56701.27,1670.0,Met
215,2026-02-28,57937.89,1670.0,Met
215,2026-03-31,59466.67,1670.0,Met
215,2026-04-30,60976.51,1670.0,Met
215,2026-05-31,62210.32,1670.0,Met
215,2026-06-30,63470.65,1670.0,Met
215,2026-07-31,64195.99,819.7,Below-Target
215,2026-08-31,65005.89,923.73,Below-Target
216,2023-01-31,5162.94,1560.0,Met
216,2023-02-28,6475.69,1560.0,Met
216,2023-03-31,7600.99,1560.0,Met
216,2023-04-30,9109.34,1560.0,Met
216,2023-05-31,10332.03,1560.0,Met
216,2023-06-30,11491.33,1560.0,Met
216,2023-07-31,13021.01,1560.0,Met
216,2023-08-31,14326.24,1560.0,Met
216,2023-09-30,15738.32,1560.0,Met
216,2023-10-31,17194.72,1560.0,Met
216,2023-11-30,18392.17,1560.0,Met
216,2023-12-31,19847.21,1560.0,Met
216,2024-01-31,21049.68,1560.0,Met
216,2024-02-29,22384.11,1560.0,Met
216,2024-03-31,23616.56,1560.0,Met
216,2024-04-30,24848.7,1560.0,Met
216,2024-05-31,26138.36,1560.0,Met
216,2024-06-30,27566.47,1560.0,Met
216,2024-07-31,28662.75,1560.0,Met
216,2024-08-31,29787.94,1560.0,Met
216,2024-09-30,31045.26,1560.0,Met
216,2024-10-31,32388.85,1560.0,Met
216,2024-11-30,33076.96,894.42,Below-Target
216,2024-12-31,34550.88,1560.0,Met
216,2025-01-31,35701.93,1560.0,Met
216,2025-02-28,36841.42,1560.0,Met
216,2025-03-31,37228.82,486.7,Below-Target
216,2025-04-30,37831.64,951.41,Below-Target
216,2025-05-31,39091.21,1560.0,Met
216,2025-06-30,39447.36,603.81,Below-Target
216,2025-07-31,40724.16,1560.0,Met
216,2025-08-31,42118.2,106.26,Below-Target
216,2025-09-30,43232.74,186.16,Missed
216,2025-10-31,44470.09,1560.0,Met
216,2025-11-30,46015.8,1560.0,Met
216,2025-12-31,47116.68,1560.0,Met
216,2026-01-31,48339.2,1560.0,Met
216,2026-02-28,48748.69,771.94,Below-Target
216,2026-03-31,50052.13,1560.0,Met
216,2026-04-30,51307.71,1560.0,Met
216,2026-05-31,52768.55,1560.0,Met
216,2026-06-30,53071.02,536.27,Below-Target
216,2026-07-31,54297.15,1560.0,Met
216,2026-08-31,55716.76,1560.0,Met
217,2023-03-31,8267.48,1650.0,Met
217,2023-04-30,9426.06,1650.0,Met
217,2023-05-31,11002.19,1650.0,Met
217,2023-06-30,12369.58,1650.0,Met
217,2023-07-31,12993.06,634.1,Below-Target
217,2023-08-31,14177.51,1650.0,Met
217,2023-09-30,15645.02,1650.0,Met
217,2023-10-31,17101.0,1650.0,Met
217,2023-11-30,17381.94,716.9,Below-Target
217,2023-12-31,18959.07,1650.0,Met
217,2024-01-31,19384.68,480.39,Below-Target
217,2024-02-29,20955.42,1650.0,Met
217,2024-03-31,22541.73,1650.0,Met
217,2024-04-30,23203.19,851.05,Below-Target
217,2024-05-31,24378.26,1650.0,Met
217,2024-06-30,25812.39,1650.0,Met
217,2024-07-31,26100.68,346.47,Below-Target
217,2024-08-31,25662.04,0.0,Missed
217,2024-09-30,27096.22,1650.0,Met
217,2024-10-31,28424.79,1650.0,Met
217,2024-11-30,29656.85,1650.0,Met
217,2024-12-31,31031.76,1650.0,Met
217,2025-01-31,32657.53,1650.0,Met
217,2025-02-28,33560.83,1150.6,Below-Target
217,2025-03-31,35127.63,1650.0,Met
217,2025-04-30,36317.74,1650.0,Met
217,2025-05-31,37637.59,1650.0,Met
217,2025-06-30,39057.45,1650.0,Met
217,2025-07-31,40462.05,1650.0,Met
217,2025-08-31,41974.67,1650.0,Met
217,2025-09-30,43558.27,1650.0,Met
217,2025-10-31,45144.2,1650.0,Met
217,2025-11-30,45092.14,0.0,Missed
217,2025-12-31,46421.64,1650.0,Met
217,2026-01-31,47774.69,1650.0,Met
217,2026-02-28,49209.85,1650.0,Met
217,2026-03-31,48987.3,0.0,Missed
217,2026-04-30,50161.23,1650.0,Met
217,2026-05-31,51467.02,1650.0,Met
217,2026-06-30,53061.55,1650.0,Met
217,2026-07-31,54628.77,1650.0,Met
217,2026-08-31,55850.44,1650.0,Met
218,2023-01-31,15522.64,1920.0,Met
218,2023-02-28,16949.88,1920.0,Met
218,2023-03-31,18542.17,1920.0,Met
218,2023-04-30,20197.46,1920.0,Met
218,2023-05-31,21811.81,1920.0,Met
218,2023-06-30,23631.18,1920.0,Met
218,2023-07-31,25265.49,1920.0,Met
218,2023-08-31,26916.51,1920.0,Met
218,2023-09-30,28369.68,1920.0,Met
218,2023-10-31,29921.64,1920.0,Met
218,2023-11-30,31529.83,1920.0,Met
218,2023-12-31,33028.88,1920.0,Met
218,2024-01-31,34662.82,1920.0,Met
218,2024-02-29,36039.15,1920.0,Met
218,2024-03-31,37699.3,1920.0,Met
218,2024-04-30,39122.03,1920.0,Met
218,2024-05-31,40683.21,1920.0,Met
218,2024-06-30,42411.35,1920.0,Met
218,2024-07-31,44206.84,1920.0,Met
218,2024-08-31,45904.14,1920.0,Met
218,2024-09-30,47553.61,1920.0,Met
218,2024-10-31,49271.63,1920.0,Met
218,2024-11-30,50706.43,1920.0,Met
218,2024-12-31,52590.96,1920.0,Met
218,2025-01-31,54364.56,1920.0,Met
218,2025-02-28,56213.66,1920.0,Met
218,2025-03-31,57850.9,1920.0,Met
218,2025-04-30,59443.39,1920.0,Met
218,2025-05-31,59112.08,0.0,Missed
218,2025-06-30,60894.43,1920.0,Met
218,2025-07-31,62453.21,1920.0,Met
218,2025-08-31,64053.46,1920.0,Met
218,2025-09-30,65950.65,1920.0,Met
218,2025-10-31,67565.16,1920.0,Met
218,2025-11-30,69060.05,1920.0,Met
218,2025-12-31,70764.68,1920.0,Met
218,2026-01-31,72199.05,1920.0,Met
218,2026-02-28,73721.87,1920.0,Met
218,2026-03-31,75297.29,1920.0,Met
218,2026-04-30,76901.15,1920.0,Met
218,2026-05-31,78544.64,1920.0,Met
218,2026-06-30,80357.33,1920.0,Met
218,2026-07-31,81936.98,1920.0,Met
218,2026-08-31,83743.53,1920.0,Met
219,2023-01-31,13029.11,1430.0,Met
219,2023-02-28,12685.63,0.0,Missed
219,2023-03-31,14020.81,1430.0,Met
219,2023-04-30,15253.43,1430.0,Met
219,2023-05-31,16294.9,1430.0,Met
219,2023-06-30,17620.1,1430.0,Met
219,2023-07-31,18755.95,1430.0,Met
219,2023-08-31,19997.46,1430.0,Met
219,2023-09-30,20720.24,746.58,Below-Target
219,2023-10-31,21943.31,1430.0,Met
219,2023-11-30,23062.38,1430.0,Met
219,2023-12-31,24251.05,1430.0,Met
219,2024-01-31,25593.6,1430.0,Met
219,2024-02-29,26267.35,764.56,Below-Target
219,2024-03-31,27608.81,1430.0,Met
219,2024-04-30,28641.99,1430.0,Met
219,2024-05-31,29776.01,1430.0,Met
219,2024-06-30,31192.43,1430.0,Met
219,2024-07-31,32236.36,1430.0,Met
219,2024-08-31,33644.84,1430.0,Met
219,2024-09-30,35059.98,1430.0,Met
219,2024-10-31,36326.73,1430.0,Met
219,2024-11-30,37596.64,1430.0,Met
219,2024-12-31,38601.15,1430.0,Met
219,2025-01-31,39768.68,1430.0,Met
219,2025-02-28,40951.31,1430.0,Met
219,2025-03-31,42219.33,1430.0,Met
219,2025-04-30,42832.62,615.34,Below-Target
219,2025-05-31,44127.3,1430.0,Met
219,2025-06-30,45311.64,1430.0,Met
219,2025-07-31,46409.59,1430.0,Met
219,2025-08-31,47446.68,1430.0,Met
219,2025-09-30,48831.14,1430.0,Met
219,2025-10-31,50232.2,1430.0,Met
219,2025-11-30,51294.07,1430.0,Met
219,2025-12-31,52469.67,1430.0,Met
219,2026-01-31,53816.89,1430.0,Met
219,2026-02-28,54996.12,1430.0,Met
219,2026-03-31,56015.26,1430.0,Met
219,2026-04-30,57220.22,1430.0,Met
219,2026-05-31,58416.12,1430.0,Met
219,2026-06-30,59667.8,1430.0,Met
219,2026-07-31,60350.11,731.05,Below-Target
219,2026-08-31,60022.93,0.0,Missed
220,2023-01-31,14503.76,1450.0,Met
220,2023-02-28,14364.14,0.0,Missed
220,2023-03-31,15467.63,1450.0,Met
220,2023-04-30,15775.08,346.23,Below-Target
220,2023-05-31,17208.73,1450.0,Met
220,2023-06-30,18459.48,1450.0,Met
220,2023-07-31,19629.76,1450.0,Met
220,2023-08-31,20402.13,896.91,Below-Target
220,2023-09-30,21023.1,788.16,Below-Target
220,2023-10-31,22063.85,1450.0,Met
220,2023-11-30,22129.35,495.78,Below-Target
220,2023-12-31,23501.98,1450.0,Met
220,2024-01-31,24851.71,1450.0,Met
220,2024-02-29,25956.73,1450.0,Met
220,2024-03-31,27104.07,1450.0,Met
220,2024-04-30,28445.34,1450.0,Met
220,2024-05-31,29682.11,1450.0,Met
220,2024-06-30,30409.34,834.29,Below-Target
220,2024-07-31,31739.2,1450.0,Met
220,2024-08-31,33162.2,1450.0,Met
220,2024-09-30,32890.66,0.0,Missed
220,2024-10-31,33937.77,1450.0,Met
220,2024-11-30,35366.2,1450.0,Met
220,2024-12-31,36634.75,1450.0,Met
220,2025-01-31,37976.07,1450.0,Met
220,2025-02-28,39054.91,1450.0,Met
220,2025-03-31,40312.86,1450.0,Met
220,2025-04-30,40157.36,0.0,Missed
220,2025-05-31,41460.64,1450.0,Met
220,2025-06-30,42635.54,1450.0,Met
220,2025-07-31,43763.55,1450.0,Met
220,2025-08-31,45139.4,1450.0,Met
220,2025-09-30,46542.99,1450.0,Met
220,2025-10-31,47963.68,1450.0,Met
220,2025-11-30,49019.81,1450.0,Met
220,2025-12-31,50359.71,1450.0,Met
220,2026-01-31,50617.97,673.37,Below-Target
220,2026-02-28,52014.97,1450.0,Met
220,2026-03-31,53379.25,1450.0,Met
220,2026-04-30,54511.34,1450.0,Met
220,2026-05-31,55736.06,1450.0,Met
220,2026-06-30,55476.24,0.0,Missed
220,2026-07-31,55817.05,528.34,Below-Target
220,2026-08-31,57128.07,1450.0,Met
221,2023-01-31,4844.8,1370.0,Met
221,2023-02-28,6020.21,1370.0,Met
221,2023-03-31,7365.74,1370.0,Met
221,2023-04-30,8432.54,1370.0,Met
221,2023-05-31,9729.27,1370.0,Met
221,2023-06-30,10858.88,1370.0,Met
221,2023-07-31,11947.11,1370.0,Met
221,2023-08-31,13251.34,1370.0,Met
221,2023-09-30,14371.61,1370.0,Met
221,2023-10-31,15622.34,1370.0,Met
221,2023-11-30,16683.65,1370.0,Met
221,2023-12-31,17842.71,1370.0,Met
221,2024-01-31,18923.67,1370.0,Met
221,2024-02-29,19357.13,672.04,Below-Target
221,2024-03-31,20657.91,1370.0,Met
221,2024-04-30,22025.56,1370.0,Met
221,2024-05-31,23328.86,1370.0,Met
221,2024-06-30,24654.44,1370.0,Met
221,2024-07-31,26006.78,1370.0,Met
221,2024-08-31,27005.99,1370.0,Met
221,2024-09-30,28087.53,62.12,Below-Target
221,2024-10-31,29054.88,346.37,Below-Target
221,2024-11-30,30210.92,1370.0,Met
221,2024-12-31,31324.36,1370.0,Met
221,2025-01-31,32410.35,1370.0,Met
221,2025-02-28,33703.65,1370.0,Met
221,2025-03-31,35022.43,1370.0,Met
221,2025-04-30,36204.58,1370.0,Met
221,2025-05-31,37184.37,1370.0,Met
221,2025-06-30,36809.07,0.0,Missed
221,2025-07-31,38066.82,1370.0,Met
221,2025-08-31,39385.96,1370.0,Met
221,2025-09-30,39547.49,488.65,Below-Target
221,2025-10-31,40687.43,1370.0,Met
221,2025-11-30,42018.34,1370.0,Met
221,2025-12-31,43175.7,1370.0,Met
221,2026-01-31,43451.17,423.14,Below-Target
221,2026-02-28,44020.49,639.53,Below-Target
221,2026-03-31,43901.37,0.0,Missed
221,2026-04-30,44887.46,1370.0,Met
221,2026-05-31,44588.55,0.0,Missed
221,2026-06-30,45659.95,1370.0,Met
221,2026-07-31,46926.46,1370.0,Met
221,2026-08-31,48134.91,1370.0,Met
222,2023-01-31,13992.66,1650.0,Met
222,2023-02-28,15150.14,1650.0,Met
222,2023-03-31,16336.18,1650.0,Met
222,2023-04-30,15900.01,0.0,Missed
222,2023-05-31,17284.25,1650.0,Met
222,2023-06-30,18914.77,1650.0,Met
222,2023-07-31,20374.26,1650.0,Met
222,2023-08-31,21957.63,1650.0,Met
222,2023-09-30,21959.44,493.27,Below-Target
222,2023-10-31,22462.61,875.06,Below-Target
222,2023-11-30,23763.1,1650.0,Met
222,2023-12-31,24227.04,914.37,Below-Target
222,2024-01-31,25396.23,1650.0,Met
222,2024-02-29,26602.86,1650.0,Met
222,2024-03-31,27825.55,1650.0,Met
222,2024-04-30,29253.38,1650.0,Met
222,2024-05-31,30510.6,1650.0,Met
222,2024-06-30,30763.96,372.7,Below-Target
222,2024-07-31,32396.24,1650.0,Met
222,2024-08-31,33623.28,1650.0,Met
222,2024-09-30,34940.04,1650.0,Met
222,2024-10-31,36293.86,1650.0,Met
222,2024-11-30,37349.65,1127.39,Below-Target
222,2024-12-31,38601.51,1650.0,Met
222,2025-01-31,40114.64,1650.0,Met
222,2025-02-28,41621.42,1650.0,Met
222,2025-03-31,42902.67,1650.0,Met
222,2025-04-30,44289.4,1650.0,Met
222,2025-05-31,45645.6,1650.0,Met
222,2025-06-30,46877.82,1650.0,Met
222,2025-07-31,48055.84,1650.0,Met
222,2025-08-31,49590.04,1650.0,Met
222,2025-09-30,50893.88,1650.0,Met
222,2025-10-31,52218.39,1650.0,Met
222,2025-11-30,53784.61,1650.0,Met
222,2025-12-31,54140.89,805.66,Below-Target
222,2026-01-31,55310.62,1650.0,Met
222,2026-02-28,56575.97,1650.0,Met
222,2026-03-31,57903.77,1650.0,Met
222,2026-04-30,59317.11,1650.0,Met
222,2026-05-31,58862.4,0.0,Missed
222,2026-06-30,60190.3,1650.0,Met
222,2026-07-31,61392.93,1650.0,Met
222,2026-08-31,62720.96,1650.0,Met
223,2023-01-31,4389.4,1530.0,Met
223,2023-02-28,5542.74,1530.0,Met
223,2023-03-31,6759.84,1530.0,Met
223,2023-04-30,7980.26,1530.0,Met
223,2023-05-31,9363.95,1530.0,Met
223,2023-06-30,10679.33,1530.0,Met
223,2023-07-31,12206.19,1530.0,Met
223,2023-08-31,13343.89,1530.0,Met
223,2023-09-30,14646.4,1530.0,Met
223,2023-10-31,15844.44,1530.0,Met
223,2023-11-30,17019.02,1530.0,Met
223,2023-12-31,18419.33,1530.0,Met
223,2024-01-31,19668.44,1530.0,Met
223,2024-02-29,19966.73,457.33,Below-Target
223,2024-03-31,21305.72,1530.0,Met
223,2024-04-30,21248.23,0.0,Missed
223,2024-05-31,22527.23,1530.0,Met
223,2024-06-30,23907.89,1530.0,Met
223,2024-07-31,25404.4,1530.0,Met
223,2024-08-31,26816.34,1530.0,Met
223,2024-09-30,28181.56,1530.0,Met
223,2024-10-31,29636.8,1530.0,Met
223,2024-11-30,31014.04,1530.0,Met
223,2024-12-31,32168.98,1530.0,Met
223,2025-01-31,32675.78,847.61,Below-Target
223,2025-02-28,34044.66,1530.0,Met
223,2025-03-31,35384.88,1530.0,Met
223,2025-04-30,36752.22,1530.0,Met
223,2025-05-31,37176.0,844.56,Below-Target
223,2025-06-30,38517.48,1530.0,Met
223,2025-07-31,39998.25,1530.0,Met
223,2025-08-31,41133.25,1530.0,Met
223,2025-09-30,41267.58,481.47,Below-Target
223,2025-10-31,42793.07,1530.0,Met
223,2025-11-30,43544.98,867.49,Below-Target
223,2025-12-31,44847.03,1530.0,Met
223,2026-01-31,45153.04,414.91,Below-Target
223,2026-02-28,46285.47,1530.0,Met
223,2026-03-31,47584.9,1530.0,Met
223,2026-04-30,48716.32,1530.0,Met
223,2026-05-31,48260.51,0.0,Missed
223,2026-06-30,49351.78,1530.0,Met
223,2026-07-31,50782.42,1530.0,Met
223,2026-08-31,50937.31,391.71,Below-Target
224,2023-01-31,8434.93,1133.15,Below-Target
224,2023-02-28,9910.44,1780.0,Met
224,2023-03-31,11186.06,1780.0,Met
224,2023-04-30,12729.43,1780.0,Met
224,2023-05-31,14109.4,1780.0,Met
224,2023-06-30,15250.57,1205.25,Below-Target
224,2023-07-31,15829.9,748.7,Below-Target
224,2023-08-31,17479.51,1780.0,Met
224,2023-09-30,18512.51,1149.12,Below-Target
224,2023-10-31,19968.73,1780.0,Met
224,2023-11-30,19841.31,0.0,Missed
224,2023-12-31,19361.96,0.0,Missed
224,2024-01-31,19092.89,0.0,Missed
224,2024-02-29,20744.34,1780.0,Met
224,2024-03-31,22133.45,1780.0,Met
224,2024-04-30,23394.89,1780.0,Met
224,2024-05-31,24336.09,955.27,Below-Target
224,2024-06-30,25620.66,1780.0,Met
224,2024-07-31,26972.84,1780.0,Met
224,2024-08-31,28529.9,1780.0,Met
224,2024-09-30,30111.13,1780.0,Met
224,2024-10-31,31871.14,1780.0,Met
224,2024-11-30,33614.98,1780.0,Met
224,2024-12-31,35354.5,1780.0,Met
224,2025-01-31,36844.02,1780.0,Met
224,2025-02-28,38552.08,1780.0,Met
224,2025-03-31,40106.38,1780.0,Met
224,2025-04-30,41592.6,1780.0,Met
224,2025-05-31,43030.02,1780.0,Met
224,2025-06-30,44711.92,1780.0,Met
224,2025-07-31,46188.68,1780.0,Met
224,2025-08-31,47508.44,1780.0,Met
224,2025-09-30,47982.46,542.57,Below-Target
224,2025-10-31,49662.22,1780.0,Met
224,2025-11-30,51177.58,1780.0,Met
224,2025-12-31,52848.15,1780.0,Met
224,2026-01-31,54572.36,1780.0,Met
224,2026-02-28,56316.93,1780.0,Met
224,2026-03-31,58085.82,1780.0,Met
224,2026-04-30,58437.15,357.73,Below-Target
224,2026-05-31,60110.74,1780.0,Met
224,2026-06-30,61695.09,1780.0,Met
224,2026-07-31,61452.01,0.0,Missed
224,2026-08-31,63206.74,1780.0,Met
225,2023-01-31,8078.15,0.0,Missed
225,2023-02-28,9208.89,1420.0,Met
225,2023-03-31,10476.66,1420.0,Met
225,2023-04-30,11472.57,1420.0,Met
225,2023-05-31,12612.72,1420.0,Met
225,2023-06-30,13694.09,1420.0,Met
225,2023-07-31,14891.41,1420.0,Met
225,2023-08-31,15931.75,1420.0,Met
225,2023-09-30,17103.79,1420.0,Met
225,2023-10-31,18287.9,1420.0,Met
225,2023-11-30,18713.79,606.31,Below-Target
225,2023-12-31,19742.8,1420.0,Met
225,2024-01-31,19976.75,438.59,Below-Target
225,2024-02-29,21341.88,1420.0,Met
225,2024-03-31,22533.1,1420.0,Met
225,2024-04-30,23708.68,1420.0,Met
225,2024-05-31,24854.67,1420.0,Met
225,2024-06-30,26256.9,1420.0,Met
225,2024-07-31,27581.12,1420.0,Met
225,2024-08-31,28951.32,1420.0,Met
225,2024-09-30,30225.81,1420.0,Met
225,2024-10-31,31249.89,1420.0,Met
225,2024-11-30,32633.9,1420.0,Met
225,2024-12-31,33859.54,1420.0,Met
225,2025-01-31,35160.03,1420.0,Met
225,2025-02-28,36197.13,1420.0,Met
225,2025-03-31,37207.39,1420.0,Met
225,2025-04-30,38455.82,1420.0,Met
225,2025-05-31,39587.27,1420.0,Met
225,2025-06-30,40737.32,1420.0,Met
225,2025-07-31,41783.99,1420.0,Met
225,2025-08-31,42986.73,1420.0,Met
225,2025-09-30,44020.27,1420.0,Met
225,2025-10-31,45020.89,1420.0,Met
225,2025-11-30,46339.32,1420.0,Met
225,2025-12-31,47699.59,1420.0,Met
225,2026-01-31,49000.77,1420.0,Met
225,2026-02-28,50339.31,1420.0,Met
225,2026-03-31,51681.48,1420.0,Met
225,2026-04-30,52861.41,1420.0,Met
225,2026-05-31,53879.63,1420.0,Met
225,2026-06-30,55165.86,1420.0,Met
225,2026-07-31,56391.57,1420.0,Met
225,2026-08-31,57788.33,1420.0,Met
226,2023-01-31,9542.09,1890.0,Met
226,2023-02-28,11115.18,1890.0,Met
226,2023-03-31,12973.9,1890.0,Met
226,2023-04-30,13323.28,717.29,Below-Target
226,2023-05-31,14784.76,1890.0,Met
226,2023-06-30,16523.38,1890.0,Met
226,2023-07-31,17448.83,1180.7,Below-Target
226,2023-08-31,17978.09,865.76,Below-Target
226,2023-09-30,19602.74,1890.0,Met
226,2023-10-31,19106.88,0.0,Missed
226,2023-11-30,20541.87,1890.0,Met
226,2023-12-31,20669.69,533.68,Below-Target
226,2024-01-31,22006.89,1890.0,Met
226,2024-02-29,23464.67,1890.0,Met
226,2024-03-31,25332.73,1890.0,Met
226,2024-04-30,26837.66,1890.0,Met
226,2024-05-31,28570.47,1890.0,Met
226,2024-06-30,30109.75,1890.0,Met
226,2024-07-31,31449.82,1890.0,Met
226,2024-08-31,31006.26,0.0,Missed
226,2024-09-30,32836.36,1890.0,Met
226,2024-10-31,34347.23,1890.0,Met
226,2024-11-30,36228.37,1890.0,Met
226,2024-12-31,36192.6,467.57,Below-Target
226,2025-01-31,35633.78,0.0,Missed
226,2025-02-28,37291.96,1890.0,Met
226,2025-03-31,38944.71,1890.0,Met
226,2025-04-30,38860.26,0.0,Missed
226,2025-05-31,40313.9,1890.0,Met
226,2025-06-30,41666.83,1890.0,Met
226,2025-07-31,43162.37,1890.0,Met
226,2025-08-31,44817.39,1890.0,Met
226,2025-09-30,46250.84,1890.0,Met
226,2025-10-31,45966.16,0.0,Missed
226,2025-11-30,47848.35,1890.0,Met
226,2025-12-31,49553.34,1890.0,Met
226,2026-01-31,51050.44,1890.0,Met
226,2026-02-28,52813.36,1890.0,Met
226,2026-03-31,54440.51,1890.0,Met
226,2026-04-30,55854.17,1890.0,Met
226,2026-05-31,57306.06,1890.0,Met
226,2026-06-30,58848.17,1890.0,Met
226,2026-07-31,60232.33,1890.0,Met
226,2026-08-31,61662.56,1890.0,Met
227,2024-02-29,4051.59,1660.0,Met
227,2024-03-31,5233.26,1660.0,Met
227,2024-04-30,6842.91,1660.0,Met
227,2024-05-31,8191.99,1660.0,Met
227,2024-06-30,8645.4,747.18,Below-Target
227,2024-07-31,10104.24,1660.0,Met
227,2024-08-31,11622.99,1660.0,Met
227,2024-09-30,12857.16,1660.0,Met
227,2024-10-31,14054.47,769.91,Missed
227,2024-11-30,15684.99,1660.0,Met
227,2024-12-31,16962.62,1660.0,Met
227,2025-01-31,18554.94,1660.0,Met
227,2025-02-28,20083.32,1660.0,Met
227,2025-03-31,21554.6,1660.0,Met
227,2025-04-30,22960.57,1660.0,Met
227,2025-05-31,24389.64,1660.0,Met
227,2025-06-30,25602.67,1660.0,Met
227,2025-07-31,27251.93,1660.0,Met
227,2025-08-31,28461.97,1660.0,Met
227,2025-09-30,30023.46,1660.0,Met
227,2025-10-31,30459.46,625.9,Below-Target
227,2025-11-30,31972.04,1660.0,Met
227,2025-12-31,31576.65,0.0,Missed
227,2026-01-31,33072.01,1660.0,Met
227,2026-02-28,34575.04,1660.0,Met
227,2026-03-31,35362.25,889.56,Below-Target
227,2026-04-30,36854.64,1660.0,Met
227,2026-05-31,38481.54,1660.0,Met
227,2026-06-30,39683.3,1660.0,Met
227,2026-07-31,41274.82,1660.0,Met
227,2026-08-31,42691.4,1660.0,Met
228,2023-01-31,6509.14,1560.0,Met
228,2023-02-28,8053.67,1560.0,Met
228,2023-03-31,8045.77,449.7,Below-Target
228,2023-04-30,9529.04,1560.0,Met
228,2023-05-31,10247.84,923.66,Below-Target
228,2023-06-30,10133.49,0.0,Missed
228,2023-07-31,11311.46,1560.0,Met
228,2023-08-31,12558.01,1560.0,Met
228,2023-09-30,13919.38,1560.0,Met
228,2023-10-31,15287.8,1560.0,Met
228,2023-11-30,15141.47,0.0,Missed
228,2023-12-31,16434.3,1560.0,Met
228,2024-01-31,17867.88,1560.0,Met
228,2024-02-29,19057.17,1560.0,Met
228,2024-03-31,20488.37,1560.0,Met
228,2024-04-30,20840.49,557.38,Below-Target
228,2024-05-31,21989.64,1560.0,Met
228,2024-06-30,23477.46,1560.0,Met
228,2024-07-31,24700.58,1560.0,Met
228,2024-08-31,26232.49,1560.0,Met
228,2024-09-30,27393.98,1560.0,Met
228,2024-10-31,28555.2,1560.0,Met
228,2024-11-30,30100.51,1560.0,Met
228,2024-12-31,31598.0,1560.0,Met
228,2025-01-31,32984.63,1560.0,Met
228,2025-02-28,34381.85,1560.0,Met
228,2025-03-31,35845.32,1560.0,Met
228,2025-04-30,36968.7,1560.0,Met
228,2025-05-31,38226.92,1560.0,Met
228,2025-06-30,39772.76,1560.0,Met
228,2025-07-31,40955.62,1560.0,Met
228,2025-08-31,42107.12,1560.0,Met
228,2025-09-30,43429.15,1560.0,Met
228,2025-10-31,44576.13,1560.0,Met
228,2025-11-30,45925.03,1560.0,Met
228,2025-12-31,47363.7,1560.0,Met
228,2026-01-31,48785.78,1560.0,Met
228,2026-02-28,50261.15,1560.0,Met
228,2026-03-31,51599.62,555.17,Missed
228,2026-04-30,53041.16,1560.0,Met
228,2026-05-31,54473.17,1560.0,Met
228,2026-06-30,55661.43,1560.0,Met
228,2026-07-31,57078.17,1560.0,Met
228,2026-08-31,58613.43,1560.0,Met
229,2025-11-30,8786.4,1350.0,Met
229,2025-12-31,10081.43,1350.0,Met
229,2026-01-31,11255.5,1350.0,Met
229,2026-02-28,10983.5,0.0,Missed
229,2026-03-31,12185.67,1350.0,Met
229,2026-04-30,13348.3,1350.0,Met
229,2026-05-31,14339.48,1350.0,Met
229,2026-06-30,14197.07,0.0,Missed
229,2026-07-31,15429.52,1350.0,Met
229,2026-08-31,16771.14,1350.0,Met
230,2023-01-31,4476.19,1590.0,Met
230,2023-02-28,5843.05,1590.0,Met
230,2023-03-31,5896.02,519.36,Below-Target
230,2023-04-30,7198.36,1590.0,Met
230,2023-05-31,8427.91,1590.0,Met
230,2023-06-30,9620.16,1590.0,Met
230,2023-07-31,10739.73,1590.0,Met
230,2023-08-31,11927.9,1590.0,Met
230,2023-09-30,13294.31,1590.0,Met
230,2023-10-31,14815.94,1590.0,Met
230,2023-11-30,14643.95,0.0,Missed
230,2023-12-31,15256.11,949.24,Below-Target
230,2024-01-31,16786.78,1590.0,Met
230,2024-02-29,18349.7,1590.0,Met
230,2024-03-31,19911.69,1590.0,Met
230,2024-04-30,20358.8,913.87,Below-Target
230,2024-05-31,21807.06,1590.0,Met
230,2024-06-30,23112.06,1590.0,Met
230,2024-07-31,23508.12,523.63,Below-Target
230,2024-08-31,24832.52,1590.0,Met
230,2024-09-30,26095.45,1590.0,Met
230,2024-10-31,27642.14,1590.0,Met
230,2024-11-30,28304.19,788.27,Below-Target
230,2024-12-31,29768.95,1590.0,Met
230,2025-01-31,29997.2,561.5,Below-Target
230,2025-02-28,30711.77,883.45,Below-Target
230,2025-03-31,32059.9,1590.0,Met
230,2025-04-30,33435.91,1590.0,Met
230,2025-05-31,34973.82,1590.0,Met
230,2025-06-30,36426.49,1590.0,Met
230,2025-07-31,37702.27,1590.0,Met
230,2025-08-31,38944.37,1590.0,Met
230,2025-09-30,40471.06,1590.0,Met
230,2025-10-31,41735.38,1590.0,Met
230,2025-11-30,41895.64,446.31,Below-Target
230,2025-12-31,43074.23,1590.0,Met
230,2026-01-31,43721.66,696.26,Below-Target
230,2026-02-28,44922.57,1590.0,Met
230,2026-03-31,46146.98,1590.0,Met
230,2026-04-30,47717.69,1590.0,Met
230,2026-05-31,49121.93,1590.0,Met
230,2026-06-30,50664.56,1590.0,Met
230,2026-07-31,52074.36,1590.0,Met
230,2026-08-31,53207.87,1590.0,Met
231,2023-01-31,15936.96,1940.0,Met
231,2023-02-28,17408.65,1940.0,Met
231,2023-03-31,18997.65,1940.0,Met
231,2023-04-30,20486.63,1940.0,Met
231,2023-05-31,22056.23,1940.0,Met
231,2023-06-30,23897.46,1940.0,Met
231,2023-07-31,24377.6,898.11,Below-Target
231,2023-08-31,25863.73,1940.0,Met
231,2023-09-30,26264.94,863.66,Below-Target
231,2023-10-31,27841.22,1940.0,Met
231,2023-11-30,29626.99,1940.0,Met
231,2023-12-31,29865.6,610.36,Below-Target
231,2024-01-31,29982.97,575.72,Below-Target
231,2024-02-29,31620.31,1940.0,Met
231,2024-03-31,33316.9,1940.0,Met
231,2024-04-30,35148.0,1940.0,Met
231,2024-05-31,35846.47,722.37,Below-Target
231,2024-06-30,37785.65,1940.0,Met
231,2024-07-31,39629.54,1940.0,Met
231,2024-08-31,41049.21,1940.0,Met
231,2024-09-30,42434.12,1940.0,Met
231,2024-10-31,44149.84,1940.0,Met
231,2024-11-30,44961.62,1034.49,Below-Target
231,2024-12-31,46417.79,1940.0,Met
231,2025-01-31,48068.7,1940.0,Met
231,2025-02-28,49801.23,1940.0,Met
231,2025-03-31,51176.93,1940.0,Met
231,2025-04-30,53114.43,1940.0,Met
231,2025-05-31,54941.2,1940.0,Met
231,2025-06-30,56752.01,1940.0,Met
231,2025-07-31,58361.23,1940.0,Met
231,2025-08-31,60024.02,1940.0,Met
231,2025-09-30,61828.45,1940.0,Met
231,2025-10-31,63285.62,1940.0,Met
231,2025-11-30,64653.86,1940.0,Met
231,2025-12-31,66018.32,1940.0,Met
231,2026-01-31,66623.38,654.9,Below-Target
231,2026-02-28,68365.57,1940.0,Met
231,2026-03-31,69099.45,1132.18,Below-Target
231,2026-04-30,70508.4,1940.0,Met
231,2026-05-31,72076.56,1940.0,Met
231,2026-06-30,72403.62,414.0,Below-Target
231,2026-07-31,74332.83,1940.0,Met
231,2026-08-31,75998.09,1940.0,Met
232,2023-01-31,5796.69,1910.0,Met
232,2023-02-28,7616.95,1910.0,Met
232,2023-03-31,9227.59,1910.0,Met
232,2023-04-30,10342.24,1313.58,Below-Target
232,2023-05-31,11681.55,1910.0,Met
232,2023-06-30,13264.81,1910.0,Met
232,2023-07-31,15099.52,1910.0,Met
232,2023-08-31,16543.75,1910.0,Met
232,2023-09-30,17934.08,1910.0,Met
232,2023-10-31,18542.76,874.87,Below-Target
232,2023-11-30,20189.04,1910.0,Met
232,2023-12-31,21743.18,1910.0,Met
232,2024-01-31,23540.52,1910.0,Met
232,2024-02-29,25134.91,1910.0,Met
232,2024-03-31,26589.74,1910.0,Met
232,2024-04-30,27655.7,1228.12,Below-Target
232,2024-05-31,29373.05,1910.0,Met
232,2024-06-30,30827.35,1910.0,Met
232,2024-07-31,32194.82,1910.0,Met
232,2024-08-31,32327.7,426.96,Below-Target
232,2024-09-30,33954.85,1910.0,Met
232,2024-10-31,35463.37,1910.0,Met
232,2024-11-30,37178.16,1910.0,Met
232,2024-12-31,38544.1,1910.0,Met
232,2025-01-31,40259.98,1910.0,Met
232,2025-02-28,41995.98,1910.0,Met
232,2025-03-31,43551.51,1910.0,Met
232,2025-04-30,43959.4,550.06,Below-Target
232,2025-05-31,45702.5,1910.0,Met
232,2025-06-30,47357.34,1910.0,Met
232,2025-07-31,48719.88,1910.0,Met
232,2025-08-31,50107.72,1910.0,Met
232,2025-09-30,51622.47,1910.0,Met
232,2025-10-31,53077.95,1910.0,Met
232,2025-11-30,53927.01,1003.99,Below-Target
232,2025-12-31,55313.69,1910.0,Met
232,2026-01-31,56829.02,1910.0,Met
232,2026-02-28,57071.63,521.66,Below-Target
232,2026-03-31,58602.08,1910.0,Met
232,2026-04-30,59446.36,959.56,Below-Target
232,2026-05-31,61192.18,1910.0,Met
232,2026-06-30,62598.62,1910.0,Met
232,2026-07-31,63482.53,1100.31,Below-Target
232,2026-08-31,65373.33,1910.0,Met
233,2023-01-31,10528.25,1630.0,Met
233,2023-02-28,11882.63,1630.0,Met
233,2023-03-31,13089.7,1630.0,Met
233,2023-04-30,14310.93,1630.0,Met
233,2023-05-31,15787.06,1630.0,Met
233,2023-06-30,17380.2,1630.0,Met
233,2023-07-31,18983.5,1630.0,Met
233,2023-08-31,20155.19,1630.0,Met
233,2023-09-30,21711.24,1630.0,Met
233,2023-10-31,22876.88,1630.0,Met
233,2023-11-30,24201.35,1630.0,Met
233,2023-12-31,25611.29,1630.0,Met
233,2024-01-31,27086.26,1630.0,Met
233,2024-02-29,28690.64,1630.0,Met
233,2024-03-31,28554.34,0.0,Missed
233,2024-04-30,29771.86,1630.0,Met
233,2024-05-31,31271.8,1630.0,Met
233,2024-06-30,32609.56,1630.0,Met
233,2024-07-31,32156.6,0.0,Missed
233,2024-08-31,33665.89,1630.0,Met
233,2024-09-30,34305.13,771.46,Below-Target
233,2024-10-31,35915.92,1630.0,Met
233,2024-11-30,37447.68,1630.0,Met
233,2024-12-31,38685.6,1630.0,Met
233,2025-01-31,38931.28,630.21,Below-Target
233,2025-02-28,40349.98,1630.0,Met
233,2025-03-31,41691.72,1630.0,Met
233,2025-04-30,42914.05,1630.0,Met
233,2025-05-31,44084.16,1630.0,Met
233,2025-06-30,45240.31,1630.0,Met
233,2025-07-31,46640.66,1630.0,Met
233,2025-08-31,48103.28,1630.0,Met
233,2025-09-30,49664.34,1630.0,Met
233,2025-10-31,51057.78,1630.0,Met
233,2025-11-30,52652.39,1630.0,Met
233,2025-12-31,52712.15,329.96,Below-Target
233,2026-01-31,54019.54,1630.0,Met
233,2026-02-28,54342.88,610.38,Below-Target
233,2026-03-31,55903.51,1630.0,Met
233,2026-04-30,57367.04,1630.0,Met
233,2026-05-31,58987.4,1630.0,Met
233,2026-06-30,60233.79,1630.0,Met
233,2026-07-31,61110.14,1039.5,Below-Target
233,2026-08-31,62477.21,1630.0,Met
234,2023-01-31,8551.6,1590.0,Met
234,2023-02-28,10045.16,1590.0,Met
234,2023-03-31,9987.16,376.17,Below-Target
234,2023-04-30,11273.37,1590.0,Met
234,2023-05-31,12773.19,1590.0,Met
234,2023-06-30,14209.03,1590.0,Met
234,2023-07-31,15543.31,1590.0,Met
234,2023-08-31,16809.12,1590.0,Met
234,2023-09-30,16597.42,0.0,Missed
234,2023-10-31,17976.97,1590.0,Met
234,2023-11-30,17625.72,0.0,Missed
234,2023-12-31,19012.43,1590.0,Met
234,2024-01-31,20472.52,1590.0,Met
234,2024-02-29,21665.86,1590.0,Met
234,2024-03-31,23137.79,1590.0,Met
234,2024-04-30,24254.19,1590.0,Met
234,2024-05-31,25494.43,1590.0,Met
234,2024-06-30,26670.54,1590.0,Met
234,2024-07-31,28113.21,1590.0,Met
234,2024-08-31,28019.25,0.0,Missed
234,2024-09-30,29569.92,1590.0,Met
234,2024-10-31,30765.95,1590.0,Met
234,2024-11-30,30839.17,507.5,Below-Target
234,2024-12-31,32340.23,1590.0,Met
234,2025-01-31,33759.57,1590.0,Met
234,2025-02-28,35115.94,1590.0,Met
234,2025-03-31,36702.98,1590.0,Met
234,2025-04-30,37829.22,1590.0,Met
234,2025-05-31,38436.57,665.52,Below-Target
234,2025-06-30,39663.9,1590.0,Met
234,2025-07-31,41107.17,1590.0,Met
234,2025-08-31,42463.9,1590.0,Met
234,2025-09-30,43942.35,1590.0,Met
234,2025-10-31,45480.44,1590.0,Met
234,2025-11-30,46830.46,1590.0,Met
234,2025-12-31,48220.95,1590.0,Met
234,2026-01-31,49483.7,1590.0,Met
234,2026-02-28,50771.76,1590.0,Met
234,2026-03-31,52021.3,1590.0,Met
234,2026-04-30,53332.14,1590.0,Met
234,2026-05-31,54494.25,1590.0,Met
234,2026-06-30,56008.3,1590.0,Met
234,2026-07-31,57223.63,1590.0,Met
234,2026-08-31,58480.36,1590.0,Met
235,2023-01-31,3705.69,479.36,Below-Target
235,2023-02-28,5339.85,1780.0,Met
235,2023-03-31,6626.97,1780.0,Met
235,2023-04-30,8164.87,1780.0,Met
235,2023-05-31,9906.92,1780.0,Met
235,2023-06-30,10797.34,949.41,Below-Target
235,2023-07-31,10450.29,0.0,Missed
235,2023-08-31,12226.52,1780.0,Met
235,2023-09-30,13713.86,1780.0,Met
235,2023-10-31,14106.85,869.29,Below-Target
235,2023-11-30,15449.61,1780.0,Met
235,2023-12-31,16994.56,1780.0,Met
235,2024-01-31,18282.95,1780.0,Met
235,2024-02-29,19557.73,1780.0,Met
235,2024-03-31,21124.4,1780.0,Met
235,2024-04-30,22651.37,1780.0,Met
235,2024-05-31,24217.31,1780.0,Met
235,2024-06-30,25477.91,1780.0,Met
235,2024-07-31,27069.52,1780.0,Met
235,2024-08-31,28491.09,1780.0,Met
235,2024-09-30,29528.88,1112.38,Below-Target
235,2024-10-31,31132.91,1780.0,Met
235,2024-11-30,32814.1,1780.0,Met
235,2024-12-31,34560.98,1780.0,Met
235,2025-01-31,36054.07,1780.0,Met
235,2025-02-28,37762.32,1780.0,Met
235,2025-03-31,39281.91,1780.0,Met
235,2025-04-30,40869.35,1780.0,Met
235,2025-05-31,42573.66,1780.0,Met
235,2025-06-30,44312.54,1780.0,Met
235,2025-07-31,45899.33,1780.0,Met
235,2025-08-31,47203.85,1780.0,Met
235,2025-09-30,48542.3,1780.0,Met
235,2025-10-31,49959.48,1780.0,Met
235,2025-11-30,51508.9,1780.0,Met
235,2025-12-31,53270.37,1780.0,Met
235,2026-01-31,54794.61,1780.0,Met
235,2026-02-28,56114.92,1780.0,Met
235,2026-03-31,57582.98,1780.0,Met
235,2026-04-30,58935.73,1780.0,Met
235,2026-05-31,60583.74,1780.0,Met
235,2026-06-30,62073.25,1780.0,Met
235,2026-07-31,63550.65,1780.0,Met
235,2026-08-31,64111.28,571.21,Below-Target
236,2023-01-31,3828.65,1074.87,Below-Target
236,2023-02-28,5403.59,1790.0,Met
236,2023-03-31,6908.03,1790.0,Met
236,2023-04-30,8430.52,1790.0,Met
236,2023-05-31,9846.48,1790.0,Met
236,2023-06-30,11330.65,1790.0,Met
236,2023-07-31,13080.47,1790.0,Met
236,2023-08-31,14543.64,1790.0,Met
236,2023-09-30,14831.77,668.07,Below-Target
236,2023-10-31,16451.34,1790.0,Met
236,2023-11-30,17194.04,1215.09,Below-Target
236,2023-12-31,18714.64,1790.0,Met
236,2024-01-31,20456.85,1790.0,Met
236,2024-02-29,22059.38,1790.0,Met
236,2024-03-31,23621.58,1790.0,Met
236,2024-04-30,24888.88,1790.0,Met
236,2024-05-31,26148.86,1790.0,Met
236,2024-06-30,27647.48,1790.0,Met
236,2024-07-31,29246.63,1790.0,Met
236,2024-08-31,29728.7,838.79,Below-Target
236,2024-09-30,31167.86,1790.0,Met
236,2024-10-31,31452.03,650.68,Below-Target
236,2024-11-30,32107.61,977.79,Below-Target
236,2024-12-31,33364.27,1790.0,Met
236,2025-01-31,34662.31,1790.0,Met
236,2025-02-28,36310.68,1790.0,Met
236,2025-03-31,37777.0,1790.0,Met
236,2025-04-30,39340.97,1790.0,Met
236,2025-05-31,40017.51,887.76,Below-Target
236,2025-06-30,41060.62,1195.59,Below-Target
236,2025-07-31,42388.8,1790.0,Met
236,2025-08-31,42864.34,792.3,Below-Target
236,2025-09-30,44395.84,1790.0,Met
236,2025-10-31,45860.31,1790.0,Met
236,2025-11-30,45811.74,0.0,Missed
236,2025-12-31,45756.51,475.35,Below-Target
236,2026-01-31,47280.99,1790.0,Met
236,2026-02-28,48663.41,1790.0,Met
236,2026-03-31,49918.12,1790.0,Met
236,2026-04-30,51321.32,1790.0,Met
236,2026-05-31,53043.01,1790.0,Met
236,2026-06-30,54543.02,1790.0,Met
236,2026-07-31,56247.72,1790.0,Met
236,2026-08-31,56254.81,469.16,Below-Target
237,2023-01-31,8428.15,1700.0,Met
237,2023-02-28,9948.71,1700.0,Met
237,2023-03-31,11561.23,1700.0,Met
237,2023-04-30,12758.26,1700.0,Met
237,2023-05-31,14107.06,1700.0,Met
237,2023-06-30,15759.2,1700.0,Met
237,2023-07-31,17251.1,1700.0,Met
237,2023-08-31,18830.83,1700.0,Met
237,2023-09-30,20184.99,1700.0,Met
237,2023-10-31,21805.6,1700.0,Met
237,2023-11-30,23438.55,1700.0,Met
237,2023-12-31,25015.85,1700.0,Met
237,2024-01-31,26229.1,1700.0,Met
237,2024-02-29,27901.74,1700.0,Met
237,2024-03-31,29441.92,1700.0,Met
237,2024-04-30,29997.66,983.21,Below-Target
237,2024-05-31,31558.1,1700.0,Met
237,2024-06-30,33186.12,1700.0,Met
237,2024-07-31,34734.38,1700.0,Met
237,2024-08-31,36257.65,1700.0,Met
237,2024-09-30,37769.42,1700.0,Met
237,2024-10-31,39089.15,1700.0,Met
237,2024-11-30,40346.92,1700.0,Met
237,2024-12-31,40689.05,778.17,Below-Target
237,2025-01-31,41939.24,1700.0,Met
237,2025-02-28,43401.77,1700.0,Met
237,2025-03-31,44964.16,1700.0,Met
237,2025-04-30,46262.42,1700.0,Met
237,2025-05-31,47499.7,1700.0,Met
237,2025-06-30,48952.75,1700.0,Met
237,2025-07-31,50564.07,1700.0,Met
237,2025-08-31,51905.74,1700.0,Met
237,2025-09-30,53132.15,1700.0,Met
237,2025-10-31,54582.78,1700.0,Met
237,2025-11-30,56170.27,1700.0,Met
237,2025-12-31,57695.26,1700.0,Met
237,2026-01-31,59362.18,1700.0,Met
237,2026-02-28,60880.13,1700.0,Met
237,2026-03-31,61348.96,626.92,Below-Target
237,2026-04-30,61455.66,584.89,Below-Target
237,2026-05-31,62956.95,1700.0,Met
237,2026-06-30,64483.76,1700.0,Met
237,2026-07-31,65887.91,1700.0,Met
237,2026-08-31,67293.59,1700.0,Met
238,2023-01-31,15060.03,1850.0,Met
238,2023-02-28,16448.12,1850.0,Met
238,2023-03-31,16256.23,0.0,Missed
238,2023-04-30,16226.08,460.86,Below-Target
238,2023-05-31,16663.46,575.89,Below-Target
238,2023-06-30,18425.99,1850.0,Met
238,2023-07-31,19864.82,1850.0,Met
238,2023-08-31,19507.38,0.0,Missed
238,2023-09-30,21256.96,1850.0,Met
238,2023-10-31,22859.17,1850.0,Met
238,2023-11-30,24317.97,1850.0,Met
238,2023-12-31,24679.56,434.63,Below-Target
238,2024-01-31,25726.59,1169.71,Below-Target
238,2024-02-29,26672.75,1007.01,Below-Target
238,2024-03-31,26480.37,0.0,Missed
238,2024-04-30,27943.64,1850.0,Met
238,2024-05-31,29537.25,1850.0,Met
238,2024-06-30,30339.88,1247.76,Below-Target
238,2024-07-31,31779.52,1850.0,Met
238,2024-08-31,33255.82,1850.0,Met
238,2024-09-30,33237.17,0.0,Missed
238,2024-10-31,33606.73,732.23,Below-Target
238,2024-11-30,35124.82,1850.0,Met
238,2024-12-31,36576.81,1850.0,Met
238,2025-01-31,36982.77,545.37,Below-Target
238,2025-02-28,38684.56,1850.0,Met
238,2025-03-31,40077.4,1850.0,Met
238,2025-04-30,41614.7,1850.0,Met
238,2025-05-31,43138.23,1850.0,Met
238,2025-06-30,44901.48,1850.0,Met
238,2025-07-31,46239.06,1850.0,Met
238,2025-08-31,48057.77,1850.0,Met
238,2025-09-30,49816.11,1850.0,Met
238,2025-10-31,50196.06,778.33,Below-Target
238,2025-11-30,51958.81,1850.0,Met
238,2025-12-31,53338.63,1850.0,Met
238,2026-01-31,54698.84,1850.0,Met
238,2026-02-28,56246.16,1850.0,Met
238,2026-03-31,58037.09,1850.0,Met
238,2026-04-30,59765.93,1850.0,Met
238,2026-05-31,61409.4,1850.0,Met
238,2026-06-30,63235.2,1850.0,Met
238,2026-07-31,65051.9,1850.0,Met
238,2026-08-31,66549.95,1850.0,Met
239,2023-01-31,5021.03,1610.0,Met
239,2023-02-28,6401.2,1610.0,Met
239,2023-03-31,7851.47,1610.0,Met
239,2023-04-30,9195.08,1610.0,Met
239,2023-05-31,10725.05,1610.0,Met
239,2023-06-30,11869.47,1610.0,Met
239,2023-07-31,13362.91,1610.0,Met
239,2023-08-31,14769.49,1610.0,Met
239,2023-09-30,16290.71,1610.0,Met
239,2023-10-31,17717.87,1610.0,Met
239,2023-11-30,18858.33,1610.0,Met
239,2023-12-31,20055.04,1610.0,Met
239,2024-01-31,21211.85,1610.0,Met
239,2024-02-29,22660.44,1610.0,Met
239,2024-03-31,23915.51,1610.0,Met
239,2024-04-30,25300.65,1610.0,Met
239,2024-05-31,26759.19,1610.0,Met
239,2024-06-30,26726.35,0.0,Missed
239,2024-07-31,26549.35,0.0,Missed
239,2024-08-31,27752.12,1610.0,Met
239,2024-09-30,29087.35,1610.0,Met
239,2024-10-31,30357.49,1610.0,Met
239,2024-11-30,31526.45,1610.0,Met
239,2024-12-31,32755.33,1610.0,Met
239,2025-01-31,33985.87,1610.0,Met
239,2025-02-28,35224.38,1610.0,Met
239,2025-03-31,35897.94,889.8,Below-Target
239,2025-04-30,37419.87,1610.0,Met
239,2025-05-31,38085.82,915.09,Below-Target
239,2025-06-30,39653.18,1610.0,Met
239,2025-07-31,41174.3,1610.0,Met
239,2025-08-31,41405.06,584.48,Below-Target
239,2025-09-30,42783.24,1610.0,Met
239,2025-10-31,44215.37,1610.0,Met
239,2025-11-30,45606.49,1610.0,Met
239,2025-12-31,46982.39,1610.0,Met
239,2026-01-31,48460.52,1610.0,Met
239,2026-02-28,49618.57,1610.0,Met
239,2026-03-31,51200.84,1610.0,Met
239,2026-04-30,52582.93,1610.0,Met
239,2026-05-31,54086.34,1610.0,Met
239,2026-06-30,55609.91,1610.0,Met
239,2026-07-31,57161.05,1610.0,Met
239,2026-08-31,58674.3,1610.0,Met
240,2023-01-31,11668.18,1870.0,Met
240,2023-02-28,13198.15,1870.0,Met
240,2023-03-31,14710.25,1870.0,Met
240,2023-04-30,16178.41,1870.0,Met
240,2023-05-31,17518.72,1870.0,Met
240,2023-06-30,19167.62,1870.0,Met
240,2023-07-31,20891.59,1870.0,Met
240,2023-08-31,22518.95,1870.0,Met
240,2023-09-30,24057.04,1870.0,Met
240,2023-10-31,25588.5,1870.0,Met
240,2023-11-30,25876.05,811.43,Below-Target
240,2023-12-31,27377.88,1870.0,Met
240,2024-01-31,29021.87,1870.0,Met
240,2024-02-29,30878.38,1870.0,Met
240,2024-03-31,30632.49,0.0,Missed
240,2024-04-30,32332.26,1870.0,Met
240,2024-05-31,33982.27,1870.0,Met
240,2024-06-30,35466.4,1870.0,Met
240,2024-07-31,36815.07,1870.0,Met
240,2024-08-31,38303.59,1870.0,Met
240,2024-09-30,40000.07,1870.0,Met
240,2024-10-31,41586.45,1870.0,Met
240,2024-11-30,42147.59,1069.08,Below-Target
240,2024-12-31,43834.15,1870.0,Met
240,2025-01-31,45516.66,1870.0,Met
240,2025-02-28,47294.0,1870.0,Met
240,2025-03-31,49060.57,1870.0,Met
240,2025-04-30,50509.38,1870.0,Met
240,2025-05-31,51926.54,1870.0,Met
240,2025-06-30,53612.87,1870.0,Met
240,2025-07-31,55393.76,1870.0,Met
240,2025-08-31,56733.35,1870.0,Met
240,2025-09-30,58108.57,1870.0,Met
240,2025-10-31,58909.49,1140.74,Below-Target
240,2025-11-30,60240.4,1870.0,Met
240,2025-12-31,61958.66,1870.0,Met
240,2026-01-31,63390.54,1870.0,Met
240,2026-02-28,65118.43,1870.0,Met
240,2026-03-31,66495.98,1870.0,Met
240,2026-04-30,68142.84,1870.0,Met
240,2026-05-31,69956.67,1870.0,Met
240,2026-06-30,69620.35,0.0,Missed
240,2026-07-31,71441.58,1870.0,Met
240,2026-08-31,73099.28,1870.0,Met
241,2023-01-31,9911.26,1640.0,Met
241,2023-02-28,11187.76,1640.0,Met
241,2023-03-31,12571.05,1640.0,Met
241,2023-04-30,13728.97,1640.0,Met
241,2023-05-31,13595.23,0.0,Missed
241,2023-06-30,14795.32,1640.0,Met
241,2023-07-31,16425.97,1640.0,Met
241,2023-08-31,17605.88,1640.0,Met
241,2023-09-30,18913.37,1640.0,Met
241,2023-10-31,20512.34,1640.0,Met
241,2023-11-30,20206.52,0.0,Missed
241,2023-12-31,21452.92,1640.0,Met
241,2024-01-31,22945.47,1640.0,Met
241,2024-02-29,24309.24,1640.0,Met
241,2024-03-31,25607.1,1640.0,Met
241,2024-04-30,27197.16,1640.0,Met
241,2024-05-31,28823.55,1640.0,Met
241,2024-06-30,30098.88,1640.0,Met
241,2024-07-31,31531.83,1640.0,Met
241,2024-08-31,33105.3,1640.0,Met
241,2024-09-30,33943.39,1081.11,Below-Target
241,2024-10-31,35106.42,1640.0,Met
241,2024-11-30,36269.31,1640.0,Met
241,2024-12-31,37908.15,1640.0,Met
241,2025-01-31,39116.83,1640.0,Met
241,2025-02-28,40363.33,1640.0,Met
241,2025-03-31,41897.52,1640.0,Met
241,2025-04-30,43356.92,1640.0,Met
241,2025-05-31,44688.35,1640.0,Met
241,2025-06-30,46279.44,1640.0,Met
241,2025-07-31,47883.43,1640.0,Met
241,2025-08-31,49123.1,1640.0,Met
241,2025-09-30,50389.25,1640.0,Met
241,2025-10-31,51996.5,1640.0,Met
241,2025-11-30,53344.43,1640.0,Met
241,2025-12-31,54901.79,1640.0,Met
241,2026-01-31,56421.54,1640.0,Met
241,2026-02-28,57611.29,1640.0,Met
241,2026-03-31,59234.09,1640.0,Met
241,2026-04-30,60567.86,1640.0,Met
241,2026-05-31,61766.26,1640.0,Met
241,2026-06-30,61793.9,408.1,Below-Target
241,2026-07-31,63276.36,1640.0,Met
241,2026-08-31,64169.54,899.94,Below-Target
242,2023-01-31,12502.58,1760.0,Met
242,2023-02-28,13865.62,1760.0,Met
242,2023-03-31,15381.2,1760.0,Met
242,2023-04-30,16008.42,1093.75,Below-Target
242,2023-05-31,16358.44,505.26,Below-Target
242,2023-06-30,17992.53,1760.0,Met
242,2023-07-31,17578.49,0.0,Missed
242,2023-08-31,18927.64,1760.0,Met
242,2023-09-30,20205.5,1760.0,Met
242,2023-10-31,21585.98,1760.0,Met
242,2023-11-30,23019.25,1760.0,Met
242,2023-12-31,24263.73,1760.0,Met
242,2024-01-31,25645.93,1760.0,Met
242,2024-02-29,27400.23,1760.0,Met
242,2024-03-31,28878.79,1760.0,Met
242,2024-04-30,30621.27,1760.0,Met
242,2024-05-31,32356.67,1760.0,Met
242,2024-06-30,33593.28,1760.0,Met
242,2024-07-31,35348.17,1760.0,Met
242,2024-08-31,36414.58,1173.12,Below-Target
242,2024-09-30,37874.73,1760.0,Met
242,2024-10-31,39192.6,1760.0,Met
242,2024-11-30,40751.73,1760.0,Met
242,2024-12-31,42498.53,1760.0,Met
242,2025-01-31,43503.15,1117.98,Below-Target
242,2025-02-28,45222.98,1760.0,Met
242,2025-03-31,46622.23,1760.0,Met
242,2025-04-30,48283.55,1760.0,Met
242,2025-05-31,49958.98,1760.0,Met
242,2025-06-30,51260.18,1760.0,Met
242,2025-07-31,51630.87,429.67,Below-Target
242,2025-08-31,53093.08,1760.0,Met
242,2025-09-30,54765.63,1760.0,Met
242,2025-10-31,54372.21,0.0,Missed
242,2025-11-30,55928.25,1760.0,Met
242,2025-12-31,57634.65,1760.0,Met
242,2026-01-31,59182.98,1760.0,Met
242,2026-02-28,60883.35,1760.0,Met
242,2026-03-31,62156.0,1760.0,Met
242,2026-04-30,63524.24,1760.0,Met
242,2026-05-31,65212.59,1760.0,Met
242,2026-06-30,66877.8,1760.0,Met
242,2026-07-31,68538.11,1760.0,Met
242,2026-08-31,70162.63,1760.0,Met
243,2023-01-31,5686.92,1940.0,Met
243,2023-02-28,7603.18,1940.0,Met
243,2023-03-31,9494.48,1940.0,Met
243,2023-04-30,10892.6,1940.0,Met
243,2023-05-31,12459.7,1940.0,Met
243,2023-06-30,13849.46,1940.0,Met
243,2023-07-31,15328.55,1940.0,Met
243,2023-08-31,16964.8,1940.0,Met
243,2023-09-30,18869.5,1940.0,Met
243,2023-10-31,20549.14,1940.0,Met
243,2023-11-30,22487.61,1940.0,Met
243,2023-12-31,24241.42,1940.0,Met
243,2024-01-31,25941.14,1940.0,Met
243,2024-02-29,27844.89,1940.0,Met
243,2024-03-31,29491.44,1940.0,Met
243,2024-04-30,31076.44,1940.0,Met
243,2024-05-31,33012.4,1940.0,Met
243,2024-06-30,34820.16,1940.0,Met
243,2024-07-31,36498.55,506.9,Missed
243,2024-08-31,38267.37,882.23,Below-Target
243,2024-09-30,39663.92,1940.0,Met
243,2024-10-31,41413.21,1940.0,Met
243,2024-11-30,41357.48,469.68,Below-Target
243,2024-12-31,43032.92,1940.0,Met
243,2025-01-31,44715.27,1940.0,Met
243,2025-02-28,45127.62,521.42,Below-Target
243,2025-03-31,46574.81,1940.0,Met
243,2025-04-30,48377.31,1940.0,Met
243,2025-05-31,50254.49,1940.0,Met
243,2025-06-30,52157.7,1940.0,Met
243,2025-07-31,54081.59,1940.0,Met
243,2025-08-31,54983.04,1212.34,Below-Target
243,2025-09-30,56563.39,1940.0,Met
243,2025-10-31,58486.24,1940.0,Met
243,2025-11-30,60192.72,1940.0,Met
243,2025-12-31,61740.21,1940.0,Met
243,2026-01-31,63196.03,1940.0,Met
243,2026-02-28,63999.22,848.38,Below-Target
243,2026-03-31,65910.69,1940.0,Met
243,2026-04-30,67535.96,1940.0,Met
243,2026-05-31,68426.19,1220.07,Below-Target
243,2026-06-30,68799.52,927.47,Below-Target
243,2026-07-31,70687.39,1940.0,Met
243,2026-08-31,71689.07,1149.87,Below-Target
244,2023-09-30,4185.52,1780.0,Met
244,2023-10-31,5806.51,1780.0,Met
244,2023-11-30,7084.53,1780.0,Met
244,2023-12-31,8513.35,1780.0,Met
244,2024-01-31,10260.01,1780.0,Met
244,2024-02-29,11507.72,1780.0,Met
244,2024-03-31,11622.62,600.19,Below-Target
244,2024-04-30,13135.7,1780.0,Met
244,2024-05-31,14667.54,1780.0,Met
244,2024-06-30,16409.5,1780.0,Met
244,2024-07-31,16579.09,471.03,Below-Target
244,2024-08-31,18307.59,1780.0,Met
244,2024-09-30,20005.74,1780.0,Met
244,2024-10-31,21560.3,1780.0,Met
244,2024-11-30,22842.62,1780.0,Met
244,2024-12-31,24116.59,1780.0,Met
244,2025-01-31,25875.16,1780.0,Met
244,2025-02-28,26527.0,948.28,Below-Target
244,2025-03-31,27780.92,1780.0,Met
244,2025-04-30,27617.87,0.0,Missed
244,2025-05-31,29311.28,1780.0,Met
244,2025-06-30,31018.66,1780.0,Met
244,2025-07-31,31991.37,1004.39,Below-Target
244,2025-08-31,32569.44,922.14,Below-Target
244,2025-09-30,34206.45,1780.0,Met
244,2025-10-31,35733.17,1780.0,Met
244,2025-11-30,37134.7,1780.0,Met
244,2025-12-31,38392.2,1780.0,Met
244,2026-01-31,38061.44,0.0,Missed
244,2026-02-28,38251.01,525.26,Below-Target
244,2026-03-31,39778.64,1780.0,Met
244,2026-04-30,41550.15,1780.0,Met
244,2026-05-31,43194.01,1780.0,Met
244,2026-06-30,43787.83,901.04,Below-Target
244,2026-07-31,45341.58,1780.0,Met
244,2026-08-31,46694.43,1780.0,Met
245,2023-01-31,7620.93,1920.0,Met
245,2023-02-28,9150.79,1920.0,Met
245,2023-03-31,10749.82,1920.0,Met
245,2023-04-30,12232.75,1920.0,Met
245,2023-05-31,13952.99,1920.0,Met
245,2023-06-30,15525.77,1920.0,Met
245,2023-07-31,17127.32,1920.0,Met
245,2023-08-31,18813.89,1920.0,Met
245,2023-09-30,20644.31,1920.0,Met
245,2023-10-31,22003.68,1920.0,Met
245,2023-11-30,22691.33,1181.22,Below-Target
245,2023-12-31,23613.52,1285.51,Below-Target
245,2024-01-31,25473.41,1920.0,Met
245,2024-02-29,27251.8,1920.0,Met
245,2024-03-31,29104.59,1920.0,Met
245,2024-04-30,30947.87,1920.0,Met
245,2024-05-31,32470.6,1920.0,Met
245,2024-06-30,33993.72,1920.0,Met
245,2024-07-31,35353.68,1920.0,Met
245,2024-08-31,37042.62,1920.0,Met
245,2024-09-30,38658.39,1920.0,Met
245,2024-10-31,40067.54,1920.0,Met
245,2024-11-30,41722.94,1920.0,Met
245,2024-12-31,43489.53,1920.0,Met
245,2025-01-31,44996.77,1920.0,Met
245,2025-02-28,46407.57,1920.0,Met
245,2025-03-31,46484.97,579.25,Below-Target
245,2025-04-30,46889.03,464.69,Below-Target
245,2025-05-31,48296.73,1920.0,Met
245,2025-06-30,49645.55,1920.0,Met
245,2025-07-31,51196.02,1920.0,Met
245,2025-08-31,52647.76,1920.0,Met
245,2025-09-30,54261.63,1920.0,Met
245,2025-10-31,55688.4,1920.0,Met
245,2025-11-30,57390.35,1920.0,Met
245,2025-12-31,58792.39,1920.0,Met
245,2026-01-31,60352.94,1920.0,Met
245,2026-02-28,61748.87,1920.0,Met
245,2026-03-31,63385.99,1920.0,Met
245,2026-04-30,64786.39,1920.0,Met
245,2026-05-31,66540.34,1920.0,Met
245,2026-06-30,67954.36,1920.0,Met
245,2026-07-31,67854.41,0.0,Missed
245,2026-08-31,69656.73,1920.0,Met
246,2023-01-31,5149.18,753.56,Below-Target
246,2023-02-28,6342.73,1480.0,Met
246,2023-03-31,7662.83,1480.0,Met
246,2023-04-30,7863.74,341.25,Below-Target
246,2023-05-31,9180.09,1480.0,Met
246,2023-06-30,9296.92,351.72,Below-Target
246,2023-07-31,9695.64,651.28,Below-Target
246,2023-08-31,10634.3,960.29,Below-Target
246,2023-09-30,10273.43,0.0,Missed
246,2023-10-31,11637.96,1480.0,Met
246,2023-11-30,12675.01,1480.0,Met
246,2023-12-31,13931.6,1480.0,Met
246,2024-01-31,15232.0,1480.0,Met
246,2024-02-29,16290.14,1480.0,Met
246,2024-03-31,17532.57,1480.0,Met
246,2024-04-30,18578.13,1480.0,Met
246,2024-05-31,18771.77,524.32,Below-Target
246,2024-06-30,18489.52,0.0,Missed
246,2024-07-31,19247.25,763.61,Below-Target
246,2024-08-31,20397.16,1480.0,Met
246,2024-09-30,21555.09,1480.0,Met
246,2024-10-31,22651.07,1480.0,Met
246,2024-11-30,24023.47,1480.0,Met
246,2024-12-31,25366.05,1480.0,Met
246,2025-01-31,26485.5,1480.0,Met
246,2025-02-28,27612.16,1480.0,Met
246,2025-03-31,28874.12,1480.0,Met
246,2025-04-30,28594.92,0.0,Missed
246,2025-05-31,30070.94,1480.0,Met
246,2025-06-30,31207.84,1480.0,Met
246,2025-07-31,32532.44,1480.0,Met
246,2025-08-31,33964.72,1480.0,Met
246,2025-09-30,35443.73,1480.0,Met
246,2025-10-31,36838.92,1480.0,Met
246,2025-11-30,38318.19,1480.0,Met
246,2025-12-31,39774.79,1480.0,Met
246,2026-01-31,40178.72,651.64,Below-Target
246,2026-02-28,41418.46,1480.0,Met
246,2026-03-31,42471.23,1480.0,Met
246,2026-04-30,43850.51,1480.0,Met
246,2026-05-31,44919.59,1480.0,Met
246,2026-06-30,46225.94,1480.0,Met
246,2026-07-31,47374.04,1480.0,Met
246,2026-08-31,48722.9,1480.0,Met
247,2023-01-31,7221.96,702.75,Below-Target
247,2023-02-28,8264.79,1380.0,Met
247,2023-03-31,9457.39,1380.0,Met
247,2023-04-30,9460.89,389.11,Below-Target
247,2023-05-31,10722.52,1380.0,Met
247,2023-06-30,11990.87,1380.0,Met
247,2023-07-31,13365.14,1380.0,Met
247,2023-08-31,14396.47,1380.0,Met
247,2023-09-30,15484.37,1380.0,Met
247,2023-10-31,16689.19,1380.0,Met
247,2023-11-30,17922.65,1380.0,Met
247,2023-12-31,19087.86,1380.0,Met
247,2024-01-31,19338.1,498.22,Below-Target
247,2024-02-29,19398.88,464.55,Below-Target
247,2024-03-31,20490.1,1380.0,Met
247,2024-04-30,21558.14,1380.0,Met
247,2024-05-31,22621.48,1380.0,Met
247,2024-06-30,23755.96,1380.0,Met
247,2024-07-31,25005.8,1380.0,Met
247,2024-08-31,26191.54,1380.0,Met
247,2024-09-30,26558.72,718.51,Below-Target
247,2024-10-31,27755.08,1380.0,Met
247,2024-11-30,29005.96,1380.0,Met
247,2024-12-31,30369.25,1380.0,Met
247,2025-01-31,31498.68,1380.0,Met
247,2025-02-28,32656.99,1380.0,Met
247,2025-03-31,33717.43,1380.0,Met
247,2025-04-30,35002.26,1380.0,Met
247,2025-05-31,36284.4,1380.0,Met
247,2025-06-30,36104.87,0.0,Missed
247,2025-07-31,37429.66,1380.0,Met
247,2025-08-31,38581.32,1380.0,Met
247,2025-09-30,39699.37,1380.0,Met
247,2025-10-31,40782.66,1380.0,Met
247,2025-11-30,41199.98,565.21,Below-Target
247,2025-12-31,42204.4,1380.0,Met
247,2026-01-31,43209.0,1380.0,Met
247,2026-02-28,44555.1,1380.0,Met
247,2026-03-31,45911.53,1380.0,Met
247,2026-04-30,47237.9,1380.0,Met
247,2026-05-31,48561.27,1380.0,Met
247,2026-06-30,49669.93,1380.0,Met
247,2026-07-31,49946.29,639.21,Below-Target
247,2026-08-31,51211.44,1380.0,Met
248,2023-01-31,10780.2,1350.0,Met
248,2023-02-28,11873.75,1350.0,Met
248,2023-03-31,13072.48,1350.0,Met
248,2023-04-30,14098.03,1350.0,Met
248,2023-05-31,15257.43,1350.0,Met
248,2023-06-30,16311.82,1350.0,Met
248,2023-07-31,17646.4,1350.0,Met
248,2023-08-31,18634.12,1350.0,Met
248,2023-09-30,19216.29,895.41,Below-Target
248,2023-10-31,20203.39,1350.0,Met
248,2023-11-30,21205.21,1350.0,Met
248,2023-12-31,22251.67,1350.0,Met
248,2024-01-31,23307.06,1350.0,Met
248,2024-02-29,24523.31,1350.0,Met
248,2024-03-31,25491.33,1350.0,Met
248,2024-04-30,25927.92,772.52,Below-Target
248,2024-05-31,26956.71,1350.0,Met
248,2024-06-30,26994.22,304.68,Below-Target
248,2024-07-31,28031.21,1350.0,Met
248,2024-08-31,28637.71,845.04,Below-Target
248,2024-09-30,29916.77,1350.0,Met
248,2024-10-31,30989.08,1350.0,Met
248,2024-11-30,31192.72,558.97,Below-Target
248,2024-12-31,32289.93,1350.0,Met
248,2025-01-31,33365.08,1350.0,Met
248,2025-02-28,34336.17,1350.0,Met
248,2025-03-31,35628.58,1350.0,Met
248,2025-04-30,36709.35,1350.0,Met
248,2025-05-31,38043.94,1350.0,Met
248,2025-06-30,39167.03,1350.0,Met
248,2025-07-31,40378.32,1350.0,Met
248,2025-08-31,41347.08,1350.0,Met
248,2025-09-30,42529.07,1350.0,Met
248,2025-10-31,43688.81,1350.0,Met
248,2025-11-30,44699.76,1350.0,Met
248,2025-12-31,46021.74,1350.0,Met
248,2026-01-31,45748.08,0.0,Missed
248,2026-02-28,46902.84,1350.0,Met
248,2026-03-31,48117.69,1350.0,Met
248,2026-04-30,49298.71,1350.0,Met
248,2026-05-31,50355.89,1350.0,Met
248,2026-06-30,51697.07,1350.0,Met
248,2026-07-31,52903.63,1350.0,Met
248,2026-08-31,53933.44,1350.0,Met
249,2023-01-31,4797.53,414.32,Below-Target
249,2023-02-28,6278.6,1740.0,Met
249,2023-03-31,7746.49,1740.0,Met
249,2023-04-30,9015.68,1740.0,Met
249,2023-05-31,8549.48,0.0,Missed
249,2023-06-30,10175.42,1740.0,Met
249,2023-07-31,11765.68,1740.0,Met
249,2023-08-31,13185.71,1740.0,Met
249,2023-09-30,14505.79,1740.0,Met
249,2023-10-31,16220.59,1740.0,Met
249,2023-11-30,17446.2,1740.0,Met
249,2023-12-31,18832.61,1740.0,Met
249,2024-01-31,20147.07,1740.0,Met
249,2024-02-29,21841.74,1740.0,Met
249,2024-03-31,23451.34,1740.0,Met
249,2024-04-30,24739.8,1740.0,Met
249,2024-05-31,26385.46,1740.0,Met
249,2024-06-30,27809.71,1740.0,Met
249,2024-07-31,29433.56,1740.0,Met
249,2024-08-31,29869.94,818.05,Below-Target
249,2024-09-30,31575.06,1740.0,Met
249,2024-10-31,32829.7,1740.0,Met
249,2024-11-30,34060.0,1740.0,Met
249,2024-12-31,34602.93,781.84,Below-Target
249,2025-01-31,36217.56,1740.0,Met
249,2025-02-28,37558.1,1740.0,Met
249,2025-03-31,39135.68,1740.0,Met
249,2025-04-30,40702.99,1740.0,Met
249,2025-05-31,40762.43,528.98,Below-Target
249,2025-06-30,42182.25,1740.0,Met
249,2025-07-31,43559.04,1740.0,Met
249,2025-08-31,44896.31,1740.0,Met
249,2025-09-30,46580.0,1740.0,Met
249,2025-10-31,48120.69,1740.0,Met
249,2025-11-30,49696.19,1740.0,Met
249,2025-12-31,51006.8,1740.0,Met
249,2026-01-31,52364.91,1740.0,Met
249,2026-02-28,53744.13,1740.0,Met
249,2026-03-31,54990.22,1740.0,Met
249,2026-04-30,56539.57,1740.0,Met
249,2026-05-31,58243.12,1740.0,Met
249,2026-06-30,57971.67,0.0,Missed
249,2026-07-31,59301.66,1740.0,Met
249,2026-08-31,60966.88,1740.0,Met
250,2023-01-31,6539.45,1690.0,Met
250,2023-02-28,8034.0,1690.0,Met
250,2023-03-31,9670.2,1690.0,Met
250,2023-04-30,11297.69,1690.0,Met
250,2023-05-31,11636.94,596.32,Below-Target
250,2023-06-30,13272.51,1690.0,Met
250,2023-07-31,13951.1,1164.9,Below-Target
250,2023-08-31,15517.05,1690.0,Met
250,2023-09-30,15181.97,0.0,Missed
250,2023-10-31,16426.44,1690.0,Met
250,2023-11-30,17120.09,721.3,Below-Target
250,2023-12-31,18782.87,1690.0,Met
250,2024-01-31,20054.57,1690.0,Met
250,2024-02-29,20345.98,629.42,Below-Target
250,2024-03-31,21660.53,1690.0,Met
250,2024-04-30,23167.39,1690.0,Met
250,2024-05-31,24627.24,1690.0,Met
250,2024-06-30,26235.71,1690.0,Met
250,2024-07-31,27653.44,1690.0,Met
250,2024-08-31,28954.82,1690.0,Met
250,2024-09-30,30601.91,1690.0,Met
250,2024-10-31,31872.49,1690.0,Met
250,2024-11-30,33075.33,1690.0,Met
250,2024-12-31,33674.19,640.71,Below-Target
250,2025-01-31,35194.95,1690.0,Met
250,2025-02-28,36505.14,1690.0,Met
250,2025-03-31,38055.06,1690.0,Met
250,2025-04-30,38218.75,670.58,Below-Target
250,2025-05-31,37999.44,0.0,Missed
250,2025-06-30,39616.24,1690.0,Met
250,2025-07-31,39828.51,342.99,Below-Target
250,2025-08-31,39742.38,0.0,Missed
250,2025-09-30,40461.46,1164.66,Below-Target
250,2025-10-31,41960.99,1690.0,Met
250,2025-11-30,43483.56,1690.0,Met
250,2025-12-31,45168.83,1690.0,Met
250,2026-01-31,46560.75,1690.0,Met
250,2026-02-28,47947.0,1690.0,Met
250,2026-03-31,49614.16,1690.0,Met
250,2026-04-30,49977.85,592.57,Below-Target
250,2026-05-31,51194.66,1690.0,Met
250,2026-06-30,52768.81,1690.0,Met
250,2026-07-31,54074.11,1690.0,Met
250,2026-08-31,53615.94,0.0,Missed
251,2026-07-31,12641.3,1015.35,Below-Target
251,2026-08-31,14121.65,1850.0,Met
252,2025-05-31,8041.89,365.42,Below-Target
252,2025-06-30,9376.46,1690.0,Met
252,2025-07-31,10725.29,1690.0,Met
252,2025-08-31,12365.73,1690.0,Met
252,2025-09-30,14049.35,1690.0,Met
252,2025-10-31,15425.98,1690.0,Met
252,2025-11-30,16737.88,1690.0,Met
252,2025-12-31,18291.91,1690.0,Met
252,2026-01-31,19554.49,1690.0,Met
252,2026-02-28,21098.18,1690.0,Met
252,2026-03-31,22533.24,1690.0,Met
252,2026-04-30,23169.06,1076.51,Below-Target
252,2026-05-31,24476.56,1690.0,Met
252,2026-06-30,25710.71,1690.0,Met
252,2026-07-31,27354.92,1690.0,Met
252,2026-08-31,29018.44,1690.0,Met
253,2023-01-31,15146.87,1880.0,Met
253,2023-02-28,16824.63,1880.0,Met
253,2023-03-31,18314.02,1880.0,Met
253,2023-04-30,19959.46,1880.0,Met
253,2023-05-31,21354.64,1880.0,Met
253,2023-06-30,22678.67,1880.0,Met
253,2023-07-31,23657.16,1297.53,Below-Target
253,2023-08-31,25116.26,1880.0,Met
253,2023-09-30,26766.52,1880.0,Met
253,2023-10-31,28325.79,1880.0,Met
253,2023-11-30,30138.44,1880.0,Met
253,2023-12-31,31531.36,1880.0,Met
253,2024-01-31,33294.58,1880.0,Met
253,2024-02-29,34619.52,1880.0,Met
253,2024-03-31,36352.43,1880.0,Met
253,2024-04-30,38190.33,1880.0,Met
253,2024-05-31,39847.59,1880.0,Met
253,2024-06-30,41392.88,1880.0,Met
253,2024-07-31,43190.92,1880.0,Met
253,2024-08-31,44561.32,1880.0,Met
253,2024-09-30,46024.48,1880.0,Met
253,2024-10-31,47431.0,1880.0,Met
253,2024-11-30,49092.26,1880.0,Met
253,2024-12-31,50800.71,1880.0,Met
253,2025-01-31,52255.64,1880.0,Met
253,2025-02-28,53793.56,1880.0,Met
253,2025-03-31,55561.78,1880.0,Met
253,2025-04-30,56917.42,1880.0,Met
253,2025-05-31,58706.03,1880.0,Met
253,2025-06-30,60439.46,1880.0,Met
253,2025-07-31,61997.58,1880.0,Met
253,2025-08-31,62116.07,548.21,Below-Target
253,2025-09-30,63583.35,1880.0,Met
253,2025-10-31,65388.26,1880.0,Met
253,2025-11-30,67200.3,1880.0,Met
253,2025-12-31,68851.67,1880.0,Met
253,2026-01-31,69885.48,1096.18,Below-Target
253,2026-02-28,71216.69,138.05,Below-Target
253,2026-03-31,73045.66,1880.0,Met
253,2026-04-30,74094.73,1186.52,Below-Target
253,2026-05-31,73727.24,0.0,Missed
253,2026-06-30,74249.2,717.05,Below-Target
253,2026-07-31,76126.7,1880.0,Met
253,2026-08-31,77908.69,1880.0,Met
254,2023-01-31,3714.15,1780.0,Met
254,2023-02-28,5100.64,1780.0,Met
254,2023-03-31,6681.08,1780.0,Met
254,2023-04-30,8306.58,1780.0,Met
254,2023-05-31,9808.45,1780.0,Met
254,2023-06-30,11587.45,1780.0,Met
254,2023-07-31,13362.96,1780.0,Met
254,2023-08-31,13344.09,0.0,Missed
254,2023-09-30,13733.38,497.82,Below-Target
254,2023-10-31,15445.32,1780.0,Met
254,2023-11-30,17132.34,1780.0,Met
254,2023-12-31,18450.5,1780.0,Met
254,2024-01-31,18339.95,0.0,Missed
254,2024-02-29,20051.96,1780.0,Met
254,2024-03-31,21411.68,1780.0,Met
254,2024-04-30,21542.32,427.97,Below-Target
254,2024-05-31,23241.55,1780.0,Met
254,2024-06-30,22795.76,0.0,Missed
254,2024-07-31,24209.04,1780.0,Met
254,2024-08-31,25548.88,1780.0,Met
254,2024-09-30,27017.72,1780.0,Met
254,2024-10-31,28271.75,1780.0,Met
254,2024-11-30,27918.61,0.0,Missed
254,2024-12-31,29591.88,1780.0,Met
254,2025-01-31,31016.97,1780.0,Met
254,2025-02-28,32741.98,1780.0,Met
254,2025-03-31,34434.63,1780.0,Met
254,2025-04-30,35965.45,1780.0,Met
254,2025-05-31,37729.42,1780.0,Met
254,2025-06-30,38426.48,923.42,Below-Target
254,2025-07-31,39997.0,1780.0,Met
254,2025-08-31,41447.69,1780.0,Met
254,2025-09-30,42956.89,1780.0,Met
254,2025-10-31,44652.32,1780.0,Met
254,2025-11-30,44478.04,0.0,Missed
254,2025-12-31,46078.46,1780.0,Met
254,2026-01-31,47336.65,1780.0,Met
254,2026-02-28,49090.35,1780.0,Met
254,2026-03-31,50515.76,1780.0,Met
254,2026-04-30,51765.4,1780.0,Met
254,2026-05-31,52441.22,792.61,Below-Target
254,2026-06-30,54115.52,1780.0,Met
254,2026-07-31,55543.0,1780.0,Met
254,2026-08-31,57189.0,1780.0,Met
255,2023-01-31,6862.91,788.84,Below-Target
255,2023-02-28,8259.51,1860.0,Met
255,2023-03-31,9928.5,1860.0,Met
255,2023-04-30,11326.29,1860.0,Met
255,2023-05-31,13155.87,1860.0,Met
255,2023-06-30,14762.11,1860.0,Met
255,2023-07-31,16181.47,1860.0,Met
255,2023-08-31,17562.64,1860.0,Met
255,2023-09-30,19337.96,1860.0,Met
255,2023-10-31,19845.08,951.0,Below-Target
255,2023-11-30,21425.8,1860.0,Met
255,2023-12-31,22882.24,1860.0,Met
255,2024-01-31,22749.46,0.0,Missed
255,2024-02-29,24515.02,1860.0,Met
255,2024-03-31,25977.14,1860.0,Met
255,2024-04-30,27682.83,1860.0,Met
255,2024-05-31,29265.7,1860.0,Met
255,2024-06-30,31075.9,1860.0,Met
255,2024-07-31,32888.53,1860.0,Met
255,2024-08-31,33201.92,781.63,Below-Target
255,2024-09-30,34558.48,1860.0,Met
255,2024-10-31,36343.78,1860.0,Met
255,2024-11-30,37353.54,1070.31,Below-Target
255,2024-12-31,39030.63,1860.0,Met
255,2025-01-31,40372.27,1860.0,Met
255,2025-02-28,42219.05,1860.0,Met
255,2025-03-31,42542.77,493.87,Below-Target
255,2025-04-30,43289.09,911.77,Below-Target
255,2025-05-31,44733.56,1860.0,Met
255,2025-06-30,46114.59,1860.0,Met
255,2025-07-31,47509.41,1860.0,Met
255,2025-08-31,47027.61,0.0,Missed
255,2025-09-30,48395.78,1860.0,Met
255,2025-10-31,49022.51,870.53,Below-Target
255,2025-11-30,50873.33,1860.0,Met
255,2025-12-31,52241.4,1860.0,Met
255,2026-01-31,53602.11,1860.0,Met
255,2026-02-28,54291.09,1020.62,Below-Target
255,2026-03-31,55735.48,1860.0,Met
255,2026-04-30,57516.44,1860.0,Met
255,2026-05-31,58987.53,1860.0,Met
255,2026-06-30,58549.89,0.0,Missed
255,2026-07-31,59887.7,1860.0,Met
255,2026-08-31,61642.65,1860.0,Met
256,2023-01-31,13114.26,753.96,Below-Target
256,2023-02-28,14441.89,1540.0,Met
256,2023-03-31,15932.88,1540.0,Met
256,2023-04-30,17162.71,1540.0,Met
256,2023-05-31,18376.78,1540.0,Met
256,2023-06-30,19897.57,1540.0,Met
256,2023-07-31,20001.09,412.58,Below-Target
256,2023-08-31,21144.73,1540.0,Met
256,2023-09-30,22391.87,1540.0,Met
256,2023-10-31,23497.67,1540.0,Met
256,2023-11-30,25006.86,1540.0,Met
256,2023-12-31,26125.07,1540.0,Met
256,2024-01-31,27482.11,1540.0,Met
256,2024-02-29,28570.04,1540.0,Met
256,2024-03-31,29673.79,1540.0,Met
256,2024-04-30,31008.76,1540.0,Met
256,2024-05-31,32433.16,1540.0,Met
256,2024-06-30,33559.29,1540.0,Met
256,2024-07-31,34876.14,1540.0,Met
256,2024-08-31,36369.64,1540.0,Met
256,2024-09-30,37908.48,1540.0,Met
256,2024-10-31,39052.49,1540.0,Met
256,2024-11-30,40459.89,1540.0,Met
256,2024-12-31,40728.59,457.22,Below-Target
256,2025-01-31,42121.84,1540.0,Met
256,2025-02-28,43453.67,1540.0,Met
256,2025-03-31,44958.61,1540.0,Met
256,2025-04-30,46222.8,1540.0,Met
256,2025-05-31,47419.67,1540.0,Met
256,2025-06-30,48503.34,1540.0,Met
256,2025-07-31,49086.01,811.43,Below-Target
256,2025-08-31,48753.98,0.0,Missed
256,2025-09-30,50130.53,1540.0,Met
256,2025-10-31,49932.45,0.0,Missed
256,2025-11-30,51079.83,1540.0,Met
256,2025-12-31,52166.6,1540.0,Met
256,2026-01-31,53434.11,1540.0,Met
256,2026-02-28,54586.44,1540.0,Met
256,2026-03-31,55980.34,1540.0,Met
256,2026-04-30,55621.2,0.0,Missed
256,2026-05-31,56197.38,836.54,Below-Target
256,2026-06-30,57596.07,1540.0,Met
256,2026-07-31,58325.97,908.28,Below-Target
256,2026-08-31,58886.75,776.47,Below-Target
257,2023-01-31,12864.4,1360.0,Met
257,2023-02-28,14201.72,1360.0,Met
257,2023-03-31,14411.94,295.75,Below-Target
257,2023-04-30,15641.29,1360.0,Met
257,2023-05-31,16626.88,1360.0,Met
257,2023-06-30,17729.51,1360.0,Met
257,2023-07-31,18974.02,1360.0,Met
257,2023-08-31,19663.57,784.2,Below-Target
257,2023-09-30,20628.05,1360.0,Met
257,2023-10-31,21875.32,1360.0,Met
257,2023-11-30,23000.97,1360.0,Met
257,2023-12-31,24126.27,1360.0,Met
257,2024-01-31,25272.61,1360.0,Met
257,2024-02-29,26550.55,1360.0,Met
257,2024-03-31,27790.68,1360.0,Met
257,2024-04-30,28327.67,640.26,Below-Target
257,2024-05-31,29616.21,1360.0,Met
257,2024-06-30,30933.96,1360.0,Met
257,2024-07-31,30696.13,0.0,Missed
257,2024-08-31,31747.81,1360.0,Met
257,2024-09-30,32757.0,1360.0,Met
257,2024-10-31,33997.13,1360.0,Met
257,2024-11-30,35241.79,1360.0,Met
257,2024-12-31,35544.0,485.19,Below-Target
257,2025-01-31,36569.26,1360.0,Met
257,2025-02-28,37650.5,1360.0,Met
257,2025-03-31,38953.57,1360.0,Met
257,2025-04-30,40024.01,1360.0,Met
257,2025-05-31,40981.21,1360.0,Met
257,2025-06-30,42165.69,1360.0,Met
257,2025-07-31,42007.7,0.0,Missed
257,2025-08-31,43070.71,1360.0,Met
257,2025-09-30,44300.08,1360.0,Met
257,2025-10-31,44271.1,0.0,Missed
257,2025-11-30,45243.91,1360.0,Met
257,2025-12-31,46339.66,1360.0,Met
257,2026-01-31,47365.87,1360.0,Met
257,2026-02-28,48636.98,1360.0,Met
257,2026-03-31,49878.58,1360.0,Met
257,2026-04-30,51159.25,1360.0,Met
257,2026-05-31,52310.95,1360.0,Met
257,2026-06-30,53605.23,1360.0,Met
257,2026-07-31,54694.11,1360.0,Met
257,2026-08-31,55698.09,1360.0,Met
258,2023-01-31,14434.02,194.19,Missed
258,2023-02-28,16186.6,1890.0,Met
258,2023-03-31,18074.1,1890.0,Met
258,2023-04-30,19434.86,1890.0,Met
258,2023-05-31,21012.48,1890.0,Met
258,2023-06-30,22775.89,1890.0,Met
258,2023-07-31,22960.86,451.41,Below-Target
258,2023-08-31,24657.44,1890.0,Met
258,2023-09-30,25162.64,761.66,Below-Target
258,2023-10-31,26975.19,1890.0,Met
258,2023-11-30,28369.71,1890.0,Met
258,2023-12-31,29946.35,1890.0,Met
258,2024-01-31,31817.43,1890.0,Met
258,2024-02-29,33184.73,1890.0,Met
258,2024-03-31,34517.62,1890.0,Met
258,2024-04-30,35951.85,1890.0,Met
258,2024-05-31,37639.14,1890.0,Met
258,2024-06-30,39014.22,1890.0,Met
258,2024-07-31,40430.23,1890.0,Met
258,2024-08-31,42312.88,1890.0,Met
258,2024-09-30,43902.45,1890.0,Met
258,2024-10-31,45298.07,1890.0,Met
258,2024-11-30,46757.36,1890.0,Met
258,2024-12-31,48120.72,1890.0,Met
258,2025-01-31,49817.03,1890.0,Met
258,2025-02-28,49732.06,438.62,Below-Target
258,2025-03-31,51144.91,1890.0,Met
258,2025-04-30,52888.19,1890.0,Met
258,2025-05-31,54384.47,1890.0,Met
258,2025-06-30,56144.7,1890.0,Met
258,2025-07-31,57933.95,1890.0,Met
258,2025-08-31,59653.6,1890.0,Met
258,2025-09-30,61159.22,1890.0,Met
258,2025-10-31,61944.02,867.71,Below-Target
258,2025-11-30,62216.12,509.82,Below-Target
258,2025-12-31,62616.1,948.35,Below-Target
258,2026-01-31,64043.22,1890.0,Met
258,2026-02-28,65874.12,1890.0,Met
258,2026-03-31,66847.59,1151.89,Below-Target
258,2026-04-30,68231.17,1890.0,Met
258,2026-05-31,69813.04,1890.0,Met
258,2026-06-30,71521.73,1890.0,Met
258,2026-07-31,72994.4,1890.0,Met
258,2026-08-31,74863.38,1890.0,Met
259,2023-01-31,7934.1,1480.0,Met
259,2023-02-28,8192.9,689.72,Below-Target
259,2023-03-31,9449.12,1480.0,Met
259,2023-04-30,10899.06,1480.0,Met
259,2023-05-31,12263.99,1480.0,Met
259,2023-06-30,13717.11,1480.0,Met
259,2023-07-31,15055.01,1480.0,Met
259,2023-08-31,15032.09,0.0,Missed
259,2023-09-30,15218.47,612.89,Missed
259,2023-10-31,16608.45,1480.0,Met
259,2023-11-30,17996.73,1480.0,Met
259,2023-12-31,19409.81,1480.0,Met
259,2024-01-31,20458.43,1480.0,Met
259,2024-02-29,21814.6,1480.0,Met
259,2024-03-31,23270.8,1480.0,Met
259,2024-04-30,24367.37,1480.0,Met
259,2024-05-31,24819.16,830.63,Below-Target
259,2024-06-30,25408.58,768.1,Below-Target
259,2024-07-31,26885.23,1480.0,Met
259,2024-08-31,28008.21,1480.0,Met
259,2024-09-30,27566.27,0.0,Missed
259,2024-10-31,28643.12,1480.0,Met
259,2024-11-30,29955.49,1480.0,Met
259,2024-12-31,31103.63,1480.0,Met
259,2025-01-31,32512.28,1480.0,Met
259,2025-02-28,32906.02,674.32,Below-Target
259,2025-03-31,34180.58,1480.0,Met
259,2025-04-30,35446.84,1480.0,Met
259,2025-05-31,36846.98,1480.0,Met
259,2025-06-30,37094.11,455.54,Below-Target
259,2025-07-31,38327.02,1480.0,Met
259,2025-08-31,39683.1,1480.0,Met
259,2025-09-30,40966.01,1480.0,Met
259,2025-10-31,41165.41,433.21,Below-Target
259,2025-11-30,42260.1,1480.0,Met
259,2025-12-31,43076.7,885.43,Below-Target
259,2026-01-31,44134.27,1480.0,Met
259,2026-02-28,45261.65,1480.0,Met
259,2026-03-31,44847.33,0.0,Missed
259,2026-04-30,46265.39,1480.0,Met
259,2026-05-31,47744.96,1480.0,Met
259,2026-06-30,48606.17,1035.15,Below-Target
259,2026-07-31,49781.94,1480.0,Met
259,2026-08-31,50936.78,1480.0,Met
260,2023-01-31,15356.44,1680.0,Met
260,2023-02-28,16611.41,1680.0,Met
260,2023-03-31,18130.99,1680.0,Met
260,2023-04-30,18750.92,1081.77,Below-Target
260,2023-05-31,20044.95,1680.0,Met
260,2023-06-30,21607.9,1680.0,Met
260,2023-07-31,23273.79,1680.0,Met
260,2023-08-31,23667.01,469.15,Below-Target
260,2023-09-30,25182.51,1680.0,Met
260,2023-10-31,26553.87,1680.0,Met
260,2023-11-30,28008.69,1680.0,Met
260,2023-12-31,29413.17,1680.0,Met
260,2024-01-31,30869.88,1680.0,Met
260,2024-02-29,32150.1,1680.0,Met
260,2024-03-31,33610.01,1680.0,Met
260,2024-04-30,35191.88,1680.0,Met
260,2024-05-31,36471.83,1680.0,Met
260,2024-06-30,37941.25,1680.0,Met
260,2024-07-31,38349.52,678.54,Below-Target
260,2024-08-31,39545.47,1680.0,Met
260,2024-09-30,41004.59,1680.0,Met
260,2024-10-31,42341.83,1680.0,Met
260,2024-11-30,43381.96,1128.25,Below-Target
260,2024-12-31,44976.28,1680.0,Met
260,2025-01-31,46434.84,1680.0,Met
260,2025-02-28,47715.96,1680.0,Met
260,2025-03-31,49196.85,1680.0,Met
260,2025-04-30,49892.89,894.08,Below-Target
260,2025-05-31,51470.9,1680.0,Met
260,2025-06-30,52871.63,1680.0,Met
260,2025-07-31,54499.65,1680.0,Met
260,2025-08-31,55981.01,1680.0,Met
260,2025-09-30,56741.7,767.89,Below-Target
260,2025-10-31,57462.31,924.84,Below-Target
260,2025-11-30,58882.46,1680.0,Met
260,2025-12-31,60167.88,1680.0,Met
260,2026-01-31,61706.11,1680.0,Met
260,2026-02-28,63340.6,1680.0,Met
260,2026-03-31,64899.87,1680.0,Met
260,2026-04-30,65397.4,369.15,Below-Target
260,2026-05-31,66962.12,45.66,Missed
260,2026-06-30,68282.6,1680.0,Met
260,2026-07-31,69766.95,1680.0,Met
260,2026-08-31,71257.78,1680.0,Met
261,2023-06-30,5962.3,1710.0,Met
261,2023-07-31,7242.88,1710.0,Met
261,2023-08-31,8804.06,316.89,Below-Target
261,2023-09-30,10187.97,312.92,Below-Target
261,2023-10-31,11429.2,1710.0,Met
261,2023-11-30,12011.16,665.5,Below-Target
261,2023-12-31,13682.2,1710.0,Met
261,2024-01-31,14303.77,883.95,Below-Target
261,2024-02-29,15972.83,1710.0,Met
261,2024-03-31,17178.84,1710.0,Met
261,2024-04-30,18866.39,1710.0,Met
261,2024-05-31,20545.54,1710.0,Met
261,2024-06-30,21497.41,1103.81,Below-Target
261,2024-07-31,22880.56,1710.0,Met
261,2024-08-31,24276.36,1710.0,Met
261,2024-09-30,25724.16,1710.0,Met
261,2024-10-31,27379.81,1710.0,Met
261,2024-11-30,27625.49,666.67,Below-Target
261,2024-12-31,27709.98,579.23,Below-Target
261,2025-01-31,29098.59,1710.0,Met
261,2025-02-28,30660.9,1710.0,Met
261,2025-03-31,30212.72,0.0,Missed
261,2025-04-30,31498.1,1710.0,Met
261,2025-05-31,32179.52,710.14,Below-Target
261,2025-06-30,33538.99,1710.0,Met
261,2025-07-31,35140.51,1710.0,Met
261,2025-08-31,36750.45,1710.0,Met
261,2025-09-30,38330.02,1710.0,Met
261,2025-10-31,38655.57,736.08,Below-Target
261,2025-11-30,40357.72,1710.0,Met
261,2025-12-31,41979.72,1710.0,Met
261,2026-01-31,43677.42,1710.0,Met
261,2026-02-28,45049.47,1710.0,Met
261,2026-03-31,44721.82,0.0,Missed
261,2026-04-30,46000.63,1710.0,Met
261,2026-05-31,47662.26,1710.0,Met
261,2026-06-30,49252.23,1710.0,Met
261,2026-07-31,50860.04,1710.0,Met
261,2026-08-31,52178.13,1710.0,Met
262,2023-01-31,7021.8,627.84,Missed
262,2023-02-28,8452.32,269.54,Missed
262,2023-03-31,9821.18,1890.0,Met
262,2023-04-30,10689.99,1034.78,Below-Target
262,2023-05-31,12479.19,1890.0,Met
262,2023-06-30,13925.23,1890.0,Met
262,2023-07-31,15434.5,1890.0,Met
262,2023-08-31,17122.34,1890.0,Met
262,2023-09-30,18985.37,1890.0,Met
262,2023-10-31,20308.71,1890.0,Met
262,2023-11-30,22135.96,1890.0,Met
262,2023-12-31,23803.43,1890.0,Met
262,2024-01-31,25142.2,1890.0,Met
262,2024-02-29,26687.87,1890.0,Met
262,2024-03-31,28030.79,1890.0,Met
262,2024-04-30,28855.69,1095.49,Below-Target
262,2024-05-31,30341.73,1890.0,Met
262,2024-06-30,31711.2,1890.0,Met
262,2024-07-31,33098.04,1890.0,Met
262,2024-08-31,34957.32,1890.0,Met
262,2024-09-30,36457.22,1890.0,Met
262,2024-10-31,38321.24,1890.0,Met
262,2024-11-30,39935.48,1890.0,Met
262,2024-12-31,41363.89,1890.0,Met
262,2025-01-31,43117.98,1890.0,Met
262,2025-02-28,44463.5,1890.0,Met
262,2025-03-31,45923.33,1890.0,Met
262,2025-04-30,46835.64,1297.4,Below-Target
262,2025-05-31,48361.42,1890.0,Met
262,2025-06-30,50132.07,1890.0,Met
262,2025-07-31,51871.24,1890.0,Met
262,2025-08-31,52578.41,909.22,Below-Target
262,2025-09-30,54360.07,1890.0,Met
262,2025-10-31,54063.68,0.0,Missed
262,2025-11-30,55488.1,1890.0,Met
262,2025-12-31,57144.8,1890.0,Met
262,2026-01-31,58962.2,1890.0,Met
262,2026-02-28,60560.0,1890.0,Met
262,2026-03-31,62261.36,1890.0,Met
262,2026-04-30,63680.82,1890.0,Met
262,2026-05-31,64260.87,861.04,Below-Target
262,2026-06-30,65819.43,1890.0,Met
262,2026-07-31,66237.84,489.43,Below-Target
262,2026-08-31,67851.02,1890.0,Met
263,2023-01-31,4618.9,1470.0,Met
263,2023-02-28,5881.4,1470.0,Met
263,2023-03-31,7100.91,1470.0,Met
263,2023-04-30,8362.91,1470.0,Met
263,2023-05-31,9722.03,1470.0,Met
263,2023-06-30,11178.99,1470.0,Met
263,2023-07-31,12491.75,1470.0,Met
263,2023-08-31,13569.41,1470.0,Met
263,2023-09-30,14635.74,1470.0,Met
263,2023-10-31,15960.41,1470.0,Met
263,2023-11-30,16597.65,848.42,Below-Target
263,2023-12-31,17803.55,1470.0,Met
263,2024-01-31,18856.53,1470.0,Met
263,2024-02-29,20229.9,1470.0,Met
263,2024-03-31,21674.3,1470.0,Met
263,2024-04-30,22755.49,1470.0,Met
263,2024-05-31,24179.83,1470.0,Met
263,2024-06-30,25603.25,1470.0,Met
263,2024-07-31,26880.82,1470.0,Met
263,2024-08-31,28129.85,1470.0,Met
263,2024-09-30,29229.32,1470.0,Met
263,2024-10-31,30464.06,1470.0,Met
263,2024-11-30,31215.45,753.49,Below-Target
263,2024-12-31,32576.49,1470.0,Met
263,2025-01-31,33869.14,1470.0,Met
263,2025-02-28,35071.14,1470.0,Met
263,2025-03-31,36328.07,1470.0,Met
263,2025-04-30,37739.68,1470.0,Met
263,2025-05-31,38213.71,601.77,Below-Target
263,2025-06-30,39661.08,1470.0,Met
263,2025-07-31,41087.58,1470.0,Met
263,2025-08-31,42350.36,1470.0,Met
263,2025-09-30,43681.4,1470.0,Met
263,2025-10-31,44865.84,1470.0,Met
263,2025-11-30,46186.65,1470.0,Met
263,2025-12-31,47265.74,1470.0,Met
263,2026-01-31,48369.73,1470.0,Met
263,2026-02-28,48562.35,463.08,Below-Target
263,2026-03-31,49610.61,1470.0,Met
263,2026-04-30,50922.78,1470.0,Met
263,2026-05-31,52332.96,1470.0,Met
263,2026-06-30,53428.43,1470.0,Met
263,2026-07-31,54610.25,1470.0,Met
263,2026-08-31,54527.25,0.0,Missed
264,2023-01-31,10987.4,1380.0,Met
264,2023-02-28,12075.61,1380.0,Met
264,2023-03-31,13420.8,1380.0,Met
264,2023-04-30,14551.4,1380.0,Met
264,2023-05-31,14632.55,486.16,Below-Target
264,2023-06-30,15809.92,1380.0,Met
264,2023-07-31,16919.08,1380.0,Met
264,2023-08-31,16905.58,301.49,Below-Target
264,2023-09-30,16889.08,0.0,Missed
264,2023-10-31,16699.13,0.0,Missed
264,2023-11-30,17950.78,1380.0,Met
264,2023-12-31,18139.32,544.66,Below-Target
264,2024-01-31,19127.76,1380.0,Met
264,2024-02-29,20348.39,1380.0,Met
264,2024-03-31,21715.42,1380.0,Met
264,2024-04-30,22810.93,1380.0,Met
264,2024-05-31,23996.29,1380.0,Met
264,2024-06-30,24175.07,553.01,Below-Target
264,2024-07-31,25515.09,1380.0,Met
264,2024-08-31,26536.88,1380.0,Met
264,2024-09-30,27581.39,1380.0,Met
264,2024-10-31,28755.67,1380.0,Met
264,2024-11-30,29063.3,572.23,Below-Target
264,2024-12-31,29007.0,297.87,Below-Target
264,2025-01-31,29466.82,831.53,Below-Target
264,2025-02-28,30518.52,1380.0,Met
264,2025-03-31,31710.6,1380.0,Met
264,2025-04-30,32792.97,1380.0,Met
264,2025-05-31,32554.43,0.0,Missed
264,2025-06-30,33801.84,1380.0,Met
264,2025-07-31,35085.96,1380.0,Met
264,2025-08-31,36150.0,1380.0,Met
264,2025-09-30,37420.83,1380.0,Met
264,2025-10-31,37770.04,579.36,Below-Target
264,2025-11-30,38964.05,1380.0,Met
264,2025-12-31,39729.86,925.21,Below-Target
264,2026-01-31,40822.45,1380.0,Met
264,2026-02-28,42174.85,1380.0,Met
264,2026-03-31,41826.67,0.0,Missed
264,2026-04-30,43157.96,1380.0,Met
264,2026-05-31,43698.83,799.12,Below-Target
264,2026-06-30,43948.48,627.13,Below-Target
264,2026-07-31,45089.41,1380.0,Met
264,2026-08-31,46442.92,1380.0,Met
265,2024-02-29,14590.06,1380.0,Met
265,2024-03-31,15682.04,1380.0,Met
265,2024-04-30,16830.09,1380.0,Met
265,2024-05-31,18057.78,1380.0,Met
265,2024-06-30,19343.84,1380.0,Met
265,2024-07-31,20608.71,1380.0,Met
265,2024-08-31,21816.35,1380.0,Met
265,2024-09-30,23063.51,1380.0,Met
265,2024-10-31,24041.54,1380.0,Met
265,2024-11-30,25081.41,1380.0,Met
265,2024-12-31,26203.8,1380.0,Met
265,2025-01-31,27357.16,1380.0,Met
265,2025-02-28,27388.65,341.88,Below-Target
265,2025-03-31,28744.18,1380.0,Met
265,2025-04-30,30109.19,1380.0,Met
265,2025-05-31,31319.33,1380.0,Met
265,2025-06-30,32378.8,1380.0,Met
265,2025-07-31,32357.72,0.0,Missed
265,2025-08-31,33336.56,1380.0,Met
265,2025-09-30,34398.31,1380.0,Met
265,2025-10-31,35712.52,1380.0,Met
265,2025-11-30,36785.92,1380.0,Met
265,2025-12-31,37933.33,1380.0,Met
265,2026-01-31,39176.63,1380.0,Met
265,2026-02-28,40492.93,1380.0,Met
265,2026-03-31,41174.28,788.42,Below-Target
265,2026-04-30,42353.31,1380.0,Met
265,2026-05-31,42671.77,689.45,Below-Target
265,2026-06-30,43721.83,1380.0,Met
265,2026-07-31,44854.86,1380.0,Met
265,2026-08-31,45898.51,1380.0,Met
266,2023-01-31,7805.6,653.14,Below-Target
266,2023-02-28,9416.74,1810.0,Met
266,2023-03-31,9892.11,779.6,Below-Target
266,2023-04-30,9529.93,0.0,Missed
266,2023-05-31,10821.5,1810.0,Met
266,2023-06-30,12595.16,1810.0,Met
266,2023-07-31,14024.6,1810.0,Met
266,2023-08-31,15515.88,1810.0,Met
266,2023-09-30,17133.33,1810.0,Met
266,2023-10-31,18913.39,1810.0,Met
266,2023-11-30,20285.41,1810.0,Met
266,2023-12-31,21792.28,1810.0,Met
266,2024-01-31,23384.37,1810.0,Met
266,2024-02-29,25136.37,511.58,Below-Target
266,2024-03-31,26824.52,1810.0,Met
266,2024-04-30,28601.25,1810.0,Met
266,2024-05-31,28762.1,678.93,Below-Target
266,2024-06-30,30412.72,1810.0,Met
266,2024-07-31,32168.64,1810.0,Met
266,2024-08-31,33518.87,1810.0,Met
266,2024-09-30,35248.69,1810.0,Met
266,2024-10-31,37058.37,1810.0,Met
266,2024-11-30,38783.8,1810.0,Met
266,2024-12-31,40054.67,1810.0,Met
266,2025-01-31,41610.16,1810.0,Met
266,2025-02-28,43304.51,1810.0,Met
266,2025-03-31,43299.48,0.0,Missed
266,2025-04-30,44253.36,1050.77,Below-Target
266,2025-05-31,45977.95,1810.0,Met
266,2025-06-30,47290.14,1810.0,Met
266,2025-07-31,48985.75,1810.0,Met
266,2025-08-31,50741.07,1810.0,Met
266,2025-09-30,51255.67,730.52,Below-Target
266,2025-10-31,51289.75,513.99,Below-Target
266,2025-11-30,52698.88,1810.0,Met
266,2025-12-31,53992.62,1810.0,Met
266,2026-01-31,55268.3,1810.0,Met
266,2026-02-28,57042.06,1810.0,Met
266,2026-03-31,58311.44,1810.0,Met
266,2026-04-30,59859.45,1810.0,Met
266,2026-05-31,61640.03,1810.0,Met
266,2026-06-30,63011.88,1810.0,Met
266,2026-07-31,62733.66,0.0,Missed
266,2026-08-31,62709.33,0.0,Missed
267,2023-03-31,6048.91,1580.0,Met
267,2023-04-30,6240.84,569.02,Below-Target
267,2023-05-31,7506.52,1580.0,Met
267,2023-06-30,8655.04,1580.0,Met
267,2023-07-31,10221.05,1580.0,Met
267,2023-08-31,11331.46,1580.0,Met
267,2023-09-30,12501.38,1580.0,Met
267,2023-10-31,13716.02,1580.0,Met
267,2023-11-30,14910.21,1580.0,Met
267,2023-12-31,16282.1,1580.0,Met
267,2024-01-31,17709.01,1580.0,Met
267,2024-02-29,19135.28,1580.0,Met
267,2024-03-31,20630.55,1580.0,Met
267,2024-04-30,21750.0,1580.0,Met
267,2024-05-31,22921.21,1580.0,Met
267,2024-06-30,22789.66,0.0,Missed
267,2024-07-31,24037.26,1580.0,Met
267,2024-08-31,24542.84,711.46,Below-Target
267,2024-09-30,25862.07,1580.0,Met
267,2024-10-31,27179.46,1580.0,Met
267,2024-11-30,28296.84,1580.0,Met
267,2024-12-31,29424.85,1580.0,Met
267,2025-01-31,30916.31,1580.0,Met
267,2025-02-28,32128.6,1580.0,Met
267,2025-03-31,33444.14,1580.0,Met
267,2025-04-30,34094.0,832.28,Below-Target
267,2025-05-31,35279.56,1580.0,Met
267,2025-06-30,36807.32,1580.0,Met
267,2025-07-31,38178.54,1580.0,Met
267,2025-08-31,38013.69,0.0,Missed
267,2025-09-30,39357.77,1580.0,Met
267,2025-10-31,40484.18,1580.0,Met
267,2025-11-30,41887.15,1580.0,Met
267,2025-12-31,43215.17,1580.0,Met
267,2026-01-31,43698.15,526.88,Below-Target
267,2026-02-28,45115.25,1580.0,Met
267,2026-03-31,46419.13,1580.0,Met
267,2026-04-30,47007.73,867.94,Below-Target
267,2026-05-31,48145.59,1580.0,Met
267,2026-06-30,49537.34,1580.0,Met
267,2026-07-31,50928.13,1580.0,Met
267,2026-08-31,52496.3,1580.0,Met
268,2025-10-31,8145.89,1460.0,Met
268,2025-11-30,9567.61,1460.0,Met
268,2025-12-31,10610.86,1460.0,Met
268,2026-01-31,10811.95,618.12,Below-Target
268,2026-02-28,12015.71,1460.0,Met
268,2026-03-31,13247.52,1460.0,Met
268,2026-04-30,14612.09,1460.0,Met
268,2026-05-31,14678.59,418.04,Below-Target
268,2026-06-30,15758.27,1460.0,Met
268,2026-07-31,17071.88,1460.0,Met
268,2026-08-31,18238.84,1460.0,Met
269,2024-02-29,11657.11,1940.0,Met
269,2024-03-31,13051.24,1940.0,Met
269,2024-04-30,14939.34,1940.0,Met
269,2024-05-31,16660.1,1940.0,Met
269,2024-06-30,18053.89,1940.0,Met
269,2024-07-31,19742.74,1940.0,Met
269,2024-08-31,21594.76,1940.0,Met
269,2024-09-30,23041.89,1940.0,Met
269,2024-10-31,24456.37,1940.0,Met
269,2024-11-30,26373.6,1940.0,Met
269,2024-12-31,28258.44,1940.0,Met
269,2025-01-31,28196.04,0.0,Missed
269,2025-02-28,30073.1,1940.0,Met
269,2025-03-31,31755.43,1940.0,Met
269,2025-04-30,33383.92,1940.0,Met
269,2025-05-31,34835.0,1940.0,Met
269,2025-06-30,36211.95,1940.0,Met
269,2025-07-31,37891.54,1940.0,Met
269,2025-08-31,39655.75,1940.0,Met
269,2025-09-30,41061.87,1940.0,Met
269,2025-10-31,42525.36,1940.0,Met
269,2025-11-30,43178.12,1173.21,Below-Target
269,2025-12-31,44834.38,1940.0,Met
269,2026-01-31,45041.03,630.25,Below-Target
269,2026-02-28,46970.49,1940.0,Met
269,2026-03-31,48441.15,1940.0,Met
269,2026-04-30,50374.21,1940.0,Met
269,2026-05-31,51348.44,1269.81,Below-Target
269,2026-06-30,53132.6,1940.0,Met
269,2026-07-31,54908.12,1940.0,Met
269,2026-08-31,55606.44,717.72,Below-Target
270,2023-01-31,14127.27,1560.0,Met
270,2023-02-28,15511.0,1560.0,Met
270,2023-03-31,15547.69,484.66,Below-Target
270,2023-04-30,16722.24,1560.0,Met
270,2023-05-31,17906.9,1560.0,Met
270,2023-06-30,19169.83,1560.0,Met
270,2023-07-31,18805.78,0.0,Missed
270,2023-08-31,18760.28,0.0,Missed
270,2023-09-30,20054.27,1560.0,Met
270,2023-10-31,21197.89,1560.0,Met
270,2023-11-30,21162.75,0.0,Missed
270,2023-12-31,21737.35,998.48,Below-Target
270,2024-01-31,21349.16,0.0,Missed
270,2024-02-29,22841.68,1560.0,Met
270,2024-03-31,24071.43,1560.0,Met
270,2024-04-30,25469.17,1560.0,Met
270,2024-05-31,26940.18,1560.0,Met
270,2024-06-30,28476.04,1560.0,Met
270,2024-07-31,29910.86,1560.0,Met
270,2024-08-31,31208.78,1560.0,Met
270,2024-09-30,31653.88,768.13,Below-Target
270,2024-10-31,33178.85,1560.0,Met
270,2024-11-30,34736.74,1560.0,Met
270,2024-12-31,36296.51,1560.0,Met
270,2025-01-31,37517.68,1560.0,Met
270,2025-02-28,38875.16,1560.0,Met
270,2025-03-31,40113.71,1560.0,Met
270,2025-04-30,41251.8,1560.0,Met
270,2025-05-31,42615.44,1560.0,Met
270,2025-06-30,43777.35,1560.0,Met
270,2025-07-31,44483.3,804.74,Below-Target
270,2025-08-31,45774.34,1560.0,Met
270,2025-09-30,47307.5,1560.0,Met
270,2025-10-31,48632.89,1560.0,Met
270,2025-11-30,50007.52,1560.0,Met
270,2025-12-31,51381.29,1560.0,Met
270,2026-01-31,52694.02,1560.0,Met
270,2026-02-28,53915.14,1560.0,Met
270,2026-03-31,54822.66,996.46,Below-Target
270,2026-04-30,55337.97,911.71,Below-Target
270,2026-05-31,56431.76,1560.0,Met
270,2026-06-30,56013.67,0.0,Missed
270,2026-07-31,55755.06,0.0,Missed
270,2026-08-31,57195.87,1560.0,Met
271,2024-02-29,15295.67,1880.0,Met
271,2024-03-31,16855.03,1880.0,Met
271,2024-04-30,18209.14,1880.0,Met
271,2024-05-31,19947.41,1880.0,Met
271,2024-06-30,21760.54,1880.0,Met
271,2024-07-31,23252.6,1880.0,Met
271,2024-08-31,23678.27,564.07,Below-Target
271,2024-09-30,23964.58,409.97,Below-Target
271,2024-10-31,25384.59,1880.0,Met
271,2024-11-30,27185.2,1880.0,Met
271,2024-12-31,28774.76,1880.0,Met
271,2025-01-31,30346.97,1880.0,Met
271,2025-02-28,31894.49,1880.0,Met
271,2025-03-31,33429.37,1880.0,Met
271,2025-04-30,34963.51,1880.0,Met
271,2025-05-31,36468.84,1880.0,Met
271,2025-06-30,37891.87,1880.0,Met
271,2025-07-31,37646.2,0.0,Missed
271,2025-08-31,39390.84,1880.0,Met
271,2025-09-30,41224.08,1880.0,Met
271,2025-10-31,42912.06,1880.0,Met
271,2025-11-30,43287.35,491.4,Below-Target
271,2025-12-31,44770.45,1880.0,Met
271,2026-01-31,44226.05,0.0,Missed
271,2026-02-28,45840.8,1880.0,Met
271,2026-03-31,47298.7,1880.0,Met
271,2026-04-30,47207.9,0.0,Missed
271,2026-05-31,46684.33,0.0,Missed
271,2026-06-30,46896.63,502.15,Below-Target
271,2026-07-31,48520.38,1880.0,Met
271,2026-08-31,49851.52,1880.0,Met
272,2023-01-31,8696.21,1380.0,Met
272,2023-02-28,8904.3,368.13,Below-Target
272,2023-03-31,10165.79,1380.0,Met
272,2023-04-30,11224.13,1380.0,Met
272,2023-05-31,12489.21,1380.0,Met
272,2023-06-30,12141.89,0.0,Missed
272,2023-07-31,13419.75,1380.0,Met
272,2023-08-31,14492.15,1380.0,Met
272,2023-09-30,15773.48,1380.0,Met
272,2023-10-31,16811.11,1380.0,Met
272,2023-11-30,17916.64,1380.0,Met
272,2023-12-31,19102.61,1380.0,Met
272,2024-01-31,20461.94,1380.0,Met
272,2024-02-29,21577.09,1380.0,Met
272,2024-03-31,21470.69,0.0,Missed
272,2024-04-30,22587.9,1380.0,Met
272,2024-05-31,23672.95,1380.0,Met
272,2024-06-30,24778.94,1380.0,Met
272,2024-07-31,26158.3,1380.0,Met
272,2024-08-31,27434.67,1380.0,Met
272,2024-09-30,28464.35,1380.0,Met
272,2024-10-31,29836.96,1380.0,Met
272,2024-11-30,30990.81,1380.0,Met
272,2024-12-31,32173.88,1380.0,Met
272,2025-01-31,33410.72,1380.0,Met
272,2025-02-28,34432.0,1380.0,Met
272,2025-03-31,35695.04,1380.0,Met
272,2025-04-30,36987.38,1380.0,Met
272,2025-05-31,38112.37,1380.0,Met
272,2025-06-30,39439.32,1380.0,Met
272,2025-07-31,39868.45,615.85,Below-Target
272,2025-08-31,41059.59,1380.0,Met
272,2025-09-30,42160.37,1380.0,Met
272,2025-10-31,43128.39,1380.0,Met
272,2025-11-30,44292.63,1380.0,Met
272,2025-12-31,44656.13,404.82,Below-Target
272,2026-01-31,45116.46,639.17,Below-Target
272,2026-02-28,46202.12,1380.0,Met
272,2026-03-31,47486.78,1380.0,Met
272,2026-04-30,48032.55,766.94,Below-Target
272,2026-05-31,49203.27,1380.0,Met
272,2026-06-30,50247.38,1380.0,Met
272,2026-07-31,51317.68,1380.0,Met
272,2026-08-31,52506.36,1380.0,Met
273,2023-01-31,14753.39,1430.0,Met
273,2023-02-28,16077.61,1430.0,Met
273,2023-03-31,17168.02,1430.0,Met
273,2023-04-30,18275.06,1430.0,Met
273,2023-05-31,19540.62,1430.0,Met
273,2023-06-30,20660.77,1430.0,Met
273,2023-07-31,21837.77,1430.0,Met
273,2023-08-31,23164.23,1430.0,Met
273,2023-09-30,24570.82,1430.0,Met
273,2023-10-31,24170.26,0.0,Missed
273,2023-11-30,25565.42,1430.0,Met
273,2023-12-31,26710.06,1430.0,Met
273,2024-01-31,27886.07,1430.0,Met
273,2024-02-29,28995.98,1430.0,Met
273,2024-03-31,30231.96,1430.0,Met
273,2024-04-30,31632.68,1430.0,Met
273,2024-05-31,31388.36,0.0,Missed
273,2024-06-30,32726.02,1430.0,Met
273,2024-07-31,33761.55,1430.0,Met
273,2024-08-31,34529.74,907.86,Below-Target
273,2024-09-30,35625.01,1430.0,Met
273,2024-10-31,36718.17,1430.0,Met
273,2024-11-30,37731.03,1430.0,Met
273,2024-12-31,38920.67,1430.0,Met
273,2025-01-31,40276.49,1430.0,Met
273,2025-02-28,40133.98,0.0,Missed
273,2025-03-31,41526.49,1430.0,Met
273,2025-04-30,42864.79,1430.0,Met
273,2025-05-31,44113.53,1430.0,Met
273,2025-06-30,45459.14,1430.0,Met
273,2025-07-31,45783.33,703.14,Below-Target
273,2025-08-31,46884.81,1430.0,Met
273,2025-09-30,48047.85,1430.0,Met
273,2025-10-31,49278.47,1430.0,Met
273,2025-11-30,50503.11,1430.0,Met
273,2025-12-31,51867.17,1430.0,Met
273,2026-01-31,52230.93,382.63,Below-Target
273,2026-02-28,53608.02,1430.0,Met
273,2026-03-31,54996.23,1430.0,Met
273,2026-04-30,56209.75,1430.0,Met
273,2026-05-31,57461.19,1430.0,Met
273,2026-06-30,58813.02,1430.0,Met
273,2026-07-31,60033.48,1430.0,Met
273,2026-08-31,61417.29,1430.0,Met
274,2026-04-30,14421.29,1490.0,Met
274,2026-05-31,15733.59,1490.0,Met
274,2026-06-30,16911.9,27.03,Below-Target
274,2026-07-31,18042.26,1490.0,Met
274,2026-08-31,19528.72,1490.0,Met
275,2023-01-31,12871.66,1790.0,Met
275,2023-02-28,14178.25,1790.0,Met
275,2023-03-31,15614.39,1790.0,Met
275,2023-04-30,17042.78,1790.0,Met
275,2023-05-31,18362.06,1790.0,Met
275,2023-06-30,19835.71,1790.0,Met
275,2023-07-31,21437.99,1790.0,Met
275,2023-08-31,22895.5,1790.0,Met
275,2023-09-30,24578.97,1790.0,Met
275,2023-10-31,25835.13,1790.0,Met
275,2023-11-30,27558.38,1790.0,Met
275,2023-12-31,28949.42,1790.0,Met
275,2024-01-31,30389.01,1790.0,Met
275,2024-02-29,30568.63,587.14,Below-Target
275,2024-03-31,32234.04,1790.0,Met
275,2024-04-30,33823.66,1790.0,Met
275,2024-05-31,35353.72,1790.0,Met
275,2024-06-30,37009.1,1790.0,Met
275,2024-07-31,38358.34,1790.0,Met
275,2024-08-31,39701.03,1790.0,Met
275,2024-09-30,41032.32,1790.0,Met
275,2024-10-31,42711.26,1790.0,Met
275,2024-11-30,44340.4,1790.0,Met
275,2024-12-31,45895.41,1790.0,Met
275,2025-01-31,47684.87,1790.0,Met
275,2025-02-28,47629.16,425.14,Below-Target
275,2025-03-31,48953.34,1790.0,Met
275,2025-04-30,50319.92,1790.0,Met
275,2025-05-31,51755.31,1790.0,Met
275,2025-06-30,53526.39,1790.0,Met
275,2025-07-31,54565.15,1249.82,Below-Target
275,2025-08-31,56133.74,1790.0,Met
275,2025-09-30,57476.67,1790.0,Met
275,2025-10-31,59185.28,1790.0,Met
275,2025-11-30,60315.26,1178.37,Below-Target
275,2025-12-31,61602.77,1790.0,Met
275,2026-01-31,63269.12,1790.0,Met
275,2026-02-28,64790.38,1790.0,Met
275,2026-03-31,66160.11,1790.0,Met
275,2026-04-30,67833.03,1790.0,Met
275,2026-05-31,69517.12,1790.0,Met
275,2026-06-30,70326.09,1116.57,Below-Target
275,2026-07-31,71641.61,1790.0,Met
275,2026-08-31,73192.38,1790.0,Met
276,2023-01-31,13208.44,1750.0,Met
276,2023-02-28,14709.3,1750.0,Met
276,2023-03-31,16410.15,1750.0,Met
276,2023-04-30,17898.06,1750.0,Met
276,2023-05-31,19530.46,1750.0,Met
276,2023-06-30,20854.32,1750.0,Met
276,2023-07-31,21057.68,584.53,Below-Target
276,2023-08-31,22300.98,1750.0,Met
276,2023-09-30,23694.05,1750.0,Met
276,2023-10-31,25124.12,1750.0,Met
276,2023-11-30,26555.19,1750.0,Met
276,2023-12-31,27953.35,1750.0,Met
276,2024-01-31,29298.61,1750.0,Met
276,2024-02-29,30596.78,1750.0,Met
276,2024-03-31,30872.34,642.03,Below-Target
276,2024-04-30,32317.79,1750.0,Met
276,2024-05-31,33761.68,1750.0,Met
276,2024-06-30,35193.97,1750.0,Met
276,2024-07-31,36477.42,1750.0,Met
276,2024-08-31,37703.03,1750.0,Met
276,2024-09-30,39246.25,1750.0,Met
276,2024-10-31,40622.97,1750.0,Met
276,2024-11-30,41852.91,1750.0,Met
276,2024-12-31,43562.37,1750.0,Met
276,2025-01-31,45078.57,1750.0,Met
276,2025-02-28,46439.56,1750.0,Met
276,2025-03-31,46065.6,0.0,Missed
276,2025-04-30,47358.28,1750.0,Met
276,2025-05-31,48099.57,788.75,Below-Target
276,2025-06-30,49658.5,1750.0,Met
276,2025-07-31,50209.36,1009.52,Below-Target
276,2025-08-31,51709.24,1750.0,Met
276,2025-09-30,53107.06,1750.0,Met
276,2025-10-31,54638.86,1750.0,Met
276,2025-11-30,55081.23,772.39,Below-Target
276,2025-12-31,56410.28,1750.0,Met
276,2026-01-31,57766.9,1750.0,Met
276,2026-02-28,59274.97,1750.0,Met
276,2026-03-31,60849.28,1750.0,Met
276,2026-04-30,62288.1,1750.0,Met
276,2026-05-31,64018.71,1750.0,Met
276,2026-06-30,65673.08,1750.0,Met
276,2026-07-31,67105.37,1750.0,Met
276,2026-08-31,68539.68,1750.0,Met
277,2023-01-31,4802.9,1860.0,Met
277,2023-02-28,4277.94,0.0,Missed
277,2023-03-31,5771.41,1860.0,Met
277,2023-04-30,7510.38,1860.0,Met
277,2023-05-31,9311.86,1860.0,Met
277,2023-06-30,9093.63,0.0,Missed
277,2023-07-31,10690.83,1860.0,Met
277,2023-08-31,12539.83,1860.0,Met
277,2023-09-30,14157.35,1860.0,Met
277,2023-10-31,15718.4,1860.0,Met
277,2023-11-30,17299.56,1860.0,Met
277,2023-12-31,19084.0,1860.0,Met
277,2024-01-31,20906.39,1860.0,Met
277,2024-02-29,22375.58,1860.0,Met
277,2024-03-31,24200.36,1860.0,Met
277,2024-04-30,25615.91,1860.0,Met
277,2024-05-31,27212.02,1860.0,Met
277,2024-06-30,28565.81,1860.0,Met
277,2024-07-31,30090.99,1860.0,Met
277,2024-08-31,31564.45,1860.0,Met
277,2024-09-30,33352.11,1860.0,Met
277,2024-10-31,34901.65,1860.0,Met
277,2024-11-30,36276.4,1860.0,Met
277,2024-12-31,36392.33,553.31,Below-Target
277,2025-01-31,38169.83,1860.0,Met
277,2025-02-28,39631.7,1860.0,Met
277,2025-03-31,41367.38,1860.0,Met
277,2025-04-30,42696.99,1860.0,Met
277,2025-05-31,44312.12,1860.0,Met
277,2025-06-30,46114.16,1860.0,Met
277,2025-07-31,47865.97,1860.0,Met
277,2025-08-31,49391.94,1860.0,Met
277,2025-09-30,50981.63,1860.0,Met
277,2025-10-31,52547.98,1860.0,Met
277,2025-11-30,53996.44,1860.0,Met
277,2025-12-31,55701.88,1860.0,Met
277,2026-01-31,57543.0,1860.0,Met
277,2026-02-28,58902.55,1860.0,Met
277,2026-03-31,60339.48,1860.0,Met
277,2026-04-30,60518.53,486.3,Below-Target
277,2026-05-31,61996.69,1860.0,Met
277,2026-06-30,63829.28,1860.0,Met
277,2026-07-31,65512.9,1860.0,Met
277,2026-08-31,66916.0,1860.0,Met
278,2025-01-31,15354.98,1430.0,Met
278,2025-02-28,16737.31,1430.0,Met
278,2025-03-31,17940.03,1430.0,Met
278,2025-04-30,19128.93,1430.0,Met
278,2025-05-31,20177.27,1430.0,Met
278,2025-06-30,20600.11,633.83,Below-Target
278,2025-07-31,20491.3,0.0,Missed
278,2025-08-31,21668.93,1430.0,Met
278,2025-09-30,22750.87,1430.0,Met
278,2025-10-31,23771.27,1430.0,Met
278,2025-11-30,24845.17,1430.0,Met
278,2025-12-31,26148.32,1430.0,Met
278,2026-01-31,27474.4,1430.0,Met
278,2026-02-28,28775.55,1430.0,Met
278,2026-03-31,30086.93,1430.0,Met
278,2026-04-30,31099.06,1430.0,Met
278,2026-05-31,32323.35,1430.0,Met
278,2026-06-30,32374.81,391.75,Below-Target
278,2026-07-31,32585.65,593.74,Below-Target
278,2026-08-31,33751.33,1430.0,Met
279,2023-04-30,4329.7,1460.0,Met
279,2023-05-31,5549.06,1460.0,Met
279,2023-06-30,6901.81,1460.0,Met
279,2023-07-31,6879.79,0.0,Missed
279,2023-08-31,6829.29,0.0,Missed
279,2023-09-30,8149.35,1460.0,Met
279,2023-10-31,9498.76,1460.0,Met
279,2023-11-30,10776.24,1460.0,Met
279,2023-12-31,11857.68,1460.0,Met
279,2024-01-31,13130.62,1460.0,Met
279,2024-02-29,14472.5,1460.0,Met
279,2024-03-31,15016.4,647.37,Below-Target
279,2024-04-30,14850.99,0.0,Missed
279,2024-05-31,15982.02,1460.0,Met
279,2024-06-30,16432.21,715.84,Below-Target
279,2024-07-31,17563.11,1460.0,Met
279,2024-08-31,18707.45,1460.0,Met
279,2024-09-30,20007.65,1460.0,Met
279,2024-10-31,21184.9,1460.0,Met
279,2024-11-30,22415.4,1460.0,Met
279,2024-12-31,23653.79,1460.0,Met
279,2025-01-31,24815.96,1460.0,Met
279,2025-02-28,25546.31,928.63,Below-Target
279,2025-03-31,26656.0,1460.0,Met
279,2025-04-30,28005.11,1460.0,Met
279,2025-05-31,29045.46,1460.0,Met
279,2025-06-30,30096.93,1460.0,Met
279,2025-07-31,31366.34,1460.0,Met
279,2025-08-31,31743.58,525.7,Below-Target
279,2025-09-30,32994.77,1460.0,Met
279,2025-10-31,34262.67,1460.0,Met
279,2025-11-30,35660.65,1460.0,Met
279,2025-12-31,36894.99,1460.0,Met
279,2026-01-31,38187.02,1460.0,Met
279,2026-02-28,39302.99,279.66,Missed
279,2026-03-31,39414.25,351.41,Below-Target
279,2026-04-30,40646.86,1460.0,Met
279,2026-05-31,41891.02,1460.0,Met
279,2026-06-30,42149.31,684.64,Below-Target
279,2026-07-31,43527.23,1460.0,Met
279,2026-08-31,44707.24,1460.0,Met
280,2023-01-31,3720.2,1640.0,Met
280,2023-02-28,5187.67,1640.0,Met
280,2023-03-31,6714.45,1640.0,Met
280,2023-04-30,8175.2,1640.0,Met
280,2023-05-31,9456.36,1640.0,Met
280,2023-06-30,10986.09,1640.0,Met
280,2023-07-31,12535.12,1640.0,Met
280,2023-08-31,13752.13,1640.0,Met
280,2023-09-30,15161.21,1640.0,Met
280,2023-10-31,15068.5,0.0,Missed
280,2023-11-30,16247.13,1640.0,Met
280,2023-12-31,16835.05,963.32,Below-Target
280,2024-01-31,18375.58,1640.0,Met
280,2024-02-29,18512.14,487.69,Below-Target
280,2024-03-31,19919.77,1640.0,Met
280,2024-04-30,20591.21,1001.35,Below-Target
280,2024-05-31,22036.4,1640.0,Met
280,2024-06-30,23428.55,1640.0,Met
280,2024-07-31,25009.49,1640.0,Met
280,2024-08-31,26649.44,1640.0,Met
280,2024-09-30,28048.95,1640.0,Met
280,2024-10-31,29377.57,1640.0,Met
280,2024-11-30,30594.66,1640.0,Met
280,2024-12-31,31889.49,1640.0,Met
280,2025-01-31,33435.84,1640.0,Met
280,2025-02-28,34088.96,676.44,Below-Target
280,2025-03-31,34504.72,701.64,Below-Target
280,2025-04-30,35788.15,1640.0,Met
280,2025-05-31,36606.83,1021.35,Below-Target
280,2025-06-30,37923.42,1640.0,Met
280,2025-07-31,37675.82,0.0,Missed
280,2025-08-31,39151.01,1640.0,Met
280,2025-09-30,40358.32,1640.0,Met
280,2025-10-31,41682.17,1640.0,Met
280,2025-11-30,43143.18,1640.0,Met
280,2025-12-31,44436.69,1640.0,Met
280,2026-01-31,45999.41,1640.0,Met
280,2026-02-28,47160.69,1640.0,Met
280,2026-03-31,46780.18,0.0,Missed
280,2026-04-30,48379.99,1640.0,Met
280,2026-05-31,48860.31,829.97,Below-Target
280,2026-06-30,50427.71,1640.0,Met
280,2026-07-31,51846.98,1640.0,Met
280,2026-08-31,53344.47,1640.0,Met
281,2026-03-31,6379.19,1420.0,Met
281,2026-04-30,7649.57,1420.0,Met
281,2026-05-31,9040.74,1420.0,Met
281,2026-06-30,10374.14,1420.0,Met
281,2026-07-31,11465.84,1420.0,Met
281,2026-08-31,12549.97,1420.0,Met
282,2023-01-31,5488.55,1490.0,Met
282,2023-02-28,6585.52,1490.0,Met
282,2023-03-31,7696.71,1490.0,Met
282,2023-04-30,9171.38,1490.0,Met
282,2023-05-31,10437.52,1490.0,Met
282,2023-06-30,11780.31,1490.0,Met
282,2023-07-31,13180.69,1490.0,Met
282,2023-08-31,14669.7,1490.0,Met
282,2023-09-30,15984.53,1490.0,Met
282,2023-10-31,17261.21,1490.0,Met
282,2023-11-30,18654.24,1490.0,Met
282,2023-12-31,19978.42,1490.0,Met
282,2024-01-31,21137.3,1490.0,Met
282,2024-02-29,20981.21,0.0,Missed
282,2024-03-31,22090.34,1490.0,Met
282,2024-04-30,23394.65,1490.0,Met
282,2024-05-31,24536.22,1490.0,Met
282,2024-06-30,25884.27,1490.0,Met
282,2024-07-31,27127.17,1490.0,Met
282,2024-08-31,28247.08,1490.0,Met
282,2024-09-30,29350.4,1490.0,Met
282,2024-10-31,30691.28,1490.0,Met
282,2024-11-30,31789.07,1490.0,Met
282,2024-12-31,33209.52,1490.0,Met
282,2025-01-31,34270.22,1490.0,Met
282,2025-02-28,35621.57,1490.0,Met
282,2025-03-31,37065.34,1490.0,Met
282,2025-04-30,38166.09,1490.0,Met
282,2025-05-31,39570.17,1490.0,Met
282,2025-06-30,40632.22,1490.0,Met
282,2025-07-31,42025.78,1490.0,Met
282,2025-08-31,43399.2,1490.0,Met
282,2025-09-30,43464.74,450.12,Below-Target
282,2025-10-31,44613.7,1490.0,Met
282,2025-11-30,45154.76,613.42,Below-Target
282,2025-12-31,46454.53,1490.0,Met
282,2026-01-31,47924.0,1490.0,Met
282,2026-02-28,49199.11,1490.0,Met
282,2026-03-31,49042.71,0.0,Missed
282,2026-04-30,50181.97,1490.0,Met
282,2026-05-31,51335.2,1490.0,Met
282,2026-06-30,52780.28,1490.0,Met
282,2026-07-31,53848.56,1490.0,Met
282,2026-08-31,55039.48,1490.0,Met
283,2023-01-31,7699.71,432.63,Below-Target
283,2023-02-28,9242.26,1630.0,Met
283,2023-03-31,10479.56,1630.0,Met
283,2023-04-30,11808.9,1630.0,Met
283,2023-05-31,13407.27,1630.0,Met
283,2023-06-30,14591.33,1630.0,Met
283,2023-07-31,15962.85,1630.0,Met
283,2023-08-31,17425.31,1630.0,Met
283,2023-09-30,18685.59,1630.0,Met
283,2023-10-31,20007.87,1630.0,Met
283,2023-11-30,21627.46,1630.0,Met
283,2023-12-31,23201.64,1630.0,Met
283,2024-01-31,24789.76,1630.0,Met
283,2024-02-29,26191.44,1630.0,Met
283,2024-03-31,26855.51,947.62,Below-Target
283,2024-04-30,28300.19,1630.0,Met
283,2024-05-31,29872.06,1630.0,Met
283,2024-06-30,31100.03,1630.0,Met
283,2024-07-31,32419.41,1630.0,Met
283,2024-08-31,33575.47,1630.0,Met
283,2024-09-30,34888.65,1630.0,Met
283,2024-10-31,36383.93,1630.0,Met
283,2024-11-30,37839.7,1630.0,Met
283,2024-12-31,39043.45,1630.0,Met
283,2025-01-31,40403.52,1630.0,Met
283,2025-02-28,41720.21,1630.0,Met
283,2025-03-31,43286.58,1630.0,Met
283,2025-04-30,44717.98,1630.0,Met
283,2025-05-31,45533.54,833.72,Below-Target
283,2025-06-30,47011.87,1630.0,Met
283,2025-07-31,48336.82,1630.0,Met
283,2025-08-31,49649.4,1630.0,Met
283,2025-09-30,50862.63,1630.0,Met
283,2025-10-31,52245.09,1630.0,Met
283,2025-11-30,53543.67,1630.0,Met
283,2025-12-31,54981.13,1630.0,Met
283,2026-01-31,56413.84,1630.0,Met
283,2026-02-28,57618.01,1630.0,Met
283,2026-03-31,59088.98,1630.0,Met
283,2026-04-30,60355.26,1630.0,Met
283,2026-05-31,61729.03,1630.0,Met
283,2026-06-30,63188.14,1630.0,Met
283,2026-07-31,64440.24,1630.0,Met
283,2026-08-31,65183.11,870.32,Below-Target
284,2024-07-31,10821.5,810.06,Below-Target
284,2024-08-31,12084.37,1600.0,Met
284,2024-09-30,13667.47,1600.0,Met
284,2024-10-31,15250.73,49.01,Below-Target
284,2024-11-30,16566.72,231.58,Below-Target
284,2024-12-31,17194.59,759.02,Below-Target
284,2025-01-31,16761.53,0.0,Missed
284,2025-02-28,17996.44,1600.0,Met
284,2025-03-31,19396.22,1600.0,Met
284,2025-04-30,20591.98,612.12,Below-Target
284,2025-05-31,22187.06,28.18,Below-Target
284,2025-06-30,23734.51,1600.0,Met
284,2025-07-31,25063.49,1600.0,Met
284,2025-08-31,26448.54,1600.0,Met
284,2025-09-30,27652.72,1600.0,Met
284,2025-10-31,27412.2,0.0,Missed
284,2025-11-30,28821.16,1600.0,Met
284,2025-12-31,30165.17,1600.0,Met
284,2026-01-31,31658.19,1600.0,Met
284,2026-02-28,32846.38,1600.0,Met
284,2026-03-31,34264.11,1600.0,Met
284,2026-04-30,35777.41,210.61,Below-Target
284,2026-05-31,37351.18,1600.0,Met
284,2026-06-30,38794.93,1600.0,Met
284,2026-07-31,39349.31,628.04,Below-Target
284,2026-08-31,40895.69,1600.0,Met
285,2023-01-31,14981.39,1780.0,Met
285,2023-02-28,16444.46,1780.0,Met
285,2023-03-31,18132.5,1780.0,Met
285,2023-04-30,18684.46,1056.1,Below-Target
285,2023-05-31,19968.97,1780.0,Met
285,2023-06-30,21407.81,1780.0,Met
285,2023-07-31,22004.08,790.57,Below-Target
285,2023-08-31,23447.2,1780.0,Met
285,2023-09-30,24897.78,1780.0,Met
285,2023-10-31,26428.8,1780.0,Met
285,2023-11-30,28091.07,1780.0,Met
285,2023-12-31,29457.75,1780.0,Met
285,2024-01-31,31011.17,1780.0,Met
285,2024-02-29,31019.89,509.52,Below-Target
285,2024-03-31,31126.79,591.9,Below-Target
285,2024-04-30,32860.03,1780.0,Met
285,2024-05-31,34620.33,1780.0,Met
285,2024-06-30,35991.25,1780.0,Met
285,2024-07-31,37541.56,1780.0,Met
285,2024-08-31,39137.33,1780.0,Met
285,2024-09-30,40522.25,1780.0,Met
285,2024-10-31,41820.09,1780.0,Met
285,2024-11-30,43281.79,1780.0,Met
285,2024-12-31,44864.68,1780.0,Met
285,2025-01-31,46285.21,1780.0,Met
285,2025-02-28,47593.43,1780.0,Met
285,2025-03-31,48342.23,1185.5,Below-Target
285,2025-04-30,49986.44,1780.0,Met
285,2025-05-31,51324.03,1780.0,Met
285,2025-06-30,52782.06,1780.0,Met
285,2025-07-31,54130.6,1780.0,Met
285,2025-08-31,55593.28,1780.0,Met
285,2025-09-30,56437.42,1010.99,Below-Target
285,2025-10-31,57963.65,1780.0,Met
285,2025-11-30,59367.16,1780.0,Met
285,2025-12-31,60794.78,1780.0,Met
285,2026-01-31,62341.66,1780.0,Met
285,2026-02-28,63491.1,1151.26,Below-Target
285,2026-03-31,64900.62,1780.0,Met
285,2026-04-30,66578.48,1780.0,Met
285,2026-05-31,68169.86,1780.0,Met
285,2026-06-30,69652.43,1780.0,Met
285,2026-07-31,70927.98,1780.0,Met
285,2026-08-31,72264.16,1780.0,Met
286,2023-01-31,6377.54,1740.0,Met
286,2023-02-28,7937.62,1740.0,Met
286,2023-03-31,8602.91,848.81,Below-Target
286,2023-04-30,9380.41,1105.54,Below-Target
286,2023-05-31,10668.22,1740.0,Met
286,2023-06-30,12216.23,1740.0,Met
286,2023-07-31,12969.88,785.89,Below-Target
286,2023-08-31,13606.61,911.09,Below-Target
286,2023-09-30,15339.7,1740.0,Met
286,2023-10-31,17042.21,1740.0,Met
286,2023-11-30,18674.93,1740.0,Met
286,2023-12-31,20068.34,1740.0,Met
286,2024-01-31,21697.73,1740.0,Met
286,2024-02-29,23382.75,1740.0,Met
286,2024-03-31,25043.7,1740.0,Met
286,2024-04-30,26548.12,1740.0,Met
286,2024-05-31,27829.59,1740.0,Met
286,2024-06-30,29336.17,1740.0,Met
286,2024-07-31,30847.03,1740.0,Met
286,2024-08-31,32266.31,1740.0,Met
286,2024-09-30,32855.77,1038.34,Below-Target
286,2024-10-31,34154.93,1740.0,Met
286,2024-11-30,35614.39,1740.0,Met
286,2024-12-31,36985.66,1740.0,Met
286,2025-01-31,38421.04,1740.0,Met
286,2025-02-28,39860.8,1740.0,Met
286,2025-03-31,41282.08,1740.0,Met
286,2025-04-30,42917.03,1740.0,Met
286,2025-05-31,44324.41,1740.0,Met
286,2025-06-30,45548.57,1740.0,Met
286,2025-07-31,46338.79,1000.73,Below-Target
286,2025-08-31,47708.53,1740.0,Met
286,2025-09-30,48990.92,267.13,Below-Target
286,2025-10-31,49415.25,604.58,Missed
286,2025-11-30,50926.02,1740.0,Met
286,2025-12-31,52267.6,1740.0,Met
286,2026-01-31,53968.11,1740.0,Met
286,2026-02-28,55335.84,1740.0,Met
286,2026-03-31,56619.46,1740.0,Met
286,2026-04-30,58047.89,1740.0,Met
286,2026-05-31,59630.03,1740.0,Met
286,2026-06-30,60181.76,830.48,Below-Target
286,2026-07-31,61868.62,1740.0,Met
286,2026-08-31,63100.82,1740.0,Met
287,2025-03-31,15617.75,1630.0,Met
287,2025-04-30,17050.77,1630.0,Met
287,2025-05-31,18675.23,1630.0,Met
287,2025-06-30,20239.13,1630.0,Met
287,2025-07-31,21810.82,1630.0,Met
287,2025-08-31,23195.96,1630.0,Met
287,2025-09-30,23822.57,927.15,Below-Target
287,2025-10-31,24891.73,1104.35,Below-Target
287,2025-11-30,26142.81,1630.0,Met
287,2025-12-31,27654.98,1630.0,Met
287,2026-01-31,28840.44,1630.0,Met
287,2026-02-28,30350.11,1630.0,Met
287,2026-03-31,31559.45,1630.0,Met
287,2026-04-30,33148.15,1630.0,Met
287,2026-05-31,34399.22,1630.0,Met
287,2026-06-30,35823.72,1630.0,Met
287,2026-07-31,37103.73,1630.0,Met
287,2026-08-31,38592.06,1630.0,Met
288,2023-01-31,3697.75,1660.0,Met
288,2023-02-28,4954.5,1660.0,Met
288,2023-03-31,6140.45,1660.0,Met
288,2023-04-30,7499.1,1660.0,Met
288,2023-05-31,8699.13,1660.0,Met
288,2023-06-30,10041.24,1660.0,Met
288,2023-07-31,11354.48,1660.0,Met
288,2023-08-31,11949.39,1073.82,Below-Target
288,2023-09-30,13214.94,1660.0,Met
288,2023-10-31,14853.47,1660.0,Met
288,2023-11-30,16481.07,1660.0,Met
288,2023-12-31,18124.55,1660.0,Met
288,2024-01-31,19545.48,1660.0,Met
288,2024-02-29,20915.68,1660.0,Met
288,2024-03-31,21194.64,346.66,Below-Target
288,2024-04-30,22593.96,1660.0,Met
288,2024-05-31,23756.54,1660.0,Met
288,2024-06-30,25240.34,1660.0,Met
288,2024-07-31,25726.1,682.8,Below-Target
288,2024-08-31,25833.65,373.18,Below-Target
288,2024-09-30,27447.36,1660.0,Met
288,2024-10-31,28644.23,1660.0,Met
288,2024-11-30,30222.58,1660.0,Met
288,2024-12-31,31662.2,1660.0,Met
288,2025-01-31,32831.35,1660.0,Met
288,2025-02-28,34149.77,1660.0,Met
288,2025-03-31,35349.85,1660.0,Met
288,2025-04-30,36721.73,1660.0,Met
288,2025-05-31,38376.74,1660.0,Met
288,2025-06-30,38382.56,460.69,Below-Target
288,2025-07-31,39648.9,1660.0,Met
288,2025-08-31,41220.71,1660.0,Met
288,2025-09-30,42640.49,1660.0,Met
288,2025-10-31,43809.99,1660.0,Met
288,2025-11-30,44294.91,740.72,Below-Target
288,2025-12-31,45629.58,1660.0,Met
288,2026-01-31,46932.88,1660.0,Met
288,2026-02-28,47744.77,843.32,Below-Target
288,2026-03-31,49291.02,1660.0,Met
288,2026-04-30,50786.59,1660.0,Met
288,2026-05-31,52149.76,1660.0,Met
288,2026-06-30,52338.99,475.52,Below-Target
288,2026-07-31,53912.01,1660.0,Met
288,2026-08-31,55444.56,1660.0,Met
289,2025-03-31,4841.49,1860.0,Met
289,2025-04-30,6319.85,1860.0,Met
289,2025-05-31,6536.75,647.04,Below-Target
289,2025-06-30,8265.77,1860.0,Met
289,2025-07-31,9826.12,1860.0,Met
289,2025-08-31,11484.68,1860.0,Met
289,2025-09-30,13039.97,1860.0,Met
289,2025-10-31,14445.76,1860.0,Met
289,2025-11-30,14940.63,905.81,Below-Target
289,2025-12-31,16561.53,1860.0,Met
289,2026-01-31,17870.79,1860.0,Met
289,2026-02-28,17998.03,597.23,Below-Target
289,2026-03-31,19501.73,1860.0,Met
289,2026-04-30,21352.21,1860.0,Met
289,2026-05-31,21900.7,684.65,Below-Target
289,2026-06-30,23739.11,1860.0,Met
289,2026-07-31,24316.58,836.82,Below-Target
289,2026-08-31,25852.35,1860.0,Met
290,2023-01-31,12825.29,1720.0,Met
290,2023-02-28,14091.82,1720.0,Met
290,2023-03-31,15416.62,1720.0,Met
290,2023-04-30,15052.01,0.0,Missed
290,2023-05-31,16672.45,1720.0,Met
290,2023-06-30,17976.46,1720.0,Met
290,2023-07-31,19479.42,1720.0,Met
290,2023-08-31,21189.93,1720.0,Met
290,2023-09-30,22748.74,1720.0,Met
290,2023-10-31,24011.23,1720.0,Met
290,2023-11-30,25220.91,1720.0,Met
290,2023-12-31,25842.34,625.11,Below-Target
290,2024-01-31,26239.57,487.09,Below-Target
290,2024-02-29,26211.42,0.0,Missed
290,2024-03-31,27891.55,1720.0,Met
290,2024-04-30,29468.96,1720.0,Met
290,2024-05-31,30983.28,1720.0,Met
290,2024-06-30,31330.39,542.75,Below-Target
290,2024-07-31,32583.85,1720.0,Met
290,2024-08-31,32485.65,0.0,Missed
290,2024-09-30,33960.36,1720.0,Met
290,2024-10-31,35617.88,1720.0,Met
290,2024-11-30,37185.61,1720.0,Met
290,2024-12-31,38524.56,1720.0,Met
290,2025-01-31,39851.16,1720.0,Met
290,2025-02-28,41242.55,1720.0,Met
290,2025-03-31,42676.64,1720.0,Met
290,2025-04-30,44030.41,1720.0,Met
290,2025-05-31,45322.11,1720.0,Met
290,2025-06-30,46828.97,1720.0,Met
290,2025-07-31,48131.74,1720.0,Met
290,2025-08-31,49770.57,1720.0,Met
290,2025-09-30,51374.04,1720.0,Met
290,2025-10-31,53049.13,1720.0,Met
290,2025-11-30,54646.0,1720.0,Met
290,2025-12-31,56309.54,1720.0,Met
290,2026-01-31,58015.02,1720.0,Met
290,2026-02-28,59318.98,1720.0,Met
290,2026-03-31,58914.75,0.0,Missed
290,2026-04-30,60121.72,1720.0,Met
290,2026-05-31,61627.99,1720.0,Met
290,2026-06-30,63336.79,1720.0,Met
290,2026-07-31,64970.3,1720.0,Met
290,2026-08-31,66234.35,1720.0,Met
291,2023-01-31,9277.28,1940.0,Met
291,2023-02-28,11003.56,1940.0,Met
291,2023-03-31,12747.35,1940.0,Met
291,2023-04-30,14272.18,1940.0,Met
291,2023-05-31,14905.75,993.32,Below-Target
291,2023-06-30,15572.61,1061.28,Below-Target
291,2023-07-31,17283.44,1940.0,Met
291,2023-08-31,18916.77,1940.0,Met
291,2023-09-30,19402.5,894.96,Below-Target
291,2023-10-31,19829.09,896.38,Below-Target
291,2023-11-30,21294.37,1940.0,Met
291,2023-12-31,23089.29,1940.0,Met
291,2024-01-31,24967.66,1940.0,Met
291,2024-02-29,25426.77,497.93,Below-Target
291,2024-03-31,27213.65,1940.0,Met
291,2024-04-30,28745.25,1940.0,Met
291,2024-05-31,30106.74,1940.0,Met
291,2024-06-30,31176.06,1325.17,Below-Target
291,2024-07-31,32724.49,1940.0,Met
291,2024-08-31,34621.22,1940.0,Met
291,2024-09-30,36039.92,1940.0,Met
291,2024-10-31,36350.01,643.79,Below-Target
291,2024-11-30,37165.8,1049.92,Below-Target
291,2024-12-31,38579.27,1940.0,Met
291,2025-01-31,40488.13,1940.0,Met
291,2025-02-28,41997.29,1940.0,Met
291,2025-03-31,43789.37,1940.0,Met
291,2025-04-30,44344.7,1018.04,Below-Target
291,2025-05-31,44596.42,779.22,Below-Target
291,2025-06-30,46311.21,1940.0,Met
291,2025-07-31,47740.89,1940.0,Met
291,2025-08-31,49289.73,1940.0,Met
291,2025-09-30,50919.96,1940.0,Met
291,2025-10-31,51648.68,1032.73,Below-Target
291,2025-11-30,52027.41,473.21,Below-Target
291,2025-12-31,53077.66,1323.87,Below-Target
291,2026-01-31,54461.84,1940.0,Met
291,2026-02-28,56394.73,1940.0,Met
291,2026-03-31,58297.58,1940.0,Met
291,2026-04-30,59859.3,1940.0,Met
291,2026-05-31,61614.69,1940.0,Met
291,2026-06-30,62339.73,1145.71,Below-Target
291,2026-07-31,63771.56,1940.0,Met
291,2026-08-31,65153.27,1940.0,Met
292,2023-07-31,14733.36,1900.0,Met
292,2023-08-31,16478.76,1900.0,Met
292,2023-09-30,18206.07,1900.0,Met
292,2023-10-31,19543.64,1900.0,Met
292,2023-11-30,21374.04,1900.0,Met
292,2023-12-31,21703.15,829.38,Below-Target
292,2024-01-31,23065.85,1900.0,Met
292,2024-02-29,24447.39,1900.0,Met
292,2024-03-31,26275.04,1900.0,Met
292,2024-04-30,26239.45,0.0,Missed
292,2024-05-31,27573.56,1900.0,Met
292,2024-06-30,29050.42,1900.0,Met
292,2024-07-31,30709.46,1900.0,Met
292,2024-08-31,32381.27,1900.0,Met
292,2024-09-30,33821.45,1900.0,Met
292,2024-10-31,34914.21,1148.5,Below-Target
292,2024-11-30,36464.58,1900.0,Met
292,2024-12-31,37840.55,1900.0,Met
292,2025-01-31,39558.95,1900.0,Met
292,2025-02-28,41029.42,1900.0,Met
292,2025-03-31,42782.86,1900.0,Met
292,2025-04-30,44155.36,1900.0,Met
292,2025-05-31,45808.46,1900.0,Met
292,2025-06-30,46560.67,931.46,Below-Target
292,2025-07-31,48016.57,1900.0,Met
292,2025-08-31,49752.41,1900.0,Met
292,2025-09-30,51149.87,1900.0,Met
292,2025-10-31,52480.21,1900.0,Met
292,2025-11-30,53849.34,1900.0,Met
292,2025-12-31,55583.7,1900.0,Met
292,2026-01-31,56979.37,1900.0,Met
292,2026-02-28,58819.41,1900.0,Met
292,2026-03-31,60179.92,1900.0,Met
292,2026-04-30,61596.66,1900.0,Met
292,2026-05-31,63221.05,1900.0,Met
292,2026-06-30,64644.75,1900.0,Met
292,2026-07-31,66286.61,1900.0,Met
292,2026-08-31,68123.07,1900.0,Met
293,2023-01-31,13530.14,1590.0,Met
293,2023-02-28,14788.39,1590.0,Met
293,2023-03-31,15968.81,1590.0,Met
293,2023-04-30,17423.59,1590.0,Met
293,2023-05-31,18775.9,1590.0,Met
293,2023-06-30,20030.98,1590.0,Met
293,2023-07-31,21308.84,1590.0,Met
293,2023-08-31,22608.49,1590.0,Met
293,2023-09-30,23836.42,1590.0,Met
293,2023-10-31,25381.69,1590.0,Met
293,2023-11-30,26603.56,1590.0,Met
293,2023-12-31,27739.85,1590.0,Met
293,2024-01-31,27732.94,378.82,Below-Target
293,2024-02-29,28942.76,1590.0,Met
293,2024-03-31,30411.55,1590.0,Met
293,2024-04-30,31732.76,1590.0,Met
293,2024-05-31,33283.36,1590.0,Met
293,2024-06-30,34626.11,1590.0,Met
293,2024-07-31,35950.42,1590.0,Met
293,2024-08-31,37412.27,1590.0,Met
293,2024-09-30,38706.46,1590.0,Met
293,2024-10-31,40286.33,1590.0,Met
293,2024-11-30,41562.84,1590.0,Met
293,2024-12-31,42867.13,1590.0,Met
293,2025-01-31,44184.99,1590.0,Met
293,2025-02-28,45521.88,1590.0,Met
293,2025-03-31,47038.75,1590.0,Met
293,2025-04-30,48605.08,1590.0,Met
293,2025-05-31,49222.96,907.1,Below-Target
293,2025-06-30,50730.96,1590.0,Met
293,2025-07-31,51872.62,1590.0,Met
293,2025-08-31,53177.93,1590.0,Met
293,2025-09-30,53194.81,346.01,Below-Target
293,2025-10-31,54356.15,1590.0,Met
293,2025-11-30,55216.93,945.45,Below-Target
293,2025-12-31,56498.75,1590.0,Met
293,2026-01-31,56371.3,338.61,Below-Target
293,2026-02-28,56015.87,0.0,Missed
293,2026-03-31,57366.27,1590.0,Met
293,2026-04-30,58592.73,1590.0,Met
293,2026-05-31,59864.22,1590.0,Met
293,2026-06-30,61007.49,1590.0,Met
293,2026-07-31,62530.93,1590.0,Met
293,2026-08-31,63749.58,1590.0,Met
294,2023-01-31,14769.46,730.28,Below-Target
294,2023-02-28,16402.91,541.3,Below-Target
294,2023-03-31,18060.76,1850.0,Met
294,2023-04-30,18967.2,574.13,Below-Target
294,2023-05-31,19714.34,1242.16,Below-Target
294,2023-06-30,21467.29,1850.0,Met
294,2023-07-31,23252.84,1850.0,Met
294,2023-08-31,23201.82,0.0,Missed
294,2023-09-30,24954.99,1850.0,Met
294,2023-10-31,26530.51,1850.0,Met
294,2023-11-30,28205.38,1850.0,Met
294,2023-12-31,29667.14,1850.0,Met
294,2024-01-31,29768.23,536.41,Below-Target
294,2024-02-29,31446.45,1850.0,Met
294,2024-03-31,32958.34,1850.0,Met
294,2024-04-30,34564.54,1850.0,Met
294,2024-05-31,36147.5,1850.0,Met
294,2024-06-30,37637.04,1850.0,Met
294,2024-07-31,39144.26,1850.0,Met
294,2024-08-31,40914.63,1850.0,Met
294,2024-09-30,42287.65,1850.0,Met
294,2024-10-31,43823.2,1850.0,Met
294,2024-11-30,45203.16,1850.0,Met
294,2024-12-31,46524.62,1850.0,Met
294,2025-01-31,47639.64,1116.23,Below-Target
294,2025-02-28,49287.54,1850.0,Met
294,2025-03-31,50727.29,1850.0,Met
294,2025-04-30,52302.91,1850.0,Met
294,2025-05-31,53761.01,1850.0,Met
294,2025-06-30,55447.07,1850.0,Met
294,2025-07-31,57025.92,1850.0,Met
294,2025-08-31,58682.65,1850.0,Met
294,2025-09-30,60243.73,1850.0,Met
294,2025-10-31,61859.37,1850.0,Met
294,2025-11-30,63207.38,1850.0,Met
294,2025-12-31,64974.91,1850.0,Met
294,2026-01-31,66767.37,1850.0,Met
294,2026-02-28,68264.03,1850.0,Met
294,2026-03-31,69998.88,1850.0,Met
294,2026-04-30,71585.02,1850.0,Met
294,2026-05-31,72910.25,1850.0,Met
294,2026-06-30,74661.39,1850.0,Met
294,2026-07-31,75970.63,1850.0,Met
294,2026-08-31,77529.1,1850.0,Met
295,2023-04-30,13440.8,1730.0,Met
295,2023-05-31,15061.22,1730.0,Met
295,2023-06-30,15397.89,455.08,Below-Target
295,2023-07-31,17110.57,1730.0,Met
295,2023-08-31,18711.2,1730.0,Met
295,2023-09-30,19981.11,1730.0,Met
295,2023-10-31,20249.12,756.45,Below-Target
295,2023-11-30,21605.68,1730.0,Met
295,2023-12-31,23032.19,1730.0,Met
295,2024-01-31,23586.99,561.0,Below-Target
295,2024-02-29,25133.65,1730.0,Met
295,2024-03-31,26202.56,1175.35,Below-Target
295,2024-04-30,27868.26,1730.0,Met
295,2024-05-31,27887.42,442.54,Below-Target
295,2024-06-30,29520.99,1730.0,Met
295,2024-07-31,31222.92,1730.0,Met
295,2024-08-31,32436.25,1730.0,Met
295,2024-09-30,33934.58,1730.0,Met
295,2024-10-31,35340.42,1730.0,Met
295,2024-11-30,36837.32,1730.0,Met
295,2024-12-31,38427.21,1730.0,Met
295,2025-01-31,39867.03,1730.0,Met
295,2025-02-28,41469.17,1730.0,Met
295,2025-03-31,42968.6,1730.0,Met
295,2025-04-30,44361.24,1730.0,Met
295,2025-05-31,45120.46,1041.42,Below-Target
295,2025-06-30,46438.91,1730.0,Met
295,2025-07-31,47820.59,1730.0,Met
295,2025-08-31,49345.23,1730.0,Met
295,2025-09-30,50885.15,1730.0,Met
295,2025-10-31,52386.99,1730.0,Met
295,2025-11-30,53606.45,1730.0,Met
295,2025-12-31,54862.2,1730.0,Met
295,2026-01-31,54997.07,624.45,Below-Target
295,2026-02-28,56283.81,1730.0,Met
295,2026-03-31,57054.61,823.28,Below-Target
295,2026-04-30,58519.31,1730.0,Met
295,2026-05-31,59828.34,1730.0,Met
295,2026-06-30,61171.15,1730.0,Met
295,2026-07-31,62734.03,1730.0,Met
295,2026-08-31,64393.3,1730.0,Met
296,2025-06-30,15430.53,1860.0,Met
296,2025-07-31,15004.35,0.0,Missed
296,2025-08-31,14716.73,0.0,Missed
296,2025-09-30,16454.43,1860.0,Met
296,2025-10-31,18107.36,1860.0,Met
296,2025-11-30,19911.38,1860.0,Met
296,2025-12-31,20902.71,1122.38,Below-Target
296,2026-01-31,22513.7,1860.0,Met
296,2026-02-28,24144.38,1860.0,Met
296,2026-03-31,25729.05,1860.0,Met
296,2026-04-30,27219.37,1860.0,Met
296,2026-05-31,28652.19,1860.0,Met
296,2026-06-30,30456.46,1860.0,Met
296,2026-07-31,32277.91,1860.0,Met
296,2026-08-31,34085.85,1860.0,Met
297,2023-01-31,3188.06,0.0,Missed
297,2023-02-28,4865.1,1690.0,Met
297,2023-03-31,6450.88,1690.0,Met
297,2023-04-30,8044.39,1690.0,Met
297,2023-05-31,9617.59,1690.0,Met
297,2023-06-30,11268.46,1690.0,Met
297,2023-07-31,12566.06,1690.0,Met
297,2023-08-31,13965.94,1690.0,Met
297,2023-09-30,15642.01,1690.0,Met
297,2023-10-31,17059.01,1690.0,Met
297,2023-11-30,18723.23,691.43,Below-Target
297,2023-12-31,19913.85,429.87,Below-Target
297,2024-01-31,21538.15,1690.0,Met
297,2024-02-29,22819.28,1690.0,Met
297,2024-03-31,24089.42,1690.0,Met
297,2024-04-30,25428.18,1690.0,Met
297,2024-05-31,26899.36,1690.0,Met
297,2024-06-30,28346.92,1690.0,Met
297,2024-07-31,29591.23,381.11,Below-Target
297,2024-08-31,29765.18,76.45,Below-Target
297,2024-09-30,31387.04,1690.0,Met
297,2024-10-31,33064.83,1690.0,Met
297,2024-11-30,34643.88,1690.0,Met
297,2024-12-31,35857.27,1690.0,Met
297,2025-01-31,37486.61,1690.0,Met
297,2025-02-28,38948.31,1690.0,Met
297,2025-03-31,40183.34,1690.0,Met
297,2025-04-30,41558.29,1690.0,Met
297,2025-05-31,42836.25,1690.0,Met
297,2025-06-30,42824.74,0.0,Missed
297,2025-07-31,44162.21,1690.0,Met
297,2025-08-31,45846.54,1690.0,Met
297,2025-09-30,45796.49,0.0,Missed
297,2025-10-31,47079.76,1690.0,Met
297,2025-11-30,46869.65,0.0,Missed
297,2025-12-31,47620.91,1130.22,Below-Target
297,2026-01-31,49090.14,1690.0,Met
297,2026-02-28,48863.66,0.0,Missed
297,2026-03-31,48510.27,0.0,Missed
297,2026-04-30,50159.99,1690.0,Met
297,2026-05-31,51716.38,1690.0,Met
297,2026-06-30,51699.34,0.0,Missed
297,2026-07-31,53361.19,1690.0,Met
297,2026-08-31,53177.88,0.0,Missed
298,2023-09-30,3347.56,527.38,Below-Target
298,2023-10-31,4518.49,1370.0,Met
298,2023-11-30,4514.54,0.0,Missed
298,2023-12-31,5864.61,1370.0,Met
298,2024-01-31,6969.11,1370.0,Met
298,2024-02-29,8091.93,1370.0,Met
298,2024-03-31,9362.17,1370.0,Met
298,2024-04-30,9560.54,290.47,Below-Target
298,2024-05-31,10672.57,1370.0,Met
298,2024-06-30,12028.9,1370.0,Met
298,2024-07-31,13177.44,1370.0,Met
298,2024-08-31,14350.67,1370.0,Met
298,2024-09-30,15374.24,1370.0,Met
298,2024-10-31,16632.54,1370.0,Met
298,2024-11-30,17875.41,1370.0,Met
298,2024-12-31,18844.16,1370.0,Met
298,2025-01-31,19848.59,1370.0,Met
298,2025-02-28,21098.21,1370.0,Met
298,2025-03-31,22119.17,1370.0,Met
298,2025-04-30,23299.3,1370.0,Met
298,2025-05-31,24582.56,1370.0,Met
298,2025-06-30,25732.47,1370.0,Met
298,2025-07-31,27032.44,1370.0,Met
298,2025-08-31,28286.52,1370.0,Met
298,2025-09-30,28900.13,671.96,Below-Target
298,2025-10-31,30095.46,1370.0,Met
298,2025-11-30,31292.0,1370.0,Met
298,2025-12-31,32582.92,1370.0,Met
298,2026-01-31,33759.54,1370.0,Met
298,2026-02-28,35097.02,1370.0,Met
298,2026-03-31,35050.94,0.0,Missed
298,2026-04-30,36377.06,1370.0,Met
298,2026-05-31,37602.02,1370.0,Met
298,2026-06-30,38818.77,1370.0,Met
298,2026-07-31,40140.48,1370.0,Met
298,2026-08-31,41263.2,1370.0,Met
299,2023-01-31,7149.16,1590.0,Met
299,2023-02-28,8339.35,1590.0,Met
299,2023-03-31,9151.72,934.83,Below-Target
299,2023-04-30,10415.57,1590.0,Met
299,2023-05-31,11622.08,1590.0,Met
299,2023-06-30,12396.29,1089.66,Below-Target
299,2023-07-31,12967.63,968.75,Below-Target
299,2023-08-31,14538.61,1590.0,Met
299,2023-09-30,14429.52,0.0,Missed
299,2023-10-31,15246.47,874.97,Below-Target
299,2023-11-30,16611.42,1590.0,Met
299,2023-12-31,18054.84,1590.0,Met
299,2024-01-31,19447.7,1590.0,Met
299,2024-02-29,20898.17,1590.0,Met
299,2024-03-31,22288.11,1590.0,Met
299,2024-04-30,23425.75,1590.0,Met
299,2024-05-31,24585.23,1590.0,Met
299,2024-06-30,25849.35,1590.0,Met
299,2024-07-31,27122.49,1590.0,Met
299,2024-08-31,28469.94,1590.0,Met
299,2024-09-30,29646.47,1590.0,Met
299,2024-10-31,30184.52,950.15,Below-Target
299,2024-11-30,31644.84,1590.0,Met
299,2024-12-31,32910.15,1590.0,Met
299,2025-01-31,34054.85,1590.0,Met
299,2025-02-28,35306.07,1590.0,Met
299,2025-03-31,36677.81,1590.0,Met
299,2025-04-30,37800.76,1590.0,Met
299,2025-05-31,38980.92,1590.0,Met
299,2025-06-30,39283.95,555.97,Below-Target
299,2025-07-31,40381.4,1107.0,Below-Target
299,2025-08-31,41656.32,1590.0,Met
299,2025-09-30,42840.52,1590.0,Met
299,2025-10-31,43168.03,520.78,Below-Target
299,2025-11-30,44044.72,950.47,Below-Target
299,2025-12-31,45367.43,1590.0,Met
299,2026-01-31,45818.23,717.99,Below-Target
299,2026-02-28,47180.9,1590.0,Met
299,2026-03-31,48581.39,1590.0,Met
299,2026-04-30,49787.15,1590.0,Met
299,2026-05-31,51255.69,1590.0,Met
299,2026-06-30,52404.35,1590.0,Met
299,2026-07-31,53972.75,1590.0,Met
299,2026-08-31,55154.21,1590.0,Met
300,2023-01-31,7799.58,1670.0,Met
300,2023-02-28,9257.43,1670.0,Met
300,2023-03-31,9915.15,811.33,Below-Target
300,2023-04-30,11355.83,1670.0,Met
300,2023-05-31,12549.68,1670.0,Met
300,2023-06-30,13872.95,1670.0,Met
300,2023-07-31,15482.58,1670.0,Met
300,2023-08-31,16969.82,1670.0,Met
300,2023-09-30,18513.01,1670.0,Met
300,2023-10-31,19853.44,1670.0,Met
300,2023-11-30,21466.71,1670.0,Met
300,2023-12-31,22846.45,1670.0,Met
300,2024-01-31,23621.55,1041.1,Below-Target
300,2024-02-29,24914.79,1670.0,Met
300,2024-03-31,26296.63,1670.0,Met
300,2024-04-30,27778.87,1670.0,Met
300,2024-05-31,29081.31,1670.0,Met
300,2024-06-30,30304.9,1670.0,Met
300,2024-07-31,31638.78,1670.0,Met
300,2024-08-31,31395.83,0.0,Missed
300,2024-09-30,32637.11,1670.0,Met
300,2024-10-31,34067.9,1670.0,Met
300,2024-11-30,35324.63,1670.0,Met
300,2024-12-31,36977.57,1670.0,Met
300,2025-01-31,38223.79,1670.0,Met
300,2025-02-28,39430.25,1670.0,Met
300,2025-03-31,40917.29,1670.0,Met
300,2025-04-30,40908.14,0.0,Missed
300,2025-05-31,42393.51,1670.0,Met
300,2025-06-30,43754.04,1670.0,Met
300,2025-07-31,45007.85,1670.0,Met
300,2025-08-31,46365.73,1670.0,Met
300,2025-09-30,47806.13,1670.0,Met
300,2025-10-31,49290.66,1670.0,Met
300,2025-11-30,49182.21,0.0,Missed
300,2025-12-31,50398.08,1670.0,Met
300,2026-01-31,51012.15,792.89,Below-Target
300,2026-02-28,52326.68,1670.0,Met
300,2026-03-31,53801.1,1670.0,Met
300,2026-04-30,54558.31,962.62,Below-Target
300,2026-05-31,56058.84,1670.0,Met
300,2026-06-30,57636.78,1670.0,Met
300,2026-07-31,58814.37,1670.0,Met
300,2026-08-31,60201.16,1670.0,Met
301,2024-11-30,8363.29,1930.0,Met
301,2024-12-31,10020.92,1930.0,Met
301,2025-01-31,11875.22,1930.0,Met
301,2025-02-28,13402.51,1930.0,Met
301,2025-03-31,15107.24,1930.0,Met
301,2025-04-30,16743.39,1930.0,Met
301,2025-05-31,18638.54,1930.0,Met
301,2025-06-30,20232.1,1930.0,Met
301,2025-07-31,21618.77,1930.0,Met
301,2025-08-31,23038.44,1930.0,Met
301,2025-09-30,22565.45,0.0,Missed
301,2025-10-31,24258.21,1930.0,Met
301,2025-11-30,25834.95,1930.0,Met
301,2025-12-31,27396.58,1930.0,Met
301,2026-01-31,29074.61,1930.0,Met
301,2026-02-28,29615.7,846.11,Missed
301,2026-03-31,30103.77,491.11,Below-Target
301,2026-04-30,29989.97,498.02,Below-Target
301,2026-05-31,31887.18,1930.0,Met
301,2026-06-30,33336.01,1930.0,Met
301,2026-07-31,35015.68,1930.0,Met
301,2026-08-31,36658.65,1930.0,Met
302,2025-05-31,13730.73,1710.0,Met
302,2025-06-30,15386.26,1710.0,Met
302,2025-07-31,15096.8,0.0,Missed
302,2025-08-31,16749.5,1710.0,Met
302,2025-09-30,18110.48,1710.0,Met
302,2025-10-31,19809.34,1710.0,Met
302,2025-11-30,20464.76,744.48,Below-Target
302,2025-12-31,21998.15,1710.0,Met
302,2026-01-31,23397.05,1710.0,Met
302,2026-02-28,24792.56,1710.0,Met
302,2026-03-31,26256.14,1710.0,Met
302,2026-04-30,27859.35,127.9,Missed
302,2026-05-31,29545.71,417.45,Missed
302,2026-06-30,31154.81,1710.0,Met
302,2026-07-31,32480.3,1710.0,Met
302,2026-08-31,33245.24,837.49,Below-Target
303,2023-02-28,15761.81,1560.0,Met
303,2023-03-31,16008.23,649.11,Below-Target
303,2023-04-30,17203.17,1560.0,Met
303,2023-05-31,18717.46,1560.0,Met
303,2023-06-30,19951.4,1560.0,Met
303,2023-07-31,21212.48,1560.0,Met
303,2023-08-31,21947.54,790.27,Below-Target
303,2023-09-30,23239.67,1560.0,Met
303,2023-10-31,24377.95,1560.0,Met
303,2023-11-30,25906.05,1560.0,Met
303,2023-12-31,27393.19,1560.0,Met
303,2024-01-31,28672.6,1560.0,Met
303,2024-02-29,30029.19,1560.0,Met
303,2024-03-31,31425.91,1560.0,Met
303,2024-04-30,31120.06,0.0,Missed
303,2024-05-31,32591.81,1560.0,Met
303,2024-06-30,33771.04,1560.0,Met
303,2024-07-31,35303.17,1560.0,Met
303,2024-08-31,36417.61,1560.0,Met
303,2024-09-30,36099.38,0.0,Missed
303,2024-10-31,37540.6,1560.0,Met
303,2024-11-30,38657.2,1560.0,Met
303,2024-12-31,40128.8,1560.0,Met
303,2025-01-31,41351.37,1560.0,Met
303,2025-02-28,42508.06,1560.0,Met
303,2025-03-31,43601.25,1560.0,Met
303,2025-04-30,44186.22,725.32,Below-Target
303,2025-05-31,45409.49,1560.0,Met
303,2025-06-30,46675.68,1560.0,Met
303,2025-07-31,48083.81,1560.0,Met
303,2025-08-31,49639.26,1560.0,Met
303,2025-09-30,49555.34,0.0,Missed
303,2025-10-31,50745.46,1560.0,Met
303,2025-11-30,52268.34,1560.0,Met
303,2025-12-31,53732.7,1560.0,Met
303,2026-01-31,55218.58,1560.0,Met
303,2026-02-28,56384.79,1560.0,Met
303,2026-03-31,57870.87,1560.0,Met
303,2026-04-30,59147.11,1560.0,Met
303,2026-05-31,60313.1,1560.0,Met
303,2026-06-30,61556.93,1560.0,Met
303,2026-07-31,63001.76,1560.0,Met
303,2026-08-31,64377.1,1560.0,Met
304,2023-08-31,10353.57,1390.0,Met
304,2023-09-30,11643.24,1390.0,Met
304,2023-10-31,12755.51,1390.0,Met
304,2023-11-30,14033.59,1390.0,Met
304,2023-12-31,15089.43,1390.0,Met
304,2024-01-31,15855.36,239.94,Below-Target
304,2024-02-29,17045.15,270.74,Below-Target
304,2024-03-31,18210.65,1390.0,Met
304,2024-04-30,18423.82,336.01,Below-Target
304,2024-05-31,19519.85,1390.0,Met
304,2024-06-30,19755.53,392.95,Below-Target
304,2024-07-31,20814.27,304.75,Below-Target
304,2024-08-31,21856.14,601.92,Missed
304,2024-09-30,22936.04,1390.0,Met
304,2024-10-31,24295.05,1390.0,Met
304,2024-11-30,25626.37,1390.0,Met
304,2024-12-31,26906.34,1390.0,Met
304,2025-01-31,28293.02,1390.0,Met
304,2025-02-28,29446.67,1390.0,Met
304,2025-03-31,30513.25,1390.0,Met
304,2025-04-30,31575.19,1390.0,Met
304,2025-05-31,32941.74,1390.0,Met
304,2025-06-30,33330.7,571.52,Below-Target
304,2025-07-31,33646.03,480.32,Below-Target
304,2025-08-31,34903.49,1390.0,Met
304,2025-09-30,36206.12,1390.0,Met
304,2025-10-31,37569.81,1390.0,Met
304,2025-11-30,38591.91,1390.0,Met
304,2025-12-31,39768.76,1390.0,Met
304,2026-01-31,40974.06,1390.0,Met
304,2026-02-28,41999.07,1390.0,Met
304,2026-03-31,43190.1,1390.0,Met
304,2026-04-30,44278.23,1390.0,Met
304,2026-05-31,45256.61,1390.0,Met
304,2026-06-30,46531.84,1390.0,Met
304,2026-07-31,47544.38,1390.0,Met
304,2026-08-31,48761.39,1390.0,Met
305,2024-10-31,3672.34,1410.0,Met
305,2024-11-30,5038.49,1410.0,Met
305,2024-12-31,5664.71,985.75,Below-Target
305,2025-01-31,6883.03,1410.0,Met
305,2025-02-28,8041.11,1410.0,Met
305,2025-03-31,9172.37,1410.0,Met
305,2025-04-30,10207.74,1410.0,Met
305,2025-05-31,11338.34,1410.0,Met
305,2025-06-30,11844.14,680.8,Below-Target
305,2025-07-31,12916.21,99.91,Missed
305,2025-08-31,13965.46,119.48,Below-Target
305,2025-09-30,14052.67,394.3,Below-Target
305,2025-10-31,14345.6,292.96,Below-Target
305,2025-11-30,15533.86,1410.0,Met
305,2025-12-31,16585.8,657.99,Below-Target
305,2026-01-31,17603.87,1410.0,Met
305,2026-02-28,18626.59,1410.0,Met
305,2026-03-31,20000.63,1410.0,Met
305,2026-04-30,19895.07,0.0,Missed
305,2026-05-31,21287.55,1410.0,Met
305,2026-06-30,22498.33,1410.0,Met
305,2026-07-31,23672.67,1410.0,Met
305,2026-08-31,24641.61,982.7,Below-Target
306,2023-01-31,7166.16,1680.0,Met
306,2023-02-28,8381.11,1680.0,Met
306,2023-03-31,9772.73,1680.0,Met
306,2023-04-30,10965.36,1680.0,Met
306,2023-05-31,11758.92,1109.64,Below-Target
306,2023-06-30,12953.0,1680.0,Met
306,2023-07-31,14330.39,1680.0,Met
306,2023-08-31,15562.49,1680.0,Met
306,2023-09-30,16073.2,1005.22,Below-Target
306,2023-10-31,17508.89,1680.0,Met
306,2023-11-30,19163.85,1680.0,Met
306,2023-12-31,20383.82,1680.0,Met
306,2024-01-31,20923.51,615.12,Below-Target
306,2024-02-29,22599.36,1680.0,Met
306,2024-03-31,24188.91,1680.0,Met
306,2024-04-30,25737.4,1680.0,Met
306,2024-05-31,27119.71,1680.0,Met
306,2024-06-30,28423.64,1680.0,Met
306,2024-07-31,29722.18,1680.0,Met
306,2024-08-31,31019.1,1680.0,Met
306,2024-09-30,32569.14,1680.0,Met
306,2024-10-31,33987.96,1680.0,Met
306,2024-11-30,35416.46,1680.0,Met
306,2024-12-31,36945.2,1680.0,Met
306,2025-01-31,38227.68,1680.0,Met
306,2025-02-28,39721.66,1680.0,Met
306,2025-03-31,40924.25,1680.0,Met
306,2025-04-30,42265.98,1680.0,Met
306,2025-05-31,42652.43,633.46,Below-Target
306,2025-06-30,44130.08,1680.0,Met
306,2025-07-31,45617.85,1680.0,Met
306,2025-08-31,45170.51,0.0,Missed
306,2025-09-30,46480.51,1680.0,Met
306,2025-10-31,48009.81,129.24,Missed
306,2025-11-30,47633.52,345.79,Below-Target
306,2025-12-31,48847.64,1680.0,Met
306,2026-01-31,50150.29,1680.0,Met
306,2026-02-28,51513.2,1680.0,Met
306,2026-03-31,53162.67,1680.0,Met
306,2026-04-30,54820.68,1680.0,Met
306,2026-05-31,56438.26,1680.0,Met
306,2026-06-30,57860.31,1680.0,Met
306,2026-07-31,59151.77,1680.0,Met
306,2026-08-31,60574.81,1680.0,Met
307,2023-01-31,14035.78,789.37,Below-Target
307,2023-02-28,15675.22,1870.0,Met
307,2023-03-31,17261.97,1870.0,Met
307,2023-04-30,18641.6,1870.0,Met
307,2023-05-31,19217.55,790.34,Below-Target
307,2023-06-30,20841.19,1870.0,Met
307,2023-07-31,22470.42,1870.0,Met
307,2023-08-31,24191.94,1870.0,Met
307,2023-09-30,25738.37,1870.0,Met
307,2023-10-31,27085.58,1870.0,Met
307,2023-11-30,28590.62,1870.0,Met
307,2023-12-31,30229.98,1870.0,Met
307,2024-01-31,32073.4,1870.0,Met
307,2024-02-29,33457.83,1870.0,Met
307,2024-03-31,35146.94,1870.0,Met
307,2024-04-30,36739.63,1870.0,Met
307,2024-05-31,38223.77,1870.0,Met
307,2024-06-30,38383.6,699.25,Below-Target
307,2024-07-31,39952.41,1870.0,Met
307,2024-08-31,41318.0,1870.0,Met
307,2024-09-30,42109.18,891.61,Below-Target
307,2024-10-31,43772.89,1870.0,Met
307,2024-11-30,45585.31,1870.0,Met
307,2024-12-31,46938.64,1870.0,Met
307,2025-01-31,48782.98,1870.0,Met
307,2025-02-28,50579.36,1870.0,Met
307,2025-03-31,52042.0,1870.0,Met
307,2025-04-30,53812.77,1870.0,Met
307,2025-05-31,55514.81,1870.0,Met
307,2025-06-30,56124.94,616.11,Below-Target
307,2025-07-31,57548.64,1870.0,Met
307,2025-08-31,59329.75,1870.0,Met
307,2025-09-30,58911.62,0.0,Missed
307,2025-10-31,60481.63,1870.0,Met
307,2025-11-30,61816.58,1870.0,Met
307,2025-12-31,63140.74,1870.0,Met
307,2026-01-31,64980.23,1870.0,Met
307,2026-02-28,66526.96,1870.0,Met
307,2026-03-31,67964.79,1870.0,Met
307,2026-04-30,69507.17,1870.0,Met
307,2026-05-31,71216.4,1870.0,Met
307,2026-06-30,72593.7,1870.0,Met
307,2026-07-31,74051.64,1870.0,Met
307,2026-08-31,75438.86,1870.0,Met
308,2024-09-30,3869.75,1940.0,Met
308,2024-10-31,5574.04,1940.0,Met
308,2024-11-30,7204.35,1940.0,Met
308,2024-12-31,8711.93,1940.0,Met
308,2025-01-31,9536.9,911.53,Below-Target
308,2025-02-28,11093.84,1940.0,Met
308,2025-03-31,12539.2,1940.0,Met
308,2025-04-30,13063.04,551.35,Below-Target
308,2025-05-31,14585.01,1940.0,Met
308,2025-06-30,16393.2,1940.0,Met
308,2025-07-31,18137.04,1940.0,Met
308,2025-08-31,19563.21,1940.0,Met
308,2025-09-30,21431.48,1940.0,Met
308,2025-10-31,23151.03,1940.0,Met
308,2025-11-30,24680.56,1940.0,Met
308,2025-12-31,26287.34,1940.0,Met
308,2026-01-31,27299.3,1327.23,Below-Target
308,2026-02-28,28730.94,1940.0,Met
308,2026-03-31,30172.82,1940.0,Met
308,2026-04-30,31658.54,1940.0,Met
308,2026-05-31,33097.02,1940.0,Met
308,2026-06-30,34927.6,1940.0,Met
308,2026-07-31,36832.32,1940.0,Met
308,2026-08-31,38582.46,1940.0,Met
309,2023-01-31,6931.35,1610.0,Met
309,2023-02-28,6972.37,337.79,Below-Target
309,2023-03-31,8370.24,1610.0,Met
309,2023-04-30,9756.57,1610.0,Met
309,2023-05-31,10903.56,1610.0,Met
309,2023-06-30,12243.64,1610.0,Met
309,2023-07-31,12964.71,979.87,Below-Target
309,2023-08-31,14145.43,1610.0,Met
309,2023-09-30,14600.52,929.51,Below-Target
309,2023-10-31,15999.44,1610.0,Met
309,2023-11-30,17467.98,1610.0,Met
309,2023-12-31,18614.23,1610.0,Met
309,2024-01-31,18202.88,0.0,Missed
309,2024-02-29,19431.28,1610.0,Met
309,2024-03-31,21028.08,1610.0,Met
309,2024-04-30,22430.1,1610.0,Met
309,2024-05-31,23647.94,1610.0,Met
309,2024-06-30,24544.53,897.23,Below-Target
309,2024-07-31,25818.21,1610.0,Met
309,2024-08-31,25578.4,0.0,Missed
309,2024-09-30,27055.13,1610.0,Met
309,2024-10-31,27699.98,872.01,Below-Target
309,2024-11-30,29307.41,1610.0,Met
309,2024-12-31,30490.64,1610.0,Met
309,2025-01-31,30183.72,0.0,Missed
309,2025-02-28,30710.77,923.8,Below-Target
309,2025-03-31,32093.81,1610.0,Met
309,2025-04-30,33387.52,1610.0,Met
309,2025-05-31,34920.33,1610.0,Met
309,2025-06-30,36403.36,1610.0,Met
309,2025-07-31,37922.52,1610.0,Met
309,2025-08-31,39161.6,1610.0,Met
309,2025-09-30,40467.03,1610.0,Met
309,2025-10-31,41664.42,1610.0,Met
309,2025-11-30,41966.2,761.06,Below-Target
309,2025-12-31,42319.66,586.36,Below-Target
309,2026-01-31,43050.44,730.89,Below-Target
309,2026-02-28,44426.32,1610.0,Met
309,2026-03-31,45959.08,1610.0,Met
309,2026-04-30,47411.86,1610.0,Met
309,2026-05-31,48942.75,1610.0,Met
309,2026-06-30,50463.98,1610.0,Met
309,2026-07-31,52006.34,1610.0,Met
309,2026-08-31,53581.1,1610.0,Met
310,2023-01-31,13212.24,426.58,Below-Target
310,2023-02-28,14822.33,1650.0,Met
310,2023-03-31,16198.67,1650.0,Met
310,2023-04-30,17472.09,1650.0,Met
310,2023-05-31,19115.43,1650.0,Met
310,2023-06-30,20662.34,1650.0,Met
310,2023-07-31,21548.35,945.59,Below-Target
310,2023-08-31,23066.07,1650.0,Met
310,2023-09-30,24538.44,1650.0,Met
310,2023-10-31,26045.14,1650.0,Met
310,2023-11-30,27216.09,1650.0,Met
310,2023-12-31,27420.91,332.67,Below-Target
310,2024-01-31,28193.56,1136.47,Below-Target
310,2024-02-29,29679.61,1650.0,Met
310,2024-03-31,30877.08,1650.0,Met
310,2024-04-30,32129.98,1650.0,Met
310,2024-05-31,33578.43,1650.0,Met
310,2024-06-30,34840.06,1650.0,Met
310,2024-07-31,36207.05,1650.0,Met
310,2024-08-31,36643.93,522.91,Missed
310,2024-09-30,37991.11,1650.0,Met
310,2024-10-31,39177.95,1650.0,Met
310,2024-11-30,40739.76,1650.0,Met
310,2024-12-31,42365.78,1650.0,Met
310,2025-01-31,42184.13,0.0,Missed
310,2025-02-28,43432.59,1650.0,Met
310,2025-03-31,45008.98,1650.0,Met
310,2025-04-30,45937.52,1029.32,Below-Target
310,2025-05-31,47169.09,1650.0,Met
310,2025-06-30,48751.32,1650.0,Met
310,2025-07-31,49912.03,1650.0,Met
310,2025-08-31,51452.23,1650.0,Met
310,2025-09-30,52815.82,1650.0,Met
310,2025-10-31,53398.39,685.31,Below-Target
310,2025-11-30,54712.79,1650.0,Met
310,2025-12-31,56037.19,1650.0,Met
310,2026-01-31,56823.36,1129.2,Below-Target
310,2026-02-28,58081.22,1650.0,Met
310,2026-03-31,59522.97,1650.0,Met
310,2026-04-30,60990.73,1650.0,Met
310,2026-05-31,62351.82,1650.0,Met
310,2026-06-30,61898.33,0.0,Missed
310,2026-07-31,63433.14,1650.0,Met
310,2026-08-31,64598.64,1650.0,Met
311,2023-01-31,10364.7,1720.0,Met
311,2023-02-28,11256.64,1015.71,Below-Target
311,2023-03-31,12952.71,1720.0,Met
311,2023-04-30,14527.62,1720.0,Met
311,2023-05-31,16139.16,1720.0,Met
311,2023-06-30,17502.35,1720.0,Met
311,2023-07-31,18830.76,1720.0,Met
311,2023-08-31,20256.64,1720.0,Met
311,2023-09-30,21901.73,1720.0,Met
311,2023-10-31,23246.97,1720.0,Met
311,2023-11-30,24711.21,1720.0,Met
311,2023-12-31,26418.7,1720.0,Met
311,2024-01-31,27738.91,1720.0,Met
311,2024-02-29,29234.18,1720.0,Met
311,2024-03-31,30688.39,1720.0,Met
311,2024-04-30,31989.51,1720.0,Met
311,2024-05-31,33508.94,1720.0,Met
311,2024-06-30,34989.46,1720.0,Met
311,2024-07-31,36448.24,1720.0,Met
311,2024-08-31,37948.1,1720.0,Met
311,2024-09-30,39653.17,1720.0,Met
311,2024-10-31,40859.46,1720.0,Met
311,2024-11-30,42549.59,1720.0,Met
311,2024-12-31,43998.25,1720.0,Met
311,2025-01-31,43894.41,0.0,Missed
311,2025-02-28,44037.97,381.12,Below-Target
311,2025-03-31,45346.64,1720.0,Met
311,2025-04-30,46979.06,1720.0,Met
311,2025-05-31,48673.07,1720.0,Met
311,2025-06-30,50206.31,1720.0,Met
311,2025-07-31,51450.46,1720.0,Met
311,2025-08-31,53168.82,1720.0,Met
311,2025-09-30,54566.15,1720.0,Met
311,2025-10-31,55858.14,1720.0,Met
311,2025-11-30,57481.07,1720.0,Met
311,2025-12-31,58718.87,1720.0,Met
311,2026-01-31,60178.04,1720.0,Met
311,2026-02-28,61444.29,1720.0,Met
311,2026-03-31,62868.12,1720.0,Met
311,2026-04-30,64392.86,1720.0,Met
311,2026-05-31,64670.92,687.09,Below-Target
311,2026-06-30,66120.75,1720.0,Met
311,2026-07-31,66298.63,481.28,Below-Target
311,2026-08-31,67571.99,1720.0,Met
312,2023-01-31,8376.72,1710.0,Met
312,2023-02-28,9610.19,1710.0,Met
312,2023-03-31,10921.98,1710.0,Met
312,2023-04-30,12325.83,1710.0,Met
312,2023-05-31,13889.38,1710.0,Met
312,2023-06-30,15286.63,1710.0,Met
312,2023-07-31,16686.52,1710.0,Met
312,2023-08-31,18333.26,1710.0,Met
312,2023-09-30,19770.77,1710.0,Met
312,2023-10-31,21108.91,1710.0,Met
312,2023-11-30,22349.97,1710.0,Met
312,2023-12-31,23687.83,1710.0,Met
312,2024-01-31,25125.58,1710.0,Met
312,2024-02-29,26541.37,1710.0,Met
312,2024-03-31,27426.55,1024.58,Below-Target
312,2024-04-30,27848.66,552.91,Below-Target
312,2024-05-31,28269.35,614.16,Below-Target
312,2024-06-30,29509.45,1710.0,Met
312,2024-07-31,31020.98,1710.0,Met
312,2024-08-31,32619.89,1710.0,Met
312,2024-09-30,34071.16,1710.0,Met
312,2024-10-31,35420.4,1710.0,Met
312,2024-11-30,36917.49,1710.0,Met
312,2024-12-31,38154.56,1710.0,Met
312,2025-01-31,39568.07,1710.0,Met
312,2025-02-28,41122.28,1710.0,Met
312,2025-03-31,42559.77,1710.0,Met
312,2025-04-30,44265.35,1710.0,Met
312,2025-05-31,45747.0,1710.0,Met
312,2025-06-30,46956.5,1710.0,Met
312,2025-07-31,48304.3,1710.0,Met
312,2025-08-31,48956.48,717.19,Below-Target
312,2025-09-30,50217.87,1710.0,Met
312,2025-10-31,51916.01,1710.0,Met
312,2025-11-30,51874.82,0.0,Missed
312,2025-12-31,53420.64,1710.0,Met
312,2026-01-31,54804.06,1710.0,Met
312,2026-02-28,56137.52,1710.0,Met
312,2026-03-31,57807.59,1710.0,Met
312,2026-04-30,59018.4,1710.0,Met
312,2026-05-31,60483.18,1710.0,Met
312,2026-06-30,61689.32,1710.0,Met
312,2026-07-31,63094.5,1710.0,Met
312,2026-08-31,64433.8,1710.0,Met
313,2023-10-31,5705.73,793.65,Below-Target
313,2023-11-30,7092.13,1770.0,Met
313,2023-12-31,8517.36,1770.0,Met
313,2024-01-31,10070.45,1770.0,Met
313,2024-02-29,11560.15,1770.0,Met
313,2024-03-31,12495.83,358.61,Below-Target
313,2024-04-30,13779.7,45.38,Below-Target
313,2024-05-31,15542.5,1770.0,Met
313,2024-06-30,17077.68,1770.0,Met
313,2024-07-31,18332.33,1770.0,Met
313,2024-08-31,19783.78,1770.0,Met
313,2024-09-30,21282.44,1770.0,Met
313,2024-10-31,22825.47,1770.0,Met
313,2024-11-30,24427.62,1770.0,Met
313,2024-12-31,25744.13,1770.0,Met
313,2025-01-31,27336.72,1770.0,Met
313,2025-02-28,28893.31,1770.0,Met
313,2025-03-31,30568.44,1770.0,Met
313,2025-04-30,31810.64,1770.0,Met
313,2025-05-31,33058.84,1770.0,Met
313,2025-06-30,34501.8,1770.0,Met
313,2025-07-31,35918.04,1770.0,Met
313,2025-08-31,37162.85,1770.0,Met
313,2025-09-30,38811.96,1770.0,Met
313,2025-10-31,40201.09,1770.0,Met
313,2025-11-30,40691.86,847.03,Below-Target
313,2025-12-31,41936.69,1770.0,Met
313,2026-01-31,43280.04,1770.0,Met
313,2026-02-28,43902.12,943.77,Below-Target
313,2026-03-31,45589.74,1770.0,Met
313,2026-04-30,47225.46,1770.0,Met
313,2026-05-31,48602.71,1770.0,Met
313,2026-06-30,50153.79,1770.0,Met
313,2026-07-31,51877.66,1770.0,Met
313,2026-08-31,53434.49,1770.0,Met
314,2023-01-31,9911.24,1470.0,Met
314,2023-02-28,10065.35,441.57,Below-Target
314,2023-03-31,11400.67,1470.0,Met
314,2023-04-30,12799.7,1470.0,Met
314,2023-05-31,14167.47,1470.0,Met
314,2023-06-30,15351.91,1470.0,Met
314,2023-07-31,16500.09,1470.0,Met
314,2023-08-31,17781.36,1470.0,Met
314,2023-09-30,18423.26,922.68,Below-Target
314,2023-10-31,19540.73,1470.0,Met
314,2023-11-30,20743.98,1470.0,Met
314,2023-12-31,21813.96,1470.0,Met
314,2024-01-31,23263.25,1470.0,Met
314,2024-02-29,24560.28,1470.0,Met
314,2024-03-31,25147.57,729.77,Below-Target
314,2024-04-30,26480.43,1470.0,Met
314,2024-05-31,27933.34,1470.0,Met
314,2024-06-30,29013.02,1470.0,Met
314,2024-07-31,29877.41,921.85,Below-Target
314,2024-08-31,31130.92,1470.0,Met
314,2024-09-30,32265.97,1470.0,Met
314,2024-10-31,33381.23,1470.0,Met
314,2024-11-30,34566.03,1470.0,Met
314,2024-12-31,35721.12,1470.0,Met
314,2025-01-31,36893.54,1470.0,Met
314,2025-02-28,37951.67,1470.0,Met
314,2025-03-31,39011.25,1470.0,Met
314,2025-04-30,40261.16,1470.0,Met
314,2025-05-31,40191.55,0.0,Missed
314,2025-06-30,41486.54,1470.0,Met
314,2025-07-31,42191.59,956.22,Below-Target
314,2025-08-31,43331.07,1470.0,Met
314,2025-09-30,44566.36,1470.0,Met
314,2025-10-31,45705.17,1470.0,Met
314,2025-11-30,47123.16,1470.0,Met
314,2025-12-31,48499.05,1470.0,Met
314,2026-01-31,48728.98,294.68,Below-Target
314,2026-02-28,50189.08,1470.0,Met
314,2026-03-31,51593.95,1470.0,Met
314,2026-04-30,52878.5,1470.0,Met
314,2026-05-31,54240.37,1470.0,Met
314,2026-06-30,54673.06,769.07,Below-Target
314,2026-07-31,56081.25,1470.0,Met
314,2026-08-31,57248.81,1470.0,Met
315,2024-08-31,7699.93,1222.11,Below-Target
315,2024-09-30,8513.28,954.0,Below-Target
315,2024-10-31,10073.67,1780.0,Met
315,2024-11-30,11653.95,1780.0,Met
315,2024-12-31,13245.79,1780.0,Met
315,2025-01-31,14501.24,1780.0,Met
315,2025-02-28,14214.22,0.0,Missed
315,2025-03-31,15802.43,1780.0,Met
315,2025-04-30,17282.89,1780.0,Met
315,2025-05-31,17746.15,857.76,Below-Target
315,2025-06-30,19139.73,1780.0,Met
315,2025-07-31,20448.95,1780.0,Met
315,2025-08-31,21807.43,1780.0,Met
315,2025-09-30,23168.48,1780.0,Met
315,2025-10-31,24176.73,1034.8,Below-Target
315,2025-11-30,24385.45,711.44,Below-Target
315,2025-12-31,26154.52,1780.0,Met
315,2026-01-31,27599.61,1780.0,Met
315,2026-02-28,27277.56,0.0,Missed
315,2026-03-31,28681.14,1780.0,Met
315,2026-04-30,30047.54,1780.0,Met
315,2026-05-31,31413.31,1780.0,Met
315,2026-06-30,31096.57,0.0,Missed
315,2026-07-31,32513.93,1780.0,Met
315,2026-08-31,33787.32,1780.0,Met
316,2023-10-31,15263.31,1750.0,Met
316,2023-11-30,15136.89,397.07,Below-Target
316,2023-12-31,16244.12,1175.21,Below-Target
316,2024-01-31,17592.75,1750.0,Met
316,2024-02-29,18863.16,1750.0,Met
316,2024-03-31,20199.93,1750.0,Met
316,2024-04-30,21527.06,1750.0,Met
316,2024-05-31,22870.94,1750.0,Met
316,2024-06-30,24203.52,1750.0,Met
316,2024-07-31,25623.92,1750.0,Met
316,2024-08-31,26917.01,1750.0,Met
316,2024-09-30,28353.88,1750.0,Met
316,2024-10-31,29950.8,1750.0,Met
316,2024-11-30,29628.66,0.0,Missed
316,2024-12-31,31079.45,1750.0,Met
316,2025-01-31,32495.52,1750.0,Met
316,2025-02-28,34177.96,580.26,Below-Target
316,2025-03-31,35741.32,782.92,Missed
316,2025-04-30,37173.99,1750.0,Met
316,2025-05-31,37147.58,0.0,Missed
316,2025-06-30,38019.07,1020.69,Below-Target
316,2025-07-31,39768.14,1750.0,Met
316,2025-08-31,41271.61,1750.0,Met
316,2025-09-30,42975.1,1750.0,Met
316,2025-10-31,44289.85,1750.0,Met
316,2025-11-30,45919.84,1750.0,Met
316,2025-12-31,47485.7,1750.0,Met
316,2026-01-31,48731.04,1750.0,Met
316,2026-02-28,49959.24,1750.0,Met
316,2026-03-31,51601.84,1750.0,Met
316,2026-04-30,53322.51,1750.0,Met
316,2026-05-31,54007.91,955.3,Below-Target
316,2026-06-30,55309.92,1750.0,Met
316,2026-07-31,56566.43,1750.0,Met
316,2026-08-31,58143.82,1750.0,Met
317,2023-01-31,11431.04,1390.0,Met
317,2023-02-28,12494.35,1390.0,Met
317,2023-03-31,13109.6,873.53,Below-Target
317,2023-04-30,14412.33,1390.0,Met
317,2023-05-31,15455.07,1390.0,Met
317,2023-06-30,16776.87,1390.0,Met
317,2023-07-31,17835.71,1390.0,Met
317,2023-08-31,19097.04,1390.0,Met
317,2023-09-30,20081.66,1390.0,Met
317,2023-10-31,21338.5,1390.0,Met
317,2023-11-30,22521.76,1390.0,Met
317,2023-12-31,23668.39,1390.0,Met
317,2024-01-31,24793.33,1390.0,Met
317,2024-02-29,25980.0,1390.0,Met
317,2024-03-31,27358.22,1390.0,Met
317,2024-04-30,28593.5,1390.0,Met
317,2024-05-31,29975.18,1390.0,Met
317,2024-06-30,31310.91,1390.0,Met
317,2024-07-31,32623.56,1390.0,Met
317,2024-08-31,33625.05,1390.0,Met
317,2024-09-30,34650.79,1390.0,Met
317,2024-10-31,34891.06,418.5,Below-Target
317,2024-11-30,36279.68,1390.0,Met
317,2024-12-31,37416.82,1390.0,Met
317,2025-01-31,38498.78,1390.0,Met
317,2025-02-28,39674.68,681.25,Missed
317,2025-03-31,39365.06,0.0,Missed
317,2025-04-30,40571.19,1390.0,Met
317,2025-05-31,40919.12,624.64,Below-Target
317,2025-06-30,41904.41,1390.0,Met
317,2025-07-31,43048.83,1390.0,Met
317,2025-08-31,44090.91,1390.0,Met
317,2025-09-30,45145.0,1390.0,Met
317,2025-10-31,46409.67,1390.0,Met
317,2025-11-30,47754.79,1390.0,Met
317,2025-12-31,48900.33,668.43,Below-Target
317,2026-01-31,49880.92,295.35,Below-Target
317,2026-02-28,50173.82,592.4,Below-Target
317,2026-03-31,51343.93,1390.0,Met
317,2026-04-30,52672.71,1390.0,Met
317,2026-05-31,54020.76,1390.0,Met
317,2026-06-30,55264.02,1390.0,Met
317,2026-07-31,56352.32,1390.0,Met
317,2026-08-31,57541.46,1390.0,Met
318,2023-01-31,6091.82,754.72,Below-Target
318,2023-02-28,7644.37,1600.0,Met
318,2023-03-31,8891.77,1600.0,Met
318,2023-04-30,10393.48,1600.0,Met
318,2023-05-31,10179.41,0.0,Missed
318,2023-06-30,10300.96,502.18,Below-Target
318,2023-07-31,11757.56,1600.0,Met
318,2023-08-31,12927.12,1600.0,Met
318,2023-09-30,13537.08,813.01,Below-Target
318,2023-10-31,14913.98,1600.0,Met
318,2023-11-30,16489.7,1600.0,Met
318,2023-12-31,18079.91,1600.0,Met
318,2024-01-31,19659.11,1600.0,Met
318,2024-02-29,21055.52,1600.0,Met
318,2024-03-31,22285.39,1600.0,Met
318,2024-04-30,23493.51,1600.0,Met
318,2024-05-31,24654.19,1600.0,Met
318,2024-06-30,24976.59,691.25,Below-Target
318,2024-07-31,26271.07,1600.0,Met
318,2024-08-31,26342.13,501.84,Below-Target
318,2024-09-30,27630.29,1600.0,Met
318,2024-10-31,29184.42,1600.0,Met
318,2024-11-30,30625.59,1600.0,Met
318,2024-12-31,31987.54,1600.0,Met
318,2025-01-31,32996.63,1109.02,Below-Target
318,2025-02-28,34372.15,1600.0,Met
318,2025-03-31,35574.68,1600.0,Met
318,2025-04-30,36756.6,1600.0,Met
318,2025-05-31,36618.85,0.0,Missed
318,2025-06-30,37156.78,627.84,Below-Target
318,2025-07-31,38509.28,1600.0,Met
318,2025-08-31,39957.0,1600.0,Met
318,2025-09-30,41198.51,1600.0,Met
318,2025-10-31,42477.71,1600.0,Met
318,2025-11-30,43978.64,1600.0,Met
318,2025-12-31,45166.2,1600.0,Met
318,2026-01-31,46610.12,1600.0,Met
318,2026-02-28,47858.33,1600.0,Met
318,2026-03-31,49145.85,1600.0,Met
318,2026-04-30,50453.67,1600.0,Met
318,2026-05-31,51670.01,1600.0,Met
318,2026-06-30,52999.06,1600.0,Met
318,2026-07-31,54447.58,1600.0,Met
318,2026-08-31,55581.41,1600.0,Met
319,2023-11-30,13202.92,1400.0,Met
319,2023-12-31,14517.87,1400.0,Met
319,2024-01-31,15512.21,1400.0,Met
319,2024-02-29,16234.55,781.6,Below-Target
319,2024-03-31,17239.22,1400.0,Met
319,2024-04-30,18490.23,1400.0,Met
319,2024-05-31,18663.0,439.96,Below-Target
319,2024-06-30,20060.67,1400.0,Met
319,2024-07-31,21326.06,1400.0,Met
319,2024-08-31,22498.57,1400.0,Met
319,2024-09-30,23627.12,1400.0,Met
319,2024-10-31,25014.3,1400.0,Met
319,2024-11-30,26140.03,15.48,Below-Target
319,2024-12-31,27485.19,1400.0,Met
319,2025-01-31,28736.04,1400.0,Met
319,2025-02-28,30019.35,1400.0,Met
319,2025-03-31,31245.36,1400.0,Met
319,2025-04-30,31212.95,0.0,Missed
319,2025-05-31,32443.93,1400.0,Met
319,2025-06-30,33685.83,1400.0,Met
319,2025-07-31,35047.09,1400.0,Met
319,2025-08-31,36146.21,1400.0,Met
319,2025-09-30,37128.39,1400.0,Met
319,2025-10-31,38527.97,1400.0,Met
319,2025-11-30,39653.27,1400.0,Met
319,2025-12-31,40894.3,1400.0,Met
319,2026-01-31,42138.84,1400.0,Met
319,2026-02-28,42659.22,872.19,Below-Target
319,2026-03-31,43745.88,1400.0,Met
319,2026-04-30,44286.52,319.17,Below-Target
319,2026-05-31,45277.38,1400.0,Met
319,2026-06-30,46652.74,1400.0,Met
319,2026-07-31,47834.49,1400.0,Met
319,2026-08-31,48901.74,1400.0,Met
320,2023-01-31,14035.71,1740.0,Met
320,2023-02-28,15620.69,1740.0,Met
320,2023-03-31,16533.55,1009.86,Below-Target
320,2023-04-30,18020.26,1740.0,Met
320,2023-05-31,19541.98,1740.0,Met
320,2023-06-30,21086.12,1740.0,Met
320,2023-07-31,21188.63,539.66,Below-Target
320,2023-08-31,22492.05,1740.0,Met
320,2023-09-30,24063.98,1740.0,Met
320,2023-10-31,25347.88,1740.0,Met
320,2023-11-30,26776.55,1740.0,Met
320,2023-12-31,26406.27,0.0,Missed
320,2024-01-31,27681.19,1740.0,Met
320,2024-02-29,29119.07,1740.0,Met
320,2024-03-31,30558.66,1740.0,Met
320,2024-04-30,32240.49,1740.0,Met
320,2024-05-31,32557.02,764.73,Below-Target
320,2024-06-30,34089.22,1740.0,Met
320,2024-07-31,35800.73,1740.0,Met
320,2024-08-31,37086.56,1740.0,Met
320,2024-09-30,38525.79,1740.0,Met
320,2024-10-31,40203.35,1740.0,Met
320,2024-11-30,41643.66,1740.0,Met
320,2024-12-31,42082.15,756.27,Below-Target
320,2025-01-31,43767.91,1740.0,Met
320,2025-02-28,45359.09,1740.0,Met
320,2025-03-31,46802.74,1740.0,Met
320,2025-04-30,48191.38,1740.0,Met
320,2025-05-31,49789.84,1740.0,Met
320,2025-06-30,51493.7,1740.0,Met
320,2025-07-31,52917.84,1740.0,Met
320,2025-08-31,53188.51,538.52,Below-Target
320,2025-09-30,54646.08,1740.0,Met
320,2025-10-31,56141.21,1740.0,Met
320,2025-11-30,56485.18,817.07,Below-Target
320,2025-12-31,57819.23,1740.0,Met
320,2026-01-31,59234.69,1740.0,Met
320,2026-02-28,58847.99,0.0,Missed
320,2026-03-31,60363.11,1740.0,Met
320,2026-04-30,61588.15,1740.0,Met
320,2026-05-31,61735.86,511.03,Below-Target
320,2026-06-30,63069.04,1740.0,Met
320,2026-07-31,64436.84,1740.0,Met
320,2026-08-31,66007.48,1740.0,Met
321,2023-01-31,9612.14,1800.0,Met
321,2023-02-28,10973.44,1800.0,Met
321,2023-03-31,12362.45,1800.0,Met
321,2023-04-30,12605.37,706.18,Below-Target
321,2023-05-31,14357.93,1800.0,Met
321,2023-06-30,14648.65,703.67,Below-Target
321,2023-07-31,16412.94,1800.0,Met
321,2023-08-31,18126.87,1800.0,Met
321,2023-09-30,19415.25,1800.0,Met
321,2023-10-31,20996.16,1800.0,Met
321,2023-11-30,21484.9,938.3,Below-Target
321,2023-12-31,23220.63,1800.0,Met
321,2024-01-31,24977.58,1800.0,Met
321,2024-02-29,26747.37,1800.0,Met
321,2024-03-31,28201.84,1800.0,Met
321,2024-04-30,29579.23,1800.0,Met
321,2024-05-31,31177.43,1800.0,Met
321,2024-06-30,32632.54,1800.0,Met
321,2024-07-31,34141.65,1800.0,Met
321,2024-08-31,35877.84,1800.0,Met
321,2024-09-30,37347.76,1800.0,Met
321,2024-10-31,38870.92,1800.0,Met
321,2024-11-30,40540.61,1800.0,Met
321,2024-12-31,41906.81,1800.0,Met
321,2025-01-31,43219.35,1800.0,Met
321,2025-02-28,44855.26,1800.0,Met
321,2025-03-31,46503.29,1800.0,Met
321,2025-04-30,47887.5,1800.0,Met
321,2025-05-31,49392.48,1800.0,Met
321,2025-06-30,50865.86,1800.0,Met
321,2025-07-31,52528.18,1800.0,Met
321,2025-08-31,54025.93,1800.0,Met
321,2025-09-30,54905.83,1259.69,Below-Target
321,2025-10-31,54569.82,0.0,Missed
321,2025-11-30,56135.45,1800.0,Met
321,2025-12-31,57020.92,896.87,Below-Target
321,2026-01-31,58284.45,1800.0,Met
321,2026-02-28,58257.46,0.0,Missed
321,2026-03-31,59559.49,1800.0,Met
321,2026-04-30,60840.36,1800.0,Met
321,2026-05-31,62175.89,1800.0,Met
321,2026-06-30,63631.0,1800.0,Met
321,2026-07-31,64285.34,709.87,Below-Target
321,2026-08-31,65715.53,1800.0,Met
322,2023-01-31,14240.73,1950.0,Met
322,2023-02-28,15684.45,1950.0,Met
322,2023-03-31,17067.54,1950.0,Met
322,2023-04-30,18714.0,1950.0,Met
322,2023-05-31,18389.69,0.0,Missed
322,2023-06-30,19942.86,1950.0,Met
322,2023-07-31,21514.05,1950.0,Met
322,2023-08-31,23063.81,1950.0,Met
322,2023-09-30,22875.27,0.0,Missed
322,2023-10-31,24658.62,1950.0,Met
322,2023-11-30,26473.79,1950.0,Met
322,2023-12-31,28209.97,1950.0,Met
322,2024-01-31,29855.81,1950.0,Met
322,2024-02-29,31544.13,1950.0,Met
322,2024-03-31,33137.95,1950.0,Met
322,2024-04-30,34998.84,1950.0,Met
322,2024-05-31,36771.15,1950.0,Met
322,2024-06-30,37192.53,798.86,Below-Target
322,2024-07-31,38984.3,1950.0,Met
322,2024-08-31,38781.75,0.0,Missed
322,2024-09-30,40607.81,1950.0,Met
322,2024-10-31,40563.77,0.0,Missed
322,2024-11-30,42465.36,1950.0,Met
322,2024-12-31,43911.56,1950.0,Met
322,2025-01-31,45737.39,1950.0,Met
322,2025-02-28,46366.34,1204.18,Below-Target
322,2025-03-31,47876.47,1950.0,Met
322,2025-04-30,49549.49,1950.0,Met
322,2025-05-31,51161.8,1950.0,Met
322,2025-06-30,51416.99,551.29,Below-Target
322,2025-07-31,52981.64,1950.0,Met
322,2025-08-31,54714.76,1950.0,Met
322,2025-09-30,56501.98,1950.0,Met
322,2025-10-31,58345.61,1950.0,Met
322,2025-11-30,59924.96,1950.0,Met
322,2025-12-31,61691.65,1950.0,Met
322,2026-01-31,62194.82,855.36,Below-Target
322,2026-02-28,63751.58,1950.0,Met
322,2026-03-31,65131.75,1950.0,Met
322,2026-04-30,66762.53,1950.0,Met
322,2026-05-31,67639.13,1348.1,Below-Target
322,2026-06-30,69059.32,1950.0,Met
322,2026-07-31,70797.77,1950.0,Met
322,2026-08-31,72621.58,1950.0,Met
323,2026-04-30,10080.12,1820.0,Met
323,2026-05-31,11725.52,1820.0,Met
323,2026-06-30,13153.84,1820.0,Met
323,2026-07-31,14845.68,1820.0,Met
323,2026-08-31,16613.26,1820.0,Met
324,2023-01-31,5848.06,1530.0,Met
324,2023-02-28,6971.46,1530.0,Met
324,2023-03-31,8300.8,1530.0,Met
324,2023-04-30,9605.51,1530.0,Met
324,2023-05-31,10191.8,591.95,Below-Target
324,2023-06-30,11328.58,1530.0,Met
324,2023-07-31,12708.91,1530.0,Met
324,2023-08-31,13780.36,1530.0,Met
324,2023-09-30,15072.36,1530.0,Met
324,2023-10-31,16468.05,1530.0,Met
324,2023-11-30,17686.51,1530.0,Met
324,2023-12-31,19042.53,1530.0,Met
324,2024-01-31,20413.12,1530.0,Met
324,2024-02-29,21860.64,1530.0,Met
324,2024-03-31,23054.4,1530.0,Met
324,2024-04-30,24232.74,1530.0,Met
324,2024-05-31,24365.35,426.28,Below-Target
324,2024-06-30,25067.14,1034.09,Below-Target
324,2024-07-31,26356.82,1530.0,Met
324,2024-08-31,27639.65,1530.0,Met
324,2024-09-30,27983.69,409.95,Below-Target
324,2024-10-31,29189.3,1530.0,Met
324,2024-11-30,30531.68,1530.0,Met
324,2024-12-31,31671.9,1530.0,Met
324,2025-01-31,33032.03,1530.0,Met
324,2025-02-28,33618.3,792.47,Below-Target
324,2025-03-31,34792.37,596.59,Below-Target
324,2025-04-30,35304.4,664.59,Below-Target
324,2025-05-31,36123.65,1022.97,Below-Target
324,2025-06-30,36618.15,885.2,Below-Target
324,2025-07-31,37828.41,1530.0,Met
324,2025-08-31,39020.54,1530.0,Met
324,2025-09-30,40097.39,1530.0,Met
324,2025-10-31,39827.57,0.0,Missed
324,2025-11-30,41116.59,1530.0,Met
324,2025-12-31,41560.87,834.08,Below-Target
324,2026-01-31,43006.27,1530.0,Met
324,2026-02-28,43276.31,727.33,Below-Target
324,2026-03-31,44482.97,1530.0,Met
324,2026-04-30,45656.51,1530.0,Met
324,2026-05-31,45257.69,0.0,Missed
324,2026-06-30,46407.8,1530.0,Met
324,2026-07-31,47594.58,1530.0,Met
324,2026-08-31,48258.17,886.99,Below-Target
325,2025-07-31,13392.16,1660.0,Met
325,2025-08-31,14740.28,1660.0,Met
325,2025-09-30,15116.49,460.39,Below-Target
325,2025-10-31,16296.07,1660.0,Met
325,2025-11-30,17565.18,1660.0,Met
325,2025-12-31,18811.28,1660.0,Met
325,2026-01-31,20072.89,1660.0,Met
325,2026-02-28,21451.13,1660.0,Met
325,2026-03-31,23050.36,1660.0,Met
325,2026-04-30,24487.47,1660.0,Met
325,2026-05-31,25708.04,1660.0,Met
325,2026-06-30,26911.96,1660.0,Met
325,2026-07-31,28276.83,1660.0,Met
325,2026-08-31,29635.43,1660.0,Met
326,2023-01-31,6662.4,1740.0,Met
326,2023-02-28,8126.12,1740.0,Met
326,2023-03-31,9786.8,1740.0,Met
326,2023-04-30,11327.85,1740.0,Met
326,2023-05-31,11058.34,0.0,Missed
326,2023-06-30,12790.66,1740.0,Met
326,2023-07-31,14277.62,1740.0,Met
326,2023-08-31,15759.04,1740.0,Met
326,2023-09-30,17107.44,1740.0,Met
326,2023-10-31,18507.66,1740.0,Met
326,2023-11-30,20059.59,1740.0,Met
326,2023-12-31,21459.59,1740.0,Met
326,2024-01-31,22982.87,1740.0,Met
326,2024-02-29,24395.81,1740.0,Met
326,2024-03-31,25935.72,1740.0,Met
326,2024-04-30,27602.55,1740.0,Met
326,2024-05-31,29056.96,1740.0,Met
326,2024-06-30,30492.93,1740.0,Met
326,2024-07-31,32232.06,1740.0,Met
326,2024-08-31,31945.78,0.0,Missed
326,2024-09-30,33287.28,1740.0,Met
326,2024-10-31,34024.48,1011.4,Below-Target
326,2024-11-30,35296.84,1740.0,Met
326,2024-12-31,36889.46,1740.0,Met
326,2025-01-31,38152.31,1740.0,Met
326,2025-02-28,39683.38,1740.0,Met
326,2025-03-31,40915.37,1740.0,Met
326,2025-04-30,42390.41,1740.0,Met
326,2025-05-31,43838.95,1740.0,Met
326,2025-06-30,45442.67,1740.0,Met
326,2025-07-31,47073.35,1740.0,Met
326,2025-08-31,47479.27,464.87,Below-Target
326,2025-09-30,48994.01,1740.0,Met
326,2025-10-31,50362.95,1740.0,Met
326,2025-11-30,49917.33,0.0,Missed
326,2025-12-31,51365.5,1740.0,Met
326,2026-01-31,50960.54,0.0,Missed
326,2026-02-28,52393.95,1740.0,Met
326,2026-03-31,53870.7,1740.0,Met
326,2026-04-30,55489.11,1740.0,Met
326,2026-05-31,56420.39,955.63,Below-Target
326,2026-06-30,57915.58,1740.0,Met
326,2026-07-31,57743.61,0.0,Missed
326,2026-08-31,59216.03,1740.0,Met
327,2025-11-30,13707.46,1770.0,Met
327,2025-12-31,14967.29,1770.0,Met
327,2026-01-31,16458.19,1770.0,Met
327,2026-02-28,18079.9,1770.0,Met
327,2026-03-31,19801.32,1770.0,Met
327,2026-04-30,19328.35,0.0,Missed
327,2026-05-31,21013.66,1770.0,Met
327,2026-06-30,22454.91,1770.0,Met
327,2026-07-31,24019.07,1770.0,Met
327,2026-08-31,25719.43,1770.0,Met
328,2025-01-31,6187.5,1670.0,Met
328,2025-02-28,7463.44,1670.0,Met
328,2025-03-31,9044.4,1670.0,Met
328,2025-04-30,10643.98,1670.0,Met
328,2025-05-31,11140.84,773.11,Below-Target
328,2025-06-30,11613.82,779.11,Below-Target
328,2025-07-31,13076.15,1670.0,Met
328,2025-08-31,14615.03,1670.0,Met
328,2025-09-30,16219.76,1670.0,Met
328,2025-10-31,17450.47,1670.0,Met
328,2025-11-30,18675.49,1670.0,Met
328,2025-12-31,20057.52,1670.0,Met
328,2026-01-31,21259.49,1670.0,Met
328,2026-02-28,22479.16,1670.0,Met
328,2026-03-31,23847.57,1670.0,Met
328,2026-04-30,24782.0,966.71,Below-Target
328,2026-05-31,26132.75,1670.0,Met
328,2026-06-30,27530.6,1670.0,Met
328,2026-07-31,29092.72,1670.0,Met
328,2026-08-31,30746.69,1670.0,Met
329,2023-01-31,3658.16,1730.0,Met
329,2023-02-28,3773.14,424.69,Below-Target
329,2023-03-31,5053.9,1730.0,Met
329,2023-04-30,6582.44,1730.0,Met
329,2023-05-31,7863.35,1730.0,Met
329,2023-06-30,9384.2,1730.0,Met
329,2023-07-31,9694.42,774.46,Below-Target
329,2023-08-31,11096.01,1730.0,Met
329,2023-09-30,12800.8,1730.0,Met
329,2023-10-31,14034.68,1730.0,Met
329,2023-11-30,15382.79,1730.0,Met
329,2023-12-31,15864.98,942.76,Below-Target
329,2024-01-31,17469.91,1730.0,Met
329,2024-02-29,19185.78,1730.0,Met
329,2024-03-31,18817.16,0.0,Missed
329,2024-04-30,20378.25,1730.0,Met
329,2024-05-31,21946.16,1730.0,Met
329,2024-06-30,22040.52,581.37,Below-Target
329,2024-07-31,23752.1,1730.0,Met
329,2024-08-31,24253.33,921.69,Below-Target
329,2024-09-30,24571.38,432.93,Below-Target
329,2024-10-31,25994.3,1730.0,Met
329,2024-11-30,27695.7,1730.0,Met
329,2024-12-31,28062.78,853.31,Below-Target
329,2025-01-31,29640.5,1730.0,Met
329,2025-02-28,31209.92,1730.0,Met
329,2025-03-31,32835.32,1730.0,Met
329,2025-04-30,34212.26,1730.0,Met
329,2025-05-31,35818.29,1730.0,Met
329,2025-06-30,37432.92,1730.0,Met
329,2025-07-31,38819.89,1730.0,Met
329,2025-08-31,40055.45,1730.0,Met
329,2025-09-30,41681.33,1730.0,Met
329,2025-10-31,43106.14,1730.0,Met
329,2025-11-30,43462.9,362.81,Below-Target
329,2025-12-31,45038.01,1730.0,Met
329,2026-01-31,46414.23,1730.0,Met
329,2026-02-28,48121.5,1730.0,Met
329,2026-03-31,49628.06,1730.0,Met
329,2026-04-30,51295.12,1730.0,Met
329,2026-05-31,53022.3,1730.0,Met
329,2026-06-30,53083.94,361.39,Below-Target
329,2026-07-31,54344.75,1730.0,Met
329,2026-08-31,55637.68,1730.0,Met
330,2023-01-31,10029.77,1770.0,Met
330,2023-02-28,11342.93,1770.0,Met
330,2023-03-31,13027.26,1770.0,Met
330,2023-04-30,14741.21,1770.0,Met
330,2023-05-31,16193.78,1770.0,Met
330,2023-06-30,17873.94,1770.0,Met
330,2023-07-31,19124.87,1770.0,Met
330,2023-08-31,20617.53,1770.0,Met
330,2023-09-30,20582.56,360.16,Below-Target
330,2023-10-31,20777.37,453.2,Below-Target
330,2023-11-30,22305.0,1770.0,Met
330,2023-12-31,23586.94,1770.0,Met
330,2024-01-31,24865.77,1770.0,Met
330,2024-02-29,26155.95,1770.0,Met
330,2024-03-31,27737.81,1770.0,Met
330,2024-04-30,29294.75,1770.0,Met
330,2024-05-31,29870.33,927.04,Below-Target
330,2024-06-30,31158.46,1770.0,Met
330,2024-07-31,32777.78,1770.0,Met
330,2024-08-31,34227.01,1770.0,Met
330,2024-09-30,35771.35,1770.0,Met
330,2024-10-31,36599.3,1124.3,Below-Target
330,2024-11-30,38104.31,1770.0,Met
330,2024-12-31,38098.92,0.0,Missed
330,2025-01-31,38165.46,581.53,Below-Target
330,2025-02-28,39677.3,1770.0,Met
330,2025-03-31,40560.82,1087.14,Below-Target
330,2025-04-30,42210.03,1770.0,Met
330,2025-05-31,43580.68,1770.0,Met
330,2025-06-30,45195.91,1770.0,Met
330,2025-07-31,46454.12,1770.0,Met
330,2025-08-31,46858.81,769.08,Below-Target
330,2025-09-30,48396.32,1770.0,Met
330,2025-10-31,50050.62,1770.0,Met
330,2025-11-30,50530.65,675.55,Below-Target
330,2025-12-31,52003.33,1770.0,Met
330,2026-01-31,53696.26,1770.0,Met
330,2026-02-28,55456.46,1770.0,Met
330,2026-03-31,56917.03,1770.0,Met
330,2026-04-30,58583.06,1770.0,Met
330,2026-05-31,59869.17,1770.0,Met
330,2026-06-30,61208.29,1770.0,Met
330,2026-07-31,62663.14,1770.0,Met
330,2026-08-31,64099.04,1770.0,Met
331,2023-01-31,4251.1,1770.0,Met
331,2023-02-28,5936.41,1770.0,Met
331,2023-03-31,7363.93,1770.0,Met
331,2023-04-30,8757.04,1770.0,Met
331,2023-05-31,10292.36,1770.0,Met
331,2023-06-30,11957.16,1770.0,Met
331,2023-07-31,13570.2,1770.0,Met
331,2023-08-31,14923.71,1770.0,Met
331,2023-09-30,16601.6,1770.0,Met
331,2023-10-31,18200.09,1770.0,Met
331,2023-11-30,19096.23,938.76,Below-Target
331,2023-12-31,20816.68,1770.0,Met
331,2024-01-31,22058.89,1770.0,Met
331,2024-02-29,23347.02,1770.0,Met
331,2024-03-31,24625.26,1770.0,Met
331,2024-04-30,26254.07,1770.0,Met
331,2024-05-31,27817.85,1770.0,Met
331,2024-06-30,27579.36,0.0,Missed
331,2024-07-31,28939.77,1770.0,Met
331,2024-08-31,30622.3,1770.0,Met
331,2024-09-30,32292.51,1770.0,Met
331,2024-10-31,33661.53,1770.0,Met
331,2024-11-30,35215.89,1770.0,Met
331,2024-12-31,36931.03,1770.0,Met
331,2025-01-31,38191.5,1770.0,Met
331,2025-02-28,38600.7,834.71,Below-Target
331,2025-03-31,40019.73,1770.0,Met
331,2025-04-30,41284.1,1770.0,Met
331,2025-05-31,43021.76,1770.0,Met
331,2025-06-30,43509.3,692.75,Below-Target
331,2025-07-31,44835.0,1770.0,Met
331,2025-08-31,44635.33,0.0,Missed
331,2025-09-30,45971.72,1770.0,Met
331,2025-10-31,47566.02,1770.0,Met
331,2025-11-30,49197.17,1770.0,Met
331,2025-12-31,50571.75,1770.0,Met
331,2026-01-31,51881.41,1770.0,Met
331,2026-02-28,52084.19,624.55,Below-Target
331,2026-03-31,52645.92,861.63,Below-Target
331,2026-04-30,53947.16,1770.0,Met
331,2026-05-31,54722.93,866.37,Below-Target
331,2026-06-30,56488.53,1770.0,Met
331,2026-07-31,57924.72,1770.0,Met
331,2026-08-31,59637.87,1770.0,Met
332,2023-01-31,6759.49,1740.0,Met
332,2023-02-28,8425.91,1740.0,Met
332,2023-03-31,9675.84,1740.0,Met
332,2023-04-30,11037.39,1740.0,Met
332,2023-05-31,12601.29,1740.0,Met
332,2023-06-30,14061.12,1740.0,Met
332,2023-07-31,13611.63,0.0,Missed
332,2023-08-31,14905.64,1740.0,Met
332,2023-09-30,16463.52,1740.0,Met
332,2023-10-31,18096.43,1740.0,Met
332,2023-11-30,19314.61,1740.0,Met
332,2023-12-31,20605.24,1740.0,Met
332,2024-01-31,21838.5,1740.0,Met
332,2024-02-29,23114.15,1740.0,Met
332,2024-03-31,24571.61,1740.0,Met
332,2024-04-30,26193.12,1740.0,Met
332,2024-05-31,26738.39,599.87,Below-Target
332,2024-06-30,28230.57,1740.0,Met
332,2024-07-31,29661.3,1740.0,Met
332,2024-08-31,30946.64,1740.0,Met
332,2024-09-30,32349.07,1740.0,Met
332,2024-10-31,33917.65,1740.0,Met
332,2024-11-30,34730.2,1114.6,Below-Target
332,2024-12-31,36285.41,1740.0,Met
332,2025-01-31,37518.26,1740.0,Met
332,2025-02-28,39076.42,1740.0,Met
332,2025-03-31,40803.63,1740.0,Met
332,2025-04-30,42051.02,1740.0,Met
332,2025-05-31,41586.63,0.0,Missed
332,2025-06-30,43089.33,1740.0,Met
332,2025-07-31,44721.14,1740.0,Met
332,2025-08-31,46332.89,1740.0,Met
332,2025-09-30,47589.65,1740.0,Met
332,2025-10-31,48911.54,1740.0,Met
332,2025-11-30,50429.89,1740.0,Met
332,2025-12-31,51692.42,1740.0,Met
332,2026-01-31,53138.43,1740.0,Met
332,2026-02-28,54664.96,1740.0,Met
332,2026-03-31,56156.56,1740.0,Met
332,2026-04-30,57758.51,1740.0,Met
332,2026-05-31,59103.85,1740.0,Met
332,2026-06-30,60394.03,1740.0,Met
332,2026-07-31,61835.98,1740.0,Met
332,2026-08-31,61665.57,0.0,Missed
333,2023-01-31,8727.38,1920.0,Met
333,2023-02-28,10108.0,1920.0,Met
333,2023-03-31,11893.46,1920.0,Met
333,2023-04-30,13299.22,1920.0,Met
333,2023-05-31,14843.74,1920.0,Met
333,2023-06-30,16216.93,1920.0,Met
333,2023-07-31,17881.21,1920.0,Met
333,2023-08-31,19485.96,1920.0,Met
333,2023-09-30,20974.8,1920.0,Met
333,2023-10-31,22690.77,1920.0,Met
333,2023-11-30,24560.8,1920.0,Met
333,2023-12-31,26024.35,1920.0,Met
333,2024-01-31,27789.97,1920.0,Met
333,2024-02-29,28446.2,794.65,Below-Target
333,2024-03-31,29985.13,1920.0,Met
333,2024-04-30,31597.48,1920.0,Met
333,2024-05-31,32958.77,1920.0,Met
333,2024-06-30,34727.4,1920.0,Met
333,2024-07-31,36538.86,1920.0,Met
333,2024-08-31,37316.42,846.28,Below-Target
333,2024-09-30,38912.97,1920.0,Met
333,2024-10-31,40795.31,1920.0,Met
333,2024-11-30,42550.03,1920.0,Met
333,2024-12-31,43953.47,1920.0,Met
333,2025-01-31,45755.41,1920.0,Met
333,2025-02-28,47398.08,1920.0,Met
333,2025-03-31,49186.2,1920.0,Met
333,2025-04-30,51036.48,1920.0,Met
333,2025-05-31,51530.14,694.68,Below-Target
333,2025-06-30,52489.74,1219.99,Below-Target
333,2025-07-31,52684.48,570.23,Below-Target
333,2025-08-31,54309.65,1920.0,Met
333,2025-09-30,56128.2,1920.0,Met
333,2025-10-31,57775.51,1920.0,Met
333,2025-11-30,59687.56,1920.0,Met
333,2025-12-31,60225.19,885.78,Below-Target
333,2026-01-31,62033.25,1920.0,Met
333,2026-02-28,63638.17,1920.0,Met
333,2026-03-31,65266.08,1920.0,Met
333,2026-04-30,65206.15,0.0,Missed
333,2026-05-31,66876.41,1920.0,Met
333,2026-06-30,68238.85,1920.0,Met
333,2026-07-31,69230.95,1144.52,Below-Target
333,2026-08-31,70757.09,1920.0,Met
334,2023-01-31,2806.86,466.28,Below-Target
334,2023-02-28,4189.02,1760.0,Met
334,2023-03-31,5536.26,1760.0,Met
334,2023-04-30,7049.53,1760.0,Met
334,2023-05-31,8610.19,1760.0,Met
334,2023-06-30,9434.77,1066.14,Below-Target
334,2023-07-31,10965.65,1760.0,Met
334,2023-08-31,12587.36,1760.0,Met
334,2023-09-30,14297.89,1760.0,Met
334,2023-10-31,15819.54,1760.0,Met
334,2023-11-30,17499.44,1760.0,Met
334,2023-12-31,18984.83,1760.0,Met
334,2024-01-31,18823.51,0.0,Missed
334,2024-02-29,20462.49,1760.0,Met
334,2024-03-31,21883.41,1760.0,Met
334,2024-04-30,23522.05,1760.0,Met
334,2024-05-31,24936.46,1760.0,Met
334,2024-06-30,26437.7,1760.0,Met
334,2024-07-31,28100.06,1760.0,Met
334,2024-08-31,29563.92,1760.0,Met
334,2024-09-30,29270.89,0.0,Missed
334,2024-10-31,30567.42,1760.0,Met
334,2024-11-30,31268.05,770.06,Below-Target
334,2024-12-31,32692.43,1760.0,Met
334,2025-01-31,34040.09,1760.0,Met
334,2025-02-28,35760.39,1760.0,Met
334,2025-03-31,37410.81,1760.0,Met
334,2025-04-30,38978.07,1760.0,Met
334,2025-05-31,40606.56,1760.0,Met
334,2025-06-30,40826.43,429.77,Below-Target
334,2025-07-31,42559.32,1760.0,Met
334,2025-08-31,44053.39,1760.0,Met
334,2025-09-30,45430.08,1760.0,Met
334,2025-10-31,46949.8,1760.0,Met
334,2025-11-30,48440.04,1760.0,Met
334,2025-12-31,49675.16,1760.0,Met
334,2026-01-31,51216.76,1760.0,Met
334,2026-02-28,52844.3,1760.0,Met
334,2026-03-31,54602.29,1760.0,Met
334,2026-04-30,56231.25,1760.0,Met
334,2026-05-31,57737.4,1760.0,Met
334,2026-06-30,59216.99,1760.0,Met
334,2026-07-31,60742.44,1760.0,Met
334,2026-08-31,62184.72,1760.0,Met
335,2023-01-31,9318.29,715.82,Below-Target
335,2023-02-28,8973.26,0.0,Missed
335,2023-03-31,9631.76,1010.5,Below-Target
335,2023-04-30,10824.83,1480.0,Met
335,2023-05-31,12183.22,1480.0,Met
335,2023-06-30,13552.25,1480.0,Met
335,2023-07-31,14664.82,1480.0,Met
335,2023-08-31,15915.46,1480.0,Met
335,2023-09-30,16975.25,1480.0,Met
335,2023-10-31,18436.27,1480.0,Met
335,2023-11-30,19782.84,1480.0,Met
335,2023-12-31,21218.82,1480.0,Met
335,2024-01-31,22547.57,1480.0,Met
335,2024-02-29,23729.19,1480.0,Met
335,2024-03-31,24875.1,1480.0,Met
335,2024-04-30,26332.02,1480.0,Met
335,2024-05-31,27590.78,1480.0,Met
335,2024-06-30,28769.23,1480.0,Met
335,2024-07-31,30031.13,1480.0,Met
335,2024-08-31,29908.16,0.0,Missed
335,2024-09-30,29531.31,0.0,Missed
335,2024-10-31,30569.38,1480.0,Met
335,2024-11-30,31855.12,1480.0,Met
335,2024-12-31,31461.3,0.0,Missed
335,2025-01-31,32502.98,1480.0,Met
335,2025-02-28,33796.58,1480.0,Met
335,2025-03-31,35078.36,1480.0,Met
335,2025-04-30,36379.56,1480.0,Met
335,2025-05-31,37660.35,1480.0,Met
335,2025-06-30,38893.42,1480.0,Met
335,2025-07-31,40160.46,1480.0,Met
335,2025-08-31,41284.76,1480.0,Met
335,2025-09-30,42560.88,1480.0,Met
335,2025-10-31,43728.53,1480.0,Met
335,2025-11-30,43644.95,0.0,Missed
335,2025-12-31,44164.59,804.07,Below-Target
335,2026-01-31,45463.6,1480.0,Met
335,2026-02-28,46685.13,1480.0,Met
335,2026-03-31,47822.09,1480.0,Met
335,2026-04-30,48992.16,1480.0,Met
335,2026-05-31,50360.71,1480.0,Met
335,2026-06-30,51446.57,1480.0,Met
335,2026-07-31,52612.06,1480.0,Met
335,2026-08-31,53880.88,1480.0,Met
336,2023-01-31,13933.19,1420.0,Met
336,2023-02-28,14426.69,644.11,Below-Target
336,2023-03-31,15653.76,1420.0,Met
336,2023-04-30,16694.96,1420.0,Met
336,2023-05-31,18056.13,1420.0,Met
336,2023-06-30,19065.24,1420.0,Met
336,2023-07-31,20308.88,1420.0,Met
336,2023-08-31,21438.71,1420.0,Met
336,2023-09-30,22470.2,1420.0,Met
336,2023-10-31,23765.96,1420.0,Met
336,2023-11-30,24945.03,1420.0,Met
336,2023-12-31,26041.87,1420.0,Met
336,2024-01-31,26473.62,551.9,Below-Target
336,2024-02-29,27755.43,1420.0,Met
336,2024-03-31,28820.74,1420.0,Met
336,2024-04-30,29967.92,1420.0,Met
336,2024-05-31,30967.84,1420.0,Met
336,2024-06-30,32314.12,1420.0,Met
336,2024-07-31,33325.33,1420.0,Met
336,2024-08-31,34356.4,1420.0,Met
336,2024-09-30,34871.19,822.91,Below-Target
336,2024-10-31,34684.53,0.0,Missed
336,2024-11-30,35779.04,1420.0,Met
336,2024-12-31,37197.95,1420.0,Met
336,2025-01-31,37493.5,644.63,Below-Target
336,2025-02-28,37363.99,0.0,Missed
336,2025-03-31,38745.64,1420.0,Met
336,2025-04-30,39905.38,1420.0,Met
336,2025-05-31,40636.9,949.85,Below-Target
336,2025-06-30,41921.0,1420.0,Met
336,2025-07-31,43117.77,1420.0,Met
336,2025-08-31,44494.46,1420.0,Met
336,2025-09-30,44689.09,612.39,Below-Target
336,2025-10-31,45257.22,886.05,Below-Target
336,2025-11-30,46340.38,1420.0,Met
336,2025-12-31,47660.31,1420.0,Met
336,2026-01-31,49066.56,1420.0,Met
336,2026-02-28,50148.17,148.04,Missed
336,2026-03-31,51490.8,1420.0,Met
336,2026-04-30,51420.99,330.83,Below-Target
336,2026-05-31,52685.74,1420.0,Met
336,2026-06-30,53977.39,1420.0,Met
336,2026-07-31,55127.05,1420.0,Met
336,2026-08-31,56132.75,1420.0,Met
337,2023-01-31,12197.88,1610.0,Met
337,2023-02-28,13429.1,1610.0,Met
337,2023-03-31,14618.19,1610.0,Met
337,2023-04-30,16076.26,1610.0,Met
337,2023-05-31,17339.91,1610.0,Met
337,2023-06-30,18545.1,1610.0,Met
337,2023-07-31,19878.71,1610.0,Met
337,2023-08-31,21474.86,1610.0,Met
337,2023-09-30,22901.55,1610.0,Met
337,2023-10-31,24087.18,1610.0,Met
337,2023-11-30,25281.08,1610.0,Met
337,2023-12-31,26797.53,1610.0,Met
337,2024-01-31,28224.73,1610.0,Met
337,2024-02-29,29500.05,1610.0,Met
337,2024-03-31,30775.03,1610.0,Met
337,2024-04-30,32161.39,1610.0,Met
337,2024-05-31,33524.93,1610.0,Met
337,2024-06-30,35023.77,1610.0,Met
337,2024-07-31,36209.3,1610.0,Met
337,2024-08-31,37519.94,1610.0,Met
337,2024-09-30,38908.64,1610.0,Met
337,2024-10-31,39332.09,613.36,Below-Target
337,2024-11-30,40673.25,1610.0,Met
337,2024-12-31,41800.48,1610.0,Met
337,2025-01-31,43230.46,1610.0,Met
337,2025-02-28,44586.94,1610.0,Met
337,2025-03-31,45892.82,1610.0,Met
337,2025-04-30,47218.42,1610.0,Met
337,2025-05-31,48635.1,1610.0,Met
337,2025-06-30,49981.03,1610.0,Met
337,2025-07-31,51138.3,1610.0,Met
337,2025-08-31,52692.6,1610.0,Met
337,2025-09-30,54147.93,1610.0,Met
337,2025-10-31,55618.61,1610.0,Met
337,2025-11-30,57219.12,1610.0,Met
337,2025-12-31,58721.38,1610.0,Met
337,2026-01-31,60116.49,1610.0,Met
337,2026-02-28,61659.78,1610.0,Met
337,2026-03-31,63211.37,1610.0,Met
337,2026-04-30,64704.9,1610.0,Met
337,2026-05-31,66287.6,1610.0,Met
337,2026-06-30,67581.26,1610.0,Met
337,2026-07-31,68060.3,489.67,Below-Target
337,2026-08-31,69529.64,1610.0,Met
338,2024-04-30,5810.59,1059.34,Below-Target
338,2024-05-31,7179.31,1950.0,Met
338,2024-06-30,8936.05,1950.0,Met
338,2024-07-31,10528.71,1950.0,Met
338,2024-08-31,12454.77,1950.0,Met
338,2024-09-30,14170.14,1950.0,Met
338,2024-10-31,15621.37,800.97,Below-Target
338,2024-11-30,17494.66,1950.0,Met
338,2024-12-31,19221.43,1950.0,Met
338,2025-01-31,20926.26,1950.0,Met
338,2025-02-28,22568.03,1950.0,Met
338,2025-03-31,24109.82,1950.0,Met
338,2025-04-30,25843.2,1950.0,Met
338,2025-05-31,25812.43,0.0,Missed
338,2025-06-30,27529.05,1950.0,Met
338,2025-07-31,28920.73,1950.0,Met
338,2025-08-31,28566.1,0.0,Missed
338,2025-09-30,30132.09,1950.0,Met
338,2025-10-31,31647.21,1950.0,Met
338,2025-11-30,33519.64,1950.0,Met
338,2025-12-31,34155.49,763.45,Below-Target
338,2026-01-31,35858.81,1950.0,Met
338,2026-02-28,37352.82,1950.0,Met
338,2026-03-31,39233.63,1950.0,Met
338,2026-04-30,40693.7,1950.0,Met
338,2026-05-31,42489.28,1950.0,Met
338,2026-06-30,44343.79,1950.0,Met
338,2026-07-31,45777.0,1950.0,Met
338,2026-08-31,47552.59,1950.0,Met
339,2025-02-28,11041.32,1840.0,Met
339,2025-03-31,11505.02,779.12,Below-Target
339,2025-04-30,11375.0,0.0,Missed
339,2025-05-31,12946.23,1840.0,Met
339,2025-06-30,14498.69,1840.0,Met
339,2025-07-31,15100.79,923.99,Below-Target
339,2025-08-31,16936.29,1840.0,Met
339,2025-09-30,18490.23,1840.0,Met
339,2025-10-31,19826.3,1840.0,Met
339,2025-11-30,19662.35,0.0,Missed
339,2025-12-31,21370.23,1840.0,Met
339,2026-01-31,22798.5,1840.0,Met
339,2026-02-28,23399.76,630.48,Below-Target
339,2026-03-31,25079.11,1840.0,Met
339,2026-04-30,26816.3,1840.0,Met
339,2026-05-31,28580.29,1840.0,Met
339,2026-06-30,30230.63,1840.0,Met
339,2026-07-31,31761.11,1840.0,Met
339,2026-08-31,33269.04,1840.0,Met
340,2023-09-30,5484.6,408.25,Below-Target
340,2023-10-31,5679.11,620.87,Below-Target
340,2023-11-30,6093.33,468.12,Below-Target
340,2023-12-31,7196.27,1450.0,Met
340,2024-01-31,8408.7,1450.0,Met
340,2024-02-29,7999.53,0.0,Missed
340,2024-03-31,9312.88,1450.0,Met
340,2024-04-30,10502.61,1450.0,Met
340,2024-05-31,11658.57,1450.0,Met
340,2024-06-30,12824.87,1450.0,Met
340,2024-07-31,14059.63,1450.0,Met
340,2024-08-31,15122.2,1450.0,Met
340,2024-09-30,16559.41,1450.0,Met
340,2024-10-31,17724.9,1450.0,Met
340,2024-11-30,18810.35,1450.0,Met
340,2024-12-31,20184.95,1450.0,Met
340,2025-01-31,21213.69,1450.0,Met
340,2025-02-28,22397.49,1450.0,Met
340,2025-03-31,21965.79,0.0,Missed
340,2025-04-30,23283.34,1450.0,Met
340,2025-05-31,24561.77,1450.0,Met
340,2025-06-30,25679.83,1450.0,Met
340,2025-07-31,26919.99,1450.0,Met
340,2025-08-31,28291.13,1450.0,Met
340,2025-09-30,29549.89,1450.0,Met
340,2025-10-31,30770.42,1450.0,Met
340,2025-11-30,31828.03,1450.0,Met
340,2025-12-31,32944.99,1450.0,Met
340,2026-01-31,34050.85,1450.0,Met
340,2026-02-28,35496.35,1450.0,Met
340,2026-03-31,36622.61,1450.0,Met
340,2026-04-30,37940.78,1450.0,Met
340,2026-05-31,39166.44,1450.0,Met
340,2026-06-30,40351.07,1450.0,Met
340,2026-07-31,41641.74,1450.0,Met
340,2026-08-31,42145.99,701.09,Below-Target
341,2023-01-31,13668.19,1710.0,Met
341,2023-02-28,13256.32,0.0,Missed
341,2023-03-31,14470.86,1710.0,Met
341,2023-04-30,16033.49,1710.0,Met
341,2023-05-31,17408.63,1710.0,Met
341,2023-06-30,19093.8,1710.0,Met
341,2023-07-31,20787.69,1710.0,Met
341,2023-08-31,22407.08,1710.0,Met
341,2023-09-30,23989.07,1710.0,Met
341,2023-10-31,25438.63,1710.0,Met
341,2023-11-30,26678.15,1710.0,Met
341,2023-12-31,28085.88,1710.0,Met
341,2024-01-31,28291.3,645.82,Below-Target
341,2024-02-29,29853.13,1710.0,Met
341,2024-03-31,31293.99,1710.0,Met
341,2024-04-30,32696.87,1710.0,Met
341,2024-05-31,34366.02,1710.0,Met
341,2024-06-30,35963.94,1710.0,Met
341,2024-07-31,37209.09,1710.0,Met
341,2024-08-31,38764.95,1710.0,Met
341,2024-09-30,39806.89,1104.95,Below-Target
341,2024-10-31,41282.87,1710.0,Met
341,2024-11-30,42855.95,1710.0,Met
341,2024-12-31,44328.86,1710.0,Met
341,2025-01-31,45538.14,1710.0,Met
341,2025-02-28,46832.2,1710.0,Met
341,2025-03-31,48124.53,1710.0,Met
341,2025-04-30,49402.62,1710.0,Met
341,2025-05-31,51011.38,1710.0,Met
341,2025-06-30,52598.76,1710.0,Met
341,2025-07-31,53827.23,1710.0,Met
341,2025-08-31,55073.22,1710.0,Met
341,2025-09-30,56500.35,1710.0,Met
341,2025-10-31,58045.94,1710.0,Met
341,2025-11-30,59561.92,1710.0,Met
341,2025-12-31,60848.04,1710.0,Met
341,2026-01-31,62468.14,1710.0,Met
341,2026-02-28,63751.65,1710.0,Met
341,2026-03-31,65274.92,1710.0,Met
341,2026-04-30,66840.59,1710.0,Met
341,2026-05-31,68510.67,1710.0,Met
341,2026-06-30,69894.24,1710.0,Met
341,2026-07-31,70628.38,1189.55,Below-Target
341,2026-08-31,72010.86,1710.0,Met
342,2023-01-31,8093.69,1410.0,Met
342,2023-02-28,7937.41,0.0,Missed
342,2023-03-31,8292.95,537.21,Below-Target
342,2023-04-30,9356.85,1410.0,Met
342,2023-05-31,10673.63,1410.0,Met
342,2023-06-30,11965.0,1410.0,Met
342,2023-07-31,11772.55,0.0,Missed
342,2023-08-31,13072.44,1410.0,Met
342,2023-09-30,14450.24,1410.0,Met
342,2023-10-31,15512.49,1410.0,Met
342,2023-11-30,16849.36,1410.0,Met
342,2023-12-31,16469.43,0.0,Missed
342,2024-01-31,17752.5,1410.0,Met
342,2024-02-29,19021.24,1410.0,Met
342,2024-03-31,20060.49,1410.0,Met
342,2024-04-30,21121.28,1410.0,Met
342,2024-05-31,22228.8,1410.0,Met
342,2024-06-30,23585.77,1410.0,Met
342,2024-07-31,23303.06,0.0,Missed
342,2024-08-31,24396.68,1410.0,Met
342,2024-09-30,25513.3,1410.0,Met
342,2024-10-31,26569.8,1410.0,Met
342,2024-11-30,27574.84,1410.0,Met
342,2024-12-31,28575.02,1410.0,Met
342,2025-01-31,29844.12,1410.0,Met
342,2025-02-28,30941.53,1410.0,Met
342,2025-03-31,32333.19,1410.0,Met
342,2025-04-30,33481.59,1410.0,Met
342,2025-05-31,34580.59,1410.0,Met
342,2025-06-30,35695.0,1410.0,Met
342,2025-07-31,36695.22,1410.0,Met
342,2025-08-31,38083.31,1410.0,Met
342,2025-09-30,39098.33,1410.0,Met
342,2025-10-31,40331.66,1410.0,Met
342,2025-11-30,41686.19,1410.0,Met
342,2025-12-31,43086.43,1410.0,Met
342,2026-01-31,44314.22,1410.0,Met
342,2026-02-28,45323.73,1410.0,Met
342,2026-03-31,46407.47,1410.0,Met
342,2026-04-30,47547.1,1410.0,Met
342,2026-05-31,48856.26,1410.0,Met
342,2026-06-30,50215.99,1410.0,Met
342,2026-07-31,51465.85,1410.0,Met
342,2026-08-31,52552.75,1410.0,Met
343,2026-04-30,13253.18,1440.0,Met
343,2026-05-31,14686.09,1440.0,Met
343,2026-06-30,15835.46,1440.0,Met
343,2026-07-31,16847.86,1440.0,Met
343,2026-08-31,17971.92,1440.0,Met
344,2025-06-30,5876.4,1580.0,Met
344,2025-07-31,7232.59,1580.0,Met
344,2025-08-31,8805.44,1580.0,Met
344,2025-09-30,9386.44,856.79,Below-Target
344,2025-10-31,9763.23,505.52,Below-Target
344,2025-11-30,11043.45,1580.0,Met
344,2025-12-31,11873.4,905.35,Below-Target
344,2026-01-31,13441.5,1580.0,Met
344,2026-02-28,14848.82,1580.0,Met
344,2026-03-31,16093.77,1580.0,Met
344,2026-04-30,16801.04,888.61,Below-Target
344,2026-05-31,18141.67,1580.0,Met
344,2026-06-30,19545.59,1580.0,Met
344,2026-07-31,20778.04,1580.0,Met
344,2026-08-31,22030.3,1580.0,Met
345,2024-08-31,14415.39,1910.0,Met
345,2024-09-30,15882.53,1910.0,Met
345,2024-10-31,17775.64,1910.0,Met
345,2024-11-30,19640.12,1910.0,Met
345,2024-12-31,21258.77,1910.0,Met
345,2025-01-31,22855.37,1910.0,Met
345,2025-02-28,24658.33,1910.0,Met
345,2025-03-31,25929.59,1279.93,Below-Target
345,2025-04-30,26533.19,706.8,Below-Target
345,2025-05-31,27055.9,868.8,Below-Target
345,2025-06-30,28958.96,1910.0,Met
345,2025-07-31,29554.29,917.62,Below-Target
345,2025-08-31,31102.63,1910.0,Met
345,2025-09-30,32573.21,1910.0,Met
345,2025-10-31,34251.6,1910.0,Met
345,2025-11-30,35765.18,1910.0,Met
345,2025-12-31,37416.82,1910.0,Met
345,2026-01-31,38828.82,1910.0,Met
345,2026-02-28,40555.81,1910.0,Met
345,2026-03-31,42098.9,1910.0,Met
345,2026-04-30,43889.03,1910.0,Met
345,2026-05-31,45742.07,1910.0,Met
345,2026-06-30,47286.0,1910.0,Met
345,2026-07-31,48897.81,1910.0,Met
345,2026-08-31,48998.65,433.05,Below-Target
346,2023-01-31,14714.28,1410.0,Met
346,2023-02-28,15709.1,1410.0,Met
346,2023-03-31,15853.92,314.18,Below-Target
346,2023-04-30,16403.26,924.4,Below-Target
346,2023-05-31,16315.21,0.0,Missed
346,2023-06-30,17556.48,1410.0,Met
346,2023-07-31,18741.03,1410.0,Met
346,2023-08-31,19941.67,1410.0,Met
346,2023-09-30,21334.14,1410.0,Met
346,2023-10-31,22408.1,1410.0,Met
346,2023-11-30,23233.81,831.22,Below-Target
346,2023-12-31,24375.01,1410.0,Met
346,2024-01-31,25750.87,1410.0,Met
346,2024-02-29,26896.86,1410.0,Met
346,2024-03-31,28255.76,1410.0,Met
346,2024-04-30,29345.43,1410.0,Met
346,2024-05-31,30548.88,1410.0,Met
346,2024-06-30,31670.76,1410.0,Met
346,2024-07-31,32769.87,1410.0,Met
346,2024-08-31,33913.3,1410.0,Met
346,2024-09-30,34790.09,911.71,Below-Target
346,2024-10-31,35784.73,1410.0,Met
346,2024-11-30,37016.94,1410.0,Met
346,2024-12-31,38007.74,1410.0,Met
346,2025-01-31,39175.3,1410.0,Met
346,2025-02-28,40397.92,1410.0,Met
346,2025-03-31,41750.74,1410.0,Met
346,2025-04-30,43150.19,1410.0,Met
346,2025-05-31,44156.78,1410.0,Met
346,2025-06-30,44894.36,819.12,Below-Target
346,2025-07-31,46272.54,1410.0,Met
346,2025-08-31,47413.71,1410.0,Met
346,2025-09-30,48748.22,1410.0,Met
346,2025-10-31,49739.8,1410.0,Met
346,2025-11-30,49659.83,323.89,Below-Target
346,2025-12-31,50728.33,1410.0,Met
346,2026-01-31,51978.63,1410.0,Met
346,2026-02-28,53299.46,1410.0,Met
346,2026-03-31,54549.66,1410.0,Met
346,2026-04-30,55896.9,1410.0,Met
346,2026-05-31,56176.4,447.77,Below-Target
346,2026-06-30,57531.11,1410.0,Met
346,2026-07-31,57369.53,0.0,Missed
346,2026-08-31,58362.67,1410.0,Met
347,2023-10-31,9977.91,1840.0,Met
347,2023-11-30,11580.52,1840.0,Met
347,2023-12-31,11449.75,0.0,Missed
347,2024-01-31,11815.02,854.09,Below-Target
347,2024-02-29,13513.91,1840.0,Met
347,2024-03-31,15332.19,1840.0,Met
347,2024-04-30,16727.1,1840.0,Met
347,2024-05-31,18202.39,1840.0,Met
347,2024-06-30,19595.3,1840.0,Met
347,2024-07-31,20224.71,1030.39,Below-Target
347,2024-08-31,21812.94,1840.0,Met
347,2024-09-30,23229.34,1840.0,Met
347,2024-10-31,24717.32,1840.0,Met
347,2024-11-30,26148.73,1840.0,Met
347,2024-12-31,27784.29,1840.0,Met
347,2025-01-31,29375.97,1840.0,Met
347,2025-02-28,31091.62,1840.0,Met
347,2025-03-31,32711.67,1840.0,Met
347,2025-04-30,34149.69,1840.0,Met
347,2025-05-31,35575.49,1840.0,Met
347,2025-06-30,36135.96,1074.75,Below-Target
347,2025-07-31,35675.89,0.0,Missed
347,2025-08-31,37194.01,1840.0,Met
347,2025-09-30,38692.39,1840.0,Met
347,2025-10-31,38805.25,568.05,Below-Target
347,2025-11-30,40489.39,1840.0,Met
347,2025-12-31,42107.37,1840.0,Met
347,2026-01-31,43521.83,1840.0,Met
347,2026-02-28,45202.3,1840.0,Met
347,2026-03-31,45264.32,546.11,Below-Target
347,2026-04-30,46766.57,1840.0,Met
347,2026-05-31,48592.2,1840.0,Met
347,2026-06-30,50414.38,1840.0,Met
347,2026-07-31,52037.64,1840.0,Met
347,2026-08-31,53684.71,1840.0,Met
348,2023-01-31,6644.87,1640.0,Met
348,2023-02-28,8071.26,1640.0,Met
348,2023-03-31,9361.24,1640.0,Met
348,2023-04-30,9793.48,500.87,Below-Target
348,2023-05-31,11201.7,1640.0,Met
348,2023-06-30,12438.16,1640.0,Met
348,2023-07-31,14052.23,1640.0,Met
348,2023-08-31,14585.76,614.15,Below-Target
348,2023-09-30,15754.51,1640.0,Met
348,2023-10-31,15283.83,0.0,Missed
348,2023-11-30,16497.97,1640.0,Met
348,2023-12-31,17691.78,1640.0,Met
348,2024-01-31,18963.43,1640.0,Met
348,2024-02-29,20144.28,1640.0,Met
348,2024-03-31,20681.07,850.56,Below-Target
348,2024-04-30,21980.91,1640.0,Met
348,2024-05-31,23187.68,1640.0,Met
348,2024-06-30,24745.88,1640.0,Met
348,2024-07-31,26375.7,1640.0,Met
348,2024-08-31,27582.87,1640.0,Met
348,2024-09-30,28739.94,1640.0,Met
348,2024-10-31,29996.75,1640.0,Met
348,2024-11-30,30379.62,432.03,Below-Target
348,2024-12-31,31674.06,1640.0,Met
348,2025-01-31,33313.67,1640.0,Met
348,2025-02-28,34907.05,1640.0,Met
348,2025-03-31,34582.57,0.0,Missed
348,2025-04-30,36018.11,1640.0,Met
348,2025-05-31,37543.48,1640.0,Met
348,2025-06-30,39141.54,1640.0,Met
348,2025-07-31,40575.78,1640.0,Met
348,2025-08-31,41894.28,1640.0,Met
348,2025-09-30,43528.13,1640.0,Met
348,2025-10-31,44707.62,1640.0,Met
348,2025-11-30,46088.84,1640.0,Met
348,2025-12-31,47522.6,1640.0,Met
348,2026-01-31,49011.49,1640.0,Met
348,2026-02-28,50215.39,1640.0,Met
348,2026-03-31,51556.81,1640.0,Met
348,2026-04-30,52926.58,1640.0,Met
348,2026-05-31,54253.77,1640.0,Met
348,2026-06-30,55802.39,1640.0,Met
348,2026-07-31,57216.38,1640.0,Met
348,2026-08-31,57575.22,769.46,Below-Target
349,2023-01-31,11484.22,1360.0,Met
349,2023-02-28,12566.57,1360.0,Met
349,2023-03-31,13890.49,1360.0,Met
349,2023-04-30,15093.11,1360.0,Met
349,2023-05-31,16387.39,1360.0,Met
349,2023-06-30,17645.74,1360.0,Met
349,2023-07-31,18667.63,1360.0,Met
349,2023-08-31,19751.68,1360.0,Met
349,2023-09-30,20860.75,1360.0,Met
349,2023-10-31,21826.52,1360.0,Met
349,2023-11-30,22861.74,1360.0,Met
349,2023-12-31,24078.47,1360.0,Met
349,2024-01-31,24038.65,0.0,Missed
349,2024-02-29,25243.62,1360.0,Met
349,2024-03-31,26302.75,1360.0,Met
349,2024-04-30,27639.1,1360.0,Met
349,2024-05-31,28627.46,1360.0,Met
349,2024-06-30,29694.63,1360.0,Met
349,2024-07-31,30768.21,1360.0,Met
349,2024-08-31,31734.69,1360.0,Met
349,2024-09-30,32806.99,1360.0,Met
349,2024-10-31,33910.38,1360.0,Met
349,2024-11-30,34942.2,1360.0,Met
349,2024-12-31,36183.39,1360.0,Met
349,2025-01-31,37166.37,1360.0,Met
349,2025-02-28,36833.31,0.0,Missed
349,2025-03-31,37822.57,1360.0,Met
349,2025-04-30,39005.33,1360.0,Met
349,2025-05-31,40053.64,1360.0,Met
349,2025-06-30,41120.03,1360.0,Met
349,2025-07-31,42317.81,1360.0,Met
349,2025-08-31,43354.85,1360.0,Met
349,2025-09-30,44318.93,1360.0,Met
349,2025-10-31,45655.27,1360.0,Met
349,2025-11-30,46273.82,706.46,Below-Target
349,2025-12-31,46500.71,458.4,Below-Target
349,2026-01-31,47729.44,1360.0,Met
349,2026-02-28,48806.95,1360.0,Met
349,2026-03-31,49166.98,611.17,Below-Target
349,2026-04-30,49994.31,928.85,Below-Target
349,2026-05-31,51234.03,1360.0,Met
349,2026-06-30,52555.64,1360.0,Met
349,2026-07-31,53757.48,1360.0,Met
349,2026-08-31,54898.47,1360.0,Met
350,2023-01-31,13121.56,1760.0,Met
350,2023-02-28,14722.41,1760.0,Met
350,2023-03-31,16376.26,1760.0,Met
350,2023-04-30,18011.52,1760.0,Met
350,2023-05-31,19516.49,1760.0,Met
350,2023-06-30,20774.96,1760.0,Met
350,2023-07-31,22086.93,1760.0,Met
350,2023-08-31,23492.1,1760.0,Met
350,2023-09-30,24940.99,1760.0,Met
350,2023-10-31,26517.01,1760.0,Met
350,2023-11-30,28195.51,1760.0,Met
350,2023-12-31,29703.77,1760.0,Met
350,2024-01-31,31409.87,1760.0,Met
350,2024-02-29,32008.19,649.1,Below-Target
350,2024-03-31,33266.07,1760.0,Met
350,2024-04-30,34780.57,1760.0,Met
350,2024-05-31,34662.86,0.0,Missed
350,2024-06-30,36001.8,1760.0,Met
350,2024-07-31,37247.14,1760.0,Met
350,2024-08-31,38869.21,1760.0,Met
350,2024-09-30,38644.64,0.0,Missed
350,2024-10-31,39955.96,1760.0,Met
350,2024-11-30,41504.27,1760.0,Met
350,2024-12-31,42991.8,1760.0,Met
350,2025-01-31,44349.18,1760.0,Met
350,2025-02-28,46015.21,1760.0,Met
350,2025-03-31,47737.11,1760.0,Met
350,2025-04-30,49300.92,1760.0,Met
350,2025-05-31,50728.82,1760.0,Met
350,2025-06-30,52351.25,1760.0,Met
350,2025-07-31,53735.48,1760.0,Met
350,2025-08-31,54081.58,358.25,Below-Target
350,2025-09-30,55609.46,1760.0,Met
350,2025-10-31,56994.99,1760.0,Met
350,2025-11-30,56739.07,0.0,Missed
350,2025-12-31,58216.76,1760.0,Met
350,2026-01-31,59916.02,1760.0,Met
350,2026-02-28,61544.17,1760.0,Met
350,2026-03-31,63074.12,1760.0,Met
350,2026-04-30,64425.96,1760.0,Met
350,2026-05-31,65865.65,1760.0,Met
350,2026-06-30,67289.21,1760.0,Met
350,2026-07-31,67618.22,464.24,Below-Target
350,2026-08-31,68942.03,1760.0,Met
351,2023-01-31,14296.79,1920.0,Met
351,2023-02-28,14810.76,1020.83,Below-Target
351,2023-03-31,16552.65,1920.0,Met
351,2023-04-30,18069.35,1920.0,Met
351,2023-05-31,19754.7,1920.0,Met
351,2023-06-30,21617.85,1920.0,Met
351,2023-07-31,23204.52,1920.0,Met
351,2023-08-31,24747.75,1920.0,Met
351,2023-09-30,26220.85,1920.0,Met
351,2023-10-31,26769.87,929.45,Below-Target
351,2023-11-30,27280.94,988.18,Below-Target
351,2023-12-31,28825.23,1920.0,Met
351,2024-01-31,29365.85,684.85,Below-Target
351,2024-02-29,30770.24,1920.0,Met
351,2024-03-31,32633.19,1920.0,Met
351,2024-04-30,34510.86,1920.0,Met
351,2024-05-31,35433.67,1324.46,Below-Target
351,2024-06-30,35898.34,753.77,Below-Target
351,2024-07-31,37341.65,1920.0,Met
351,2024-08-31,38781.8,1920.0,Met
351,2024-09-30,40442.09,1920.0,Met
351,2024-10-31,42033.81,1920.0,Met
351,2024-11-30,42128.19,397.45,Below-Target
351,2024-12-31,44031.6,1920.0,Met
351,2025-01-31,45445.9,1920.0,Met
351,2025-02-28,46943.33,1920.0,Met
351,2025-03-31,48497.45,1920.0,Met
351,2025-04-30,49076.61,634.97,Below-Target
351,2025-05-31,50772.51,1920.0,Met
351,2025-06-30,52522.35,1920.0,Met
351,2025-07-31,54116.88,1920.0,Met
351,2025-08-31,55891.83,1920.0,Met
351,2025-09-30,57572.23,1920.0,Met
351,2025-10-31,59231.49,1920.0,Met
351,2025-11-30,61143.28,1920.0,Met
351,2025-12-31,62746.4,1920.0,Met
351,2026-01-31,64424.61,1920.0,Met
351,2026-02-28,64399.41,0.0,Missed
351,2026-03-31,66314.72,1920.0,Met
351,2026-04-30,68219.9,1920.0,Met
351,2026-05-31,68989.79,1212.49,Below-Target
351,2026-06-30,70905.8,1920.0,Met
351,2026-07-31,72825.53,1920.0,Met
351,2026-08-31,73558.78,821.82,Below-Target
352,2026-06-30,15209.56,857.8,Below-Target
352,2026-07-31,16422.55,1510.0,Met
352,2026-08-31,17909.39,1510.0,Met
353,2025-11-30,13336.36,1750.0,Met
353,2025-12-31,14635.54,1750.0,Met
353,2026-01-31,15984.65,1750.0,Met
353,2026-02-28,17645.37,1750.0,Met
353,2026-03-31,18936.99,1750.0,Met
353,2026-04-30,20488.3,1750.0,Met
353,2026-05-31,22150.45,1750.0,Met
353,2026-06-30,23864.18,1750.0,Met
353,2026-07-31,24311.74,959.72,Below-Target
353,2026-08-31,24280.5,0.0,Missed
